Date,AAPL,DIA,JNJ,JPM,QQQ,SPY,TSLA,WMT,XOM
2021-02-01,130.57887268066406,276.4833068847656,141.16539001464844,114.14682006835938,312.885498046875,351.2018127441406,279.9366760253906,43.37350082397461,36.71356964111328
2021-02-02,131.40635681152344,280.8775634765625,139.898681640625,117.66053009033203,317.9898376464844,356.16790771484375,290.92999267578125,43.84064865112305,37.293861389160156
2021-02-03,130.38421630859375,281.2803039550781,139.24798583984375,119.00788879394531,316.7284240722656,356.447998046875,284.89666748046875,43.97456741333008,38.75684356689453
2021-02-04,133.74261474609375,284.4019775390625,140.5406951904297,121.74662017822266,320.47418212890625,360.4992370605469,283.3299865722656,44.38877487182617,39.500606536865234
2021-02-05,133.3282470703125,285.198486328125,142.6749725341797,121.50884246826172,321.5610656738281,361.91802978515625,284.07666015625,44.95869827270508,40.82463455200195
2021-02-08,133.4745330810547,287.3496398925781,143.08274841308594,123.41102600097656,323.7153015136719,364.5318298339844,287.8066711425781,45.167362213134766,42.581851959228516
2021-02-09,132.59706115722656,287.3772277832031,144.25399780273438,122.9178695678711,323.64752197265625,364.2890930175781,283.1533203125,45.4165153503418,42.08314514160156
2021-02-10,131.9926300048828,287.9080810546875,144.72247314453125,122.98831939697266,322.909912109375,364.13043212890625,268.2733459472656,44.88707733154297,42.49042892456055
2021-02-11,131.73922729492188,288.072998046875,144.07183837890625,122.6448745727539,324.6858825683594,364.7184753417969,270.5533447265625,44.852813720703125,41.426509857177734
2021-02-12,131.97315979003906,288.402587890625,144.52293395996094,124.38851928710938,326.5005798339844,366.52020263671875,272.0400085449219,44.99296188354492,41.99171829223633
2021-02-16,129.84780883789062,288.8967590332031,143.21290588378906,127.38265991210938,325.61749267578125,366.20269775390625,265.40667724609375,45.36357498168945,43.25511932373047
2021-02-17,127.55680847167969,289.8305969238281,143.7247772216797,127.77893829345703,324.0550537109375,366.28680419921875,266.04998779296875,45.84317398071289,43.92837905883789
2021-02-18,126.45518493652344,288.87847900390625,143.794189453125,128.21044921875,322.6383056640625,364.7278747558594,262.4599914550781,42.87208557128906,43.238502502441406
2021-02-19,126.61116790771484,288.8426818847656,141.39959716796875,130.35037231445312,321.23114013671875,364.0837097167969,260.4333190917969,43.0838623046875,43.529422760009766
2021-02-22,122.83826446533203,289.1087341308594,141.3123321533203,131.57443237304688,312.90478515625,361.2832946777344,238.1666717529297,42.881431579589844,45.13361740112305
2021-02-23,122.7017822265625,289.2738952636719,140.06394958496094,132.6311798095703,311.9732360839844,361.7220764160156,232.94667053222656,42.19004821777344,45.75700759887695
2021-02-24,122.20458221435547,293.0710144042969,141.94088745117188,134.96485900878906,314.544921875,365.7080383300781,247.33999633789062,41.486209869384766,47.12847137451172
2021-02-25,117.9539794921875,287.9805603027344,142.08929443359375,133.1331329345703,303.5789794921875,356.8959655761719,227.4066619873047,41.09379577636719,46.34714126586914
2021-02-26,118.21720123291016,283.8256530761719,138.33541870117188,129.60182189941406,304.85028076171875,355.0569763183594,225.1666717529297,40.46159362792969,45.19178771972656
2021-03-01,124.58333587646484,289.4573974609375,139.08615112304688,132.53427124023438,314.0208740234375,363.66375732421875,239.47666931152344,40.91316604614258,46.87910842895508
2021-03-02,121.98035430908203,288.1732482910156,138.8242950439453,132.10281372070312,308.9842529296875,360.825927734375,228.81333923339844,40.5207633972168,46.60481643676758
2021-03-03,118.99713897705078,287.072509765625,136.37989807128906,134.6566162109375,300.01751708984375,356.046630859375,217.73333740234375,39.73594284057617,46.978851318359375
2021-03-04,117.1155776977539,283.94482421875,133.62991333007812,132.58714294433594,295.1072082519531,351.6405029296875,207.14666748046875,39.717262268066406,48.79915237426758
2021-03-05,118.3731918334961,289.13623046875,136.275146484375,132.89537048339844,299.5516662597656,358.1094970703125,199.31666564941406,40.21244812011719,50.6443977355957
2021-03-08,113.440185546875,291.8969421386719,137.4099884033203,134.6566162109375,291.07025146484375,356.3266296386719,187.6666717529297,39.82625961303711,50.59452438354492
2021-03-09,118.05146026611328,292.2271728515625,137.6719512939453,133.7055206298828,302.55035400390625,361.4140930175781,224.52667236328125,40.14080810546875,49.81320571899414
2021-03-10,116.9693374633789,296.5563659667969,138.93775939941406,136.6116180419922,301.68670654296875,363.66375732421875,222.68666076660156,41.16543197631836,51.34260177612305
2021-03-11,118.89964294433594,298.3907165527344,138.9290313720703,135.8983154296875,308.6349182128906,367.3509216308594,233.1999969482422,41.14984893798828,50.96025466918945
2021-03-12,117.99299621582031,301.1240234375,139.33059692382812,137.50982666015625,306.1312255859375,367.8456726074219,231.2433319091797,41.76961135864258,51.50883102416992
2021-03-15,120.87870788574219,302.7567443847656,140.04649353027344,136.82296752929688,309.4016418457031,370.0393371582031,235.97999572753906,41.55472946166992,50.195560455322266
2021-03-16,122.41907501220703,301.62847900390625,140.87582397460938,135.18496704101562,311.0998229980469,369.5726318359375,225.6266632080078,41.54227066040039,49.13163757324219
2021-03-17,121.62940216064453,303.3802490234375,140.35202026367188,136.57635498046875,312.38079833984375,370.8328552246094,233.93666076660156,41.19657897949219,49.347747802734375
2021-03-18,117.50553894042969,302.0870361328125,140.0901641845703,138.83079528808594,302.8123779296875,365.4373474121094,217.72000122070312,40.65867233276367,47.21989440917969
2021-03-19,116.97907257080078,299.6249694824219,139.71473693847656,136.62042236328125,303.8799133300781,364.76116943359375,218.2899932861328,41.19969940185547,46.95391845703125
2021-03-22,120.29376220703125,300.7552185058594,140.11631774902344,132.94821166992188,309.57867431640625,367.6737060546875,223.3333282470703,41.396724700927734,46.47182846069336
2021-03-23,119.46509552001953,297.83282470703125,139.98536682128906,131.61846923828125,308.2279968261719,364.7798767089844,220.72000122070312,41.88772201538086,45.89830780029297
2021-03-24,117.0765609741211,297.85089111328125,141.3472442626953,132.63995361328125,303.0296936035156,362.9255065917969,210.08999633789062,41.628143310546875,46.8292350769043
2021-03-25,117.56402587890625,299.7902526855469,141.3996124267578,134.33961486816406,302.5049133300781,364.9671630859375,213.4633331298828,41.90960693359375,46.696250915527344
2021-03-26,118.16848754882812,303.8525390625,143.98365783691406,136.57635498046875,307.04254150390625,370.8485412597656,206.23666381835938,42.25986099243164,47.96796798706055
2021-03-29,118.34394073486328,304.81756591796875,144.95272827148438,134.45408630371094,306.95513916015625,370.66131591796875,203.76333618164062,42.741485595703125,47.71030044555664
2021-03-30,116.89134216308594,304.0455322265625,144.05355834960938,136.0392303466797,305.41015625,369.6779479980469,211.8733367919922,42.45064163208008,47.12014389038086
2021-03-31,119.08487701416016,303.45733642578125,143.47740173339844,134.05776977539062,310.0838928222656,371.1763610839844,222.64332580566406,42.478790283203125,46.40533447265625
2021-04-01,119.9135513305664,304.6246337890625,142.15040588378906,135.36109924316406,315.36956787109375,375.18475341796875,220.5833282470703,42.41311264038086,47.701995849609375
2021-04-05,122.74077606201172,308.0711364746094,142.6741943359375,136.07862854003906,321.666015625,380.56982421875,230.35000610351562,43.60463333129883,46.96223068237305
2021-04-06,123.04299926757812,307.3082275390625,142.6392822265625,135.1219482421875,321.4425048828125,380.3450012207031,230.5399932861328,43.81415939331055,46.8292350769043
2021-04-07,124.69058990478516,307.3082275390625,142.8313751220703,137.23904418945312,322.2197570800781,380.78521728515625,223.6566619873047,43.72034454345703,47.03703689575195
2021-04-08,127.08885955810547,308.0066833496094,142.27261352539062,137.40731811523438,325.58172607421875,382.5927734375,227.93333435058594,43.692203521728516,46.546634674072266
2021-04-09,129.66262817382812,310.515869140625,140.77108764648438,138.4348907470703,327.55413818359375,385.3742980957031,225.67333984375,43.71409225463867,46.43857955932617
2021-04-12,127.94679260253906,310.2309875488281,141.11151123046875,138.14254760742188,327.126708984375,385.51470947265625,233.9933319091797,43.72034454345703,46.13103485107422
2021-04-13,131.05674743652344,309.5323486328125,139.22586059570312,136.4949493408203,330.94525146484375,386.6573486328125,254.10667419433594,43.585872650146484,46.30559158325195
2021-04-14,128.71694946289062,310.2125549316406,139.6099853515625,133.94383239746094,326.97119140625,385.3367614746094,244.07666015625,43.57023239135742,47.643802642822266
2021-04-15,131.12501525878906,312.886962890625,140.02029418945312,134.794189453125,331.9266662597656,389.476318359375,246.28334045410156,43.832923889160156,47.361202239990234
2021-04-16,130.7935333251953,314.2954406738281,141.63534545898438,135.795166015625,332.3152770996094,390.778076171875,246.5933380126953,43.973655700683594,47.09520721435547
2021-04-19,131.45643615722656,313.2750244140625,142.02822875976562,135.21937561035156,329.2740783691406,388.8581237792969,238.2100067138672,43.692203521728516,46.94560241699219
2021-04-20,129.7698516845703,310.8569030761719,145.33685302734375,132.22535705566406,326.87408447265625,386.0110778808594,239.663330078125,44.02995681762695,45.956485748291016
2021-04-21,130.15008544921875,313.7806701660156,145.43287658691406,133.3502960205078,329.67236328125,389.6635437011719,248.0399932861328,44.15817642211914,46.546634674072266
2021-04-22,128.6291961669922,310.8569030761719,144.20193481445312,130.5422821044922,325.6982727050781,386.1047668457031,239.89666748046875,43.679691314697266,45.93986892700195
2021-04-23,130.94952392578125,312.9806823730469,144.498779296875,133.04031372070312,329.7986755371094,390.291015625,243.13333129882812,43.75161361694336,46.1892204284668
2021-04-26,131.33946228027344,312.4657287597656,143.2765655517578,133.3680419921875,331.946044921875,391.1058349609375,246.06666564941406,43.129276275634766,46.28065490722656
2021-04-27,131.01776123046875,312.42919921875,142.45596313476562,133.97921752929688,330.5080261230469,391.0214538574219,234.913330078125,43.2762565612793,46.887420654296875
2021-04-28,130.22808837890625,311.08685302734375,141.4083709716797,134.8473358154297,329.390625,390.90911865234375,231.46665954589844,43.12301254272461,48.30044174194336
2021-04-29,130.13058471679688,313.1094665527344,143.34642028808594,137.46937561035156,330.5760498046875,393.40032958984375,225.6666717529297,43.66717529296875,48.990325927734375
2021-04-30,128.1613006591797,311.6108093261719,142.0631103515625,136.24696350097656,328.4092712402344,390.8155212402344,236.47999572753906,43.75474548339844,47.57731246948242
2021-05-03,129.21414184570312,313.6058349609375,144.22816467285156,135.84832763671875,326.6603088378906,391.6584777832031,228.3000030517578,44.445892333984375,48.890586853027344
2021-05-04,124.64187622070312,313.9552917480469,146.46304321289062,137.72622680664062,320.7817687988281,389.2421875,224.53334045410156,44.00804901123047,49.1981315612793
2021-05-05,124.88558197021484,314.6815490722656,145.85195922851562,139.5333251953125,319.7032470703125,389.36383056640625,223.64666748046875,43.97052764892578,50.67765426635742
2021-05-06,126.48443603515625,317.6512756347656,146.43682861328125,142.34132385253906,322.1129455566406,392.4731750488281,221.17999267578125,44.28450012207031,51.15974044799805
2021-05-07,127.15825653076172,319.830078125,147.1002960205078,142.82852172851562,324.7267150878906,395.32958984375,224.1233367919922,44.017635345458984,51.89118194580078
2021-05-10,123.87699890136719,319.7013244628906,148.6455078125,142.81080627441406,316.5259094238281,391.4148254394531,209.67999267578125,44.212284088134766,52.015872955322266
2021-05-11,122.95903015136719,315.26080322265625,147.4320526123047,140.4368438720703,316.0886535644531,387.9215393066406,205.73333740234375,43.81354904174805,50.3618049621582
2021-05-12,119.89261627197266,308.9079895019531,146.83840942382812,139.47129821777344,307.9074401855469,379.6801452636719,196.6300048828125,42.680137634277344,50.63164520263672
2021-05-13,122.04106140136719,312.9991760253906,148.37490844726562,143.05882263183594,310.2879943847656,384.24102783203125,190.56333923339844,43.40226364135742,50.00761413574219
2021-05-14,124.46293640136719,316.5018615722656,148.60189819335938,145.2822265625,317.1380615234375,390.1412048339844,196.5800018310547,43.80413055419922,51.247257232666016
2021-05-17,123.31060791015625,315.94110107421875,148.75027465820312,145.86685180664062,315.2142333984375,389.14849853515625,192.27667236328125,43.60633087158203,52.44474411010742
2021-05-18,121.92387390136719,313.6058349609375,148.8026885986328,143.81179809570312,313.0862731933594,385.7956848144531,192.6233367919922,44.554508209228516,50.96053695678711
2021-05-19,121.76762390136719,312.0706481933594,148.47964477539062,142.71337890625,313.4457092285156,384.7842102050781,187.82000732421875,44.55764389038086,49.737754821777344
2021-05-20,124.32620239257812,313.98297119140625,149.34393310546875,142.46534729003906,319.50897216796875,388.9237365722656,195.5933380126953,44.71461486816406,49.619693756103516
2021-05-21,122.49027252197266,315.109619140625,149.24790954589844,144.08641052246094,317.74053955078125,388.6053161621094,193.6266632080078,44.50425720214844,49.687156677246094
2021-05-24,124.12114715576172,316.87835693359375,149.81886291503906,144.8659210205078,323.0846252441406,392.56683349609375,202.14666748046875,44.507408142089844,50.2690315246582
2021-05-25,123.92583465576172,316.1597595214844,149.40599060058594,143.368896484375,323.53143310546875,391.6958312988281,201.56333923339844,44.68950653076172,49.13057327270508
2021-05-26,123.87699890136719,316.24273681640625,148.51878356933594,143.3511505126953,324.6586608886719,392.4731750488281,206.3766632080078,44.636131286621094,49.704017639160156
2021-05-27,122.34379577636719,317.4681396484375,148.2904052734375,145.58340454101562,323.444091796875,392.67926025390625,210.28334045410156,44.48542404174805,49.383567810058594
2021-05-28,121.68949127197266,318.4261779785156,148.67689514160156,145.4860076904297,324.46435546875,393.38165283203125,208.4066619873047,44.5921745300293,49.22333908081055
2021-06-01,121.36723327636719,318.6380310058594,145.40908813476562,147.08929443359375,323.3858642578125,393.0350646972656,207.96665954589844,44.47601318359375,50.98583221435547
2021-06-02,122.12895202636719,319.0895080566406,145.99761962890625,147.09811401367188,324.0174255371094,393.6532287597656,201.7066650390625,44.37868881225586,51.390625
2021-06-03,120.64456176757812,318.7762451171875,145.85708618164062,147.195556640625,320.645751953125,392.1921691894531,190.94667053222656,44.45718002319336,51.593013763427734
2021-06-04,122.93949890136719,320.50823974609375,145.7956085205078,147.4347381591797,326.0870666503906,395.7791748046875,199.68333435058594,44.535667419433594,51.82070541381836
2021-06-07,122.94927978515625,319.3012390136719,144.80294799804688,146.74383544921875,327.0586242675781,395.39520263671875,201.7100067138672,44.23739242553711,51.48337936401367
2021-06-08,123.76957702636719,319.07098388671875,143.52919006347656,146.15916442871094,327.21417236328125,395.47943115234375,201.19667053222656,43.901458740234375,52.39414978027344
2021-06-09,124.15043640136719,317.64306640625,145.46177673339844,144.33441162109375,327.2918701171875,394.889404296875,199.5933380126953,43.66599655151367,52.832664489746094
2021-06-10,123.15433502197266,317.8180847167969,146.7707061767578,142.08444213867188,330.70233154296875,396.72503662109375,203.3733367919922,43.91716766357422,52.916988372802734
2021-06-11,124.36527252197266,317.94696044921875,144.90834045410156,141.98699951171875,331.567138671875,397.3806457519531,203.29666137695312,44.190311431884766,52.427879333496094
2021-06-14,127.42191314697266,317.1916198730469,145.26849365234375,139.5775909423828,334.7444152832031,398.2702941894531,205.89666748046875,44.130653381347656,52.34354782104492
2021-06-15,126.60161590576172,316.371826171875,144.49549865722656,137.46046447753906,332.5581970214844,397.53985595703125,199.7866668701172,43.954837799072266,54.24940872192383
2021-06-16,127.09966278076172,313.9302673339844,144.4427947998047,138.42605590820312,331.34368896484375,395.3202209472656,201.6233367919922,43.06004333496094,54.055442810058594
2021-06-17,128.70120239257812,311.9864501953125,145.13677978515625,134.4309844970703,335.5508728027344,395.1891174316406,205.53334045410156,43.23899459838867,52.276084899902344
2021-06-18,127.40242767333984,307.1917419433594,142.2906036376953,131.0294647216797,332.9176940917969,389.85791015625,207.77000427246094,42.43838882446289,50.93524169921875
2021-06-21,129.19924926757812,312.5612487792969,143.92449951171875,133.25289916992188,334.9868469238281,395.4390869140625,206.94332885742188,42.82456588745117,52.782066345214844
2021-06-22,130.83987426757812,313.1794738769531,143.73126220703125,133.0580291748047,338.1094665527344,397.55316162109375,207.90333557128906,43.02236557006836,53.79401779174805
2021-06-23,130.56642150878906,312.5612487792969,142.86160278320312,133.8640899658203,338.27484130859375,397.07403564453125,218.85667419433594,42.6864128112793,54.19038009643555
2021-06-24,130.2832794189453,315.51361083984375,143.51161193847656,135.0953826904297,340.3663330078125,399.4230041503906,226.60667419433594,42.984683990478516,54.40962600708008
2021-06-25,129.9902801513672,317.79248046875,144.24952697753906,136.4595184326172,339.947998046875,400.8418273925781,223.9566650390625,43.49331283569336,54.527687072753906
2021-06-28,131.6211700439453,316.27020263671875,144.08261108398438,136.7075958251953,344.0823059082031,401.64984130859375,229.57333374023438,43.35829544067383,53.13624954223633
2021-06-29,133.13482666015625,316.3255310058594,144.09140014648438,136.53924560546875,345.3274841308594,401.86590576171875,226.9199981689453,43.10712814331055,52.8073616027832
2021-06-30,133.75006103515625,318.25372314453125,144.715087890625,137.7793731689453,344.78271484375,402.20416259765625,226.56666564941406,44.27507019042969,53.195289611816406
2021-07-01,134.05279541015625,319.5546875,145.7868194580078,139.14353942871094,344.9189147949219,404.4310607910156,225.97332763671875,43.74134063720703,53.347076416015625
2021-07-02,136.67974853515625,321.0122985839844,148.43971252441406,139.00990295410156,348.8781433105469,407.5223693847656,226.3000030517578,43.98937225341797,53.27117919921875
2021-07-06,138.69146728515625,319.0562744140625,147.55250549316406,136.67572021484375,350.38592529296875,406.7800598144531,219.86000061035156,43.93598937988281,51.75324249267578
2021-07-07,141.1817169189453,320.0713806152344,148.8174591064453,136.8360595703125,351.1252136230469,408.2175598144531,214.88333129882812,43.86378860473633,50.94367599487305
2021-07-08,139.88287353515625,317.7278747558594,148.5275421142578,134.47512817382812,349.004638671875,404.89141845703125,217.60333251953125,43.826107025146484,50.71598434448242
2021-07-09,141.70904541015625,321.7413024902344,149.11614990234375,138.77828979492188,351.18365478515625,409.21356201171875,218.98333740234375,44.04902648925781,51.63517379760742
2021-07-12,141.11334228515625,322.9405212402344,148.8789520263672,140.7650146484375,352.5552978515625,410.6793212890625,228.56666564941406,43.97052764892578,51.584571838378906
2021-07-13,142.22662353515625,321.9902648925781,148.6944580078125,138.67137145996094,352.5552978515625,409.2793273925781,222.84666442871094,44.136932373046875,51.340023040771484
2021-07-14,145.65435791015625,322.36859130859375,149.70468139648438,138.19912719726562,353.1875915527344,409.89013671875,217.7933349609375,44.44146728515625,50.201568603515625
2021-07-15,145.00006103515625,322.8575134277344,147.9038543701172,138.50205993652344,350.7069396972656,408.4900207519531,216.86666870117188,44.47601318359375,49.71245574951172
2021-07-16,142.9590301513672,320.0945739746094,147.66668701171875,135.3393096923828,347.8664245605469,405.2859802246094,214.74000549316406,44.44461441040039,48.3378791809082
2021-07-19,139.1113739013672,313.76177978515625,146.594970703125,130.93820190429688,345.01629638671875,399.30084228515625,215.4066619873047,44.34100341796875,46.676578521728516
2021-07-20,142.72470092773438,318.56201171875,147.97413635253906,133.37930297851562,349.02398681640625,405.0229797363281,220.1666717529297,44.54194641113281,47.19099044799805
2021-07-21,141.99224853515625,321.2485046386719,148.88772583007812,136.18568420410156,351.7186584472656,408.3021545410156,218.42999267578125,44.322174072265625,48.708927154541016
2021-07-22,143.3594512939453,321.49774169921875,149.3181610107422,134.4662322998047,354.0436096191406,409.1571350097656,216.4199981689453,44.35356521606445,48.16078567504883
2021-07-23,145.07815551757812,323.6302185058594,150.9081573486328,134.20785522460938,358.17791748046875,413.3665771484375,214.4600067138672,44.71775817871094,48.10176467895508
2021-07-26,145.4981231689453,324.40557861328125,150.9784393310547,135.10769653320312,358.4600524902344,414.38128662109375,219.2066650390625,44.780555725097656,49.316104888916016
2021-07-27,143.33010864257812,323.6763000488281,151.67242431640625,134.92947387695312,354.51055908203125,412.4927673339844,214.92666625976562,44.783695220947266,48.767967224121094
2021-07-28,141.58209228515625,322.5133056640625,151.250732421875,135.1522674560547,355.8724365234375,412.3236083984375,215.66000366210938,44.601593017578125,49.09684753417969
2021-07-29,142.22662353515625,323.861083984375,151.250732421875,136.31040954589844,356.5047302246094,414.03369140625,225.78334045410156,44.65811538696289,49.69559097290039
2021-07-30,142.4414520263672,322.62408447265625,151.26829528808594,135.22349548339844,354.6467590332031,412.02294921875,229.06666564941406,44.75543975830078,48.548709869384766
2021-08-02,142.10948181152344,321.5808410644531,151.32977294921875,134.6800079345703,354.6759338378906,411.158447265625,236.55667114257812,44.65182876586914,48.55714416503906
2021-08-03,143.90631103515625,324.1103515625,153.19210815429688,136.21243286132812,356.8257141113281,414.5035095214844,236.5800018310547,45.154170989990234,49.07998275756836
2021-08-04,143.5059051513672,321.2485046386719,152.28729248046875,134.74241638183594,357.34130859375,412.4645690917969,236.97332763671875,44.84649658203125,47.9330940246582
2021-08-05,143.61331176757812,323.6671447753906,152.57717895507812,136.44407653808594,359.60791015625,415.07659912109375,238.2100067138672,45.678489685058594,48.23667526245117
2021-08-06,142.9287109375,325.03338623046875,152.0676727294922,140.31956481933594,358.0319519042969,415.76251220703125,233.03334045410156,45.596866607666016,48.79326248168945
2021-08-09,142.8798370361328,324.16571044921875,152.5947723388672,140.16810607910156,358.6934814453125,415.4242858886719,237.9199981689453,45.706748962402344,48.23667526245117
2021-08-10,142.40057373046875,325.6243591308594,152.64749145507812,141.8875732421875,356.8549499511719,415.94097900390625,236.663330078125,46.680030822753906,49.063114166259766
2021-08-11,142.65487670898438,327.6644592285156,152.67381286621094,143.58029174804688,356.2420959472656,416.974609375,235.94000244140625,47.09760665893555,49.206478118896484
2021-08-12,145.61830139160156,327.93218994140625,153.90365600585938,144.14158630371094,357.5260925292969,418.2243347167969,240.75,46.9715576171875,49.095184326171875
2021-08-13,145.8236846923828,328.0798645019531,154.8260498046875,142.52903747558594,358.7810363769531,418.9854431152344,239.05667114257812,47.11965560913086,48.598670959472656
2021-08-16,147.79930114746094,329.1692199707031,156.22274780273438,141.59356689453125,358.9366760253906,419.971923828125,228.72332763671875,47.50410461425781,47.888145446777344
2021-08-17,146.88975524902344,326.63970947265625,157.65460205078125,139.88299560546875,355.7751770019531,417.21893310546875,221.90333557128906,47.48835372924805,47.56283187866211
2021-08-18,143.14389038085938,323.21484375,155.65174865722656,138.6090087890625,352.3509216308594,412.6524658203125,229.663330078125,46.984161376953125,46.561248779296875
2021-08-19,143.47642517089844,322.62408447265625,156.864013671875,137.45082092285156,354.05328369140625,413.29144287109375,224.49000549316406,47.302433013916016,45.14017868041992
2021-08-20,144.9337158203125,324.74261474609375,157.62828063964844,137.84280395507812,357.720703125,416.5799865722656,226.75332641601562,47.724693298339844,45.148738861083984
2021-08-23,146.42027282714844,326.8604736328125,156.9478302001953,139.6068115234375,363.071044921875,420.2444763183594,235.43333435058594,47.409568786621094,47.00640106201172
2021-08-24,146.33226013183594,327.12847900390625,154.98606872558594,140.4709930419922,364.1799621582031,420.91156005859375,236.163330078125,46.92113494873047,47.39162063598633
2021-08-25,145.0999298095703,327.53546142578125,153.9610595703125,143.36647033691406,364.5982971191406,421.7947998046875,237.06666564941406,46.94003677368164,47.477230072021484
2021-08-26,144.29798889160156,325.66748046875,153.13922119140625,144.10594177246094,362.2831115722656,419.3048095703125,233.72000122070312,46.432708740234375,46.83518600463867
2021-08-27,145.3346405029297,327.8961181640625,152.812255859375,145.26416015625,365.8045349121094,423.0538330078125,237.30667114257812,46.17116165161133,47.742618560791016
2021-08-30,149.7553253173828,327.44293212890625,153.45733642578125,142.93882751464844,369.90966796875,424.9142150878906,243.6366729736328,46.54299545288086,47.22041320800781
2021-08-31,148.4936981201172,327.2949523925781,152.98902893066406,142.50230407714844,369.60809326171875,424.2847900390625,245.24000549316406,46.66905212402344,46.67253875732422
2021-09-01,149.15875244140625,326.95294189453125,153.5280303955078,142.29742431640625,370.22088623046875,424.5101623535156,244.69667053222656,46.568199157714844,46.03048324584961
2021-09-02,150.273681640625,328.1736145019531,154.57958984375,142.95669555664062,370.0458068847656,425.8162841796875,244.1300048828125,46.81399917602539,47.15193176269531
2021-09-03,150.90943908691406,327.49853515625,154.67678833007812,142.09249877929688,371.1840515136719,425.7129211425781,244.52333068847656,47.03142547607422,46.9721565246582
2021-09-07,153.24691772460938,325.0015869140625,152.27325439453125,141.843017578125,371.7092590332031,424.190673828125,250.97332763671875,46.407493591308594,46.69820785522461
2021-09-08,151.70162963867188,324.3449401855469,151.90206909179688,141.21046447753906,370.4154968261719,423.6739501953125,251.2899932861328,46.467369079589844,46.27018356323242
2021-09-09,150.6844482421875,323.0318908691406,148.5176544189453,141.82521057128906,369.1411437988281,421.8605651855469,251.6199951171875,46.13964080810547,46.30442810058594
2021-09-10,145.69659423828125,320.6181640625,147.54562377929688,140.19482421875,366.3395690917969,418.5343933105469,245.42333984375,45.97263717651367,46.21025848388672
2021-09-13,146.2637481689453,323.022705078125,146.51173400878906,142.422119140625,366.08660888671875,419.60552978515625,247.6666717529297,45.711082458496094,47.40018081665039
2021-09-14,144.8651885986328,320.4056091308594,145.62808227539062,139.93646240234375,365.0457458496094,417.3410339355469,248.163330078125,45.47159194946289,46.723899841308594
2021-09-15,145.7552490234375,322.57867431640625,146.17591857910156,140.90762329101562,367.7597351074219,420.8269958496094,251.94332885742188,45.550376892089844,48.29905319213867
2021-09-16,145.52052307128906,321.9869689941406,145.99917602539062,140.84518432617188,368.01275634765625,420.1598815917969,252.3300018310547,45.70163345336914,47.78540802001953
2021-09-17,142.85049438476562,320.3149719238281,145.58387756347656,140.47988891601562,363.6546325683594,416.0670471191406,253.163330078125,45.607086181640625,47.22041320800781
2021-09-20,139.79905700683594,314.5322570800781,144.75328063964844,136.2747802734375,356.1403503417969,409.1295166015625,243.38999938964844,44.980003356933594,45.961997985839844
2021-09-21,140.2782745361328,314.26348876953125,145.38949584960938,136.29257202148438,356.57867431640625,408.7430725097656,246.4600067138672,45.068241119384766,45.919193267822266
2021-09-22,142.64511108398438,317.4051818847656,144.85928344726562,138.90298461914062,359.9092102050781,412.7302551269531,250.64666748046875,44.96424865722656,47.26321792602539
2021-09-23,143.60357666015625,322.0943908691406,145.6810760498047,143.59814453125,363.2301330566406,417.74493408203125,251.2133331298828,44.989463806152344,48.86405563354492
2021-09-24,143.69161987304688,322.3816833496094,145.23927307128906,145.25521850585938,363.5708923339844,418.4330749511719,258.1300048828125,45.115509033203125,49.30064392089844
2021-09-27,142.17562866210938,323.0673522949219,144.1876983642578,148.7654571533203,360.6688537597656,417.2359313964844,263.78668212890625,44.825599670410156,50.76451873779297
2021-09-28,138.7916717529297,317.79437255859375,143.86956787109375,147.96365356445312,350.4627380371094,408.82794189453125,259.1866760253906,44.274139404296875,51.29527282714844
2021-09-29,139.6914520263672,318.58197021484375,144.93881225585938,147.84780883789062,349.88824462890625,409.5159606933594,260.4366760253906,44.25523376464844,51.26102828979492
2021-09-30,138.39071655273438,313.5036315917969,142.71197509765625,145.83433532714844,348.6026916503906,404.5107421875,258.49334716796875,43.92121124267578,50.353599548339844
2021-10-01,139.5154266357422,318.0352478027344,141.80178833007812,148.8990936279297,350.76470947265625,409.3179626464844,258.40667724609375,43.186988830566406,52.15989685058594
2021-10-04,136.08255004882812,315.09747314453125,140.6972198486328,148.7386932373047,343.4023132324219,404.0393981933594,260.510009765625,42.771034240722656,52.836181640625
2021-10-05,138.00927734375,317.9888610839844,141.0153350830078,151.16766357421875,348.03790283203125,408.24346923828125,260.1966552734375,43.051490783691406,52.750579833984375
2021-10-06,138.87973022460938,318.9064025878906,141.3069610595703,151.49032592773438,350.26806640625,409.94012451171875,260.9166564941406,43.36660385131836,51.78322982788086
2021-10-07,140.141357421875,322.1592712402344,142.57058715820312,152.44935607910156,353.4817199707031,413.4843444824219,264.53668212890625,43.87710189819336,51.928749084472656
2021-10-08,139.75990295410156,322.0665283203125,142.20828247070312,152.5658416748047,351.7190856933594,412.7302551269531,261.8299865722656,44.00944900512695,53.2299690246582
2021-10-11,139.67193603515625,319.703369140625,141.60739135742188,149.35714721679688,349.021484375,409.7422180175781,263.9800109863281,43.96847915649414,52.6992073059082
2021-10-12,138.4004669189453,318.5912780761719,139.34523010253906,148.2099151611328,347.8041076660156,408.73358154296875,268.5733337402344,43.92121124267578,52.42527770996094
2021-10-13,137.8136444091797,318.6932678222656,140.67953491210938,144.3021240234375,350.58929443359375,410.20404052734375,270.3599853515625,43.602935791015625,52.27973937988281
2021-10-14,140.60104370117188,323.5491943359375,141.4836883544922,146.51593017578125,357.0461120605469,417.10394287109375,272.7733459472656,44.07562255859375,53.07588195800781
2021-10-15,141.65728759765625,327.1064453125,142.5352325439453,149.3302764892578,359.295654296875,420.2804870605469,281.010009765625,44.28989791870117,53.58095932006836
2021-10-18,143.32968139648438,326.7820129394531,141.49249267578125,149.27650451660156,362.9086608886719,421.5248107910156,290.03668212890625,44.64598083496094,53.55527877807617
2021-10-19,145.49118041992188,328.59881591796875,144.8062744140625,151.08700561523438,365.65496826171875,424.7767333984375,288.0899963378906,45.594478607177734,54.35997009277344
2021-10-20,145.98016357421875,330.05438232421875,144.7267303466797,153.12156677246094,365.1777648925781,426.4452209472656,288.6000061035156,46.00729751586914,54.65960693359375
2021-10-21,146.1953125,329.98956298828125,144.39089965820312,151.92056274414062,367.4079284667969,427.5574951171875,298.0,46.262542724609375,53.666561126708984
2021-10-22,145.42269897460938,330.712646484375,144.67372131347656,153.96408081054688,364.3208312988281,427.11444091796875,303.2266540527344,46.74467468261719,54.034671783447266
2021-10-25,145.37374877929688,331.4635314941406,144.99183654785156,153.211181640625,368.0506591796875,429.4049072265625,341.6199951171875,47.286678314208984,55.08761978149414
2021-10-26,146.03883361816406,331.41705322265625,146.46759033203125,153.6234893798828,369.2095642089844,429.7914733886719,339.4766540527344,46.873863220214844,56.36315155029297
2021-10-27,145.5791778564453,329.08099365234375,144.69140625,150.4237518310547,370.0665283203125,427.8873291015625,345.9533386230469,46.489418029785156,54.899295806884766
2021-10-28,149.21742248535156,331.2317199707031,143.9049530029297,152.69134521484375,374.1762390136719,432.0160217285156,359.0133361816406,46.77933120727539,55.05338668823242
2021-10-29,146.50833129882812,332.0939025878906,143.93142700195312,152.2700958251953,376.016845703125,432.8926696777344,371.3333435058594,47.08500289916992,55.19035720825195
2021-11-01,145.68679809570312,332.9282531738281,144.05516052246094,152.18942260742188,377.3023986816406,433.6373291015625,402.86334228515625,47.20158767700195,56.18338394165039
2021-11-02,146.72348022460938,334.26318359375,146.32615661621094,152.7899169921875,378.87994384765625,435.3905334472656,390.6666564941406,47.17953872680664,55.48997497558594
2021-11-03,148.16119384765625,335.1808776855469,145.85781860351562,152.84371948242188,382.90203857421875,438.04876708984375,404.6199951171875,47.32449722290039,54.72807693481445
2021-11-04,147.64283752441406,334.98614501953125,145.4513397216797,150.8360137939453,387.81024169921875,440.113037109375,409.9700012207031,47.67110824584961,55.13900375366211
2021-11-05,148.17172241210938,336.7939453125,144.41744995117188,150.6209259033203,388.1802978515625,441.64007568359375,407.36334228515625,47.34025192260742,55.661190032958984
2021-11-08,147.3489990234375,337.7396240234375,143.92259216308594,151.5261688232422,387.6544494628906,442.01702880859375,387.64666748046875,47.03772735595703,56.26042938232422
2021-11-09,147.71136474609375,336.775390625,143.60447692871094,150.37892150878906,384.9861145019531,440.5560607910156,341.1666564941406,47.20158767700195,56.80830764770508
2021-11-10,144.88075256347656,334.7266845703125,145.15972900390625,150.2355194091797,379.3280029296875,437.0118408203125,355.98333740234375,46.77618408203125,55.689151763916016
2021-11-11,144.831787109375,333.234130859375,144.0904998779297,150.2265625,380.3797302246094,437.15313720703125,354.5033264160156,46.79508972167969,55.79326248168945
2021-11-12,146.908203125,334.92132568359375,145.81365966796875,149.55435180664062,384.38232421875,440.452392578125,344.47332763671875,46.561912536621094,55.3681526184082
2021-11-15,146.91799926757812,334.8841857910156,144.4969940185547,149.2854461669922,384.2946472167969,440.6031494140625,337.7966613769531,46.29405212402344,55.84531784057617
2021-11-16,147.8974609375,335.5238037109375,143.74588012695312,148.2099151611328,387.03118896484375,442.3470153808594,351.57666015625,45.115509033203125,56.40923309326172
2021-11-17,150.33633422851562,333.5956115722656,144.28492736816406,147.41221618652344,387.23577880859375,441.2724304199219,363.0033264160156,44.72789764404297,55.79326248168945
2021-11-18,154.62632751464844,333.1322021484375,143.5072784423828,146.13951110839844,391.2479553222656,442.77117919921875,365.4599914550781,45.11235427856445,55.18596649169922
2021-11-19,157.25123596191406,330.5880126953125,143.9403076171875,144.23037719726562,393.4294738769531,441.97943115234375,379.0199890136719,44.86970901489258,52.63531494140625
2021-11-22,157.7115936279297,330.8572692871094,142.04571533203125,147.30467224121094,388.86199951171875,440.735107421875,385.6233215332031,45.62283706665039,53.36406326293945
2021-11-23,158.09359741210938,332.5479431152344,142.92628479003906,150.82705688476562,387.089599609375,441.319580078125,369.6766662597656,45.94742202758789,54.769535064697266
2021-11-24,158.61268615722656,332.55718994140625,142.52601623535156,149.64395141601562,388.336181640625,442.497802734375,372.0,46.177459716796875,55.07318115234375
2021-11-26,153.58811950683594,324.1882019042969,141.6009979248047,145.13565063476562,380.97381591796875,432.6287536621094,360.6400146484375,45.66065979003906,53.13850021362305
2021-11-29,156.94761657714844,326.20379638671875,142.0902099609375,144.5082244873047,389.2418212890625,437.93560791015625,378.9966735839844,44.94533920288086,53.433475494384766
2021-11-30,161.9036865234375,320.3612365722656,138.69248962402344,142.357177734375,383.52532958984375,429.41436767578125,381.586669921875,44.315101623535156,51.915225982666016
2021-12-01,161.3845672607422,316.23724365234375,140.6048126220703,141.51467895507812,377.0004577636719,424.64483642578125,365.0,43.21533966064453,51.871856689453125
2021-12-02,160.39529418945312,321.94964599609375,139.72425842285156,144.49034118652344,379.7174987792969,431.1488037109375,361.5333251953125,42.68909454345703,53.164527893066406
2021-12-03,158.51475524902344,321.6060485839844,141.76112365722656,141.87315368652344,373.1147155761719,427.3972473144531,338.3233337402344,43.33193588256836,52.826171875
2021-12-06,161.9232177734375,327.7179260253906,144.9275665283203,143.54920959472656,376.1044921875,432.4590759277344,336.336669921875,43.80146408081055,53.424808502197266
2021-12-07,167.66282653808594,332.287841796875,145.3011474609375,145.7092742919922,387.4305114746094,441.40435791015625,350.5833435058594,43.65966033935547,54.02342224121094
2021-12-08,171.48269653320312,332.52008056640625,146.1728057861328,144.0421905517578,389.1639099121094,442.57318115234375,356.32000732421875,43.2184944152832,54.179588317871094
2021-12-09,170.97341918945312,332.63153076171875,147.56036376953125,143.81813049316406,383.4377136230469,439.58514404296875,334.6000061035156,43.81962966918945,54.31839370727539
2021-12-10,175.76290893554688,334.6006164550781,147.19564819335938,143.24449157714844,387.6057434082031,443.72320556640625,339.010009765625,44.620086669921875,54.66542434692383
2021-12-13,172.12913513183594,331.6374816894531,149.8284912109375,141.5415496826172,382.006103515625,439.7925109863281,322.13665771484375,45.42371368408203,53.46818161010742
2021-12-14,170.7481231689453,330.8294372558594,151.46505737304688,142.62606811523438,378.05224609375,436.7667541503906,319.5033264160156,45.85715866088867,53.39010238647461
2021-12-15,175.6160125732422,334.2106018066406,152.22109985351562,141.55946350097656,386.6708068847656,443.5912170410156,325.3299865722656,46.11977005004883,53.155853271484375
2021-12-16,168.72064208984375,333.866943359375,153.88433837890625,143.77333068847656,376.7277526855469,439.6794128417969,308.97332763671875,45.35093688964844,53.24261474609375
2021-12-17,167.6236572265625,329.0764465332031,149.6327667236328,140.50184631347656,374.84814453125,434.9999084472656,310.8566589355469,43.89872741699219,52.08007049560547
2021-12-20,166.26222229003906,325.01904296875,149.20584106445312,137.97430419921875,371.2120361328125,430.37445068359375,299.9800109863281,44.041107177734375,51.32528305053711
2021-12-21,169.43565368652344,330.2674865722656,148.72552490234375,139.90130615234375,379.5198669433594,438.0174255371094,312.84332275390625,44.17399215698242,52.48782730102539
2021-12-22,172.03123474121094,332.5753173828125,149.36595153808594,140.44805908203125,384.1419372558594,442.3970031738281,336.2900085449219,44.230934143066406,52.91293716430664
2021-12-23,172.65805053710938,334.40838623046875,149.65054321289062,140.9499969482422,387.0379333496094,445.149658203125,355.6666564941406,44.13286209106445,52.938961029052734
2021-12-27,176.62481689453125,337.7213134765625,150.91357421875,141.7567138671875,393.4346618652344,451.4494934082031,364.64666748046875,44.534664154052734,53.693748474121094
2021-12-28,175.60618591308594,338.7169494628906,151.51840209960938,142.18687438964844,391.6112060546875,451.0805969238281,362.8233337402344,45.173763275146484,53.520225524902344
2021-12-29,175.69435119628906,339.5080261230469,152.58575439453125,142.11514282226562,391.5526428222656,451.6575622558594,362.0633239746094,45.1516227722168,53.05175018310547
2021-12-30,174.53857421875,338.7914733886719,153.26174926757812,142.04347229003906,390.3825378417969,450.40899658203125,356.7799987792969,45.297157287597656,52.73942184448242
2021-12-31,173.92153930664062,338.09344482421875,152.15882873535156,141.92697143554688,387.9448547363281,449.2738952636719,352.260009765625,45.77806091308594,53.086448669433594
2022-01-03,178.2703094482422,340.28961181640625,152.5768585205078,144.92947387695312,391.6794128417969,451.87518310546875,399.9266662597656,45.765419006347656,55.12523651123047
2022-01-04,176.00779724121094,342.3277587890625,152.167724609375,150.4237518310547,386.59918212890625,451.72381591796875,383.1966552734375,44.926979064941406,57.198734283447266
2022-01-05,171.3260040283203,338.81005859375,153.18167114257812,147.67369079589844,374.72247314453125,443.0497131347656,362.7066650390625,45.53445053100586,57.91012191772461
2022-01-06,168.46600341796875,337.2280578613281,152.65692138671875,149.24256896972656,374.4591064453125,442.6335144042969,354.8999938964844,45.40789794921875,59.272212982177734
2022-01-07,168.63253784179688,337.1536865234375,154.72044372558594,150.7213134765625,370.4026794433594,440.8835144042969,342.32000732421875,45.84133529663086,59.758056640625
2022-01-10,168.652099609375,335.7391662597656,153.9555206298828,150.86557006835938,370.64642333984375,440.3349609375,352.7066650390625,45.75275421142578,59.402339935302734
2022-01-11,171.48269653320312,337.3677978515625,152.31893920898438,151.01885986328125,376.2143859863281,444.3456726074219,354.79998779296875,45.6230354309082,61.90092849731445
2022-01-12,171.92349243164062,337.74920654296875,151.0203094482422,151.8754119873047,377.7062683105469,445.546875,368.739990234375,45.38258361816406,61.7187385559082
2022-01-13,168.652099609375,336.12078857421875,150.10418701171875,151.68606567382812,368.2574768066406,439.407958984375,343.85333251953125,46.02484893798828,61.27629470825195
2022-01-14,169.51400756835938,334.203857421875,149.28590393066406,142.36289978027344,370.5489196777344,439.5877380371094,349.8699951171875,45.8951301574707,62.35206985473633
2022-01-18,166.31117248535156,329.28106689453125,148.627685546875,136.39393615722656,361.3244934082031,431.8027648925781,343.5033264160156,45.09150695800781,63.40182113647461
2022-01-19,162.8145294189453,326.0240478515625,148.1651611328125,134.2840576171875,357.3558349609375,427.3191223144531,331.8833312988281,45.540771484375,63.42784118652344
2022-01-20,161.12985229492188,323.2137145996094,146.98220825195312,133.13894653320312,352.7143249511719,422.5895080566406,332.0899963378906,44.68020248413086,63.56666564941406
2022-01-21,159.07301330566406,318.8163757324219,146.64419555664062,130.81268310546875,342.9340515136719,414.2938537597656,314.6333312988281,44.35432052612305,62.612342834472656
2022-01-24,158.2992706298828,320.1760559082031,144.9542694091797,130.6954345703125,344.50396728515625,416.0531921386719,310.0,44.357486724853516,63.150230407714844
2022-01-25,156.49703979492188,319.38446044921875,149.09909057617188,132.1200714111328,336.517822265625,410.9735412597656,306.1333312988281,43.392513275146484,65.00682067871094
2022-01-26,156.40896606445312,317.9875183105469,149.7661895751953,133.37335205078125,335.9913024902344,409.94256591796875,312.4700012207031,42.949562072753906,64.34745788574219
2022-01-27,155.9485626220703,318.0713195800781,151.73187255859375,131.02005004882812,332.607666015625,407.9183044433594,276.3666687011719,42.97804260253906,65.17166900634766
2022-01-28,166.83030700683594,323.2489929199219,152.7991943359375,132.19223022460938,343.041259765625,418.049072265625,282.1166687011719,43.50957107543945,65.31047821044922
2022-01-31,171.18885803222656,326.94622802734375,153.2439727783203,133.98654174804688,354.01129150390625,425.57861328125,312.239990234375,44.23409652709961,65.90042114257812
2022-02-01,171.02236938476562,329.6097106933594,151.98983764648438,136.2857208251953,356.41973876953125,428.45428466796875,310.4166564941406,44.58212661743164,70.12548065185547
2022-02-02,172.22706604003906,331.5560302734375,153.67086791992188,135.19471740722656,359.31573486328125,432.61627197265625,301.88665771484375,44.563140869140625,69.94329071044922
2022-02-03,169.3474884033203,326.8531799316406,153.6619873046875,134.07667541503906,344.7477111816406,422.44757080078125,297.0466613769531,44.60742950439453,69.12776947021484
2022-02-04,169.06307983398438,326.7506408691406,152.65692138671875,137.5570831298828,349.09674072265625,424.43402099609375,307.7733459472656,44.08222579956055,70.628662109375
2022-02-07,168.34716796875,326.77862548828125,152.14991760253906,138.01693725585938,346.288330078125,423.0719299316406,302.4466552734375,43.64878463745117,71.47888946533203
2022-02-08,171.45602416992188,330.1683654785156,152.55018615722656,140.6136932373047,350.1791076660156,426.55291748046875,307.3333435058594,43.65827178955078,69.6309585571289
2022-02-09,172.87803649902344,333.0833435058594,152.53240966796875,141.1997833251953,357.5996398925781,432.7959899902344,310.6666564941406,43.5633544921875,69.2976303100586
2022-02-10,168.7982940673828,328.3150939941406,150.69122314453125,140.6136932373047,349.5062255859375,425.0205078125,301.51666259765625,43.05397033691406,68.63097381591797
2022-02-11,165.3854522705078,323.4166564941406,149.17027282714844,138.78329467773438,338.4193420410156,416.6396789550781,286.6666564941406,42.81667709350586,70.35902404785156
2022-02-14,165.62083435058594,322.1129150390625,147.2935333251953,137.49395751953125,338.8385314941406,415.2775573730469,291.9200134277344,42.38007354736328,69.28009033203125
2022-02-15,169.4553680419922,326.1452941894531,148.81448364257812,139.50465393066406,347.2635192871094,421.9747009277344,307.4766540527344,42.5129508972168,68.41168212890625
2022-02-16,169.21998596191406,325.6331787109375,148.72552490234375,139.7571258544922,347.17578125,422.44757080078125,307.7966613769531,42.24718475341797,68.72746276855469
2022-02-17,165.62083435058594,320.0550231933594,147.81832885742188,136.5382080078125,336.8493957519531,413.423583984375,292.1166687011719,43.93985366821289,68.62220001220703
2022-02-18,164.0713348388672,318.0207214355469,146.23387145996094,137.17837524414062,333.00750732421875,410.7465515136719,285.6600036621094,43.65827178955078,67.85904693603516
2022-02-22,161.14886474609375,313.385498046875,144.24658203125,136.93495178222656,329.6628723144531,406.3386535644531,273.84332275390625,43.17103576660156,67.06958770751953
2022-02-23,156.9808349609375,309.19775390625,144.3181915283203,134.06764221191406,321.21844482421875,399.13067626953125,254.67999267578125,42.728092193603516,67.34150695800781
2022-02-24,159.599365234375,309.96258544921875,141.56109619140625,130.33480834960938,332.01287841796875,405.1372985839844,266.92333984375,42.56357955932617,66.49063873291016
2022-02-25,161.66860961914062,317.61053466796875,148.59706115722656,133.41845703125,337.16143798828125,414.07623291015625,269.9566650390625,43.14889144897461,68.28009796142578
2022-02-28,161.93336486816406,316.4911804199219,147.31698608398438,127.855224609375,338.1658020019531,413.0166931152344,290.1433410644531,42.76288986206055,68.78885650634766
2022-03-01,160.05044555664062,310.7273864746094,146.8067626953125,123.03133392333984,332.9879150390625,406.7264709472656,288.1233215332031,43.02549743652344,69.4467544555664
2022-03-02,163.34561157226562,316.1741027832031,148.6328887939453,125.58305358886719,338.5752868652344,414.2086486816406,293.2966613769531,43.079288482666016,70.63973236083984
2022-03-03,163.02198791503906,315.3625793457031,150.81707763671875,124.69038391113281,333.7388610839844,412.146484375,279.7633361816406,44.069580078125,71.08708190917969
2022-03-04,160.0210418701172,313.81451416015625,151.7122344970703,121.18295288085938,328.9022521972656,408.7980041503906,279.42999267578125,45.18642044067383,73.76251220703125
2022-03-07,156.2257080078125,306.3531494140625,154.15603637695312,116.50334930419922,316.7719421386719,396.7469177246094,268.1933288574219,44.82257080078125,76.42037200927734
2022-03-08,154.40162658691406,304.54376220703125,151.0319366455078,115.68282318115234,315.2996520996094,393.73895263671875,274.79998779296875,43.895565032958984,76.99930572509766
2022-03-09,159.80528259277344,310.9512634277344,151.60479736328125,120.31734466552734,326.6498107910156,404.2953796386719,286.3233337402344,44.12337112426758,72.6221694946289
2022-03-10,155.46078491210938,309.7479553222656,151.8733673095703,118.89274597167969,323.02239990234375,402.46978759765625,279.4333190917969,45.12630844116211,74.87652587890625
2022-03-11,151.74392700195312,307.79864501953125,151.59591674804688,116.2148208618164,316.323486328125,397.3523254394531,265.1166687011719,44.949134826660156,74.49057006835938
2022-03-14,147.71322631835938,307.8453369140625,153.69058227539062,117.36891174316406,310.2486267089844,394.4483642578125,255.4566650390625,45.57558059692383,71.82392883300781
2022-03-15,152.0969696044922,313.55328369140625,157.67404174804688,119.4517593383789,319.9801330566406,403.1224365234375,267.2966613769531,46.1229248046875,67.73625946044922
2022-03-16,156.51011657714844,318.3751525878906,156.223876953125,124.7895736694336,331.84716796875,412.06134033203125,280.07666015625,45.98688507080078,67.48187255859375
2022-03-17,157.52024841308594,322.18988037109375,158.2648468017578,126.36750030517578,335.86456298828125,417.2166748046875,290.5333251953125,46.0567512512207,69.28009033203125
2022-03-18,160.81539916992188,324.5379333496094,156.51031494140625,126.32240295410156,342.7390441894531,421.7863464355469,301.7966613769531,46.193336486816406,69.00814819335938
2022-03-21,162.18841552734375,322.90216064453125,157.3965301513672,125.91667175292969,341.7861328125,421.66302490234375,307.0533447265625,45.809024810791016,72.10464477539062
2022-03-22,165.56201171875,325.4258728027344,156.65354919433594,128.59457397460938,348.5031433105469,426.59710693359375,331.32666015625,45.672447204589844,71.78882598876953
2022-03-23,166.9252166748047,321.0045166015625,156.06272888183594,126.03390502929688,343.4946594238281,421.1031494140625,333.03668212890625,45.084861755371094,72.92039489746094
2022-03-24,170.71067810058594,324.4164733886719,156.86837768554688,126.8543930053711,351.12945556640625,427.45098876953125,337.97332763671875,45.36437225341797,73.13970947265625
2022-03-25,171.34814453125,325.7998046875,158.3722686767578,127.96343231201172,350.83660888671875,429.53857421875,336.8800048828125,45.561283111572266,74.73617553710938
2022-03-28,172.21116638183594,326.6878356933594,159.1868438720703,127.01667022705078,356.264892578125,432.5937805175781,363.9466552734375,46.37120056152344,72.63970184326172
2022-03-29,175.5063018798828,329.94073486328125,159.10629272460938,127.29618835449219,362.39605712890625,437.9454040527344,366.5233459472656,46.761863708496094,72.25373840332031
2022-03-30,174.33926391601562,329.1462097167969,160.76234436035156,126.71912384033203,358.39312744140625,435.24114990234375,364.663330078125,47.60034942626953,73.4905776977539
2022-03-31,171.24024963378906,324.2014465332031,158.64974975585938,122.91411590576172,353.95098876953125,428.5422058105469,359.20001220703125,47.298614501953125,72.44673156738281
2022-04-01,170.946044921875,325.3044128417969,159.5091094970703,122.00346374511719,353.27734375,429.7567138671875,361.5299987792969,47.96242141723633,72.91163635253906
2022-04-04,174.996337890625,326.4541015625,157.9694366455078,122.54447174072266,360.55078125,433.4383544921875,381.8166809082031,47.971954345703125,72.94672393798828
2022-04-05,171.68157958984375,323.7434387207031,158.98992919921875,121.11834716796875,352.54510498046875,427.9635314941406,363.7533264160156,48.10852813720703,72.56952667236328
2022-04-06,168.51388549804688,322.257080078125,163.1255645751953,119.43791961669922,344.89080810546875,423.68402099609375,348.586669921875,49.22650909423828,73.37655639648438
2022-04-07,168.8179168701172,323.3975524902344,162.70484924316406,119.07456970214844,345.7109375,425.8190002441406,352.4200134277344,49.71881103515625,74.60460662841797
2022-04-08,166.80751037597656,324.70611572265625,163.02711486816406,121.254638671875,340.87823486328125,424.680419921875,341.8299865722656,49.9951286315918,76.17476654052734
2022-04-11,162.55123901367188,320.8081970214844,160.98611450195312,120.80953979492188,332.81390380859375,417.4216003417969,325.30999755859375,49.004188537597656,73.5519790649414
2022-04-12,164.42440795898438,319.8921813964844,161.0398406982422,119.48333740234375,331.4079895019531,415.8749694824219,328.98333740234375,48.66751480102539,75.08705139160156
2022-04-13,167.11148071289062,323.2012023925781,161.7201690673828,115.63197326660156,338.14453125,420.6382141113281,340.7900085449219,49.934783935546875,76.1484375
2022-04-14,162.10011291503906,321.9444274902344,161.0398406982422,114.56014251708984,330.412109375,415.4006042480469,328.3333435058594,49.89031982421875,77.0431900024414
2022-04-18,161.88436889648438,321.7667236328125,159.03469848632812,116.68563842773438,330.6660461425781,415.57135009765625,334.7633361816406,49.509185791015625,77.67475128173828
2022-04-19,164.1693878173828,326.46087646484375,163.88645935058594,119.1018295288086,338.0567321777344,422.27978515625,342.7166748046875,50.07135772705078,76.98178100585938
2022-04-20,164.00270080566406,328.71453857421875,164.6115264892578,119.51968383789062,333.1262512207031,421.9666442871094,325.73333740234375,50.700225830078125,77.1572036743164
2022-04-21,163.20831298828125,325.1424560546875,164.13711547851562,118.5931625366211,326.2335510253906,415.65667724609375,336.260009765625,50.77646255493164,76.34142303466797
2022-04-22,158.6676483154297,316.315185546875,162.50791931152344,115.18687438964844,317.6907958984375,404.25152587890625,335.01666259765625,49.82044219970703,74.6747817993164
2022-04-25,159.7366485595703,318.4565734863281,166.50927734375,115.1505355834961,321.77178955078125,406.5951232910156,332.67333984375,49.845848083496094,72.15725708007812
2022-04-26,153.7740020751953,310.8728332519531,165.31874084472656,111.7442626953125,309.6265563964844,394.8197937011719,292.1400146484375,49.32496643066406,72.1835708618164
2022-04-27,153.54840087890625,311.41534423828125,163.0092010498047,110.2909164428711,309.2555847167969,395.9299621582031,293.836669921875,48.98830795288086,74.2449722290039
2022-04-28,160.4819793701172,317.2689514160156,164.22662353515625,112.03492736816406,320.23907470703125,405.930908203125,292.5033264160156,49.6140022277832,76.49055480957031
2022-04-29,154.60757446289062,308.29205322265625,161.54112243652344,108.41972351074219,305.8287353515625,390.9295349121094,290.2533264160156,48.59129333496094,74.7800521850586
2022-05-02,154.91162109375,309.27374267578125,159.91192626953125,109.40982818603516,310.934814453125,393.2827453613281,300.9800109863281,48.2705078125,75.79756927490234
2022-05-03,156.40225219726562,309.7507629394531,159.59864807128906,111.75333404541016,311.2667541503906,395.08551025390625,303.0833435058594,48.438846588134766,77.35897064208984
2022-05-04,162.81602478027344,318.48468017578125,161.30841064453125,115.4502944946289,321.79132080078125,407.1170349121094,317.5400085449219,49.10900115966797,80.43788146972656
2022-05-05,153.74453735351562,308.8063659667969,158.22903442382812,112.56177520751953,305.5846252441406,392.6469421386719,291.09332275390625,48.68822479248047,79.21858978271484
2022-05-06,154.47132873535156,307.712158203125,157.8799285888672,112.38011169433594,301.9234619140625,390.30328369140625,288.54998779296875,47.674564361572266,80.42912292480469
2022-05-09,149.3445281982422,301.6622009277344,158.7392578125,110.6905746459961,290.1101989746094,377.80682373046875,262.3699951171875,48.232391357421875,74.08705139160156
2022-05-10,151.75079345703125,300.94219970703125,158.52444458007812,107.99280548095703,293.63458251953125,378.67974853515625,266.67999267578125,47.55342483520508,74.57828521728516
2022-05-11,143.8838653564453,297.79083251953125,157.66510009765625,107.31156158447266,284.9259338378906,372.6640625,244.6666717529297,47.056156158447266,76.13090515136719
2022-05-12,140.01416015625,297.024169921875,159.22264099121094,107.22071838378906,284.2522277832031,372.27496337890625,242.6666717529297,47.01152420043945,76.47650146484375
2022-05-13,144.4829559326172,301.31622314453125,158.3096160888672,108.17447662353516,294.7866516113281,381.17523193359375,256.5299987792969,47.193214416503906,78.7451171875
2022-05-16,142.9409942626953,301.8304138183594,159.4105987548828,107.4205551147461,291.3695373535156,379.62860107421875,241.4566650390625,47.24422073364258,80.5971908569336
2022-05-17,146.57492065429688,305.8701477050781,160.0731201171875,110.98125457763672,298.91644287109375,387.4377136230469,253.8699951171875,41.869842529296875,81.62516021728516
2022-05-18,138.3052520751953,295.06976318359375,157.1011199951172,109.08282470703125,284.2425231933594,371.8194580078125,236.60333251953125,39.026451110839844,80.33134460449219
2022-05-19,134.89724731445312,292.8534851074219,155.70468139648438,107.46598815917969,282.7195129394531,369.542236328125,236.47332763671875,37.95539855957031,80.76557922363281
2022-05-20,135.1329345703125,292.83941650390625,158.42593383789062,106.58489227294922,281.8408203125,369.70355224609375,221.3000030517578,37.99684143066406,81.40361785888672
2022-05-23,140.55435180664062,298.85711669921875,161.66026306152344,113.179443359375,286.5270690917969,376.6207275390625,224.96665954589844,39.08064651489258,83.20254516601562
2022-05-24,137.853515625,299.3727111816406,163.42605590820312,114.77812957763672,280.43487548828125,373.7456970214844,209.3866729736328,39.568355560302734,83.65448760986328
2022-05-25,138.01063537597656,301.1441650390625,161.8224334716797,115.57746124267578,284.3597412109375,377.0476379394531,219.60000610351562,39.32608413696289,85.33821105957031
2022-05-26,141.21241760253906,305.9902038574219,161.6782989501953,117.5758285522461,292.238525390625,384.5815734863281,235.91000366210938,40.16444396972656,85.63951110839844
2022-05-27,146.96774291992188,311.25799560546875,163.14678955078125,119.23810577392578,301.7770690917969,394.02276611328125,253.2100067138672,40.954978942871094,86.48138427734375
2022-05-31,146.1820831298828,309.505126953125,161.74134826660156,120.11009979248047,300.9764099121094,391.81195068359375,252.75332641601562,41.0027961730957,85.0723648071289
2022-06-01,146.0543670654297,307.780517578125,160.10165405273438,118.00274658203125,298.75042724609375,388.6427307128906,246.7899932861328,39.98912048339844,86.70291137695312
2022-06-02,148.50973510742188,311.91412353515625,159.59715270996094,119.90117645263672,306.9319763183594,396.0439147949219,258.3333435058594,40.64577865600586,86.55226135253906
2022-06-03,142.78382873535156,308.70843505859375,158.93948364257812,118.22982788085938,298.94573974609375,389.544189453125,234.51666259765625,39.94767761230469,87.81061553955078
2022-06-06,143.53024291992188,308.80218505859375,158.92144775390625,117.83924102783203,299.9415588378906,390.73028564453125,238.27999877929688,39.804237365722656,87.5890884399414
2022-06-07,146.0543670654297,311.3517761230469,160.6692657470703,118.14808654785156,302.5288391113281,394.478271484375,238.8866729736328,39.32608413696289,91.60343170166016
2022-06-08,145.31781005859375,308.736572265625,159.7142791748047,116.26782989501953,300.3516540527344,390.1893005371094,241.86666870117188,38.98501205444336,92.68455505371094
2022-06-09,140.09275817871094,302.7563781738281,156.49803161621094,113.82437896728516,292.30682373046875,380.9095153808594,239.7066650390625,38.576988220214844,90.68181610107422
2022-06-10,134.68115234375,294.6673889160156,155.4529571533203,108.59232330322266,281.9970703125,369.8648681640625,232.22999572753906,38.79375457763672,89.02468872070312
2022-06-13,129.52496337890625,286.4282531738281,153.88536071777344,105.35861206054688,268.8852233886719,355.82177734375,215.73666381835938,38.06377029418945,84.93943786621094
2022-06-14,130.3892059326172,285.22833251953125,151.52496337890625,103.60551452636719,269.3732604980469,354.74951171875,220.88999938964844,38.07971954345703,85.16098022460938
2022-06-15,133.0115203857422,287.9748229980469,153.14659118652344,104.831787109375,276.10009765625,359.8069763183594,233.0,38.0542106628418,84.08871459960938
2022-06-16,127.7374038696289,281.10418701171875,153.2277069091797,103.03327178955078,264.96044921875,347.89874267578125,213.10000610351562,38.449485778808594,80.98712921142578
2022-06-17,129.21063232421875,280.6457214355469,152.6691131591797,102.66993713378906,268.1822509765625,348.6487121582031,216.75999450683594,37.70676803588867,76.31700134277344
2022-06-21,133.4436492919922,286.818115234375,155.86737060546875,105.21328735351562,274.9483642578125,357.42547607421875,237.0366668701172,38.943572998046875,81.0668716430664
2022-06-22,132.93296813964844,286.1793518066406,158.32687377929688,104.62286376953125,274.54730224609375,356.7774658203125,236.086669921875,38.47179412841797,77.85894012451172
2022-06-23,135.80078125,288.18048095703125,161.85845947265625,103.47835540771484,278.6361389160156,360.2748718261719,235.07000732421875,39.405792236328125,75.51058197021484
2022-06-24,139.13026428222656,295.9594421386719,164.2278594970703,106.56672668457031,288.1832275390625,371.7293701171875,245.7066650390625,39.43765640258789,77.00820922851562
2022-06-27,139.13026428222656,295.3393249511719,164.07470703125,105.71287536621094,286.07037353515625,370.3094787597656,244.9199981689453,39.565162658691406,78.89574432373047
2022-06-28,134.98562622070312,290.62310791015625,159.40798950195312,105.20421600341797,277.3547058105469,362.7429504394531,232.663330078125,39.00732421875,81.08460998535156
2022-06-29,136.74363708496094,291.2901611328125,159.45303344726562,104.73187255859375,277.60894775390625,362.4475402832031,228.49000549316406,38.86388397216797,78.0893325805664
2022-06-30,134.2785186767578,289.19512939453125,159.92147827148438,102.28841400146484,274.16583251953125,359.5029296875,224.47332763671875,38.7555046081543,75.89164733886719
2022-07-01,136.44898986816406,292.0415954589844,161.73233032226562,103.59644317626953,275.9754638671875,363.3052673339844,227.26333618164062,39.09019470214844,77.58423614501953
2022-07-05,139.0320587158203,290.9706726074219,160.489013671875,103.202392578125,280.7000427246094,363.99139404296875,233.06666564941406,39.60659408569336,75.15611267089844
2022-07-06,140.36778259277344,291.6284484863281,160.63320922851562,102.53343200683594,282.49993896484375,365.2206726074219,231.73333740234375,39.887123107910156,73.8002700805664
2022-07-07,143.7364959716797,294.9542236328125,160.8134002685547,105.12679290771484,288.5451354980469,370.6906433105469,244.5433349609375,39.94767761230469,76.15750122070312
2022-07-08,144.4141845703125,294.4938659667969,160.6151885986328,104.79690551757812,288.9070739746094,370.3857116699219,250.76333618164062,39.973182678222656,76.28155517578125
2022-07-11,142.28292846679688,292.84033203125,160.6782684326172,103.42233276367188,282.7347412109375,366.15460205078125,234.3433380126953,39.98912048339844,75.89164733886719
2022-07-12,143.25526428222656,291.2149963378906,158.42596435546875,103.52312469482422,279.9957580566406,362.91448974609375,233.07000732421875,39.86799240112305,74.88140106201172
2022-07-13,142.89187622070312,289.1293029785156,158.0565948486328,102.55177307128906,279.41864013671875,361.00860595703125,237.0399932861328,39.963619232177734,75.18269348144531
2022-07-14,145.8186492919922,287.8609619140625,158.27279663085938,98.96874237060547,280.41644287109375,360.1318664550781,238.31333923339844,40.744598388671875,73.67620849609375
2022-07-15,147.48828125,293.8650207519531,160.57012939453125,103.50479125976562,285.5029602050781,367.0123291015625,240.06666564941406,41.14305877685547,74.9168472290039
2022-07-18,144.44366455078125,291.97589111328125,156.9664764404297,102.44181060791016,283.0869445800781,363.98187255859375,240.54666137695312,41.04741668701172,76.29927825927734
2022-07-19,148.30349731445312,298.9873352050781,154.6781768798828,104.98017120361328,291.7926330566406,373.81634521484375,245.52999877929688,41.29924774169922,78.22225952148438
2022-07-20,150.3070526123047,299.5795593261719,153.79525756835938,104.96183776855469,296.41949462890625,376.19873046875,247.5,41.64351272583008,79.08183288574219
2022-07-21,152.5758056640625,301.149169921875,154.33584594726562,105.67662048339844,300.67462158203125,380.02960205078125,271.7066650390625,42.25235366821289,77.76145935058594
2022-07-22,151.33828735351562,299.88037109375,155.0655517578125,105.1634292602539,295.4021911621094,376.50372314453125,272.24334716796875,42.143978118896484,77.167724609375
2022-07-25,150.21864318847656,300.7261962890625,155.3718719482422,105.58497619628906,293.7197570800781,376.9611511230469,268.4333190917969,42.08341598510742,79.73762512207031
2022-07-26,148.89276123046875,298.4516906738281,156.47096252441406,103.93550872802734,287.94842529296875,372.5013427734375,258.8599853515625,38.882999420166016,79.42744445800781
2022-07-27,153.9900665283203,302.6529846191406,156.03854370117188,105.60328674316406,300.11712646484375,382.1738586425781,274.82000732421875,40.35251998901367,81.1466293334961
2022-07-28,154.5400848388672,305.6794738769531,156.939453125,105.20925903320312,303.0516052246094,386.9671936035156,280.8999938964844,41.35981750488281,82.09483337402344
2022-07-29,159.60792541503906,308.9032287597656,157.22775268554688,105.7132797241211,308.5783386230469,392.608642578125,297.1499938964844,42.09298324584961,85.89649200439453
2022-08-01,158.6257781982422,308.3204040527344,156.67822265625,104.6594467163086,308.3924560546875,391.446044921875,297.27667236328125,42.249183654785156,83.72537231445312
2022-08-02,157.15257263183594,304.5609130859375,155.7863006591797,103.02828979492188,307.4729919433594,388.8635559082031,300.586669921875,42.293792724609375,83.36205291748047
2022-08-03,163.16331481933594,308.4333801269531,157.2908172607422,104.10961151123047,315.8462829589844,394.95294189453125,307.39666748046875,41.5988883972168,80.65922546386719
2022-08-04,162.8489990234375,307.6813049316406,154.7682342529297,102.9641342163086,317.32330322265625,394.68609619140625,308.6333312988281,40.02737808227539,77.26519012451172
2022-08-05,162.62277221679688,308.25469970703125,154.15562438964844,106.07981872558594,314.7311706542969,394.0190734863281,288.1700134277344,40.34932327270508,78.38178253173828
2022-08-08,162.15072631835938,308.67767333984375,153.3357696533203,104.7877197265625,313.71380615234375,393.56158447265625,290.42333984375,40.67765808105469,78.82485961914062
2022-08-09,162.19989013671875,308.1982116699219,153.31776428222656,105.73159790039062,310.1630554199219,391.9988098144531,283.3333435058594,41.07930374145508,80.2781753540039
2022-08-10,166.4486541748047,313.1702880859375,153.75924682617188,108.4898910522461,318.8200378417969,400.2322998046875,294.3566589355469,41.16535949707031,81.04029083251953
2022-08-11,165.71099853515625,313.6497497558594,150.57899475097656,110.09355926513672,317.0103454589844,400.2322998046875,286.6300048828125,41.56235885620117,83.3846206665039
2022-08-12,169.26150512695312,317.5218811035156,148.9213104248047,111.9171371459961,323.1827392578125,407.0078430175781,300.0299987792969,42.330726623535156,84.10939025878906
2022-08-15,170.33346557617188,318.96942138671875,149.63304138183594,112.21953582763672,325.79449462890625,408.6850280761719,309.32000732421875,42.45237350463867,82.60614776611328
2022-08-16,170.1761016845703,321.19696044921875,150.96641540527344,113.29170227050781,325.0314636230469,409.4855041503906,306.5633239746094,44.61983108520508,81.83663177490234
2022-08-17,171.67105102539062,319.7494812011719,150.97540283203125,112.33868408203125,321.3241271972656,406.5790100097656,303.9966735839844,44.66783905029297,82.498779296875
2022-08-18,171.27764892578125,320.1065673828125,150.24563598632812,111.4681167602539,322.096923828125,407.76068115234375,302.8699951171875,44.523780822753906,84.44940948486328
2022-08-19,168.6910400390625,317.3908996582031,152.53399658203125,108.70982360839844,315.81689453125,402.2812194824219,296.6666564941406,43.867454528808594,84.18097686767578
2022-08-22,164.8061981201172,311.4769592285156,151.9989013671875,106.91372680664062,307.5024108886719,393.9046936035156,289.913330078125,43.08308410644531,84.11833190917969
2022-08-23,164.4718017578125,309.9230651855469,150.67471313476562,105.85987854003906,307.2480773925781,392.95172119140625,296.4533386230469,42.90060043334961,87.68850708007812
2022-08-24,164.76683044433594,310.6294250488281,150.17584228515625,106.1164779663086,308.1382141113281,394.2095947265625,297.0966796875,43.211151123046875,88.20747375488281
2022-08-25,167.22557067871094,313.7276306152344,151.58168029785156,108.63652801513672,313.586669921875,399.77490234375,296.07000732421875,43.49928665161133,88.66380310058594
2022-08-26,160.9213409423828,304.1034851074219,148.9877166748047,105.08097839355469,300.7333679199219,386.2428894042969,288.0899963378906,42.13222885131836,87.57218933105469
2022-08-29,158.71829223632812,302.3800964355469,147.83587646484375,104.82437896728516,297.76947021484375,383.6889953613281,284.82000732421875,42.542022705078125,89.58545684814453
2022-08-30,156.28900146484375,299.4984436035156,147.3188934326172,104.84272003173828,294.4533386230469,379.4769287109375,277.70001220703125,42.41397476196289,86.17631530761719
2022-08-31,154.6268768310547,297.247802734375,146.33033752441406,104.2195816040039,292.74151611328125,376.5894775390625,275.6099853515625,42.436378479003906,85.53208923339844
2022-09-01,155.35470581054688,298.5756530761719,149.9582061767578,104.93434143066406,292.8686828613281,377.7711486816406,277.1600036621094,43.05427169799805,83.99308776855469
2022-09-02,153.2401123046875,295.46795654296875,147.60008239746094,104.20125579833984,288.73101806640625,373.7877197265625,270.2099914550781,42.58045196533203,85.53208923339844
2022-09-06,151.98126220703125,293.9990539550781,147.99913024902344,104.22872924804688,286.6572265625,372.37738037109375,274.4200134277344,42.36914825439453,84.95943450927734
2022-09-07,153.3876953125,297.8880920410156,148.80636596679688,106.2081298828125,292.4481506347656,379.067138671875,283.70001220703125,43.45766830444336,84.23465728759766
2022-09-08,151.91241455078125,299.6867370605469,150.00352478027344,108.68232727050781,293.9642333984375,381.5448303222656,289.260009765625,43.67856979370117,84.92364501953125
2022-09-09,154.7744140625,303.49127197265625,150.2937774658203,109.20465087890625,300.3909606933594,387.4721984863281,299.67999267578125,43.80983352661133,86.34634399414062
2022-09-12,160.7344512939453,305.64788818359375,150.23028564453125,110.49675750732422,303.96136474609375,391.6365966796875,304.4200134277344,44.2036247253418,87.33954620361328
2022-09-13,151.30264282226562,293.5563659667969,146.3212432861328,106.65714263916016,287.2930908203125,374.6072998046875,292.1300048828125,43.29118728637695,85.29944610595703
2022-09-14,152.7483673095703,293.8671569824219,149.3414764404297,106.40971374511719,289.5722351074219,376.0367126464844,302.6099853515625,43.19514083862305,87.39323425292969
2022-09-15,149.8568878173828,292.2662353515625,149.7223663330078,108.01337432861328,284.74969482421875,371.7674865722656,303.75,42.73092269897461,84.85205078125
2022-09-16,148.2144012451172,290.86224365234375,152.00796508789062,107.28943634033203,283.0086669921875,368.9312744140625,303.3500061035156,42.64127731323242,83.40251922607422
2022-09-19,151.9320831298828,292.84490966796875,150.81072998046875,108.27914428710938,285.2124938964844,371.7923583984375,309.07000732421875,43.006256103515625,83.39356231689453
2022-09-20,154.31214904785156,289.88970947265625,149.62265014648438,106.14395904541016,282.93902587890625,367.5246887207031,308.7300109863281,42.75652313232422,82.71353149414062
2022-09-21,151.1846466064453,284.97039794921875,148.08985900878906,103.0832748413086,277.87274169921875,361.11370849609375,300.79998779296875,43.14711380004883,81.38030242919922
2022-09-22,150.22080993652344,283.7522888183594,150.72007751464844,101.91029357910156,274.45269775390625,358.08038330078125,288.5899963378906,42.705299377441406,81.04029083251953
2022-09-23,147.94888305664062,279.352294921875,151.20982360839844,100.01339721679688,269.9842224121094,352.0808410644531,275.3299865722656,41.63919448852539,76.72744750976562
2022-09-26,148.2832489013672,276.3875732421875,150.28468322753906,97.85991668701172,268.8670959472656,348.5978088378906,276.010009765625,42.03938293457031,75.14368438720703
2022-09-27,149.2569580078125,275.04669189453125,149.5954132080078,96.99851989746094,268.974853515625,347.7079162597656,282.94000244140625,41.924129486083984,76.7184829711914
2022-09-28,147.36862182617188,280.173828125,150.88330078125,98.9595718383789,274.3253479003906,354.54949951171875,287.80999755859375,42.61566162109375,79.51021575927734
2022-09-29,140.12998962402344,275.90594482421875,149.2235565185547,97.28260803222656,266.4172058105469,347.14337158203125,268.2099914550781,42.34032440185547,79.34916687011719
2022-09-30,135.9205780029297,271.2699890136719,148.1623992919922,95.76140594482422,261.8996276855469,341.7752990722656,265.25,41.52393341064453,78.12330627441406
2022-10-03,140.10047912597656,278.3420715332031,148.0172882080078,98.72132873535156,268.0439147949219,350.79864501953125,242.39999389648438,42.42997360229492,82.24824523925781
2022-10-04,143.69029235839844,286.2261047363281,150.21214294433594,103.33985137939453,276.4714660644531,361.668701171875,249.44000244140625,42.98064422607422,85.2457504272461
2022-10-05,143.98533630371094,285.8955993652344,149.74960327148438,102.0639419555664,276.3243713378906,360.82659912109375,240.80999755859375,42.554832458496094,88.69065856933594
2022-10-06,143.03134155273438,282.5343322753906,146.8473358154297,99.983642578125,274.14898681640625,357.1044616699219,238.1300048828125,42.15784454345703,91.32130432128906
2022-10-07,137.7794189453125,276.6235656738281,145.29640197753906,97.98656463623047,263.7027893066406,347.14337158203125,223.07000732421875,41.158958435058594,90.39970397949219
2022-10-10,138.10401916503906,275.6699523925781,145.48683166503906,97.07123565673828,261.06671142578125,344.4928283691406,222.9600067138672,41.402278900146484,88.44013214111328
2022-10-11,136.68771362304688,275.9814453125,147.5910186767578,94.26976013183594,257.4801025390625,342.3111877441406,216.5,42.474796295166016,87.68850708007812
2022-10-12,136.0582733154297,275.858642578125,147.55474853515625,95.79531860351562,257.39190673828125,341.18206787109375,217.24000549316406,41.99455642700195,88.07325744628906
2022-10-13,140.63157653808594,283.7901916503906,149.78587341308594,101.1208724975586,263.4283447265625,350.18621826171875,221.72000122070312,42.349937438964844,91.15131378173828
2022-10-14,136.0976104736328,280.2588195800781,149.16006469726562,102.80361938476562,255.51034545898438,342.2059020996094,204.99000549316406,41.75764846801758,88.75331115722656
2022-10-17,140.06114196777344,285.2063293457031,151.0919189453125,107.12136840820312,263.94769287109375,350.99957275390625,219.35000610351562,42.058597564697266,90.03285217285156
2022-10-18,141.37905883789062,288.4261779785156,150.5658721923828,109.87660217285156,266.0350341796875,355.1236877441406,220.19000244140625,42.94541931152344,90.19390106201172
2022-10-19,141.4872283935547,287.36865234375,149.36866760253906,107.72233581542969,265.0648498535156,352.60711669921875,222.0399932861328,42.823760986328125,92.86929321289062
2022-10-20,141.02499389648438,286.3866271972656,149.74960327148438,107.37101745605469,263.7124938964844,349.650390625,207.27999877929688,42.92940902709961,92.99455261230469
2022-10-21,144.84100341796875,293.7106628417969,153.01467895507812,113.01091003417969,269.89593505859375,358.1473693847656,214.44000244140625,43.797019958496094,94.72149658203125
2022-10-24,146.9850311279297,297.6501770019531,155.073486328125,113.14960479736328,272.865234375,362.52984619140625,211.25,44.63262939453125,95.38362884521484
2022-10-25,149.82736206054688,300.9002685546875,154.82861328125,113.4454574584961,278.5096740722656,368.3190002441406,222.4199981689453,44.84393310546875,94.73936462402344
2022-10-26,146.88668823242188,300.7963562011719,156.18907165527344,114.74911499023438,272.3556213378906,365.5439758300781,224.63999938964844,45.186492919921875,95.86681365966797
2022-10-27,142.41175842285156,302.7615051269531,156.27978515625,115.2021713256836,267.3971252441406,363.5919494628906,225.08999633789062,45.055233001708984,96.23365783691406
2022-10-28,153.17127990722656,310.4329528808594,158.60162353515625,116.5705337524414,275.57977294921875,372.2420959472656,228.52000427246094,45.62511444091797,99.05223846435547
2022-10-31,150.8108673095703,309.3370666503906,157.78533935546875,116.38561248779297,272.3752746582031,369.5533142089844,227.5399932861328,45.56747817993164,99.15065002441406
2022-11-01,148.16525268554688,308.3829345703125,156.9872283935547,118.48440551757812,269.5921936035156,367.9361572265625,227.82000732421875,45.36257553100586,100.13490295410156
2022-11-02,142.63792419433594,303.6116638183594,154.57464599609375,117.39339447021484,260.3513488769531,358.7024230957031,214.97999572753906,45.06163787841797,98.07691955566406
2022-11-03,136.58938598632812,302.20404052734375,154.8376922607422,117.6060562133789,255.2654266357422,355.0089111328125,215.30999755859375,45.05202865600586,99.41014099121094
2022-11-04,136.32337951660156,306.2382507324219,155.5269775390625,120.82357788085938,259.3714294433594,360.11859130859375,207.47000122070312,45.13207244873047,100.4928207397461
2022-11-07,136.85536193847656,310.2817687988281,156.88743591308594,121.4615249633789,262.2230224609375,363.5633850097656,197.0800018310547,45.605899810791016,101.6828842163086
2022-11-08,137.42674255371094,313.3901062011719,157.6674346923828,121.53550720214844,264.13397216796875,365.5248107910156,191.3000030517578,45.71475601196289,102.00499725341797
2022-11-09,132.86553955078125,307.3719482421875,156.40673828125,119.95448303222656,258.0387268066406,357.99432373046875,177.58999633789062,44.65183639526367,97.4416275024414
2022-11-10,144.6872100830078,318.63360595703125,158.23883056640625,124.8917236328125,277.0789489746094,377.6675720214844,190.72000122070312,45.577083587646484,98.8732681274414
2022-11-11,147.4751434326172,319.13427734375,153.50445556640625,125.09513092041016,282.18450927734375,381.32275390625,195.97000122070312,45.647518157958984,101.96027374267578
2022-11-14,146.0762481689453,317.22589111328125,155.91697692871094,123.80997467041016,279.71502685546875,378.07904052734375,190.9499969482422,44.30607604980469,102.25792694091797
2022-11-15,147.81011962890625,317.6415710449219,156.35231018066406,122.91312408447266,283.5857849121094,381.3036193847656,194.4199981689453,47.20346450805664,102.94342041015625
2022-11-16,146.5786895751953,317.5092468261719,157.32278442382812,123.07955169677734,279.71502685546875,378.394775390625,186.9199981689453,47.54282760620117,101.84300231933594
2022-11-17,148.48001098632812,317.5376892089844,158.59249877929688,122.54330444335938,279.0976867675781,377.2369384765625,183.1699981689453,47.382747650146484,101.9782943725586
2022-11-18,149.04153442382812,319.3846435546875,159.80789184570312,123.74524688720703,279.10748291015625,378.94976806640625,180.19000244140625,48.09669494628906,101.09435272216797
2022-11-21,145.8102569580078,319.0816955566406,160.62942504882812,123.01484680175781,276.23626708984375,377.5718078613281,167.8699951171875,48.391231536865234,100.09314727783203
2022-11-22,147.94801330566406,322.7832946777344,161.4053192138672,124.85469818115234,280.21478271484375,382.6528625488281,169.91000366210938,48.56411361694336,102.988525390625
2022-11-23,148.82479858398438,323.72052001953125,161.5787353515625,126.18611907958984,283.0273132324219,385.064208984375,183.1999969482422,48.79781723022461,102.47439575195312
2022-11-25,145.90878295898438,325.2066955566406,161.7886962890625,126.42654418945312,281.16534423828125,384.9780578613281,182.86000061035156,49.00592803955078,102.11359405517578
2022-11-28,142.07662963867188,320.445068359375,161.870849609375,124.21680450439453,277.0397644042969,378.8349609375,182.9199981689453,49.146793365478516,99.04684448242188
2022-11-29,139.07191467285156,320.4355163574219,160.73895263671875,126.26009368896484,274.9427490234375,378.1842956542969,180.8300018310547,48.97391891479492,99.7052993774414
2022-11-30,145.82998657226562,327.696533203125,162.4824676513672,127.75790405273438,287.47613525390625,390.09735107421875,194.6999969482422,48.79781723022461,100.4268798828125
2022-12-01,146.10581970214844,326.04931640625,163.1579132080078,125.9642333984375,287.82891845703125,389.810302734375,194.6999969482422,49.10197448730469,99.93981170654297
2022-12-02,145.6132354736328,326.3617858886719,163.28573608398438,124.96568298339844,286.682373046875,389.3605651855469,194.86000061035156,49.053951263427734,99.09194946289062
2022-12-05,144.4507598876953,321.9029235839844,163.1944580078125,121.4615249633789,281.87091064453125,382.356201171875,182.4499969482422,48.55131530761719,96.3769760131836
2022-12-06,140.78607177734375,318.5231018066406,160.74810791015625,121.66494750976562,276.0304870605469,376.84466552734375,179.82000732421875,47.987850189208984,93.69808959960938
2022-12-07,138.84532165527344,318.5042724609375,161.7247772216797,121.58171844482422,274.9035339355469,376.2035827636719,174.0399932861328,47.73812484741211,93.49063110351562
2022-12-08,140.52992248535156,320.41656494140625,161.75218200683594,122.85765838623047,278.1569519042969,379.15069580078125,173.44000244140625,47.812034606933594,94.18515014648438
2022-12-09,140.04721069335938,317.4912109375,160.4194793701172,122.19195556640625,276.3831787109375,376.3183288574219,179.0500030517578,46.69691467285156,93.39141082763672
2022-12-12,142.34259033203125,322.46136474609375,162.33639526367188,124.08732604980469,279.85223388671875,381.7438659667969,167.82000732421875,47.56779479980469,95.69147491455078
2022-12-13,143.30801391601562,323.5879821777344,163.58697509765625,123.9671401977539,282.86065673828125,384.633544921875,160.9499969482422,47.39747619628906,96.73777770996094
2022-12-14,141.0816192626953,322.0826721191406,164.08900451660156,123.34770965576172,280.7635498046875,382.1744079589844,156.8000030517578,47.13396072387695,96.02520751953125
2022-12-15,134.4713134765625,315.0582580566406,162.0169219970703,120.28734588623047,271.3365478515625,372.82574462890625,157.6699981689453,46.71298599243164,95.10518646240234
2022-12-16,132.5109100341797,312.1358337402344,160.35556030273438,119.5384292602539,268.7494201660156,368.4241638183594,150.22999572753906,45.87422561645508,94.43770599365234
2022-12-19,130.40269470214844,310.62725830078125,160.18214416503906,120.25035095214844,264.9725646972656,365.300048828125,149.8699951171875,45.89030075073242,94.86166381835938
2022-12-20,130.333740234375,311.5760803222656,160.35556030273438,120.83284759521484,264.7663269042969,365.7999572753906,137.8000030517578,46.29199981689453,96.23267364501953
2022-12-21,133.4369354248047,316.529052734375,162.19032287597656,122.19195556640625,268.6070556640625,371.26953125,137.57000732421875,46.65513610839844,97.46836853027344
2022-12-22,130.26478576660156,313.35992431640625,161.59703063964844,120.80510711669922,262.0355224609375,365.97296142578125,125.3499984741211,46.10881805419922,95.5020523071289
2022-12-23,129.90029907226562,314.9444580078125,162.00778198242188,121.37832641601562,262.6249084472656,368.0781555175781,123.1500015258789,46.2020149230957,98.02761840820312
2022-12-27,128.09747314453125,315.3619384765625,161.96212768554688,121.80363464355469,258.91180419921875,366.62664794921875,109.0999984741211,46.21487808227539,99.38961791992188
2022-12-28,124.16678619384766,311.75634765625,161.25926208496094,122.46932983398438,255.49346923828125,362.0701599121094,112.70999908447266,45.40504455566406,97.75700378417969
2022-12-29,127.68373107910156,315.0678405761719,162.080810546875,123.17200469970703,261.72119140625,368.58758544921875,121.81999969482422,45.68141555786133,98.49663543701172
2022-12-30,127.99896240234375,314.37506103515625,161.25010681152344,123.98563385009766,261.56402587890625,367.6167297363281,123.18000030517578,45.56572341918945,99.48883056640625
2023-01-03,123.21118927001953,314.2706604003906,162.65589904785156,124.92867279052734,259.7959289550781,366.0690612792969,108.0999984741211,46.14739227294922,96.07030487060547
2023-01-04,124.48201751708984,315.5422058105469,164.42677307128906,126.09367370605469,261.03350830078125,368.89520263671875,113.63999938964844,46.19880676269531,96.34992218017578
2023-01-05,123.16193389892578,312.3730773925781,163.2126922607422,126.06571960449219,256.947265625,364.6848449707031,110.33999633789062,46.041343688964844,98.50565338134766
2023-01-06,127.69356536865234,319.0718994140625,164.53628540039062,128.4780731201172,264.0394287109375,373.0478210449219,113.05999755859375,47.1693115234375,99.69628143310547
2023-01-09,128.21568298339844,318.13250732421875,160.27342224121094,127.94718933105469,265.7485656738281,372.8363952636719,119.7699966430664,46.58122253417969,97.83820343017578
2023-01-10,128.78709411621094,319.97332763671875,159.89002990722656,129.09280395507812,267.9979553222656,375.4510192871094,118.8499984741211,46.552303314208984,99.29939270019531
2023-01-11,131.5060577392578,322.3738098144531,159.6344451904297,130.05215454101562,272.6343688964844,380.19964599609375,123.22000122070312,46.960426330566406,100.45394134521484
2023-01-12,131.42726135253906,324.4991149902344,158.83114624023438,129.92173767089844,274.1078796386719,381.5838623046875,123.55999755859375,46.536231994628906,102.12261962890625
2023-01-13,132.7572021484375,325.4859924316406,158.31082153320312,133.20028686523438,275.9938049316406,383.064208984375,122.4000015258789,46.690486907958984,102.05948638916016
2023-01-17,133.91966247558594,321.8043518066406,157.33412170410156,131.14187622070312,276.5537414550781,382.36248779296875,131.49000549316406,46.40768814086914,101.86103820800781
2023-01-18,133.2005157470703,315.93115234375,154.96080017089844,127.20201110839844,272.9586181640625,376.32574462890625,128.77999877929688,45.26042938232422,99.76844787597656
2023-01-19,133.2595977783203,313.7109680175781,154.75086975097656,125.50686645507812,270.2769470214844,373.5861511230469,127.16999816894531,44.614498138427734,100.40885162353516
2023-01-20,135.82095336914062,316.86383056640625,154.02969360351562,125.81424713134766,277.67352294921875,380.5457458496094,133.4199981689453,45.16402053833008,102.2398681640625
2023-01-23,139.01280212402344,319.2378234863281,153.63719177246094,127.85404205322266,283.8423767089844,385.1117248535156,143.75,45.83888244628906,101.70771026611328
2023-01-24,140.41171264648438,320.12091064453125,153.63719177246094,128.95309448242188,283.2627868652344,384.69842529296875,143.88999938964844,45.960994720458984,102.65478515625
2023-01-25,139.75167846679688,320.3299560546875,154.73257446289062,129.57711791992188,282.6341247558594,384.84259033203125,144.42999267578125,45.74247741699219,102.11359405517578
2023-01-26,141.82049560546875,322.26708984375,154.1666259765625,130.37811279296875,288.144775390625,389.0721130371094,160.27000427246094,45.7006950378418,106.21762084960938
2023-01-27,143.76116943359375,322.5045166015625,153.5641632080078,130.69479370117188,291.0130615234375,389.966064453125,177.89999389648438,46.050987243652344,104.27836608886719
2023-01-30,140.87474060058594,320.0829162597656,147.8772735595703,129.58645629882812,285.1291198730469,385.0733337402344,166.66000366210938,45.68141555786133,102.42928314208984
2023-01-31,142.14556884765625,323.6631164550781,149.17347717285156,130.35951232910156,289.4021301269531,390.73516845703125,173.22000122070312,46.234161376953125,104.63915252685547
2023-02-01,143.26861572265625,323.7010192871094,150.542724609375,130.014892578125,295.590576171875,394.8877868652344,181.41000366210938,46.49123764038086,103.49363708496094
2023-02-02,148.57850646972656,323.2831726074219,151.10867309570312,129.40948486328125,306.1992492675781,400.6361999511719,188.27000427246094,46.153812408447266,100.2555160522461
2023-02-03,152.2037811279297,321.90631103515625,150.25975036621094,131.41200256347656,300.7573547363281,396.3777770996094,189.97999572753906,45.540016174316406,100.9500503540039
2023-02-06,149.4749755859375,321.4315490722656,149.11871337890625,132.18505859375,298.2132263183594,393.9554138183594,194.75999450683594,45.209007263183594,100.7786865234375
2023-02-07,152.35157775878906,324.3183288574219,149.1551971435547,133.79635620117188,304.3918151855469,399.1077880859375,196.80999755859375,45.30541229248047,103.6559829711914
2023-02-08,149.6621551513672,322.3241882324219,149.346923828125,132.85568237304688,298.97943115234375,394.7436218261719,201.2899932861328,45.061187744140625,102.7540054321289
2023-02-09,148.6277618408203,320.1018981933594,147.32957458496094,130.78793334960938,296.3370666503906,391.3215026855469,207.32000732421875,45.47895050048828,103.14186096191406
2023-02-10,148.99281311035156,321.66888427734375,148.01419067382812,131.3654327392578,294.39215087890625,392.2347412109375,196.88999938964844,46.18594741821289,107.48941040039062
2023-02-13,151.79489135742188,325.29644775390625,148.56190490722656,132.79049682617188,299.10711669921875,396.8392028808594,194.63999938964844,46.88972473144531,107.07132720947266
2023-02-14,151.15357971191406,323.9574890136719,147.9137725830078,133.3772430419922,301.3172912597656,396.65655517578125,209.25,46.7547607421875,105.81700134277344
2023-02-15,153.255126953125,324.4513244628906,145.4765625,133.9361114501953,303.6256408691406,397.94464111328125,214.24000549316406,47.10182571411133,105.49887084960938
2023-02-16,151.65675354003906,320.39642333984375,144.445068359375,132.0919189453125,297.92840576171875,392.4653625488281,202.0399932861328,46.362701416015625,105.1898422241211
2023-02-17,150.5122833251953,321.7774353027344,147.46066284179688,132.4831085205078,295.82623291015625,391.4848937988281,208.30999755859375,47.06004333496094,101.1451187133789
2023-02-21,146.49661254882812,315.08111572265625,145.26333618164062,130.05215454101562,288.822509765625,383.63140869140625,197.3699951171875,47.34606170654297,101.0451431274414
2023-02-22,146.92086791992188,314.3868103027344,145.06106567382812,129.0555419921875,289.0386657714844,383.1026916503906,200.86000061035156,46.353057861328125,99.73629760742188
2023-02-23,147.4043426513672,315.4806823730469,145.01507568359375,130.0894317626953,291.5632019042969,385.14056396484375,202.07000732421875,45.66212844848633,100.654296875
2023-02-24,144.75025939941406,312.1038818359375,143.39697265625,131.26296997070312,286.6811828613281,381.0263977050781,196.8800048828125,45.784244537353516,100.66339874267578
2023-02-27,145.944091796875,312.9979248046875,143.08436584472656,132.4086151123047,288.734130859375,382.3240661621094,207.6300048828125,45.453250885009766,100.48161315917969
2023-02-28,145.44091796875,310.6296081542969,140.90542602539062,133.51699829101562,288.36090087890625,380.9110412597656,205.7100067138672,45.674983978271484,99.89990234375
2023-03-01,143.36895751953125,311.0386047363281,140.27105712890625,132.77183532714844,286.0426940917969,379.44989013671875,202.77000427246094,45.0386962890625,100.79065704345703
2023-03-02,143.96095275878906,314.3106689453125,140.16073608398438,131.3933563232422,288.40997314453125,382.4010009765625,190.89999389648438,45.15116500854492,101.25419616699219
2023-03-03,149.0125274658203,317.8965759277344,141.60415649414062,133.8057098388672,294.37249755859375,388.5338134765625,197.7899932861328,45.20580291748047,102.53577423095703
2023-03-06,151.77517700195312,318.3437194824219,143.01998901367188,133.02334594726562,294.70648193359375,388.8030700683594,193.80999755859375,45.199371337890625,103.4447021484375
2023-03-07,149.57493591308594,312.8173828125,141.6685333251953,129.1114044189453,291.0916748046875,382.8431091308594,187.7100067138672,44.749473571777344,101.445068359375
2023-03-08,150.82798767089844,312.4558410644531,140.62960815429688,128.34768676757812,292.5454406738281,383.46795654296875,182.0,44.37990188598633,99.96353149414062
2023-03-09,148.57843017578125,307.3098449707031,139.04827880859375,121.39937591552734,287.476806640625,376.39306640625,172.9199981689453,44.08103561401367,99.19093322753906
2023-03-10,146.51637268066406,304.1233215332031,139.38845825195312,124.48233032226562,283.4396057128906,370.9618835449219,173.44000244140625,44.016761779785156,97.9638900756836
2023-03-13,148.4600372314453,303.25787353515625,140.72154235839844,122.24695587158203,285.5417175292969,370.4331970214844,174.47999572753906,44.14530944824219,96.83682250976562
2023-03-14,150.55169677734375,306.4632873535156,141.51222229003906,125.38578796386719,292.10333251953125,376.5565490722656,183.25999450683594,44.37990188598633,97.20037841796875
2023-03-15,150.9463653564453,303.9425964355469,141.9075469970703,119.46204376220703,293.6357727050781,374.2013854980469,180.4499969482422,44.87479782104492,92.36492156982422
2023-03-16,153.76817321777344,307.47161865234375,141.61338806152344,121.78125762939453,301.376220703125,380.7668151855469,184.1300048828125,44.6198844909668,91.82864379882812
2023-03-17,152.92950439453125,303.75970458984375,140.0963897705078,117.18011474609375,299.95196533203125,376.3146667480469,180.1300048828125,44.98128890991211,90.74703216552734
2023-03-20,155.29745483398438,307.38372802734375,141.48463439941406,118.41888427734375,301.01641845703125,379.93310546875,183.25,45.465293884277344,93.11933135986328
2023-03-21,157.15234375,310.5502014160156,141.48463439941406,121.5949935913086,305.3156433105469,384.9218444824219,197.5800018310547,45.3104133605957,97.29129028320312
2023-03-22,155.7217254638672,305.3619384765625,138.8735809326172,118.45613098144531,301.1639709472656,378.3602600097656,191.14999389648438,45.019996643066406,95.06441497802734
2023-03-23,156.80703735351562,305.99139404296875,138.94712829589844,118.13945770263672,304.7351989746094,379.38311767578125,192.22000122070312,45.38462829589844,93.99189758300781
2023-03-24,158.10939025878906,307.4028625488281,140.34458923339844,116.34185028076172,305.856689453125,381.8726501464844,190.41000366210938,45.755706787109375,94.10096740722656
2023-03-27,156.16571044921875,309.30084228515625,140.9422149658203,119.67627716064453,303.7611999511719,382.5867004394531,191.80999755859375,46.52045822143555,96.16423034667969
2023-03-28,155.54412841796875,308.8240051269531,139.58152770996094,120.03955078125,302.147705078125,381.7279052734375,189.19000244140625,46.339752197265625,97.36400604248047
2023-03-29,158.62246704101562,311.942626953125,140.95138549804688,120.28169250488281,307.6570739746094,387.27630615234375,193.8800048828125,46.53982162475586,99.03642272949219
2023-03-30,160.1912078857422,313.2779235839844,141.0617218017578,119.91844940185547,310.5691833496094,389.5439147949219,195.27999877929688,47.00446701049805,99.51815032958984
2023-03-31,162.69725036621094,317.22625732421875,142.50515747070312,121.3714370727539,315.734130859375,395.03436279296875,207.4600067138672,47.57883834838867,99.67267608642578
2023-04-03,163.95030212402344,320.3639831542969,144.20606994628906,121.23172760009766,314.966796875,396.5396728515625,194.77000427246094,47.97895812988281,105.55340576171875
2023-04-04,163.41754150390625,318.4852294921875,145.71383666992188,119.611083984375,313.9043273925781,394.33966064453125,192.5800018310547,47.50785446166992,104.54450225830078
2023-04-05,161.57249450683594,319.32452392578125,152.2598419189453,119.78944396972656,310.80535888671875,393.30712890625,185.52000427246094,48.29518127441406,106.33507537841797
2023-04-06,162.4604949951172,319.40069580078125,151.83694458007812,119.65802001953125,312.9007263183594,394.84130859375,185.05999755859375,48.65980911254883,104.57177734375
2023-04-10,159.86563110351562,320.41168212890625,151.0738525390625,120.05227661132812,312.7237548828125,395.2466125488281,184.50999450683594,48.56623077392578,104.10822296142578
2023-04-11,158.65206909179688,321.3082275390625,151.0278778076172,120.6436767578125,310.7167053222656,395.35272216796875,186.7899932861328,48.424251556396484,104.84444427490234
2023-04-12,157.96141052246094,321.0316162109375,150.70611572265625,120.6249008178711,307.9718933105469,393.7413330078125,180.5399932861328,48.188697814941406,104.73539733886719
2023-04-13,163.34848022460938,324.6175842285156,152.71957397460938,121.0848617553711,314.0027160644531,398.9712829589844,185.89999389648438,48.237098693847656,105.2261962890625
2023-04-14,163.00315856933594,323.15838623046875,152.47134399414062,130.22793579101562,313.412353515625,397.9966735839844,185.0,47.911197662353516,105.48070526123047
2023-04-17,163.0228729248047,324.1884460449219,152.31503295898438,131.2605438232422,313.677978515625,399.4247741699219,187.0399932861328,48.24678039550781,104.25365447998047
2023-04-18,164.24630737304688,324.073974609375,148.0306854248047,132.73431396484375,313.69769287109375,399.6852722167969,184.30999755859375,48.353271484375,106.2896499633789
2023-04-19,165.39083862304688,323.30145263671875,149.4281463623047,132.56536865234375,313.5500793457031,399.6177978515625,180.58999633789062,48.40489196777344,105.95333099365234
2023-04-20,164.4239044189453,322.3096008300781,150.3935089111328,132.1804656982422,311.1594543457031,397.4370422363281,162.99000549316406,48.714664459228516,105.10803985595703
2023-04-21,162.81568908691406,322.6379089355469,149.5752716064453,131.927001953125,311.4841003417969,397.74578857421875,165.0800018310547,48.959903717041016,105.4443359375
2023-04-24,163.12155151367188,323.24859619140625,150.48544311523438,132.10537719726562,310.8348693847656,398.16070556640625,162.5500030517578,49.29225540161133,107.43489074707031
2023-04-25,161.58236694335938,319.98504638671875,151.8645477294922,129.23292541503906,304.97125244140625,391.8403625488281,160.6699981689453,48.90827560424805,105.90789031982422
2023-04-26,161.57249450683594,317.71405029296875,149.5109100341797,126.94242095947266,306.82086181640625,390.1806640625,153.75,48.69529724121094,104.93534851074219
2023-04-27,166.16041564941406,322.72369384765625,149.86026000976562,128.6509246826172,315.1635437011719,397.948486328125,160.19000244140625,48.846954345703125,106.18964385986328
2023-04-28,167.41342163085938,325.42431640625,150.5038604736328,129.76795959472656,317.3377380371094,401.3450012207031,164.30999755859375,48.714664459228516,107.56211853027344
2023-05-01,167.32464599609375,324.7848815917969,150.41189575195312,132.54656982421875,316.9737548828125,400.9397277832031,161.8300018310547,48.91472625732422,104.22638702392578
2023-05-02,166.28866577148438,321.45458984375,151.7266082763672,130.4062957763672,314.20928955078125,396.4335632324219,160.30999755859375,48.782432556152344,100.0726089477539
2023-05-03,165.21324157714844,318.8208923339844,149.74075317382812,127.64647674560547,312.153076171875,393.71240234375,160.61000061035156,48.60173797607422,98.10022735595703
2023-05-04,163.57537841796875,316.1681823730469,149.06039428710938,125.90048217773438,311.0512390136719,390.9237365722656,161.1999969482422,48.737762451171875,96.38236236572266
2023-05-05,171.25149536132812,321.32098388671875,149.56605529785156,128.35992431640625,317.6624450683594,398.16070556640625,170.05999755859375,49.15884017944336,98.78192901611328
2023-05-08,171.18240356445312,320.83441162109375,149.22589111328125,128.66969299316406,318.44952392578125,398.2668762207031,171.7899932861328,49.46654510498047,99.1727523803711
2023-05-09,169.47552490234375,320.4050598144531,148.0674591064453,128.05014038085938,316.4327087402344,396.52032470703125,169.14999389648438,49.550758361816406,99.20003509521484
2023-05-10,171.2416229248047,320.13775634765625,148.6190948486328,128.1158447265625,319.87603759765625,398.37298583984375,168.5399932861328,49.411476135253906,97.92752075195312
2023-05-11,171.4290771484375,318.0765380859375,148.01229858398438,127.71221160888672,320.91888427734375,397.6783142089844,172.0800018310547,49.59611129760742,96.15513610839844
2023-05-12,170.50035095214844,317.9525146484375,147.8192138671875,125.88169860839844,319.76776123046875,397.1572265625,167.97999572753906,49.57991409301758,96.14603424072266
2023-05-15,170.00631713867188,318.4964294433594,146.6883544921875,126.94242095947266,321.49932861328125,398.52740478515625,166.35000610351562,49.1944694519043,96.32939910888672
2023-05-16,170.00631713867188,315.2330017089844,146.4953155517578,126.08824157714844,321.8633117675781,395.8642272949219,166.52000427246094,48.514278411865234,93.99153137207031
2023-05-17,170.61888122558594,319.2979736328125,146.17352294921875,129.96511840820312,325.7591857910156,400.6696472167969,173.86000061035156,48.433292388916016,96.10021209716797
2023-05-18,172.9506072998047,320.681640625,145.70465087890625,130.9507598876953,331.80963134765625,404.5292663574219,176.88999938964844,49.06167221069336,96.97117614746094
2023-05-19,173.0592498779297,319.58770751953125,146.09996032714844,130.65036010742188,331.0619201660156,403.9406433105469,180.13999938964844,48.55637741088867,97.42041015625
2023-05-22,172.11077880859375,318.35400390625,145.31256103515625,129.5708465576172,332.1737060546875,404.104736328125,188.8699951171875,48.12882995605469,96.23772430419922
2023-05-23,169.50242614746094,316.1640625,145.25701904296875,128.2190704345703,327.96295166015625,399.5694885253906,185.77000427246094,48.03813171386719,97.54875946044922
2023-05-24,169.77908325195312,313.677734375,145.11807250976562,127.04570770263672,326.2806091308594,396.6747131347656,182.89999389648438,47.8178825378418,98.63976287841797
2023-05-25,170.91534423828125,313.4289855957031,143.03382873535156,127.35546875,334.219970703125,400.1098937988281,184.47000122070312,47.34174346923828,96.87033081054688
2023-05-26,173.32603454589844,316.384033203125,142.97824096679688,128.5476531982422,342.7594299316406,405.2915954589844,193.1699981689453,47.425960540771484,96.23772430419922
2023-05-30,175.17361450195312,316.07806396484375,142.99676513671875,129.0357666015625,344.31390380859375,405.44598388671875,201.16000366210938,47.309349060058594,95.38509368896484
2023-05-31,175.12420654296875,315.1217346191406,143.6359405517578,127.3930435180664,342.3560485839844,403.1977233886719,203.92999267578125,47.57170867919922,93.6798095703125
2023-06-01,177.93014526367188,316.4796142578125,143.15423583984375,129.14842224121094,346.3110046386719,407.0284423828125,207.52000427246094,47.74661636352539,94.76165771484375
2023-06-02,178.77981567382812,323.29815673828125,145.40521240234375,131.861328125,348.9082336425781,412.91461181640625,213.97000122070312,48.20332336425781,96.96200561523438
2023-06-05,177.42625427246094,321.44287109375,146.65574645996094,130.56588745117188,349.1541748046875,412.123291015625,217.61000061035156,48.52074432373047,96.5311050415039
2023-06-06,177.06072998046875,321.48114013671875,146.52606201171875,130.80056762695312,349.0951843261719,413.0207214355469,221.30999755859375,48.514278411865234,97.3195571899414
2023-06-07,175.6873779296875,322.43743896484375,146.8410186767578,132.06784057617188,343.1726379394531,411.59259033203125,224.57000732421875,48.58553695678711,99.50157165527344
2023-06-08,178.4044189453125,324.0057678222656,148.4528350830078,132.10537719726562,347.4324645996094,414.0821228027344,234.86000061035156,49.28840255737305,99.18984985351562
2023-06-09,178.78970336914062,324.44561767578125,148.2212371826172,132.36822509765625,348.76068115234375,414.8251037597656,244.39999389648438,49.586395263671875,98.45640563964844
2023-06-12,181.5857696533203,326.2626647949219,148.11936950683594,132.35887145996094,354.6537170410156,418.5883483886719,249.8300018310547,49.913536071777344,97.56709289550781
2023-06-13,181.11151123046875,327.6492919921875,148.8974609375,133.31631469726562,357.3788146972656,421.3481140136719,258.7099914550781,50.302215576171875,97.58544158935547
2023-06-14,181.74386596679688,325.5453796386719,149.65704345703125,132.81881713867188,359.9761047363281,421.849853515625,256.7900085449219,50.81074523925781,96.41192626953125
2023-06-15,183.77914428710938,329.705322265625,151.66717529296875,134.3207550048828,364.26556396484375,427.07977294921875,255.89999389648438,51.08930587768555,97.08118438720703
2023-06-16,182.70220947265625,328.70477294921875,152.1303253173828,134.48033142089844,361.9731750488281,425.6250915527344,260.5400085449219,50.37671661376953,96.38441467285156
2023-06-20,182.7911376953125,326.3181457519531,152.0377197265625,133.79505920410156,361.4550476074219,423.4169006347656,274.45001220703125,49.93296813964844,94.17488098144531
2023-06-21,181.7537384033203,325.330810546875,151.80615234375,133.59796142578125,356.52923583984375,421.2474060058594,259.4599914550781,50.0301399230957,95.2292251586914
2023-06-22,184.7572784423828,325.24468994140625,153.41795349121094,131.02586364746094,360.7359313964844,422.7680358886719,264.6099853515625,50.44797897338867,94.70663452148438
2023-06-23,184.44110107421875,323.15521240234375,153.28823852539062,130.34060668945312,357.1597900390625,419.57183837890625,256.6000061035156,50.354042053222656,93.88151550292969
2023-06-26,183.04803466796875,323.1361083984375,151.5745391845703,130.65975952148438,352.371826171875,417.8575744628906,241.0500030517578,50.22124481201172,95.61429595947266
2023-06-27,185.8045654296875,325.1392517089844,151.25958251953125,130.66915893554688,358.4305725097656,422.4386291503906,250.2100067138672,50.039859771728516,95.85266876220703
2023-06-28,186.9803009033203,324.564208984375,150.9539337158203,130.09654235839844,359.1300964355469,422.6517639160156,256.239990234375,50.31193923950195,96.63194274902344
2023-06-29,187.31619262695312,326.9890441894531,152.00990295410156,134.63987731933594,358.41094970703125,424.3175048828125,257.5,49.971839904785156,97.82379913330078
2023-06-30,191.6436767578125,329.5673522949219,153.32528686523438,136.52674865722656,363.9376525878906,429.3247985839844,261.7699890136719,50.911155700683594,98.32805633544922
2023-07-03,190.1517791748047,329.7782897949219,151.31517028808594,137.6250457763672,364.79473876953125,429.81878662109375,279.82000732421875,51.24153518676758,98.52058410644531
2023-07-05,189.03533935546875,328.5705871582031,150.8149871826172,136.7082061767578,364.7849426269531,429.1795349121094,282.4800109863281,51.2123908996582,98.01634216308594
2023-07-06,189.50958251953125,325.1392517089844,149.694091796875,135.35662841796875,362.00677490234375,425.8188171386719,276.5400085449219,50.88848876953125,94.3582534790039
2023-07-07,188.39312744140625,323.4139709472656,147.51724243164062,136.42465209960938,360.8048095703125,424.74371337890625,274.42999267578125,49.7159538269043,94.57830810546875
2023-07-10,186.34796142578125,325.4746398925781,147.75808715820312,137.1902313232422,360.92303466796875,425.8188171386719,269.6099853515625,50.16617965698242,95.98102569580078
2023-07-11,185.82432556152344,328.40765380859375,146.94293212890625,139.33575439453125,362.70623779296875,428.5306396484375,269.7900085449219,50.09168243408203,97.154541015625
2023-07-12,187.49404907226562,329.3564453125,146.43344116210938,140.02572631835938,367.2872009277344,431.9786071777344,271.989990234375,50.2180061340332,97.63127136230469
2023-07-13,188.25482177734375,329.6345520019531,147.10964965820312,140.70623779296875,373.5232849121094,435.4071044921875,277.8999938964844,49.92325210571289,95.84349060058594
2023-07-14,188.40301513671875,330.83258056640625,148.09152221679688,141.55690002441406,373.4444580078125,435.1358947753906,281.3800048828125,50.09492492675781,92.54298400878906
2023-07-17,191.66346740722656,331.4842834472656,147.3505096435547,144.96893310546875,376.931884765625,436.6468200683594,290.3800048828125,50.15646743774414,92.94635772705078
2023-07-18,191.4065399169922,335.0592346191406,147.34124755859375,145.2335968017578,380.0154113769531,439.8913879394531,293.3399963378906,50.065773010253906,92.5246353149414
2023-07-19,192.76011657714844,336.1231994628906,147.0447998046875,145.79119873046875,379.92681884765625,440.8695373535156,291.260009765625,50.081966400146484,93.1664047241211
2023-07-20,190.81378173828125,337.79095458984375,155.974609375,147.58700561523438,371.16876220703125,437.9446105957031,262.8999938964844,51.00832748413086,94.8074951171875
2023-07-21,189.6380615234375,337.7698974609375,157.65122985839844,146.4528350830078,370.0555419921875,437.9446105957031,260.0199890136719,51.29661178588867,95.24756622314453
2023-07-24,190.4383087158203,339.62115478515625,158.47564697265625,149.3355712890625,370.6466369628906,439.90106201171875,269.05999755859375,51.59783172607422,96.7419662475586
2023-07-25,191.29788208007812,339.8609313964844,159.6891632080078,148.22032165527344,373.15875244140625,441.10205078125,265.2799987792969,51.555721282958984,96.88865661621094
2023-07-26,192.1673583984375,340.7528991699219,159.99485778808594,149.10873413085938,371.91748046875,441.16986083984375,264.3500061035156,51.740352630615234,96.34774017333984
2023-07-27,190.90267944335938,338.3741760253906,160.89337158203125,147.4641571044922,371.0307922363281,438.24481201171875,255.7100067138672,51.552490234375,96.65028381347656
2023-07-28,193.4813995361328,340.0143737792969,161.6251678466797,148.3053741455078,377.7889709472656,442.53546142578125,266.44000244140625,51.795413970947266,95.49510955810547
2023-07-31,194.09393310546875,341.05987548828125,155.18722534179688,149.29779052734375,377.9859924316406,443.3780517578125,267.42999267578125,51.77922058105469,98.31888580322266
2023-08-01,193.26400756835938,341.6641845703125,156.447021484375,148.56053161621094,377.1092529296875,442.1092834472656,261.07000732421875,51.53628921508789,97.75045776367188
2023-08-02,190.2703399658203,338.3453369140625,157.39186096191406,146.8781280517578,368.8338928222656,435.9591979980469,254.11000061035156,51.571922302246094,96.5311050415039
2023-08-03,188.87725830078125,337.6259765625,158.0680694580078,147.77606201171875,368.24285888671875,434.70977783203125,259.32000732421875,51.58487319946289,98.20886993408203
2023-08-04,179.80735778808594,336.340576171875,156.5859375,147.4641571044922,366.5187683105469,432.74371337890625,253.86000061035156,51.28688430786133,98.4839096069336
2023-08-07,176.70504760742188,340.1486511230469,160.3468780517578,148.16358947753906,369.6220703125,436.52093505859375,251.4499969482422,51.983280181884766,98.28221130371094
2023-08-08,177.6436309814453,338.6139221191406,160.42095947265625,147.3318328857422,366.4793701171875,434.62261962890625,249.6999969482422,52.03510665893555,98.76811981201172
2023-08-09,176.05291748046875,336.94500732421875,160.3190460205078,145.35646057128906,362.4500732421875,431.7170104980469,242.19000244140625,52.11931610107422,100.44588470458984
2023-08-10,175.83558654785156,337.5300598144531,159.48536682128906,145.1390380859375,363.11993408203125,431.87200927734375,245.33999633789062,52.09331130981445,100.95931243896484
2023-08-11,175.8949432373047,338.5946960449219,161.0415802001953,145.9802703857422,360.8048095703125,431.6202087402344,242.64999389648438,52.398868560791016,102.52705383300781
2023-08-14,177.5471649169922,338.7961120605469,160.66177368164062,146.28269958496094,364.8538818359375,434.00274658203125,239.75999450683594,52.00879669189453,102.60955810546875
2023-08-15,175.5585479736328,335.343017578125,160.19863891601562,142.55877685546875,360.9822082519531,428.94708251953125,232.9600067138672,51.74225997924805,99.97522735595703
2023-08-16,174.6879425048828,333.57818603515625,159.6891632080078,141.953857421875,357.1597900390625,425.7994384765625,225.60000610351562,51.76825714111328,98.29295349121094
2023-08-17,172.14532470703125,330.978759765625,161.18980407714844,140.47940063476562,353.258544921875,422.55487060546875,219.22000122070312,50.60781478881836,100.19706726074219
2023-08-18,172.63011169433594,331.5263366699219,159.7817840576172,140.80078125,352.815185546875,422.7583312988281,215.49000549316406,51.3359375,101.71296691894531
2023-08-21,173.96571350097656,331.0940856933594,155.0204620361328,141.28280639648438,358.49957275390625,425.50885009765625,231.27999877929688,51.19941329956055,100.48359680175781
2023-08-22,175.34092712402344,329.4514465332031,153.78846740722656,138.35281372070312,357.9873046875,424.3563232421875,233.19000244140625,51.036888122558594,99.91976928710938
2023-08-23,179.18943786621094,331.247802734375,152.4082489013672,139.28851318359375,363.63226318359375,429.0826416015625,236.86000061035156,51.39120101928711,99.04165649414062
2023-08-24,174.5,327.597412109375,152.92698669433594,139.1561737060547,355.859375,423.13604736328125,230.0399932861328,50.99787902832031,98.30218505859375
2023-08-25,176.70620727539062,329.97015380859375,155.11965942382812,138.98605346679688,358.6178283691406,426.1190185546875,238.58999633789062,51.3001823425293,100.05841064453125
2023-08-28,178.2693328857422,332.0930480957031,153.29086303710938,139.4680938720703,361.317138671875,428.82122802734375,238.82000732421875,51.59272384643555,100.8995590209961
2023-08-29,182.157470703125,334.888427734375,153.30953979492188,140.60226440429688,369.20831298828125,435.0197448730469,257.17999267578125,52.025047302246094,101.50035858154297
2023-08-30,185.64984130859375,335.6377258300781,152.76834106445312,140.03518676757812,371.2672424316406,436.81146240234375,256.8999938964844,52.398868560791016,102.48939514160156
2023-08-31,185.86749267578125,334.1103820800781,150.8555908203125,138.3055419921875,372.3804626464844,436.1722106933594,258.0799865722656,52.8571891784668,102.77593994140625
2023-09-01,187.4405517578125,335.2343444824219,149.73593139648438,138.76866149902344,371.98638916015625,436.9858093261719,245.00999450683594,52.519134521484375,104.92960357666016
2023-09-05,187.677978515625,333.31304931640625,149.9225311279297,137.2375030517578,372.4593200683594,435.0971374511719,256.489990234375,52.096561431884766,104.9388656616211
2023-09-06,180.96035766601562,331.41107177734375,147.43130493164062,137.01068115234375,369.1787109375,432.1722717285156,251.9199981689453,52.486629486083984,105.8447036743164
2023-09-07,175.6674041748047,332.0738525390625,149.31605529785156,135.83868408203125,366.5384521484375,430.84539794921875,251.49000549316406,53.136741638183594,105.32708740234375
2023-09-08,176.28076171875,332.861572265625,149.81060791015625,135.94265747070312,367.05072021484375,431.4942321777344,248.5,53.234256744384766,106.86146545410156
2023-09-11,177.44818115234375,333.68768310546875,151.77000427246094,136.53811645507812,371.3756103515625,434.33209228515625,273.5799865722656,53.41953659057617,105.52120208740234
2023-09-12,174.4208221435547,333.533935546875,152.62840270996094,138.31500244140625,367.2576599121094,431.9494934082031,267.4800109863281,53.47804641723633,108.59920501708984
2023-09-13,172.35308837890625,332.9000244140625,153.01097106933594,138.3811492919922,368.65655517578125,432.4531555175781,271.29998779296875,53.49104690551758,107.628662109375
2023-09-14,173.86679077148438,336.15643310546875,152.77767944335938,141.06541442871094,371.6711730957031,436.181884765625,276.0400085449219,53.71533966064453,109.55126190185547
2023-09-15,173.14456176757812,333.385498046875,150.6409912109375,140.6495361328125,365.3070068359375,430.9266662597656,274.3900146484375,53.517059326171875,107.86898803710938
2023-09-18,176.07302856445312,333.3951110839844,151.5927276611328,140.94253540039062,365.68780517578125,431.17938232421875,265.2799987792969,53.12049102783203,108.73784637451172
2023-09-19,177.1613006591797,332.3548889160156,151.34075927734375,140.76296997070312,364.90838623046875,430.2851867675781,266.5,53.10749053955078,108.45130157470703
2023-09-20,173.61949157714844,331.6325988769531,152.0032501220703,140.16751098632812,359.6499328613281,426.3293762207031,262.5899963378906,53.27975845336914,107.59169006347656
2023-09-21,172.0760498046875,328.0303039550781,150.83694458007812,139.0711212158203,353.0594787597656,419.28289794921875,255.6999969482422,52.632911682128906,106.07579040527344
2023-09-22,172.9269256591797,327.067138671875,149.75462341308594,137.73843383789062,353.1088562011719,418.3401184082031,244.8800048828125,52.772682189941406,106.2421646118164
2023-09-25,174.20315551757812,327.45245361328125,149.53065490722656,138.4189453125,354.78607177734375,420.099365234375,246.99000549316406,53.006717681884766,107.43455505371094
2023-09-26,170.1271209716797,323.6576232910156,148.37368774414062,136.98231506347656,349.45849609375,413.9275817871094,244.1199951171875,52.82144546508789,107.6009292602539
2023-09-27,168.61337280273438,323.0701599121094,146.59158325195312,137.7857208251953,350.2773742675781,414.0928039550781,240.5,52.56789016723633,111.10413360595703
2023-09-28,168.87063598632812,324.21624755859375,146.376953125,139.4964599609375,353.20758056640625,416.49346923828125,246.3800048828125,52.834442138671875,110.42938232421875
2023-09-29,169.38507080078125,322.6078796386719,145.32261657714844,137.06735229492188,353.46405029296875,415.48260498046875,250.22000122070312,51.986053466796875,108.6823959350586
2023-10-02,171.89801025390625,321.7795104980469,144.7627716064453,135.8859405517578,356.41400146484375,415.3173828125,251.60000610351562,52.04130935668945,106.87994384765625
2023-10-03,170.56236267089844,317.82098388671875,144.9400634765625,134.884033203125,350.1589660644531,409.7579345703125,246.52999877929688,51.71299362182617,107.0648193359375
2023-10-04,171.80894470214844,318.79376220703125,145.10800170898438,135.4889678955078,354.9241943359375,412.7417907714844,261.1600036621094,52.33385467529297,103.0624771118164
2023-10-05,173.0456085205078,318.9671630859375,146.6195526123047,136.06024169921875,353.8783874511719,412.5862731933594,260.04998779296875,51.709747314453125,100.7424087524414
2023-10-06,175.59814453125,321.7891845703125,147.0860595703125,138.1549530029297,359.8077697753906,417.48486328125,260.5299987792969,50.84185028076172,99.06014251708984
2023-10-09,177.0821533203125,323.705810546875,147.92584228515625,137.84072875976562,361.6428527832031,420.1576232910156,259.6700134277344,50.65657424926758,102.5263671875
2023-10-10,176.48854064941406,325.0157165527344,147.7578887939453,138.67860412597656,363.6455993652344,422.3444519042969,263.6199951171875,51.228660583496094,102.09193420410156
2023-10-11,177.88352966308594,325.5743408203125,145.72381591796875,139.1546630859375,366.2403564453125,424.0746154785156,262.989990234375,51.43345260620117,98.43159484863281
2023-10-12,178.78382873535156,323.879150390625,145.86378479003906,138.83096313476562,364.9676513671875,421.4891662597656,258.8699951171875,51.6674919128418,98.41311645507812
2023-10-13,176.94366455078125,324.2740783691406,146.34898376464844,140.9161376953125,360.3800354003906,419.3898010253906,251.1199951171875,51.95353698730469,101.55583190917969
2023-10-16,176.81503295898438,327.3658142089844,146.98345947265625,140.7733154296875,364.4546203613281,423.8023986816406,253.9199981689453,52.40211868286133,101.62976837158203
2023-10-17,175.26174926757812,327.4621276855469,145.63986206054688,140.46864318847656,363.2608337402344,423.7829284667969,254.85000610351562,52.47037887573242,102.9608154296875
2023-10-18,173.96571350097656,324.22589111328125,142.50479125976562,138.92617797851562,358.4956359863281,418.1360168457031,242.67999267578125,52.50939178466797,104.40275573730469
2023-10-19,173.5897979736328,321.8083801269531,142.1222686767578,138.33587646484375,355.1412658691406,414.4620666503906,220.11000061035156,52.259098052978516,104.46745300292969
2023-10-20,171.0372772216797,319.1650390625,142.75672912597656,136.10784912109375,349.84332275390625,409.3691711425781,211.99000549316406,51.60573196411133,102.67427825927734
2023-10-23,171.15597534179688,317.3630065917969,141.2545166015625,134.25119018554688,350.8989562988281,408.6596374511719,212.0800018310547,52.33710479736328,101.16761016845703
2023-10-24,171.59129333496094,319.4059753417969,141.10519409179688,134.4130401611328,354.3125305175781,411.7406921386719,216.52000427246094,53.06523513793945,100.18782043457031
2023-10-25,169.2762451171875,318.3555603027344,141.4224853515625,133.67991638183594,345.640380859375,405.8312683105469,212.4199981689453,52.90595245361328,100.37268829345703
2023-10-26,165.11109924316406,315.9173583984375,139.02452087402344,134.0226593017578,339.050048828125,400.9716491699219,205.75999450683594,52.584144592285156,99.45760345458984
2023-10-27,166.4269256591797,312.419189453125,135.8521728515625,129.19532775878906,340.6778869628906,399.1540832519531,207.3000030517578,52.38911819458008,97.562744140625
2023-10-30,168.47486877441406,317.276123046875,137.18641662597656,130.84254455566406,344.5157165527344,403.92633056640625,197.36000061035156,52.99047088623047,97.86775970458984
2023-10-31,168.9497833251953,318.4808349609375,138.40869140625,132.40403747558594,346.16326904296875,406.46307373046875,200.83999633789062,53.11723327636719,97.84002685546875
2023-11-01,172.1156463623047,320.60101318359375,138.73526000976562,132.289794921875,352.171630859375,410.7979431152344,205.66000366210938,53.59181594848633,97.64592742919922
2023-11-02,175.6772918701172,326.10357666015625,140.18150329589844,134.6510772705078,358.5646667480469,418.67059326171875,218.50999450683594,53.803104400634766,100.85333251953125
2023-11-03,174.76707458496094,328.2430419921875,141.2078399658203,136.15545654296875,362.77740478515625,422.4902648925781,219.9600067138672,53.52355194091797,99.62397766113281
2023-11-06,177.319580078125,328.6573486328125,141.54376220703125,137.1837615966797,364.2572326660156,423.46221923828125,219.27000427246094,53.595069885253906,97.85852813720703
2023-11-07,179.88201904296875,329.1391906738281,140.7973175048828,137.1171112060547,367.70050048828125,424.66741943359375,222.17999267578125,53.845359802246094,96.32413482666016
2023-11-08,180.94058227539062,328.7345886230469,140.28416442871094,137.7931365966797,367.9372863769531,424.97845458984375,222.11000061035156,53.40653610229492,95.1409912109375
2023-11-09,180.46568298339844,326.79742431640625,137.55030822753906,137.3837127685547,365.10577392578125,421.66412353515625,209.97999572753906,53.28301239013672,95.16871643066406
2023-11-10,184.65611267089844,330.5558776855469,137.3916778564453,139.4212646484375,373.314208984375,428.2441101074219,214.64999389648438,54.0208854675293,95.8989486694336
2023-11-13,183.07107543945312,331.09552001953125,137.74624633789062,138.80239868164062,372.1499938964844,427.83587646484375,223.7100067138672,54.505226135253906,96.90645599365234
2023-11-14,185.68638610839844,335.76947021484375,137.7742462158203,141.33506774902344,380.1610412597656,436.1362609863281,237.41000366210938,54.49546813964844,97.27957916259766
2023-11-15,186.2510528564453,337.55224609375,138.83790588378906,142.57284545898438,380.4471435546875,437.05963134765625,242.83999633789062,55.18783950805664,96.69192504882812
2023-11-16,187.93515014648438,337.31134033203125,140.05088806152344,144.20098876953125,380.7727355957031,437.5941467285156,233.58999633789062,50.721580505371094,95.57258605957031
2023-11-17,187.9153594970703,337.4242248535156,139.76162719726562,145.5054473876953,380.861572265625,438.1384582519531,234.3000030517578,50.49729919433594,97.90454864501953
2023-11-20,189.65887451171875,339.4424743652344,140.99371337890625,145.95294189453125,385.49847412109375,441.5110168457031,235.60000610351562,50.481040954589844,97.47545623779297
2023-11-21,188.8564453125,338.7664794921875,142.1317596435547,145.6482391357422,383.2589111328125,440.548828125,241.1999969482422,50.6630744934082,97.43815612792969
2023-11-22,189.5201873779297,340.44677734375,141.84957885742188,145.9910125732422,384.82763671875,442.24969482421875,234.2100067138672,50.2762565612793,97.01839447021484
2023-11-24,188.19271850585938,341.6440734863281,143.4296875,146.1909637451172,384.2850036621094,442.5218811035156,235.4499969482422,50.72808837890625,97.54075622558594
2023-11-27,188.01438903808594,341.18060302734375,142.2822265625,145.85772705078125,383.9495544433594,441.7248840332031,236.0800018310547,50.9588737487793,96.97175598144531
2023-11-28,188.6186981201172,341.9434814453125,142.6114044189453,146.1909637451172,384.9558410644531,442.1622314453125,246.72000122070312,51.56673049926758,96.91580200195312
2023-11-29,187.59832763671875,342.46490478515625,143.0628662109375,146.93362426757812,384.5809631347656,441.8511962890625,244.13999938964844,50.734588623046875,95.46065521240234
2023-11-30,188.1728973388672,347.6312255859375,145.46119689941406,148.6094207763672,383.6141052246094,443.5909423828125,240.0800018310547,50.60781478881836,95.8337631225586
2023-12-01,189.45083618164062,350.57635498046875,148.95994567871094,149.3330078125,384.7092590332031,446.2151794433594,238.8300018310547,50.16898727416992,96.06696319580078
2023-12-04,187.65777587890625,350.1804504394531,149.43020629882812,150.42799377441406,381.13775634765625,443.8728332519531,235.5800018310547,50.155982971191406,95.54460144042969
2023-12-05,191.6104278564453,349.4754638671875,149.11985778808594,150.408935546875,382.09478759765625,443.78533935546875,238.72000122070312,50.62081527709961,93.6883773803711
2023-12-06,190.52072143554688,348.8092346191406,147.3046112060547,148.82839965820312,379.88482666015625,441.9970397949219,239.3699951171875,50.071468353271484,92.4477767944336
2023-12-07,192.45248413085938,349.3982238769531,146.1571807861328,149.285400390625,385.1925964355469,445.36962890625,242.63999938964844,49.741947174072266,91.8041763305664
2023-12-08,193.87901306152344,350.64385986328125,145.23545837402344,150.93260192871094,386.90924072265625,447.2843322753906,243.83999633789062,49.21992492675781,92.85820770263672
2023-12-11,191.3726806640625,352.1600341796875,145.83741760253906,151.48486328125,390.2143859863281,449.02410888671875,239.74000549316406,49.34390640258789,92.92349243164062
2023-12-12,192.8883819580078,353.8208923339844,145.84681701660156,152.83688354492188,393.3220520019531,451.0748596191406,237.00999450683594,49.38306427001953,91.45903778076172
2023-12-13,196.1079559326172,358.9678039550781,146.5240020751953,153.3510284423828,398.3240966796875,457.2952575683594,239.2899932861328,50.26070022583008,92.27055358886719
2023-12-14,196.25657653808594,360.5031433105469,147.53973388671875,156.14080810546875,397.978759765625,458.76287841796875,251.0500030517578,49.64732360839844,94.75173950195312
2023-12-15,195.72161865234375,360.6318359375,145.93148803710938,157.32142639160156,399.90264892578125,458.0075378417969,253.5,49.83330154418945,94.11746215820312
2023-12-18,194.0573272705078,360.97052001953125,146.19480895996094,158.27357482910156,402.42144775390625,460.5838623046875,252.0800018310547,50.56086349487305,94.8170394897461
2023-12-19,195.09751892089844,363.40948486328125,147.15415954589844,160.3873291015625,404.4776916503906,463.3846130371094,257.2200012207031,50.74357223510742,96.06696319580078
2023-12-20,193.00723266601562,358.86077880859375,144.15386962890625,158.57827758789062,398.46728515625,456.96337890625,247.13999938964844,50.149776458740234,94.46257781982422
2023-12-21,192.858642578125,361.84161376953125,145.6304931640625,159.48280334472656,403.10357666015625,461.2962646484375,254.5,50.50539779663086,94.89167022705078
2023-12-22,191.78878784179688,361.7641296386719,146.21360778808594,159.3875732421875,403.70660400390625,462.2232971191406,252.5399932861328,51.108985900878906,95.05956268310547
2023-12-26,191.24391174316406,363.2642822265625,146.85317993164062,160.33018493652344,406.17803955078125,464.1750793457031,256.6099853515625,51.03068161010742,95.27409362792969
2023-12-27,191.34295654296875,364.4352722167969,147.05068969726562,161.29185485839844,407.0048828125,465.0143127441406,261.44000244140625,51.51028823852539,94.82636260986328
2023-12-28,191.76893615722656,364.89013671875,147.26699829101562,162.14878845214844,406.8069763183594,465.19000244140625,253.17999267578125,51.40914535522461,93.45519256591797
2023-12-29,190.72874450683594,364.7353210449219,147.41748046875,161.95835876464844,405.04644775390625,463.8432922363281,248.47999572753906,51.43524932861328,93.25929260253906
2024-01-02,183.90322875976562,364.9482727050781,150.4553680419922,163.8435821533203,398.1921691894531,461.2474670410156,248.4199981689453,51.97032165527344,95.47931671142578
2024-01-03,182.5262451171875,362.1609802246094,151.39588928222656,163.1294708251953,393.9787292480469,457.4805908203125,238.4499969482422,51.97357940673828,96.28150177001953
2024-01-04,180.20811462402344,362.48028564453125,151.0761260986328,164.21202087402344,391.9511413574219,456.00701904296875,237.92999267578125,51.471134185791016,95.44200134277344
2024-01-05,179.48492431640625,362.5771179199219,151.54638671875,165.03590393066406,392.416015625,456.6315612792969,237.49000549316406,51.128562927246094,95.73116302490234
2024-01-08,183.82395935058594,364.70635986328125,151.92259216308594,164.79641723632812,400.52642822265625,463.15045166015625,240.4499969482422,51.63100814819336,94.1361083984375
2024-01-09,183.4079132080078,363.09979248046875,152.01666259765625,163.49354553222656,401.3176574707031,462.44775390625,234.9600067138672,51.976844787597656,92.97013092041016
2024-01-10,184.44810485839844,364.8127136230469,152.2423858642578,163.8384246826172,404.03765869140625,465.0631103515625,233.94000244140625,52.62283706665039,92.0560073852539
2024-01-11,183.8536834716797,365.02569580078125,151.56520080566406,163.1486358642578,404.8783874511719,464.85821533203125,227.22000122070312,52.56411361694336,92.03736114501953
2024-01-12,184.1805877685547,363.80615234375,152.7314453125,161.95111083984375,405.0860595703125,465.18023681640625,218.88999938964844,52.63262939453125,93.2313003540039
2024-01-16,181.91204833984375,361.6286315917969,150.97267150878906,160.93565368652344,405.04644775390625,463.4724426269531,219.91000366210938,52.79902648925781,91.12322998046875
2024-01-17,180.97091674804688,360.7189025878906,150.88800048828125,160.0734100341797,402.7616882324219,460.89617919921875,215.5500030517578,52.55105972290039,90.46095275878906
2024-01-18,186.86524963378906,362.74163818359375,151.62164306640625,160.3895721435547,408.47857666015625,464.99481201171875,211.8800048828125,53.25905990600586,90.29306030273438
2024-01-19,189.767822265625,366.617919921875,152.0636444091797,163.158203125,416.5791931152344,470.7915344238281,212.19000244140625,52.97846603393555,90.43296813964844
2024-01-22,192.07603454589844,368.0414733886719,152.80670166015625,162.9665985107422,417.1231384277344,471.78692626953125,208.8000030517578,52.981727600097656,90.31171417236328
2024-01-23,193.35394287109375,367.0440673828125,150.30490112304688,161.89366149902344,418.8539733886719,473.1628723144531,209.13999938964844,53.115501403808594,91.32844543457031
2024-01-24,192.6803436279297,366.1241149902344,149.50546264648438,163.3402557373047,421.1783447265625,473.68011474609375,207.8300018310547,52.36509704589844,92.90483856201172
2024-01-25,192.35342407226562,368.4385070800781,150.06973266601562,165.67776489257812,421.6926574707031,476.25640869140625,182.6300048828125,53.12854766845703,95.2647705078125
2024-01-26,190.61978149414062,369.02911376953125,150.01333618164062,165.0454864501953,419.1803894042969,475.6513671875,183.25,53.59510803222656,96.07628631591797
2024-01-29,189.9362335205078,371.178955078125,149.88165283203125,165.47657775878906,423.4729919433594,479.4182434082031,190.92999267578125,53.8463249206543,96.19754791259766
2024-01-30,186.28076171875,372.3215637207031,149.32675170898438,168.86793518066406,420.6541442871094,479.0474548339844,191.58999633789062,54.0257682800293,97.80193328857422
2024-01-31,182.67481994628906,369.30023193359375,149.4490203857422,167.0381622314453,412.4151306152344,471.23065185546875,187.2899932861328,53.91484069824219,95.89906311035156
2024-02-01,185.11181640625,372.91229248046875,148.94113159179688,166.43458557128906,417.2715148925781,477.3982238769531,188.86000061035156,54.91320037841797,95.50729370117188
2024-02-02,184.11123657226562,374.1904296875,147.2952117919922,167.3926239013672,424.3235778808594,482.4239501953125,187.91000366210938,55.32429885864258,95.11552429199219
2024-02-05,185.92413330078125,371.4403381347656,146.5334014892578,167.17227172851562,423.7696838378906,480.6673583984375,181.05999755859375,55.02739715576172,94.72376251220703
2024-02-06,187.5289764404297,372.8927917480469,148.6589813232422,167.74708557128906,422.91912841796875,482.0628967285156,185.10000610351562,55.4025993347168,95.37670135498047
2024-02-07,187.63796997070312,374.43255615234375,148.58372497558594,168.0631866455078,427.27105712890625,486.08349609375,187.5800018310547,55.262306213378906,95.34871673583984
2024-02-08,186.55816650390625,375.091064453125,147.0977020263672,167.4596710205078,428.06231689453125,486.2982177734375,189.55999755859375,55.25904083251953,96.98109436035156
2024-02-09,187.32191467285156,374.4809875488281,147.43629455566406,167.66085815429688,432.2757568359375,489.10870361328125,193.57000732421875,55.229679107666016,94.92897033691406
2024-02-12,185.6356658935547,375.82696533203125,148.46148681640625,168.40811157226562,430.5844421386719,488.8940124511719,188.1300048828125,55.562461853027344,96.23485565185547
2024-02-13,183.54275512695312,370.7043151855469,147.1635284423828,166.94235229492188,423.86859130859375,482.1604309082031,184.02000427246094,55.18400573730469,95.40638732910156
2024-02-14,182.6599578857422,372.1278991699219,146.47698974609375,168.6380157470703,428.4876403808594,486.5421142578125,188.7100067138672,55.007816314697266,94.93565368652344
2024-02-15,182.372314453125,375.9625549316406,148.5272979736328,172.3167724609375,429.76348876953125,489.8991394042969,200.4499969482422,55.232940673828125,97.65644836425781
2024-02-16,180.8348388671875,374.5581359863281,148.35671997070312,171.51202392578125,425.8665771484375,487.4594421386719,199.9499969482422,55.5820426940918,97.65644836425781
2024-02-20,180.0908966064453,374.0732421875,149.59814453125,172.18263244628906,422.652099609375,484.7758483886719,193.75999450683594,57.37648010253906,96.73382568359375
2024-02-21,180.84478759765625,374.42242431640625,150.375244140625,173.3035125732422,420.9606628417969,485.2149353027344,194.77000427246094,56.671756744384766,98.71086883544922
2024-02-22,182.878173828125,378.7771911621094,152.0526123046875,175.3824005126953,433.28460693359375,495.2567138671875,197.41000366210938,57.22966766357422,98.62612915039062
2024-02-23,181.0431365966797,379.4949035644531,153.36985778808594,176.2637481689453,432.00872802734375,495.5982666015625,191.97000122070312,57.27861022949219,97.76000213623047
2024-02-26,179.69415283203125,378.94207763671875,152.3748016357422,175.6602020263672,431.7812194824219,493.78314208984375,199.39999389648438,58.335697174072266,98.14599609375
2024-02-27,181.15223693847656,377.9236755371094,152.5548553466797,175.74642944335938,432.81976318359375,494.7004089355469,199.72999572753906,58.325904846191406,97.93888854980469
2024-02-28,179.9520721435547,377.8655090332031,153.0950469970703,176.6373748779297,430.51519775390625,494.046630859375,202.0399932861328,58.35527038574219,98.21189880371094
2024-02-29,179.28746032714844,378.20489501953125,152.9339599609375,178.24681091308594,434.2044677734375,495.82275390625,201.8800048828125,57.36669921875,98.40019226074219
2024-03-01,178.20628356933594,379.52392578125,153.6352081298828,177.5091552734375,440.74224853515625,500.47760009765625,202.63999938964844,57.51351547241211,99.64289093017578
2024-03-04,173.6831817626953,378.47650146484375,151.4745330810547,178.8407745361328,439.16961669921875,499.9408874511719,188.13999938964844,58.042057037353516,98.24957275390625
2024-03-05,168.7434844970703,374.5581359863281,151.5977325439453,180.63226318359375,431.2866516113281,494.94439697265625,180.74000549316406,58.76636505126953,99.45462036132812
2024-03-06,167.7515411376953,375.5183410644531,151.00071716308594,181.5711212158203,433.99676513671875,497.452392578125,176.5399932861328,59.28512191772461,100.51844787597656
2024-03-07,167.6325225830078,376.7500915527344,150.5552978515625,179.98085021972656,440.5840148925781,502.390380859375,178.64999389648438,59.07957077026367,101.08332824707031
2024-03-08,169.34852600097656,376.30389404296875,151.1713104248047,180.3161163330078,434.2242126464844,499.37493896484375,175.33999633789062,58.844669342041016,102.0341796875
2024-03-11,171.35218811035156,376.7209777832031,152.7917938232422,180.38320922851562,432.612060546875,498.9454650878906,177.77000427246094,59.37321090698242,102.63671112060547
2024-03-12,171.8282928466797,379.0196533203125,154.22276306152344,181.8680877685547,438.81353759765625,504.3128967285156,177.5399932861328,60.107303619384766,101.97769165039062
2024-03-13,169.7453155517578,379.4366455078125,152.6685791015625,183.3434295654297,435.4408264160156,503.5223083496094,169.47999572753906,59.98004913330078,103.1168441772461
2024-03-14,171.6001739501953,378.3213195800781,150.8775177001953,180.07662963867188,434.34295654296875,502.5269775390625,162.5,59.928985595703125,104.94325256347656
2024-03-15,171.2232208251953,376.24365234375,149.9014129638672,182.30877685546875,429.17999267578125,499.07635498046875,163.57000732421875,59.595062255859375,104.75496673583984
2024-03-18,172.3143310546875,376.9534912109375,148.5557403564453,184.5697021484375,433.2732849121094,502.0424499511719,173.8000030517578,59.771846771240234,105.72466278076172
2024-03-19,174.65524291992188,380.0352783203125,148.03453063964844,185.6522216796875,434.3527526855469,504.83233642578125,171.32000732421875,59.78166961669922,106.46839904785156
2024-03-20,177.2242889404297,384.0116271972656,147.6080780029297,188.08555603027344,439.50274658203125,509.501708984375,175.66000366210938,60.154876708984375,106.37425994873047
2024-03-21,169.9833526611328,386.6949768066406,147.5985870361328,190.70091247558594,441.5825500488281,511.1854553222656,172.82000732421875,60.351295471191406,106.84498596191406
2024-03-22,170.88601684570312,383.564453125,147.1057891845703,188.36341857910156,442.0876159667969,510.2163391113281,170.8300018310547,59.78166961669922,106.84498596191406
2024-03-25,169.4675750732422,382.0283508300781,147.09632873535156,186.63897705078125,440.48321533203125,508.80670166015625,172.6300048828125,59.487037658691406,107.93706512451172
2024-03-26,168.33682250976562,381.9311218261719,147.6175537109375,187.51075744628906,439.05706787109375,507.866943359375,177.6699981689453,59.4281005859375,107.12742614746094
2024-03-27,171.90765380859375,386.5101623535156,149.6929473876953,191.1416015625,440.55255126953125,512.1349487304688,179.8300018310547,59.63435363769531,108.23832702636719
2024-03-28,170.0924530029297,386.70465087890625,149.91091918945312,191.8888702392578,439.7404479980469,512.037109375,175.7899932861328,59.094181060791016,109.43396759033203
2024-04-01,168.65420532226562,384.3422546386719,149.52235412597656,190.5859832763672,440.6714172363281,511.14630126953125,175.22000122070312,58.927223205566406,110.1400375366211
2024-04-02,167.47381591796875,380.7450256347656,149.47494506835938,190.50933837890625,436.8682861328125,507.8963317871094,166.6300048828125,58.10224151611328,112.29597473144531
2024-04-03,168.27725219726562,380.38531494140625,146.1865692138672,189.97286987304688,437.8487548828125,508.4542541503906,168.3800048828125,58.36741256713867,112.31481170654297
2024-04-04,167.4540252685547,375.29095458984375,144.51869201660156,188.52743530273438,431.15380859375,502.2480163574219,171.11000061035156,58.436161041259766,112.71021270751953
2024-04-05,168.20785522460938,378.05194091796875,144.4144287109375,190.26190185546875,436.2344665527344,507.4949645996094,164.89999389648438,58.779903411865234,114.26359558105469
2024-04-08,167.0869903564453,378.2854309082031,143.65631103515625,191.25440979003906,436.3632507324219,507.77874755859375,172.97999572753906,58.711158752441406,113.49161529541016
2024-04-09,168.29713439941406,378.0325622558594,144.3196563720703,189.97283935546875,437.9775390625,508.3661193847656,176.8800048828125,58.72098159790039,114.084716796875
2024-04-10,166.42239379882812,373.8229675292969,142.33905029296875,188.35400390625,434.1546630859375,503.27587890625,171.75999450683594,59.53614044189453,115.04500579833984
2024-04-11,173.62367248535156,373.8520812988281,141.0028533935547,188.3154296875,441.08734130859375,507.0740051269531,174.60000610351562,59.0156135559082,114.65900421142578
2024-04-12,175.12142944335938,369.3118591308594,139.79931640625,176.13558959960938,434.0556640625,500.0748291015625,171.0500030517578,59.064720153808594,113.3221435546875
2024-04-15,171.29266357421875,366.822998046875,139.86566162109375,176.2319793701172,426.9149169921875,493.809814453125,161.47999572753906,58.85847473144531,112.67255401611328
2024-04-16,168.0094757080078,367.47442626953125,136.88999938964844,174.21804809570312,426.95458984375,492.9092712402344,157.11000061035156,58.77008056640625,111.74052429199219
2024-04-17,166.640625,366.95904541015625,137.19325256347656,173.52426147460938,421.7451477050781,489.9920959472656,155.4499969482422,58.58348846435547,111.68402099609375
2024-04-18,165.6884002685547,367.3382873535156,138.11248779296875,174.6516571044922,419.33856201171875,488.9837951660156,149.92999267578125,58.20045471191406,111.58047485351562
2024-04-19,163.66490173339844,369.43743896484375,140.16891479492188,179.03602600097656,410.66278076171875,484.71575927734375,147.0500030517578,58.46562194824219,112.86083984375
2024-04-22,164.4981231689453,371.93731689453125,141.3155975341797,182.51461791992188,414.792724609375,489.1795654296875,142.0500030517578,59.064720153808594,113.50102996826172
2024-04-23,165.54953002929688,374.5149841308594,141.7325439453125,185.14520263671875,420.9825439453125,494.9845275878906,144.67999267578125,58.03348922729492,113.9435043334961
2024-04-24,167.65240478515625,373.9507751464844,140.75645446777344,186.05101013183594,422.40875244140625,494.7495422363281,162.1300048828125,58.79954147338867,113.96233367919922
2024-04-25,168.51531982421875,370.5268249511719,139.13595581054688,186.33042907714844,420.3685607910156,492.8700866699219,170.17999267578125,59.133460998535156,114.22593688964844
2024-04-26,167.9300994873047,371.87896728515625,138.4915313720703,186.44610595703125,426.8555603027344,497.5394592285156,168.2899932861328,59.08435821533203,111.05326080322266
2024-04-29,172.09613037109375,373.3282470703125,139.13595581054688,186.2437286376953,428.5887451171875,499.301513671875,194.0500030517578,59.162933349609375,112.63489532470703
2024-04-30,168.9517822265625,367.8128662109375,137.02267456054688,184.75978088378906,420.5071716308594,491.39190673828125,183.27999877929688,58.28884506225586,111.34510803222656
2024-05-01,167.9300994873047,368.5522766113281,143.2677459716797,184.87542724609375,417.4667053222656,489.7962646484375,179.99000549316406,57.79777908325195,109.23625183105469
2024-05-02,171.62991333007812,371.80108642578125,142.07371520996094,184.68270874023438,422.794921875,494.3775634765625,180.00999450683594,58.64240264892578,109.43396759033203
2024-05-03,181.8961944580078,376.2171936035156,141.4577178955078,183.57456970214844,431.2925109863281,500.50555419921875,181.19000244140625,58.75043869018555,109.20801544189453
2024-05-06,180.2397003173828,377.8514404296875,140.80386352539062,185.0103302001953,436.0166015625,505.6741943359375,184.75999450683594,58.79954147338867,109.91411590576172
2024-05-07,180.9241180419922,378.1335144042969,140.93650817871094,184.7694091796875,436.0859069824219,506.232177734375,177.80999755859375,59.53614044189453,109.36807250976562
2024-05-08,181.26136779785156,379.82598876953125,141.1544647216797,188.52743530273438,435.8283996582031,506.2810974121094,174.72000122070312,59.22185516357422,109.34923553466797
2024-05-09,183.07656860351562,383.24993896484375,142.00735473632812,190.31011962890625,436.7791748046875,509.1982116699219,171.97000122070312,59.5648193359375,111.50516510009766
2024-05-10,181.81512451171875,384.39776611328125,142.0642547607422,191.5338592529297,437.8091735839844,509.8542175292969,168.47000122070312,59.60424041748047,111.05326080322266
2024-05-13,185.02333068847656,383.6973876953125,143.30567932128906,191.49533081054688,438.81939697265625,509.9225769042969,171.88999938964844,59.535255432128906,111.00618743896484
2024-05-14,186.1655731201172,384.7868957519531,143.45730590820312,194.17410278320312,441.6419677734375,512.2621459960938,177.5500030517578,58.993221282958984,111.68004608154297
2024-05-15,188.4401397705078,388.38592529296875,144.67979431152344,194.75225830078125,448.5450134277344,518.6055908203125,173.99000549316406,58.963653564453125,112.5437240600586
2024-05-16,188.559326171875,388.31787109375,146.20553588867188,195.0991668701172,447.6337890625,517.5385131835938,174.83999633789062,63.083126068115234,111.86986541748047
2024-05-17,188.58909606933594,389.61737060546875,146.5467071533203,197.33470153808594,447.4159851074219,518.2825317382812,177.4600067138672,63.713863372802734,113.54976654052734
2024-05-20,189.751220703125,387.8150939941406,144.51185607910156,188.45999145507812,450.53564453125,518.8795776367188,174.9499969482422,63.25066375732422,112.62914276123047
2024-05-21,191.0523681640625,388.4775695800781,144.4832000732422,192.25656127929688,451.41705322265625,520.1522216796875,186.60000610351562,64.20662689208984,111.85088348388672
2024-05-22,189.61216735839844,386.412353515625,146.64222717285156,191.09060668945312,451.3279113769531,518.6546020507812,180.11000061035156,64.30516815185547,109.60153198242188
2024-05-23,185.61929321289062,380.5673522949219,143.011962890625,189.75120544433594,449.29766845703125,514.8661499023438,173.74000549316406,63.90109634399414,107.7318115234375
2024-05-24,188.6983642578125,380.5478820800781,140.40396118164062,193.4032440185547,453.5463562011719,518.272705078125,179.24000549316406,64.43329620361328,107.64640045166016
2024-05-28,188.70831298828125,378.5605163574219,137.9296417236328,192.23728942871094,455.2597351074219,518.635009765625,176.75,64.09821319580078,109.01309204101562
2024-05-29,189.0062713623047,374.64453125,137.9869842529297,190.89788818359375,452.0509338378906,515.003173828125,176.19000244140625,63.97995376586914,107.845703125
2024-05-30,189.99952697753906,371.6244812011719,138.78944396972656,192.07347106933594,447.20794677734375,511.5867004394531,178.7899932861328,63.95038604736328,108.18737030029297
2024-05-31,190.9530487060547,377.5182189941406,140.1173553466797,195.2533416748047,446.37603759765625,516.2463989257812,178.0800018310547,64.80779266357422,111.2909164428711
2024-06-03,192.72105407714844,376.2615051269531,141.13958740234375,194.4728546142578,448.77276611328125,516.667236328125,176.2899932861328,64.8669204711914,108.62395477294922
2024-06-04,193.0388946533203,377.4986877441406,141.19688415527344,191.90966796875,450.00079345703125,517.244873046875,174.77000427246094,65.63562774658203,106.9345703125
2024-06-05,194.5486297607422,378.492431640625,139.44862365722656,190.07882690429688,459.07275390625,523.3924560546875,175.0,66.1185302734375,107.36166381835938
2024-06-06,193.1680145263672,379.2717590332031,139.87852478027344,189.7415771484375,458.91424560546875,523.382568359375,177.94000244140625,66.17766571044922,108.16839599609375
2024-06-07,195.561767578125,378.453369140625,140.50904846191406,192.6708984375,458.5082092285156,522.746337890625,177.47999572753906,64.9260482788086,107.010498046875
2024-06-10,191.8171844482422,379.232666015625,140.55679321289062,192.34329223632812,460.3602294921875,524.3615112304688,173.7899932861328,65.99040985107422,107.32369995117188
2024-06-11,205.7525177001953,377.9468688964844,140.2033233642578,187.28440856933594,463.5195617675781,525.6243286132812,170.66000366210938,65.76374053955078,106.46002960205078
2024-06-12,211.6326141357422,377.67413330078125,138.91366577148438,184.55743408203125,469.5906066894531,529.9412841796875,177.2899932861328,65.34981536865234,105.28314971923828
2024-06-13,212.79470825195312,376.8850402832031,138.95187377929688,186.60989379882812,472.13592529296875,531.00830078125,182.47000122070312,65.73417663574219,104.43844604492188
2024-06-14,211.05653381347656,376.4758605957031,139.037841796875,186.7255096435547,474.5821533203125,531.3314208984375,178.00999450683594,66.0495376586914,103.5557861328125
2024-06-17,215.2083282470703,378.5411376953125,139.4295196533203,187.8818359375,480.3957214355469,535.560302734375,187.44000244140625,66.44375610351562,102.84396362304688
2024-06-18,212.84437561035156,379.0866394042969,139.1428985595703,189.8282928466797,480.5442810058594,536.9208984375,184.86000061035156,66.62113952636719,103.81204223632812
2024-06-20,208.2654571533203,381.9409484863281,141.1777801513672,191.4375,476.8402404785156,535.4622802734375,181.57000732421875,67.02520751953125,106.05191040039062
2024-06-21,206.09024047851562,382.08160400390625,142.1044464111328,189.15377807617188,475.5626220703125,534.7445068359375,183.00999450683594,66.9266586303711,105.12179565429688
2024-06-24,206.73587036132812,384.6590576171875,142.45791625976562,191.63986206054688,470.1485290527344,533.0061645507812,182.5800018310547,67.9023208618164,108.24431610107422
2024-06-25,207.6595916748047,381.7690734863281,140.6141357421875,190.85935974121094,475.5249328613281,535.0587768554688,187.35000610351562,66.44375610351562,108.54804229736328
2024-06-26,211.81138610839844,381.98388671875,140.26065063476562,190.2426300048828,476.5069580078125,535.7265014648438,196.3699951171875,67.3011474609375,108.58599090576172
2024-06-27,212.65565490722656,382.29632568359375,139.28622436523438,191.9193115234375,477.73699951171875,536.571044921875,197.4199981689453,66.89707946777344,109.0510482788086
2024-06-28,209.19912719726562,381.8764953613281,139.630126953125,194.8968048095703,475.2570495605469,534.4595947265625,197.8800048828125,66.72955322265625,109.25985717773438
2024-07-01,215.28778076171875,382.1986999511719,139.8976287841797,197.97067260742188,478.0445251464844,535.5596923828125,209.86000061035156,66.50289154052734,109.10799407958984
2024-07-02,218.78404235839844,383.98541259765625,139.50595092773438,201.22763061523438,483.0638427734375,539.1637573242188,231.25999450683594,67.08433532714844,108.36771392822266
2024-07-03,220.05538940429688,383.5362243652344,139.18113708496094,201.09274291992188,487.0911865234375,541.56982421875,246.38999938964844,67.25187683105469,108.91818237304688
2024-07-05,224.81307983398438,384.3857421875,139.9358367919922,198.42816162109375,492.16998291015625,544.6928100585938,251.52000427246094,69.02581024169922,107.59893798828125
2024-07-08,226.28309631347656,384.1513366699219,138.98049926757812,198.7963409423828,493.34051513671875,545.3212890625,252.94000244140625,68.67102813720703,106.46951293945312
2024-07-09,227.13729858398438,383.6436462402344,140.48037719726562,201.17996215820312,493.76702880859375,545.8516845703125,262.3299865722656,68.88784790039062,105.29264068603516
2024-07-10,231.4082794189453,387.8614807128906,142.7540283203125,201.3446502685547,498.9153137207031,551.2529296875,263.260009765625,69.39044952392578,106.2227554321289
2024-07-11,226.03480529785156,388.2228088378906,143.011962890625,201.0055389404297,487.9740295410156,546.4996948242188,241.02999877929688,68.78929138183594,107.48505401611328
2024-07-12,228.9847412109375,390.8490295410156,143.1839599609375,198.57351684570312,490.8407897949219,549.94677734375,248.22999572753906,68.23738861083984,107.5040283203125
2024-07-15,232.81871032714844,392.84075927734375,142.5725555419922,203.52474975585938,492.16009521484375,551.459228515625,252.63999938964844,68.60204315185547,109.34527587890625
2024-07-16,233.23587036132812,399.9681396484375,144.26345825195312,206.9838409423828,492.34857177734375,554.7294921875,256.55999755859375,68.97653198242188,110.1330337524414
2024-07-17,227.3359375,402.18438720703125,149.58462524414062,210.13287353515625,477.8957214355469,546.9514770507812,248.5,70.00148010253906,111.65157318115234
2024-07-18,222.6676483154297,397.0976257324219,148.4764404296875,203.45692443847656,475.634033203125,542.7481689453125,249.22999572753906,69.79451751708984,112.75253295898438
2024-07-19,222.79678344726562,393.60467529296875,147.779052734375,203.26315307617188,471.418212890625,539.14404296875,239.1999969482422,69.72554016113281,110.16149139404297
2024-07-22,222.44915771484375,394.7767333984375,147.3491668701172,203.7476043701172,478.44134521484375,544.7025146484375,251.50999450683594,69.36089324951172,109.40221405029297
2024-07-23,223.49205017089844,394.1320495605469,145.54360961914062,203.79605102539062,476.7549743652344,543.8483276367188,246.3800048828125,69.6269760131836,107.63690948486328
2024-07-24,217.06570434570312,389.4237976074219,149.29803466796875,202.110107421875,459.65362548828125,531.5232543945312,215.99000549316406,69.57769775390625,109.15545654296875
2024-07-25,216.02279663085938,390.224853515625,152.50790405273438,202.18763732910156,454.584716796875,528.7537841796875,220.25,69.00609588623047,111.45226287841797
2024-07-26,216.4896240234375,396.5545959472656,153.4632568359375,205.646728515625,459.2469482421875,534.6757202148438,219.8000030517578,68.76958465576172,111.35733795166016
2024-07-29,216.7677459716797,396.10528564453125,151.4761505126953,204.2999267578125,460.16943359375,534.9899291992188,232.10000610351562,68.61190795898438,110.1899642944336
2024-07-30,217.32394409179688,397.961181640625,154.1223907470703,208.50506591796875,453.8506774902344,532.2794799804688,222.6199951171875,68.18812561035156,112.15458679199219
2024-07-31,220.58181762695312,399.01611328125,150.79788208007812,206.1893310546875,467.28179931640625,540.9314575195312,232.07000732421875,67.64608764648438,112.55321502685547
2024-08-01,216.8869171142578,393.87811279296875,153.57785034179688,201.4996795654297,455.9635009765625,533.2713623046875,216.86000061035156,68.77942657470703,110.99669647216797
2024-08-02,218.3767852783203,387.9196472167969,156.80685424804688,192.95367431640625,445.1412353515625,523.3426513671875,207.6699981689453,67.46868133544922,110.93026733398438
2024-08-05,207.85826110839844,377.8388977050781,154.0459747314453,188.84539794921875,431.8688659667969,508.1011047363281,198.8800048828125,66.61128997802734,108.92766571044922
2024-08-06,205.83200073242188,380.9158020019531,151.8678436279297,194.11639404296875,435.9953918457031,512.7854614257812,200.63999938964844,66.75911712646484,108.34872436523438
2024-08-07,208.404541015625,378.7766418457031,151.80096435546875,194.17453002929688,431.273681640625,509.35809326171875,191.75999450683594,65.9411392211914,109.79135131835938
2024-08-08,211.87098693847656,385.3701477050781,153.06199645996094,197.72084045410156,444.4667663574219,521.133056640625,198.83999633789062,66.68028259277344,111.88883972167969
2024-08-09,214.78123474121094,385.9854736328125,153.44412231445312,199.40679931640625,446.7879333496094,523.4310913085938,200.0,66.96607208251953,112.79996490478516
2024-08-12,216.31260681152344,384.6375427246094,152.73721313476562,199.78466796875,447.7501220703125,523.7059936523438,197.49000549316406,67.70521545410156,112.94232940673828
2024-08-13,220.0316619873047,388.5643310546875,151.31375122070312,201.4803009033203,458.8599853515625,532.3187255859375,207.8300018310547,67.14347076416016,111.86038208007812
2024-08-14,220.4791717529297,390.8109436035156,151.3997344970703,203.70884704589844,459.00885009765625,533.9981079101562,201.3800048828125,67.6657943725586,112.89488983154297
2024-08-15,223.46237182617188,396.4666748046875,151.98248291015625,204.97816467285156,470.6048583984375,543.1510009765625,214.13999938964844,72.12034606933594,113.59330749511719
2024-08-16,224.78492736816406,397.6270751953125,152.26907348632812,207.32296752929688,471.2099304199219,544.3687133789062,216.1199951171875,72.59276580810547,113.05753326416016
2024-08-19,224.62582397460938,399.9440002441406,152.4983673095703,208.75698852539062,477.3997497558594,549.5736083984375,222.72000122070312,72.859619140625,113.4019546508789
2024-08-20,225.24232482910156,399.4062805175781,153.00466918945312,207.8559112548828,476.3978576660156,548.679931640625,221.10000610351562,73.6700439453125,109.62284851074219
2024-08-21,225.13296508789062,399.82666015625,154.2179412841797,207.9333953857422,478.61981201171875,550.5655517578125,223.27000427246094,74.36187744140625,108.92442321777344
2024-08-22,223.27342224121094,398.3505859375,155.0968475341797,209.90036010742188,471.0313720703125,546.2444458007812,210.66000366210938,74.69790649414062,109.76636505126953
2024-08-23,225.57049560546875,402.60296630859375,156.7973175048828,211.52816772460938,476.1399841308594,552.0484619140625,220.32000732421875,74.8165054321289,111.28756713867188
2024-08-26,225.90859985351562,403.47308349609375,157.25587463378906,212.3614501953125,471.5174560546875,550.7324829101562,213.2100067138672,75.14265441894531,113.66984558105469
2024-08-27,226.7538299560547,403.6393127441406,156.85159301757812,213.3400421142578,472.926025390625,551.4886474609375,209.2100067138672,75.24149322509766,112.58873748779297
2024-08-28,225.22247314453125,402.1239929199219,157.78526306152344,214.4155731201172,467.55950927734375,548.287109375,205.75,75.19207000732422,111.47891998291016
2024-08-29,228.50399780273438,404.63641357421875,158.0836639404297,215.3070068359375,466.87506103515625,548.336181640625,206.27999877929688,75.52810668945312,113.0192642211914
2024-08-30,227.7184295654297,406.8848876953125,159.65267944335938,217.8165740966797,472.43994140625,553.5706787109375,214.11000061035156,76.32865142822266,112.83747863769531
2024-09-03,221.52330017089844,401.0584716796875,160.90403747558594,213.4563446044922,458.09625244140625,542.1787109375,210.60000610351562,76.26934814453125,110.47435760498047
2024-09-04,219.61402893066406,401.22467041015625,161.09654235839844,212.51646423339844,456.9058837890625,541.0689697265625,219.41000366210938,76.3385238647461,109.12533569335938
2024-09-05,221.1354522705078,399.30853271484375,158.81524658203125,210.86929321289062,457.3324279785156,539.7529296875,230.1699981689453,76.06179809570312,108.27384948730469
2024-09-06,219.58421325683594,395.4079284667969,158.22808837890625,205.85989379882812,445.0817565917969,530.6688232421875,210.72999572753906,75.74553680419922,107.76678466796875
2024-09-09,219.67369079589844,399.8852844238281,160.37461853027344,210.0747528076172,450.80535888671875,536.6103515625,216.27000427246094,76.43737030029297,110.03424072265625
2024-09-10,218.878173828125,399.113037109375,161.11578369140625,199.1742401123047,454.9715576171875,538.9476318359375,226.1699981689453,77.89021301269531,106.02552032470703
2024-09-11,221.4138946533203,400.1004333496094,158.65159606933594,200.79234313964844,464.85150146484375,544.4767456054688,228.1300048828125,77.91986083984375,104.97311401367188
2024-09-12,221.52330017089844,402.7398986816406,158.47833251953125,200.18194580078125,469.41448974609375,549.06298828125,229.80999755859375,78.73028564453125,106.41778564453125
2024-09-13,221.2548065185547,405.6434020996094,159.3253936767578,197.97276306152344,471.5174560546875,551.9306030273438,230.2899932861328,79.65931701660156,106.34124755859375
2024-09-16,215.10939025878906,408.0286560058594,160.74038696289062,201.4027862548828,469.434326171875,552.7457885742188,226.77999877929688,79.61978149414062,107.83375549316406
2024-09-17,215.5767364501953,407.911376953125,160.81739807128906,202.74960327148438,469.68231201171875,552.9715576171875,227.8699951171875,77.68265533447266,109.24015808105469
2024-09-18,219.45492553710938,406.8653564453125,159.93182373046875,201.08303833007812,467.6488037109375,551.3316040039062,227.1999969482422,78.10763549804688,109.62284851074219
2024-09-19,227.58912658691406,411.9683532714844,158.65159606933594,203.94139099121094,479.4729309082031,560.7396240234375,243.9199981689453,77.12918853759766,110.98141479492188
2024-09-20,226.9228973388672,412.368408203125,158.01629638671875,204.53244018554688,478.5603332519531,559.7704467773438,238.25,78.13729095458984,110.28298950195312
2024-09-23,225.20257568359375,412.89788818359375,157.11148071289062,204.87156677246094,479.8288269042969,561.169189453125,250.0,79.39246368408203,112.28258514404297
2024-09-24,226.09754943847656,413.8980407714844,156.68795776367188,205.0168914794922,482.1433410644531,562.77490234375,254.27000427246094,79.72850036621094,111.98599243164062
2024-09-25,225.10311889648438,410.9466857910156,154.5895538330078,203.66041564941406,482.5903625488281,561.53369140625,257.0199890136719,80.44998168945312,109.80462646484375
2024-09-26,226.24668884277344,413.39794921875,155.3499755859375,203.26315307617188,486.2160949707031,563.760009765625,254.22000122070312,78.98725891113281,107.91986846923828
2024-09-27,226.51516723632812,414.7020263671875,155.35958862304688,203.9607696533203,483.5141906738281,562.9423217773438,260.4599914550781,78.84888458251953,110.8092041015625
2024-09-30,231.696044921875,414.8687438964844,155.99488830566406,204.30958557128906,484.8254089355469,565.1981811523438,261.6300048828125,79.80757141113281,112.14863586425781
2024-10-01,224.9440460205078,413.2803649902344,155.92752075195312,200.60824584960938,478.0705871582031,560.1348876953125,258.0199890136719,80.32149505615234,114.74138641357422
2024-10-02,225.51083374023438,413.682373046875,155.13821411132812,200.85047912597656,478.74609375,560.3712158203125,249.02000427246094,79.4913101196289,116.2625961303711
2024-10-03,224.40704345703125,411.7900085449219,154.49327087402344,198.85450744628906,478.3884582519531,559.3468017578125,240.66000366210938,79.4913101196289,117.2767333984375
2024-10-04,225.53073120117188,415.1531066894531,154.2911376953125,205.91258239746094,484.0804138183594,564.4298095703125,250.0800018310547,79.99535369873047,119.42940521240234
2024-10-07,220.44932556152344,411.4272155761719,153.55958557128906,205.62985229492188,478.8951110839844,559.3270874023438,240.8300018310547,78.17681884765625,119.94602966308594
2024-10-08,224.50648498535156,412.593994140625,153.71359252929688,205.45437622070312,486.0472412109375,564.616943359375,244.5,78.77970123291016,116.76010131835938
2024-10-09,228.25540161132812,416.7610168457031,154.63766479492188,208.05728149414062,489.8716125488281,568.5277709960938,241.0500030517578,79.4616470336914,116.80792999267578
2024-10-10,227.75819396972656,416.3787536621094,154.50289916992188,207.49185180664062,489.3153381347656,567.5328369140625,238.77000427246094,78.68087005615234,117.81250762939453
2024-10-11,226.2765350341797,420.3692626953125,155.4173583984375,216.7043914794922,490.0802307128906,570.9312744140625,217.8000030517578,79.1651382446289,118.26217651367188
2024-10-14,230.00555419921875,422.4872131347656,155.55210876464844,215.91473388671875,494.1927185058594,575.6006469726562,219.16000366210938,79.35294342041016,118.71185302734375
2024-10-15,232.54129028320312,419.2025451660156,157.95852661132812,216.80189514160156,487.5869445800781,571.1283569335938,219.57000732421875,80.69706726074219,115.1432113647461
2024-10-16,230.4828338623047,422.320556640625,158.13180541992188,218.02049255371094,487.6465148925781,573.6107177734375,221.3300018310547,80.27207946777344,115.43981170654297
2024-10-17,230.8507843017578,424.016845703125,158.314697265625,218.7808837890625,487.9842529296875,573.6599731445312,220.88999938964844,79.94593048095703,115.1432113647461
2024-10-18,233.684814453125,424.3493347167969,158.94036865234375,219.70700073242188,491.182861328125,575.8666381835938,220.6999969482422,80.36102294921875,114.81793212890625
2024-10-21,235.15655517578125,421.1419372558594,156.736083984375,217.3965606689453,492.1265869140625,574.9208984375,218.85000610351562,79.86686706542969,114.88489532470703
2024-10-22,234.54005432128906,421.08306884765625,157.33287048339844,218.4884033203125,492.6629333496094,574.615478515625,217.97000122070312,81.062744140625,115.47807312011719
2024-10-23,229.4685516357422,417.0125732421875,159.65267944335938,217.7962646484375,485.11346435546875,569.3650512695312,213.64999389648438,82.29814910888672,115.06668090820312
2024-10-24,229.27964782714844,415.6590576171875,157.5446319580078,219.32681274414062,489.04718017578125,570.596435546875,260.4800109863281,82.07083892822266,114.41609191894531
2024-10-25,230.1149444580078,413.06964111328125,154.8590545654297,216.72389221191406,492.0272216796875,570.3992919921875,269.19000244140625,81.54702758789062,114.32042694091797
2024-10-28,232.09378051757812,415.94354248046875,155.55210876464844,219.83375549316406,492.106689453125,572.1627197265625,262.510009765625,81.78423309326172,113.75594329833984
2024-10-29,232.36227416992188,414.4035949707031,154.09860229492188,217.299072265625,496.83502197265625,573.0886840820312,259.5199890136719,80.7464828491211,112.20603942871094
2024-10-30,228.812255859375,413.66796875,154.59915161132812,218.77113342285156,493.0801696777344,571.35498046875,257.54998779296875,80.44009399414062,111.64156341552734
2024-10-31,224.6457061767578,409.66619873046875,153.87722778320312,216.3436737060547,480.6334533691406,560.1546020507812,249.85000610351562,80.99356079101562,111.72767639160156
2024-11-01,221.66250610351562,412.36346435546875,154.13710021972656,217.3380889892578,484.18963623046875,562.518798828125,248.97999572753906,81.23076629638672,109.97683715820312
2024-11-04,220.7675323486328,410.03887939453125,152.31785583496094,214.25747680664062,482.77911376953125,561.30712890625,242.83999633789062,81.48771667480469,113.47850036621094
2024-11-05,222.19947814941406,414.2073974609375,152.42373657226562,215.9245147705078,488.9378967285156,568.0943603515625,251.44000244140625,82.70337677001953,113.81336212158203
2024-11-06,221.47357177734375,428.8513488769531,151.97134399414062,240.85198974609375,502.2190246582031,582.2202758789062,288.5299987792969,82.46617889404297,115.76509094238281
2024-11-07,226.2069091796875,429.0082092285156,150.86436462402344,230.4403533935547,510.1260681152344,586.7221069335938,296.9100036621094,82.87139129638672,115.90862274169922
2024-11-08,225.93814086914062,431.6761169433594,149.6515350341797,231.0252685546875,510.7220764160156,589.263671875,321.2200012207031,83.83995819091797,115.8703384399414
2024-11-11,223.22042846679688,434.52056884765625,149.23760986328125,233.27723693847656,510.4241027832031,589.8251953125,350.0,83.22718048095703,115.25802612304688
2024-11-12,223.22042846679688,430.9698791503906,146.92742919921875,233.54046630859375,509.5002746582031,587.992919921875,328.489990234375,83.99807739257812,115.1432113647461
2024-11-13,224.1063995361328,431.38189697265625,147.50498962402344,235.10025024414062,508.84466552734375,588.2786254882812,330.239990234375,84.50213623046875,116.21476745605469
2024-11-14,227.19247436523438,429.3123779296875,146.18626403808594,235.79238891601562,505.308349609375,584.4957885742188,311.17999267578125,83.48414611816406,116.29192352294922
2024-11-15,223.98696899414062,426.442626953125,148.23654174804688,239.1459503173828,493.2689208984375,577.0092163085938,320.7200012207031,83.26671600341797,115.086181640625
2024-11-18,226.99337768554688,426.1285705566406,148.9777374267578,238.8730010986328,496.6959533691406,579.3734741210938,338.739990234375,83.09870147705078,116.05078125
2024-11-19,227.25218200683594,424.8036193847656,147.27395629882812,236.98175048828125,500.11309814453125,581.4913330078125,346.0,85.58929443359375,114.43025207519531
2024-11-20,227.96896362304688,426.2267150878906,147.37985229492188,234.7297821044922,499.8250427246094,581.6884155273438,342.0299987792969,86.16252899169922,116.06043243408203
2024-11-21,227.49111938476562,430.81982421875,149.68038940429688,238.6097869873047,501.62298583984375,584.8110961914062,339.6400146484375,87.3583984375,117.6134262084961
2024-11-22,228.83502197265625,434.9320373535156,149.3627471923828,242.30455017089844,502.4276428222656,586.6236572265625,352.55999755859375,89.38447570800781,117.47838592529297
2024-11-25,231.82151794433594,439.250244140625,149.94993591308594,244.0008087158203,503.2222900390625,588.6134643554688,338.5899963378906,88.4554443359375,115.72282409667969
2024-11-26,234.00167846679688,440.5458068847656,149.93052673339844,243.68887329101562,505.9242248535156,591.6869506835938,338.2300109863281,90.24431610107422,113.79362487792969
2024-11-27,233.8722381591797,439.42694091796875,150.78436279296875,243.5133819580078,501.9408264160156,589.89404296875,332.8900146484375,90.80767059326172,113.49459838867188
2024-11-29,236.26145935058594,441.7333679199219,150.4059600830078,243.4451446533203,506.351318359375,593.5585327148438,345.1600036621094,91.42042541503906,113.78398132324219
2024-12-02,238.51126098632812,440.40838623046875,150.20220947265625,240.06234741210938,511.8644104003906,594.6224975585938,357.0899963378906,91.55880737304688,113.67786407470703
2024-12-03,241.5574951171875,439.57415771484375,147.83468627929688,238.66827392578125,513.433837890625,594.8982543945312,351.4200134277344,92.41865539550781,113.50424194335938
2024-12-04,241.91587829589844,442.567626953125,146.0008087158203,237.28395080566406,519.781494140625,598.59228515625,357.92999267578125,93.34766387939453,110.2342529296875
2024-12-05,241.94573974609375,440.3397216796875,145.0790252685547,239.3116912841797,518.341064453125,597.6072387695312,369.489990234375,94.18775177001953,110.71656036376953
2024-12-06,241.74664306640625,438.8478698730469,144.875244140625,241.1444549560547,522.9800415039062,598.7401123046875,389.2200012207031,94.58308410644531,109.54939270019531
2024-12-09,245.63902282714844,436.81634521484375,145.1566619873047,237.68365478515625,518.9072875976562,595.65673828125,389.7900085449219,92.73490905761719,108.90311431884766
2024-12-10,246.65443420410156,435.4521484375,144.79762268066406,236.75753784179688,517.13916015625,593.8048095703125,400.989990234375,93.4465103149414,108.6812515258789
2024-12-11,245.38021850585938,434.2940673828125,142.28456115722656,237.41067504882812,526.397216796875,598.3953247070312,424.7699890136719,93.85172271728516,107.95780181884766
2024-12-12,246.8435821533203,432.0956115722656,141.89645385742188,235.4609375,522.9998779296875,595.31201171875,418.1000061035156,92.99187469482422,107.86134338378906
2024-12-13,247.01283264160156,431.21240234375,142.26515197753906,233.910888671875,527.0031127929688,595.19384765625,436.2300109863281,93.35639190673828,106.9160385131836
2024-12-16,249.90969848632812,430.2308349609375,139.57745361328125,233.55995178222656,534.59228515625,597.7352294921875,463.0199890136719,93.97052001953125,104.62994384765625
2024-12-17,252.33872985839844,427.48297119140625,142.0614013671875,232.37060546875,532.2380981445312,595.2725830078125,479.8599853515625,94.51529693603516,104.18623352050781
2024-12-18,246.9331817626953,416.3436584472656,140.45069885253906,224.58135986328125,513.03662109375,577.5313720703125,440.1300048828125,92.66303253173828,102.65251159667969
2024-12-19,248.6653289794922,416.6479187011719,139.3154754638672,227.10629272460938,510.7518615722656,577.35400390625,436.1700134277344,92.51445770263672,101.77473449707031
2024-12-20,253.34417724609375,421.7985534667969,140.17901611328125,231.62969970703125,515.2120361328125,584.2886352539062,421.05999755859375,91.36544799804688,102.12198638916016
2024-12-23,254.12066650390625,422.1430969238281,140.95526123046875,232.3998565673828,520.2315673828125,587.7875366210938,430.6000061035156,89.49336242675781,102.53677368164062
2024-12-24,257.0375061035156,425.6963195800781,141.51803588867188,236.22134399414062,527.2858276367188,594.32080078125,462.2799987792969,91.80127716064453,102.63322448730469
2024-12-26,257.853759765625,426.3950500488281,141.25604248046875,237.03048706054688,526.9276733398438,594.3603515625,454.1300048828125,91.91023254394531,102.72003173828125
2024-12-27,254.439208984375,423.2355651855469,140.74179077148438,235.1099853515625,519.9231567382812,588.1038208007812,431.6600036621094,90.79095458984375,102.71038818359375
2024-12-30,251.0644989013672,419.0721435546875,139.08258056640625,233.30650329589844,513.0082397460938,581.3926391601562,417.4100036621094,89.71127319335938,102.0158920288086
2024-12-31,249.29251098632812,418.806396484375,140.32455444335938,233.6866912841797,508.6502990722656,579.2774047851562,403.8399963378906,89.49336242675781,103.76180267333984
2025-01-02,242.75210571289062,417.1332092285156,139.74237060546875,233.96937561035156,507.6553955078125,577.8541870117188,379.2799987792969,89.14668273925781,103.5110092163086
2025-01-03,242.26431274414062,420.44036865234375,139.90733337402344,237.16696166992188,515.9632568359375,585.0792846679688,410.44000244140625,89.91928100585938,104.04153442382812
2025-01-06,243.89691162109375,420.41070556640625,139.39306640625,236.01068115234375,521.8931884765625,588.44970703125,411.04998779296875,90.56312561035156,103.92578125
2025-01-07,241.11947631835938,418.6391296386719,141.88674926757812,238.2840576171875,512.5803833007812,581.7978515625,394.3599853515625,89.94900512695312,104.90003204345703
2025-01-08,241.60726928710938,419.4264831542969,138.04437255859375,238.244873046875,512.6699829101562,582.6478271484375,394.94000244140625,90.92961883544922,103.14446258544922
2025-01-10,235.78363037109375,412.73345947265625,137.84059143066406,235.05035400390625,504.6307373046875,573.7523193359375,394.739990234375,92.11824035644531,102.76827239990234
2025-01-13,233.3446502685547,416.306396484375,140.17901611328125,239.3031768798828,503.00897216796875,574.6419067382812,403.30999755859375,90.66217803955078,105.42091369628906
2025-01-14,232.22967529296875,418.4619140625,140.45069885253906,242.49766540527344,502.5313415527344,575.4326171875,396.3599853515625,89.92919921875,105.83570098876953
2025-01-15,236.79901123046875,425.4403991699219,140.66416931152344,247.27963256835938,514.0927124023438,585.8997802734375,428.2200012207031,90.4739761352539,107.56232452392578
2025-01-16,227.23228454589844,424.7710876464844,143.38101196289062,249.16104125976562,510.4909973144531,584.7728881835938,413.82000732421875,90.43436431884766,107.37904357910156
2025-01-17,228.9445343017578,428.0420227050781,142.66297912597656,253.95278930664062,519.1073608398438,590.6439819335938,426.5,91.06829833984375,108.34363555908203
2025-01-21,221.6375732421875,433.33941650390625,143.7497100830078,257.7449951171875,522.15185546875,596.0504760742188,424.07000732421875,92.19747924804688,107.52373504638672
2025-01-22,222.82223510742188,434.50128173828125,140.95526123046875,257.558837890625,528.8280029296875,599.401123046875,415.1099853515625,92.34606170654297,105.65241241455078
2025-01-23,222.6529998779297,438.53826904296875,142.28456115722656,260.6063537597656,529.9523315429688,602.6727294921875,412.3800048828125,92.9205551147461,106.25047302246094
2025-01-24,221.77694702148438,437.297607421875,142.45921325683594,259.5186767578125,526.9574584960938,600.913330078125,406.5799865722656,93.86155700683594,104.81321716308594
2025-01-27,228.82508850097656,440.2514953613281,148.34893798828125,260.50836181640625,511.61529541015625,592.4131469726562,397.1499938964844,96.47651672363281,106.26976013183594
2025-01-28,237.187255859375,441.5217590332031,145.91348266601562,261.7724609375,519.1769409179688,597.5034790039062,398.0899963378906,96.3675765991211,104.21516418457031
2025-01-29,238.2823028564453,440.3106994628906,146.66061401367188,261.2236633300781,518.2019653320312,594.8248901367188,389.1000061035156,96.5755844116211,104.82286834716797
2025-01-30,236.52027893066406,441.92547607421875,148.3295135498047,262.840576171875,520.4107055664062,598.017333984375,400.2799987792969,97.71467590332031,105.69100189208984
2025-01-31,234.93743896484375,438.5481872558594,147.6309051513672,261.92919921875,519.6544799804688,594.8347778320312,404.6000061035156,97.22933197021484,103.04800415039062
2025-02-03,226.98341369628906,437.4452819824219,147.35923767089844,261.4490661621094,515.4955444335938,590.831787109375,383.67999267578125,98.59623718261719,103.29879760742188
2025-02-04,231.75186157226562,438.6860046386719,148.9311065673828,262.556396484375,521.823486328125,594.7952270507812,392.2099914550781,99.81456756591797,106.06719207763672
2025-02-05,231.42332458496094,441.7777099609375,150.09547424316406,264.9963073730469,524.1914672851562,597.206787109375,378.1700134277344,101.4885482788086,105.99002838134766
2025-02-06,232.16995239257812,440.48785400390625,148.9505157470703,271.3363342285156,526.9276733398438,599.2825317382812,374.32000732421875,101.87484741210938,104.59135437011719
2025-02-07,226.60513305664062,436.31298828125,148.5720977783203,270.2584533691406,520.2813110351562,593.7969360351562,361.6199951171875,100.19096374511719,105.03507232666016
2025-02-10,226.8741912841797,437.9475402832031,149.65884399414062,265.5941162109375,526.579345703125,597.8295288085938,350.7300109863281,101.94418334960938,107.04143524169922
2025-02-11,231.82725524902344,439.2570495605469,151.49270629882812,269.4647216796875,525.3257446289062,598.2842407226562,328.5,101.49845123291016,107.71665954589844
2025-02-12,236.06277465820312,436.8151550292969,150.64852905273438,269.91552734375,525.6340942382812,596.3568725585938,336.510009765625,102.62764739990234,104.47581481933594
2025-02-13,240.70689392089844,440.38946533203125,152.5794219970703,270.76800537109375,533.1958618164062,602.6529541015625,355.94000244140625,104.05399322509766,105.23492431640625
2025-02-14,243.7664337158203,438.9419250488281,151.51211547851562,271.0325622558594,535.4345703125,602.623291015625,355.8399963378906,103.05357360839844,105.34198760986328
2025-02-18,243.6368865966797,439.0699768066406,151.59036254882812,274.3251037597656,536.6483154296875,604.3924560546875,354.1099853515625,102.79602813720703,107.19111633300781
2025-02-19,244.03550720214844,439.80841064453125,154.42674255371094,273.6391296386719,536.7975463867188,605.8157958984375,360.55999755859375,103.01394653320312,107.34683227539062
2025-02-20,244.9922637939453,435.5942687988281,156.17745971679688,261.43927001953125,534.51904296875,603.2954711914062,354.3999938964844,96.28832244873047,109.00131225585938
2025-02-21,244.71319580078125,428.1185607910156,158.74000549316406,258.9306945800781,523.4253540039062,592.9766235351562,337.79998779296875,93.8813705444336,107.72639465332031
2025-02-24,246.25791931152344,428.4932861328125,160.14842224121094,256.0889892578125,517.2467041015625,590.2783203125,330.5299987792969,92.7818832397461,108.29085540771484
2025-02-25,246.1981201171875,430.071044921875,162.44686889648438,252.2281494140625,510.7297668457031,587.3427734375,302.79998779296875,96.76377868652344,106.7920913696289
2025-02-26,239.5408935546875,428.3059387207031,159.50291442871094,253.5902099609375,511.9635314941406,587.6392211914062,290.79998779296875,95.28789520263672,106.52931213378906
2025-02-27,236.49131774902344,426.3435974121094,160.1386260986328,253.84495544433594,497.7456359863281,578.2593994140625,281.95001220703125,95.87230682373047,107.20084381103516
2025-02-28,241.01583862304688,432.2799377441406,161.4003448486328,259.3324890136719,505.60577392578125,587.283447265625,292.9800109863281,97.67505645751953,108.34925079345703
2025-03-03,237.21881103515625,426.0871276855469,163.6107635498047,255.3834686279297,494.5418701171875,576.9942626953125,284.6499938964844,96.66471862792969,104.87483978271484
2025-03-04,235.1259765625,419.65777587890625,161.79156494140625,245.22181701660156,493.0494384765625,570.1644897460938,272.0400085449219,94.06956481933594,104.66072845458984
2025-03-05,234.93663024902344,424.4897155761719,161.49813842773438,246.47610473632812,499.47686767578125,576.29248046875,279.1000061035156,95.06999206542969,102.61695861816406
2025-03-06,234.5280303955078,419.983154296875,162.19256591796875,241.58633422851562,485.736572265625,566.0626220703125,263.45001220703125,93.74269104003906,104.73858642578125
2025-03-07,238.2552947998047,422.3103942871094,163.03372192382812,237.41195678710938,489.3084411621094,569.2353515625,262.6700134277344,90.85037994384766,106.10108947753906
2025-03-10,226.70477294921875,413.6622009277344,164.02154541015625,227.5540771484375,470.3446044921875,554.073486328125,222.14999389648438,86.98735046386719,108.80667114257812
2025-03-11,220.08740234375,408.9781799316406,162.22190856933594,224.5359649658203,469.22027587890625,549.467529296875,230.5800018310547,86.6109619140625,106.23735809326172
2025-03-12,216.2405548095703,408.19915771484375,159.27793884277344,223.32086181640625,474.51348876953125,552.3832397460938,248.08999633789062,84.39219665527344,106.20816040039062
2025-03-13,208.96542358398438,403.10107421875,159.41488647460938,220.66534423828125,465.97674560546875,545.019775390625,240.67999267578125,83.6988296508789,105.76046752929688
2025-03-14,212.762451171875,409.589599609375,159.2388153076172,227.76966857910156,477.2396240234375,556.2775268554688,249.97999572753906,84.540771484375,108.90399169921875
2025-03-17,213.27072143554688,413.3861389160156,159.26815795898438,229.229736328125,480.3338928222656,560.567138671875,238.00999450683594,86.63076782226562,110.71420288085938
2025-03-18,211.96519470214844,410.74334716796875,160.64723205566406,230.24880981445312,472.14544677734375,554.5083618164062,225.30999755859375,84.77848815917969,110.59740447998047
2025-03-19,214.50648498535156,414.57928466796875,159.41488647460938,234.30564880371094,478.46343994140625,560.54736328125,235.86000061035156,85.51148986816406,112.32002258300781
2025-03-20,213.37039184570312,414.283447265625,159.4442138671875,234.20765686035156,476.8416442871094,558.9264526367188,236.25999450683594,84.99641418457031,112.7968978881836
2025-03-21,217.52618408203125,414.580810546875,160.0408477783203,236.77500915527344,478.4136657714844,559.11083984375,248.7100067138672,85.39867401123047,112.40760040283203
2025-03-24,219.977783203125,420.38031005859375,159.70828247070312,243.0758056640625,488.91217041015625,569.1236572265625,278.3900146484375,86.8984603881836,112.69957733154297
2025-03-25,222.9875030517578,420.7064208984375,157.4880828857422,246.08412170410156,491.7021789550781,570.4917602539062,288.1400146484375,84.18692779541016,113.46841430664062
2025-03-26,220.77505493164062,419.135498046875,158.1727294921875,245.9861602783203,482.6545104980469,563.6810302734375,272.05999755859375,84.63388061523438,115.10343933105469
2025-03-27,223.087158203125,417.8609619140625,159.5518035888672,243.13461303710938,479.90435791015625,562.18408203125,273.1300048828125,85.05104064941406,114.73361206054688
2025-03-28,217.1574249267578,410.6288146972656,160.11907958984375,237.9705047607422,467.26953125,550.8626708984375,263.54998779296875,84.57428741455078,114.5779037475586
2025-03-31,221.37301635742188,414.8377685546875,162.20236206054688,240.37127685546875,467.24957275390625,554.5604858398438,259.1600036621094,87.19644165039062,115.74576568603516
2025-04-01,222.42941284179688,414.5511779785156,149.88851928710938,238.76422119140625,471.01611328125,556.1267700195312,268.4599914550781,88.22940826416016,115.85282897949219
2025-04-02,223.1270294189453,416.9619140625,151.9522247314453,240.88084411621094,474.4538269042969,559.6461791992188,282.760009765625,89.15311431884766,115.49272155761719
2025-04-03,202.49754333496094,400.3537292480469,156.3144073486328,224.09500122070312,449.05462646484375,532.06640625,267.2799987792969,86.6700210571289,109.41980743408203
2025-04-04,187.738037109375,378.6179504394531,149.8787384033203,207.32411193847656,421.16436767578125,500.9176330566406,239.42999267578125,82.6275405883789,101.54640197753906
2025-04-07,180.84161376953125,375.0118103027344,147.31619262695312,211.42564392089844,422.1806945800781,500.025390625,233.2899932861328,83.26321411132812,100.18388366699219
2025-04-08,171.8323974609375,371.9588928222656,146.70980834960938,213.82147216796875,414.5778503417969,492.1936340332031,221.86000061035156,81.23699951171875,98.07198333740234
2025-04-09,198.17234802246094,401.20343017578125,147.65853881835938,231.0458984375,464.3399963378906,543.8834838867188,272.20001220703125,88.99419403076172,102.96731567382812
2025-04-10,189.7710723876953,390.92828369140625,145.4285430908203,223.91754150390625,444.590576171875,520.0510864257812,252.39999389648438,89.99736785888672,97.25447845458984
2025-04-11,197.47471618652344,397.0835266113281,148.40185546875,232.87974548339844,452.78131103515625,529.3302001953125,252.30999755859375,92.17256927490234,100.37853240966797
2025-04-14,201.82984924316406,400.5513610839844,150.9741668701172,231.42054748535156,455.850341796875,534.4654541015625,252.35000610351562,94.08951568603516,100.62184143066406
2025-04-15,201.4511260986328,398.8618469238281,150.25039672851562,229.85292053222656,456.3584899902344,532.9684448242188,254.11000061035156,93.33465576171875,100.339599609375
2025-04-16,193.6079559326172,392.0052490234375,150.5340576171875,226.3824005126953,442.59771728515625,521.1217041015625,241.5500030517578,90.57344818115234,101.40042114257812
2025-04-17,196.3087158203125,386.85223388671875,154.01596069335938,228.69937133789062,442.51800537109375,521.8651733398438,241.3699951171875,92.5897216796875,104.05731964111328
2025-04-21,192.50173950195312,377.22442626953125,153.47801208496094,225.77110290527344,431.5671081542969,509.443359375,227.5,91.78520202636719,102.52935791015625
2025-04-22,199.059326171875,387.35638427734375,154.28981018066406,232.27833557128906,442.89666748046875,522.697998046875,237.97000122070312,94.20870208740234,105.40038299560547
2025-04-23,203.9027557373047,391.3498840332031,151.9718017578125,237.4939727783203,452.94073486328125,530.79736328125,250.74000549316406,94.31795501708984,104.49527740478516
2025-04-24,207.65989685058594,396.3614501953125,151.53164672851562,241.20111083984375,465.6851806640625,541.9701538085938,259.510009765625,95.19200134277344,105.7215347290039
2025-04-25,208.56680297851562,396.4010009765625,151.18934631347656,240.12644958496094,470.8766174316406,545.885986328125,284.95001220703125,94.44707489013672,105.66314697265625
2025-04-28,209.4238739013672,397.6365966796875,151.9424591064453,239.80108642578125,470.7271423339844,546.0941772460938,285.8800048828125,94.5761947631836,105.7215347290039
2025-04-29,210.490234375,400.542724609375,152.49017333984375,241.181396484375,473.8360290527344,549.5341796875,292.0299987792969,95.39065551757812,105.45877838134766
2025-04-30,211.7758331298828,401.65972900390625,152.8813934326172,241.181396484375,473.7762145996094,549.7523803710938,282.1600036621094,96.59246826171875,102.80186462402344
2025-05-01,212.59304809570312,402.72735595703125,151.07199096679688,243.4194793701172,479.9640808105469,553.6483764648438,280.5199890136719,96.75139617919922,102.94784545898438
2025-05-02,204.65020751953125,408.2825622558594,152.695556640625,248.96047973632812,487.0886535644531,561.8668212890625,287.2099914550781,98.08232879638672,103.3663330078125
2025-05-05,198.21221923828125,407.5115661621094,151.60012817382812,249.00979614257812,484.198974609375,558.6448974609375,280.260009765625,98.65841674804688,100.50505065917969
2025-05-06,197.83351135253906,403.53790283203125,151.08175659179688,245.74630737304688,479.6950988769531,553.9755249023438,275.3500061035156,97.8836898803711,101.906494140625
2025-05-07,195.58120727539062,406.3154602050781,153.8496856689453,245.8843536376953,481.5783386230469,556.3052978515625,276.2200012207031,98.16179656982422,101.8091812133789
2025-05-08,196.81698608398438,409.1129150390625,152.2456512451172,249.90699768066406,486.55059814453125,560.1815185546875,284.82000732421875,96.77125549316406,103.23008728027344
2025-05-09,197.8534393310547,407.6697692871094,150.8372344970703,249.52249145507812,486.231689453125,559.4677734375,298.260009765625,96.29833221435547,104.43688201904297
2025-05-12,210.34713745117188,419.34368896484375,150.75900268554688,256.3945007324219,506.0409240722656,577.9567260742188,318.3800048828125,96.32820129394531,106.23735809326172
2025-05-13,212.48263549804688,416.6549987792969,145.1840362548828,259.3128967285156,513.7533569335938,581.7734985351562,334.07000732421875,95.46198272705078,106.52931213378906
2025-05-14,211.88389587402344,415.70611572265625,143.14964294433594,261.90594482421875,516.832275390625,582.5170288085938,347.67999267578125,96.40784454345703,105.5755615234375
2025-05-15,211.00575256347656,418.6023254394531,146.328369140625,263.72991943359375,517.4003295898438,585.3622436523438,342.82000732421875,95.929931640625,106.64614868164062
2025-05-16,210.81614685058594,421.9577941894531,148.01065063476562,263.7989196777344,519.6522827148438,589.0699462890625,349.9800109863281,97.81169128417969,106.26309967041016
2025-05-19,208.3413543701172,423.43182373046875,149.1451873779297,261.1566162109375,520.1504516601562,589.7142944335938,342.0899963378906,97.69222259521484,104.57372283935547
2025-05-20,206.42539978027344,422.3732604980469,150.28952026367188,261.9453430175781,518.4166870117188,587.7315673828125,343.82000732421875,97.37362670898438,103.08079528808594
2025-05-21,201.6654052734375,414.24176025390625,149.82005310058594,257.3705749511719,511.2123718261719,577.827880859375,334.6199951171875,96.00959014892578,101.81377410888672
2025-05-22,200.9369354248047,414.31103515625,149.26255798339844,257.00579833984375,512.1690063476562,578.0558471679688,341.0400085449219,95.51176452636719,101.13606262207031
2025-05-23,194.85975646972656,411.8478088378906,149.58531188964844,257.04522705078125,507.4259338378906,574.1102294921875,339.3399963378906,95.91998291015625,101.19499206542969
2025-05-27,199.78936767578125,419.2868957519531,151.17349243164062,261.56085205078125,519.3632202148438,586.0463256835938,362.8900146484375,97.15457916259766,101.67626190185547
2025-05-28,199.99891662597656,416.8830261230469,150.36459350585938,259.7861328125,517.0614624023438,582.65576171875,356.8999938964844,96.81605529785156,100.2913818359375
2025-05-29,199.5299072265625,417.9118347167969,151.4990234375,260.6537780761719,518.077880859375,584.9557495117188,358.42999267578125,96.67666625976562,100.86105346679688
2025-05-30,200.4280242919922,418.29766845703125,153.10694885253906,260.2889709472656,517.2607421875,584.3014526367188,346.4599914550781,98.28960418701172,100.4780044555664
2025-06-02,201.27622985839844,419.1484069824219,153.2943572998047,260.939697265625,521.3462524414062,587.5928344726562,342.69000244140625,99.33502197265625,101.21463775634766
2025-06-03,202.84292602539062,421.42364501953125,152.32763671875,262.52703857421875,525.4215698242188,590.9436645507812,344.2699890136719,99.54411315917969,101.95128631591797
2025-06-04,202.39389038085938,420.36517333984375,151.14390563964844,260.5058898925781,526.8863525390625,590.7849731445312,332.04998779296875,98.91685485839844,100.4780044555664
2025-06-05,200.20849609375,419.40557861328125,151.57794189453125,258.267822265625,522.9205322265625,587.9298095703125,284.70001220703125,97.53292083740234,100.01637268066406
2025-06-06,203.49156188964844,423.7680969238281,152.92938232421875,261.9946594238281,528.0322875976562,593.96728515625,295.1400146484375,97.04505920410156,102.41291046142578
2025-06-09,201.02676391601562,423.748291015625,153.1266632080078,262.9904479980469,528.8095092773438,594.5026245117188,308.5799865722656,97.02513885498047,103.1004409790039
2025-06-10,202.2441864013672,424.9848327636719,154.33013916015625,264.8243408203125,532.3070678710938,597.873291015625,326.0899963378906,96.89571380615234,105.31037139892578
2025-06-11,198.36236572265625,424.9749755859375,153.15625,264.3806457519531,530.513427734375,596.1681518554688,326.42999267578125,95.38233947753906,107.36314392089844
2025-06-12,198.78147888183594,425.8553771972656,154.53729248046875,264.4693603515625,531.7589111328125,598.5374755859375,319.1099853515625,94.41656494140625,107.77566528320312
2025-06-13,196.03726196289062,418.258056640625,154.97132873535156,261.2256164550781,525.0828857421875,591.8457641601562,325.30999755859375,94.02826690673828,110.12310028076172
2025-06-16,198.0031280517578,421.69073486328125,153.11680603027344,266.5595397949219,532.3866577148438,597.4766845703125,329.1300048828125,93.87891387939453,110.47669219970703
2025-06-17,195.2289581298828,418.5548095703125,150.31529235839844,265.7313537597656,527.1953125,592.3711547851562,316.3500061035156,93.83909606933594,111.96961212158203
2025-06-18,196.16697692871094,418.2877502441406,148.68763732910156,270.1089782714844,527.1055908203125,592.281982421875,322.04998779296875,94.67543029785156,111.17404174804688
2025-06-20,200.57769775390625,418.40576171875,147.7603759765625,271.13433837890625,524.9532470703125,590.8909301757812,322.1600036621094,95.7009506225586,112.65714263916016
2025-06-23,201.07666015625,422.33428955078125,149.2696533203125,274.3583984375,530.3511352539062,596.7274780273438,348.67999267578125,97.44331359863281,109.74986267089844
2025-06-24,199.87918090820312,427.36395263671875,150.12786865234375,277.3063659667969,538.4612426757812,603.3196411132812,340.4700012207031,97.57274627685547,106.4104232788086
2025-06-25,201.13653564453125,426.44134521484375,150.21664428710938,280.0669860839844,539.8377685546875,603.65771484375,327.54998779296875,96.83597564697266,106.43988800048828
2025-06-26,200.57769775390625,430.4790344238281,149.95028686523438,284.6910400390625,544.885498046875,608.380615234375,325.7799987792969,95.60137176513672,108.03103637695312
2025-06-27,200.65753173828125,434.51666259765625,150.34487915039062,283.0740966796875,546.7509155273438,611.4032592773438,323.6300048828125,96.8459243774414,107.43190002441406
2025-06-30,204.7389373779297,437.1455383300781,150.68028259277344,285.8347473144531,550.292236328125,614.3265380859375,317.6600036621094,97.35370635986328,105.88004302978516
2025-07-01,207.3833770751953,441.35186767578125,153.80731201171875,286.32769775390625,545.653564453125,614.127685546875,300.7099914550781,97.81169128417969,107.29438781738281
2025-07-02,211.99366760253906,441.1732482910156,153.4521942138672,287.8954162597656,549.4542846679688,616.9116821289062,315.6499938964844,97.18444061279297,109.07215881347656
2025-07-03,213.10134887695312,444.5263671875,153.89610290527344,293.2451171875,554.8610229492188,621.7738037109375,315.3500061035156,97.9311752319336,110.20166778564453
2025-07-07,209.50889587402344,440.4689636230469,153.16612243652344,289.25262451171875,550.6813354492188,617.140380859375,293.94000244140625,98.91685485839844,109.13108825683594
2025-07-08,209.5687713623047,438.8618469238281,153.6790771484375,280.1481628417969,550.9906005859375,616.8023681640625,297.80999755859375,96.66670989990234,112.1562271118164
2025-07-09,210.69639587402344,440.98480224609375,154.16244506835938,280.5246276855469,554.8909912109375,620.5010986328125,295.8800048828125,96.38793182373047,111.77318572998047
2025-07-10,211.96372985839844,442.94903564453125,155.55332946777344,285.5078430175781,554.0929565429688,622.2510986328125,309.8699951171875,94.4464340209961,112.88304901123047
2025-07-11,210.7163543701172,440.0423583984375,154.77403259277344,284.1901550292969,552.845947265625,620.0635986328125,313.510009765625,93.98844146728516,113.3741455078125
2025-07-14,208.1816864013672,441.0443115234375,154.69512939453125,286.0130920410156,554.85107421875,621.2467651367188,316.8999938964844,95.36241912841797,111.89103698730469
2025-07-15,208.67066955566406,436.6495056152344,153.06747436523438,283.8830871582031,555.3598022460938,618.592041015625,310.7799987792969,94.97412109375,110.89903259277344
2025-07-16,209.71847534179688,438.8419189453125,162.54727172851562,283.1598815917969,555.9284057617188,620.66015625,321.6700134277344,94.73516845703125,110.23114013671875
2025-07-17,209.57875061035156,441.67919921875,160.7716522216797,287.201904296875,560.4273681640625,624.4583740234375,319.4100036621094,94.67543029785156,109.67129516601562
2025-07-18,210.73631286621094,439.91363525390625,161.4818878173828,288.55914306640625,559.8887329101562,624.0010375976562,329.6499938964844,94.63561248779297,105.85057067871094
2025-07-21,212.0335693359375,440.0922546386719,162.13294982910156,288.261962890625,562.7916259765625,625.1842651367188,328.489990234375,95.25289916992188,106.1255874633789
2025-07-22,213.94955444335938,441.6007995605469,165.6545867919922,288.7176513671875,559.8787841796875,625.2737426757812,332.1099853515625,95.43211364746094,106.60685729980469
2025-07-23,213.7000732421875,446.81121826171875,166.80874633789062,293.9980773925781,562.4324951171875,630.59326171875,332.55999755859375,95.26286315917969,107.97209930419922
2025-07-24,213.31088256835938,443.734619140625,167.2624969482422,293.78997802734375,563.6295776367188,630.802001953125,305.29998779296875,96.17884826660156,108.81678771972656
2025-07-25,213.43064880371094,445.63018798828125,166.0195770263672,295.8407287597656,564.9862670898438,633.4667358398438,316.05999755859375,97.04505920410156,108.43373107910156
2025-07-28,213.6002960205078,444.9552917480469,163.96775817871094,295.50390625,566.7518920898438,633.3076782226562,325.5899963378906,97.18444061279297,109.45521545410156
2025-07-29,210.8261260986328,443.1094055175781,165.8321533203125,294.2754821777344,565.8740844726562,631.63720703125,321.20001220703125,97.90130615234375,110.86956024169922
2025-07-30,208.6107940673828,441.4023742675781,164.99365234375,296.8413391113281,566.6322631835938,630.841796875,319.0400085449219,97.16453552246094,109.90702056884766
2025-07-31,207.1339111328125,437.9981994628906,162.5078125,293.4828796386719,563.6295776367188,628.4754028320312,308.2699890136719,97.55284118652344,109.65164947509766
2025-08-01,201.95481872558594,432.4305725097656,165.06271362304688,286.6768493652344,552.5267333984375,618.1743774414062,302.6300048828125,98.06060791015625,107.68727111816406
2025-08-04,202.9227752685547,438.474609375,168.72242736816406,291.5213317871094,562.7218017578125,627.5704956054688,309.260009765625,99.15580749511719,105.45770263671875
2025-08-05,202.49366760253906,437.8096618652344,168.426513671875,288.658203125,558.901123046875,624.3887329101562,308.7200012207031,98.87702941894531,105.33000946044922
2025-08-06,212.80197143554688,438.6333923339844,168.27853393554688,288.638427734375,565.9339599609375,629.17138671875,319.9100036621094,102.90937805175781,104.6130142211914
2025-08-07,219.56771850585938,436.40032958984375,169.20579528808594,284.26947021484375,567.8491821289062,628.6443481445312,322.2699890136719,102.67042541503906,104.06298828125
2025-08-08,228.86814880371094,438.5837707519531,170.98141479492188,286.072509765625,573.146240234375,633.5462646484375,329.6499938964844,103.27776336669922,104.89785766601562
2025-08-11,226.95997619628906,436.6882019042969,171.46478271484375,286.86505126953125,571.4503784179688,632.29345703125,339.0299987792969,103.47689056396484,103.94512939453125
2025-08-12,229.42758178710938,441.32293701171875,170.43885803222656,290.12445068359375,578.6328125,639.02490234375,340.8399963378906,103.16825103759766,104.23977661132812
2025-08-13,233.10403442382812,446.0271301269531,172.056640625,287.8260498046875,578.922119140625,641.2123413085938,339.3800048828125,100.5497055053711,105.68360137939453
2025-08-14,232.5545654296875,445.7691345214844,172.3525848388672,291.4222412109375,578.4732666015625,641.27197265625,335.5799865722656,100.41031646728516,105.46752166748047
2025-08-15,231.36570739746094,446.40069580078125,174.24656677246094,287.7864074707031,575.929443359375,639.7706298828125,330.55999755859375,99.79656982421875,105.566650390625
2025-08-18,230.66639709472656,445.92401123046875,173.86184692382812,288.8167419433594,575.699951171875,639.63134765625,335.1600036621094,100.4951400756836,105.79466247558594
2025-08-19,230.3367156982422,446.162353515625,175.39085388183594,287.954833984375,567.88916015625,636.1612548828125,329.30999755859375,101.08394622802734,106.48858642578125
2025-08-20,225.79110717773438,446.23187255859375,176.41676330566406,289.5201416015625,564.5174560546875,634.470947265625,323.8999938964844,102.36134338378906,107.5889663696289
2025-08-21,224.68218994140625,444.8316955566406,176.5055389404297,288.7572937011719,561.90380859375,631.925537109375,320.1099853515625,97.7607192993164,108.28289794921875
2025-08-22,227.53941345214844,453.4612121582031,176.86065673828125,293.4828796386719,570.5725708007812,641.6299438476562,340.010009765625,96.63301849365234,110.31511688232422
2025-08-25,226.94000244140625,449.91607666015625,175.99258422851562,292.1553649902344,568.9265747070312,638.8060302734375,346.6000061035156,95.87456512451172,110.77112579345703
2025-08-26,229.08792114257812,451.3261413574219,175.3765106201172,295.7912292480469,571.2109985351562,641.4807739257812,351.6700134277344,95.85460662841797,110.5232925415039
2025-08-27,230.26678466796875,452.8554382324219,175.67459106445312,296.4945983886719,572.0888671875,642.9423828125,349.6000061035156,95.8845443725586,111.77237701416016
2025-08-28,232.33477783203125,453.6101379394531,174.3430633544922,298.2679748535156,575.6701049804688,645.2192993164062,345.9800109863281,95.91448211669922,112.36717224121094
2025-08-29,231.91517639160156,452.9150390625,176.0522003173828,298.61468505859375,569.0064086914062,641.3713989257812,333.8699951171875,96.78271484375,113.29901885986328
2025-09-02,229.49752807617188,450.4522705078125,176.93658447265625,296.91070556640625,564.2380981445312,636.61865234375,329.3599853515625,97.65093994140625,113.695556640625
2025-09-03,238.2390594482422,450.1047668457031,176.87696838378906,296.72247314453125,568.67724609375,640.06884765625,334.0899963378906,99.23770904541016,110.93965911865234
2025-09-04,239.5477752685547,453.8683776855469,177.63217163085938,300.99237060546875,573.8245849609375,645.4181518554688,338.5299987792969,100.72467803955078,111.42540740966797
2025-09-05,239.45787048339844,451.8226623535156,177.3042449951172,291.64019775390625,574.6525268554688,643.5488891601562,350.8399963378906,100.30553436279297,108.28289794921875
2025-09-08,237.64962768554688,453.0242919921875,177.0061492919922,290.1838684082031,577.4556884765625,645.1298217773438,346.3999938964844,102.07192993164062,108.89751434326172
2025-09-09,234.123046875,454.8216857910156,175.84353637695312,295.0779113769531,579.0917358398438,646.6212768554688,346.9700012207031,102.0819091796875,109.69058227539062
2025-09-10,226.5703582763672,452.7561340332031,174.680908203125,297.7428894042969,579.28125,648.4906005859375,347.7900085449219,100.20574188232422,111.52454376220703
2025-09-11,229.80722045898438,458.7044677734375,177.37380981445312,302.7161560058594,582.6529541015625,653.8796997070312,368.80999755859375,102.44117736816406,111.16766357421875
2025-09-12,233.84332275390625,456.1225891113281,176.93658447265625,304.0535888671875,585.2266235351562,653.660888671875,395.94000244140625,103.27946472167969,111.18749237060547
2025-09-15,236.47076416015625,456.8673095703125,176.28074645996094,306.0250549316406,590.234375,657.1409301757812,410.0400085449219,103.47906494140625,111.37583923339844
2025-09-16,237.9193572998047,455.5863037109375,175.34669494628906,306.3123779296875,589.7356567382812,656.2361450195312,421.6199951171875,103.20960998535156,113.68563842773438
2025-09-17,238.75856018066406,458.0490417480469,176.08201599121094,308.8485412597656,588.5585327148438,655.4208374023438,425.8599853515625,104.05787658691406,114.29035186767578
2025-09-18,237.64962768554688,459.4095153808594,173.0612030029297,310.3147888183594,593.865478515625,658.4832763671875,416.8500061035156,103.38924407958984,112.942138671875
2025-09-19,245.26223754882812,461.0307922363281,175.07839965820312,311.850341796875,597.8856201171875,661.74462890625,426.07000732421875,102.12183380126953,111.84176635742188
2025-09-22,255.8319854736328,461.7577819824219,173.1108856201172,309.5321350097656,601.4251098632812,664.8753662109375,434.2099914550781,102.61083221435547,111.04869842529297
2025-09-23,254.18359375,460.9610900878906,175.46592712402344,309.8293151855469,597.4302978515625,661.256103515625,425.8500061035156,102.31143951416016,112.96196746826172
2025-09-24,252.06564331054688,459.1186828613281,175.5752410888672,310.5030212402344,595.3329467773438,659.1522216796875,442.7900085449219,102.5210189819336,113.5666732788086
2025-09-25,256.6212158203125,457.5352783203125,176.60867309570312,310.5327453613281,592.7662963867188,656.1112670898438,423.3900146484375,102.84037017822266,114.5877456665039
2025-09-26,255.2126007080078,460.3735046386719,178.57618713378906,313.1184387207031,595.203125,659.8701782226562,440.3999938964844,102.95014190673828,116.20361328125
2025-09-29,254.18359375,461.1304016113281,180.47412109375,312.75189208984375,597.9595947265625,661.7246704101562,443.2099914550781,102.87030792236328,113.22962951660156
2025-09-30,254.38340759277344,461.82745361328125,184.25015258789062,312.4942932128906,599.5974731445312,664.21728515625,444.7200012207031,102.850341796875,111.77237701416016
2025-10-01,255.20260620117188,462.3453674316406,184.87619018554688,307.8182067871094,602.4737548828125,666.4806518554688,459.4599914550781,101.75257873535156,111.01895904541016
2025-10-02,256.8809814453125,463.1918029785156,184.80662536621094,304.6876220703125,604.9505615234375,667.248291015625,436.0,101.49311065673828,110.32503509521484
2025-10-03,257.7701110839844,465.58197021484375,187.44984436035156,307.14453125,602.4038696289062,667.2384033203125,429.8299865722656,101.86235809326172,112.2779541015625
2025-10-06,256.44140625,464.9147033691406,186.97286987304688,307.7916259765625,606.9280395507812,669.6312866210938,453.25,102.49107360839844,113.20980072021484
2025-10-07,256.23162841796875,464.0483093261719,187.69825744628906,306.3083190917969,603.732177734375,667.1486206054688,433.0899963378906,103.02997589111328,113.26927947998047
2025-10-08,257.8100891113281,464.14788818359375,188.49322509765625,302.6647644042969,610.6532592773438,671.1268920898438,438.69000244140625,102.690673828125,113.03135681152344
2025-10-09,253.79396057128906,461.5884704589844,189.87445068359375,304.15802001953125,609.9141845703125,669.1826171875,435.5400085449219,101.5629653930664,111.93099212646484
2025-10-10,245.032470703125,452.99407958984375,189.5167236328125,299.53887939453125,588.741455078125,651.0960693359375,413.489990234375,101.63282012939453,109.76988983154297
2025-10-13,247.42015075683594,458.7801208496094,189.69557189941406,306.5870666503906,601.2353515625,661.0865478515625,435.8999938964844,101.91226196289062,111.26679229736328
2025-10-14,247.53004455566406,460.8017578125,189.64590454101562,300.7235107421875,597.2305297851562,660.2789306640625,429.239990234375,106.99189758300781,111.31636047363281
2025-10-15,249.09852600097656,460.8017578125,189.96388244628906,304.3172912597656,601.445068359375,663.2102661132812,435.1499938964844,108.80819702148438,110.64225769042969
2025-10-16,247.21035766601562,457.6647033691406,190.9078826904297,297.19940185546875,599.2179565429688,658.6936645507812,428.75,106.25341033935547,109.68067169189453
2025-10-17,252.045654296875,460.0307312011719,192.00094604492188,296.22381591796875,603.1528930664062,662.4326171875,439.30999755859375,107.51084899902344,111.26679229736328
2025-10-20,261.98602294921875,465.2508850097656,192.49778747558594,301.0022277832031,610.7530517578125,669.3222045898438,447.42999267578125,106.83222961425781,111.7228012084961
2025-10-21,262.5155029296875,467.44256591796875,190.66940307617188,295.75592041015625,610.5933227539062,669.3121948242188,442.6000061035156,106.00391387939453,111.73271942138672
2025-10-22,258.19970703125,464.0155944824219,191.72271728515625,292.7892761230469,604.7108764648438,665.83251953125,438.9700012207031,106.92204284667969,113.71537780761719
2025-10-23,259.3285827636719,465.5198669433594,191.25567626953125,293.2173767089844,609.7943725585938,669.7808837890625,448.9800109863281,106.64261627197266,114.97437286376953
2025-10-24,262.56549072265625,470.4212341308594,189.19873046875,299.09088134765625,616.305908203125,675.2546997070312,433.7200012207031,105.95401763916016,114.38948059082031
2025-10-27,268.5496520996094,473.54937744140625,189.099365234375,302.7842102050781,627.2818603515625,683.2211303710938,452.4200134277344,104.25747680664062,114.9347152709961
2025-10-28,268.7394714355469,475.3424987792969,185.75062561035156,303.98876953125,632.1055908203125,685.0357666015625,460.54998779296875,102.96012115478516,114.03260040283203
2025-10-29,269.4388122558594,474.56549072265625,185.42271423339844,304.13812255859375,634.9519653320312,685.3648071289062,461.510009765625,102.2515640258789,115.4402847290039
2025-10-30,271.13714599609375,473.2106628417969,187.8572540283203,308.05047607421875,625.2444458007812,677.8270874023438,440.1000061035156,102.02203369140625,113.695556640625
2025-10-31,270.108154296875,473.8681335449219,187.6783905029297,309.722900390625,628.2605590820312,680.050537109375,456.55999755859375,100.97416687011719,113.36841583251953
2025-11-03,268.7894287109375,471.67645263671875,185.08485412597656,307.96087646484375,631.2666625976562,681.3267822265625,468.3699951171875,101.38333129882812,112.77362060546875
2025-11-04,269.7784729003906,469.1162109375,185.6810760498047,307.861328125,618.4531860351562,673.2506103515625,444.260009765625,102.06195068359375,113.15032196044922
2025-11-05,269.8783874511719,471.31781005859375,184.8264923095703,310.2803955078125,622.47802734375,675.583740234375,462.07000732421875,101.26358032226562,112.6943130493164
2025-11-06,269.50872802734375,467.5023498535156,185.79037475585938,312.0126037597656,610.8829345703125,668.3351440429688,445.9100036621094,101.47315216064453,113.5072021484375
2025-11-07,268.2099914550781,468.0801086425781,185.39291381835938,312.7990417480469,608.9553833007812,668.9931640625,429.5199890136719,102.38129425048828,116.20361328125
2025-11-10,269.42999267578125,472.025146484375,187.22129821777344,315.4670104980469,622.4280395507812,679.432373046875,445.2300109863281,102.2116470336914,117.1949462890625
2025-11-11,275.25,477.593994140625,192.6071014404297,314.20269775390625,620.7702026367188,680.9877319335938,439.6199951171875,103.22957611083984,118.74141693115234
2025-11-12,273.4700012207031,480.9312744140625,193.16355895996094,318.97119140625,620.2808227539062,681.3666381835938,430.6000061035156,103.22957611083984,117.09581756591797
2025-11-13,272.95001220703125,472.941650390625,194.0181427001953,308.0903015136719,607.6171875,670.0599975585938,401.989990234375,102.33140563964844,117.76000213623047
2025-11-14,272.4100036621094,470.0127868652344,194.69384765625,302.2466125488281,608.0765380859375,669.9503784179688,404.3500061035156,102.27153015136719,119.29000091552734
2025-11-17,267.4599914550781,464.5535583496094,198.32081604003906,299.02117919921875,602.8832397460938,663.7088012695312,408.9200134277344,102.74056243896484,117.68000030517578
2025-11-18,267.44000244140625,459.5525207519531,198.73817443847656,298.06549072265625,595.542724609375,658.1353149414062,401.25,101.1837387084961,119.02999877929688
2025-11-19,268.55999755859375,460.0108337402344,201.23233032226562,301.90814208984375,599.09814453125,660.6777954101562,403.989990234375,100.40532684326172,117.3499984741211
2025-11-20,266.25,456.36468505859375,201.78880310058594,297.0401306152344,584.9163818359375,650.6075439453125,395.2300109863281,106.89210510253906,117.0199966430664
2025-11-21,271.489990234375,461.39788818359375,202.61355590820312,296.6817321777344,589.3107299804688,657.08837890625,391.0899963378906,105.10574340820312,117.08000183105469
2025-11-24,275.9200134277344,463.2631530761719,204.75,296.6618347167969,604.3812866210938,666.759765625,417.7799987792969,103.84830474853516,115.97000122070312
2025-11-25,276.9700012207031,469.9860534667969,206.6699981689453,301.6393737792969,608.1065063476562,673.03125,419.3999938964844,106.7823257446289,114.51000213623047
2025-11-26,277.54998779296875,473.1480712890625,207.55999755859375,306.258544921875,613.4796142578125,677.6775512695312,426.5799865722656,108.87805938720703,114.7699966430664
2025-11-28,278.8500061035156,475.9708557128906,206.9199981689453,311.6741027832031,618.4531860351562,681.3765869140625,430.1700134277344,110.28519439697266,115.91999816894531
2025-12-01,283.1000061035156,472.12066650390625,205.33999633789062,307.5328063964844,616.3758544921875,678.2658081054688,430.1400146484375,111.30311584472656,116.62999725341797
2025-12-02,286.19000244140625,474.0557556152344,205.4199981689453,306.4974670410156,621.1996459960938,679.5220947265625,429.239990234375,112.18132781982422,115.37999725341797
2025-12-03,284.1499938964844,478.19525146484375,205.3300018310547,310.7283935546875,622.7177124023438,681.8751220703125,446.739990234375,114.17726135253906,117.80000305175781
2025-12-04,280.70001220703125,477.8561096191406,202.47999572753906,314.6805725097656,622.138427734375,682.3736572265625,454.5299987792969,114.60637664794922,117.13999938964844
2025-12-05,278.7799987792969,478.8136291503906,201.92999267578125,313.6253356933594,624.6751708984375,683.6697998046875,455.0,114.8758316040039,116.54000091552734
2025-12-08,277.8900146484375,476.93841552734375,201.6199951171875,313.7945556640625,623.4767456054688,681.6159057617188,439.5799865722656,113.3289794921875,115.9800033569336
2025-12-09,277.17999267578125,475.2127990722656,199.9600067138672,299.16058349609375,624.2457275390625,681.027587890625,445.1700134277344,114.825927734375,118.25
2025-12-10,278.7799987792969,480.1303405761719,206.5399932861328,308.7174377441406,626.8024291992188,685.5443115234375,451.45001220703125,112.94976043701172,119.54000091552734
2025-12-11,278.0299987792969,486.6337890625,210.00999450683594,315.9548034667969,624.7750854492188,687.1395263671875,446.8900146484375,115.28499603271484,119.54000091552734
2025-12-12,278.2799987792969,484.1700439453125,211.5800018310547,317.0896911621094,612.8304443359375,679.7514038085938,458.9599914550781,116.69999694824219,118.81999969482422
2025-12-15,274.1099853515625,483.9406433105469,214.1699981689453,318.58294677734375,609.75439453125,678.7244262695312,475.30999755859375,116.79000091552734,117.76000213623047
2025-12-16,274.6099853515625,480.75872802734375,209.3000030517578,314.1330261230469,610.9628295898438,676.8699340820312,489.8800048828125,115.41999816894531,114.68000030517578
2025-12-17,271.8399963378906,478.584228515625,210.3300018310547,313.5655822753906,599.6373901367188,669.4219360351562,467.260009765625,115.66000366210938,117.41000366210938
2025-12-18,272.19000244140625,479.2924499511719,208.30999755859375,311.594482421875,608.3262329101562,674.4769287109375,483.3699951171875,114.83000183105469,116.54000091552734
2025-12-19,273.6700134277344,480.975830078125,206.3699951171875,315.7855529785156,616.2559814453125,680.5900268554688,481.20001220703125,114.36000061035156,116.69000244140625
2025-12-22,270.9700012207031,483.2850036621094,207.32000732421875,321.63916015625,619.2100219726562,684.8300170898438,488.7300109863281,112.5999984741211,118.1500015258789
2025-12-23,272.3599853515625,484.0547180175781,205.77999877929688,324.4664001464844,622.1099853515625,687.9600219726562,485.55999755859375,110.9000015258789,119.41999816894531
2025-12-24,273.80999755859375,486.8337097167969,207.77999877929688,327.6918640136719,623.9299926757812,690.3800048828125,485.3999938964844,111.61000061035156,119.22000122070312
2025-12-26,273.3999938964844,486.85369873046875,207.6300048828125,326.4375305175781,623.8900146484375,690.3099975585938,475.19000244140625,111.73999786376953,119.11000061035156
2025-12-29,273.760009765625,484.4145812988281,207.55999755859375,322.29620361328125,620.8699951171875,687.8499755859375,459.6400146484375,112.52999877929688,120.52999877929688
2025-12-30,273.0799865722656,483.4149475097656,206.91000366210938,321.96771240234375,619.4299926757812,687.010009765625,454.42999267578125,111.91999816894531,120.98999786376953
2025-12-31,271.8599853515625,480.39605712890625,206.9499969482422,320.7730712890625,614.3099975585938,681.9199829101562,449.7200012207031,111.41000366210938,120.33999633789062
2026-01-02,271.010009765625,483.4549560546875,207.35000610351562,324.0184326171875,613.1199951171875,683.1699829101562,438.07000732421875,112.76000213623047,122.6500015258789
2026-01-05,267.260009765625,489.59271240234375,204.30999755859375,332.5400085449219,617.989990234375,687.719970703125,451.6700134277344,112.70999908447266,125.36000061035156
2026-01-06,262.3599853515625,494.4309387207031,204.7899932861328,334.6099853515625,623.4199829101562,691.8099975585938,432.9599914550781,114.33999633789062,121.05000305175781
2026-01-07,260.3299865722656,489.7826232910156,207.49000549316406,326.989990234375,624.02001953125,689.5800170898438,431.4100036621094,112.72000122070312,118.48999786376953
2026-01-08,259.0400085449219,492.3517150878906,205.75,329.7900085449219,620.469970703125,689.510009765625,435.79998779296875,113.06999969482422,122.91000366210938
2026-01-09,259.3699951171875,494.8407897949219,204.38999938964844,329.19000244140625,626.6500244140625,694.0700073242188,445.010009765625,114.52999877929688,124.61000061035156
2026-01-12,260.25,495.7204895019531,209.72000122070312,324.489990234375,627.1699829101562,695.1599731445312,448.9599914550781,117.97000122070312,124.02999877929688
2026-01-13,261.04998779296875,491.7619323730469,213.64999389648438,310.8999938964844,626.239990234375,693.77001953125,447.20001220703125,120.36000061035156,126.54000091552734
2026-01-14,259.9599914550781,491.40203857421875,218.5500030517578,307.8699951171875,619.5499877929688,690.3599853515625,439.20001220703125,120.04000091552734,130.1999969482422
2026-01-15,258.2099914550781,494.301025390625,219.57000732421875,309.260009765625,621.780029296875,692.239990234375,438.57000732421875,119.19999694824219,129.1300048828125
2026-01-16,255.52999877929688,493.4200134277344,218.66000366210938,312.4700012207031,621.260009765625,691.6599731445312,437.5,119.69999694824219,129.88999938964844
2026-01-20,246.6999969482422,484.8800048828125,218.2100067138672,302.739990234375,608.0599975585938,677.5800170898438,419.25,118.70999908447266,130.4600067138672
2026-01-21,247.64999389648438,490.79998779296875,218.00999450683594,302.0400085449219,616.280029296875,685.4000244140625,431.44000244140625,119.36000061035156,133.61000061035156
2026-01-22,248.35000610351562,493.69000244140625,218.49000549316406,303.6300048828125,620.760009765625,688.97998046875,449.3599853515625,117.83000183105469,133.63999938964844
2026-01-23,248.0399932861328,490.92999267578125,220.13999938964844,297.7200012207031,622.719970703125,689.22998046875,449.05999755859375,117.7300033569336,134.97000122070312
2026-01-26,255.41000366210938,494.05999755859375,221.49000549316406,301.0400085449219,625.4600219726562,692.72998046875,435.20001220703125,117.63999938964844,134.83999633789062
2026-01-27,258.2699890136719,490.05999755859375,224.44000244140625,300.30999755859375,631.1300048828125,695.489990234375,430.8999938964844,116.94000244140625,136.8300018310547
2026-01-28,256.44000244140625,490.1300048828125,227.72000122070312,300.7699890136719,633.219970703125,695.4199829101562,431.4599914550781,116.56999969482422,137.5800018310547
2026-01-29,258.2799987792969,490.2099914550781,227.2899932861328,306.4200134277344,629.4299926757812,694.0399780273438,416.55999755859375,117.41000366210938,140.50999450683594
