Date,AAPL,AMZN,BAC,COP,CVX,DIA,GS,HD,JNJ,JPM,KO,MSFT,NVDA,PFE,PG,QQQ,SPY,TSLA,UNH,WMT,XLE,XLF,XLK,XLP,XLV,XLY,XOM
2021-08-23,146.02281188964844,163.2935028076172,36.195594787597656,45.88674545288086,79.1599349975586,324.18701171875,355.6492614746094,289.3878479003906,155.22518920898438,138.2731170654297,48.679954528808594,292.3808898925781,21.882312774658203,38.322322845458984,126.94924926757812,362.2157287597656,418.0229797363281,235.43333435058594,389.6324768066406,47.10958480834961,19.84491729736328,34.844993591308594,75.96920776367188,63.55817413330078,125.5627212524414,86.32616424560547,46.081966400146484
2021-08-24,145.9350128173828,165.28900146484375,36.69992446899414,46.40599822998047,80.06829833984375,324.4531555175781,361.94818115234375,286.8801574707031,153.2849578857422,139.12901306152344,48.30908203125,290.4327087402344,21.717880249023438,37.132667541503906,125.92029571533203,363.322021484375,418.6865539550781,236.163330078125,387.8462829589844,46.62422561645508,20.174205780029297,35.05588150024414,75.88252258300781,63.076202392578125,125.12007904052734,86.93553161621094,46.45961380004883
2021-08-25,144.70606994628906,164.95899963378906,37.29270935058594,46.916873931884766,80.61661529541016,324.8566589355469,365.9877624511719,285.9795227050781,152.27114868164062,141.99684143066406,48.36083221435547,289.84722900390625,22.136430740356445,36.464927673339844,125.47176361083984,363.7394104003906,419.56512451171875,237.06666564941406,384.4844665527344,46.64301681518555,20.32843017578125,35.46852493286133,75.83919525146484,62.971038818359375,124.77889251708984,87.27141571044922,46.54353713989258
2021-08-26,143.90625,165.8000030517578,37.19538879394531,46.171504974365234,79.56092071533203,323.00396728515625,365.3588562011719,283.86041259765625,151.4583740234375,142.7292022705078,47.90370559692383,287.0448303222656,21.991933822631836,36.36514663696289,125.25189208984375,361.4296569824219,417.0882873535156,233.72000122070312,381.8372802734375,46.13888168334961,20.01997947692871,35.2943000793457,75.3624267578125,62.681884765625,124.29012298583984,86.46530151367188,45.914119720458984
2021-08-27,144.94017028808594,167.48150634765625,37.59352111816406,47.519874572753906,80.72299194335938,325.2145080566406,371.80828857421875,285.5381164550781,151.13502502441406,143.87635803222656,47.99857711791992,287.64947509765625,22.55797576904297,35.76648712158203,125.15512084960938,364.9427795410156,420.81756591796875,237.30667114257812,383.5868835449219,45.878990173339844,20.55351448059082,35.761962890625,76.08961486816406,62.90093231201172,124.15178680419922,87.25223541259766,46.80369567871094
2021-08-30,149.3488006591797,171.07850646972656,36.85917282104492,47.067630767822266,80.51840209960938,324.7649230957031,366.4130554199219,288.8227233886719,151.77296447753906,141.57327270507812,48.455711364746094,291.3635559082031,22.609792709350586,35.889278411865234,125.70039367675781,369.03826904296875,422.66802978515625,243.6366729736328,383.16552734375,46.24848556518555,20.311758041381836,35.25762176513672,76.90829467773438,63.18134307861328,124.85264587402344,87.90960693359375,46.291778564453125
2021-08-31,148.0906219482422,173.5395050048828,36.93880844116211,46.50649642944336,79.19265747070312,324.6182861328125,368.11346435546875,288.0103454589844,151.30979919433594,141.14088439941406,48.56783676147461,289.7224426269531,22.311771392822266,35.35969543457031,125.22550201416016,368.7373962402344,422.0418701171875,245.24000549316406,381.3060302734375,46.37372589111328,20.174205780029297,35.211769104003906,76.50377655029297,63.321571350097656,124.6866683959961,88.1207275390625,45.75467300415039
2021-09-01,148.7538299560547,173.9499969482422,36.443336486816406,45.769500732421875,78.32520294189453,324.27874755859375,368.2469177246094,287.2205810546875,151.84291076660156,140.93795776367188,48.895591735839844,289.6745300292969,22.36759376525879,35.336666107177734,126.50074768066406,369.34881591796875,422.2662048339844,244.69667053222656,382.2952880859375,46.273521423339844,19.878259658813477,35.010032653808594,76.52302551269531,63.65456008911133,124.72357940673828,88.11593627929688,45.125247955322266
2021-09-02,149.86578369140625,173.156005859375,36.478912353515625,47.402626037597656,79.96192932128906,325.4896240234375,368.99468994140625,290.8592224121094,152.8829345703125,141.59097290039062,48.96458053588867,289.0218811035156,22.322736740112305,35.950679779052734,126.5974349975586,369.1741027832031,423.5653381347656,244.1300048828125,388.1210632324219,46.51776885986328,20.382619857788086,35.129241943359375,76.44115447998047,63.8999137878418,126.0606460571289,88.11112976074219,46.224632263183594
2021-09-03,150.499755859375,173.90249633789062,36.50558853149414,47.10112380981445,79.78189086914062,324.820068359375,366.1549377441406,293.1666259765625,152.9790802001953,140.73501586914062,48.93008804321289,289.0122985839844,22.768278121948242,35.950679779052734,126.68538665771484,370.30963134765625,423.46246337890625,244.52333068847656,387.3424377441406,46.733821868896484,20.265905380249023,34.90917205810547,76.74455261230469,63.821048736572266,126.19902801513672,88.05834197998047,46.048397064208984
2021-09-07,152.83087158203125,175.46449279785156,36.74570083618164,46.88337707519531,79.42998504638672,322.3435363769531,365.273681640625,291.9330139160156,150.60189819335938,140.4879150390625,48.01582717895508,288.09088134765625,22.587865829467773,35.8816032409668,126.21046447753906,370.8335876464844,421.9484558105469,250.97332763671875,385.8585510253906,46.11383819580078,20.14503288269043,34.698265075683594,76.76383972167969,63.0849723815918,125.4612808227539,88.31746673583984,45.77983474731445
2021-09-08,151.28985595703125,176.27499389648438,36.265472412109375,46.297119140625,78.8816909790039,321.6925354003906,360.5376281738281,294.2670593261719,150.23480224609375,139.86141967773438,48.662715911865234,288.11968994140625,22.26592445373535,35.69740295410156,127.16907501220703,369.5429382324219,421.4343566894531,251.2899932861328,380.4999084472656,46.17332077026367,19.8865966796875,34.61573791503906,76.47005462646484,63.62826156616211,125.40593719482422,88.41822052001953,45.3602294921875
2021-09-09,150.2754364013672,174.20799255371094,36.39887237548828,46.548377990722656,78.56253051757812,320.389892578125,360.16375732421875,294.43572998046875,146.88754272460938,140.47027587890625,48.1796989440918,285.2789611816406,22.104450225830078,35.32898712158203,126.63262939453125,368.27166748046875,419.6304931640625,251.6199951171875,379.73052978515625,45.847679138183594,19.928279876708984,34.716617584228516,76.18112182617188,63.2602424621582,123.95811462402344,88.30307006835938,45.393795013427734
2021-09-10,145.30105590820312,173.45750427246094,35.81193542480469,46.67399978637695,78.61981201171875,317.9959716796875,359.1845703125,294.5954895019531,145.9261932373047,138.85548400878906,47.96408462524414,283.8009338378906,22.40446662902832,34.99128341674805,126.75577545166016,365.4765625,416.3218688964844,245.42333984375,371.2828063964844,45.681724548339844,19.91994285583496,34.45985794067383,75.42985534667969,62.988563537597656,122.82389068603516,87.76085662841797,45.301483154296875
2021-09-13,145.8667449951172,172.85850524902344,36.40776824951172,48.23176193237305,80.1747055053711,320.38079833984375,364.3299560546875,297.7015686035156,144.90362548828125,141.06149291992188,48.36083221435547,285.0294189453125,22.07953453063965,34.21609115600586,128.11888122558594,365.2242431640625,417.38739013671875,247.6666717529297,381.0357360839844,45.42183303833008,20.49098777770996,34.854156494140625,75.45391082763672,63.14630126953125,122.06765747070312,87.97676849365234,46.4680061340332
2021-09-14,144.4719696044922,172.5,35.42954635620117,47.6873779296875,78.72618865966797,317.78509521484375,359.37152099609375,295.6337585449219,144.0296630859375,138.5995635986328,48.39558792114258,287.7165832519531,22.16924476623535,34.31585693359375,127.8990707397461,364.1858825683594,415.1348876953125,248.163330078125,379.2156982421875,45.18385314941406,20.195045471191406,34.38649368286133,75.35760498046875,62.85712814331055,122.04922485351562,87.68408966064453,45.805023193359375
2021-09-15,145.35955810546875,173.7895050048828,35.69633102416992,49.680633544921875,80.3956527709961,319.9404296875,357.822509765625,295.855712890625,144.57151794433594,139.5614013671875,48.56071090698242,292.54412841796875,22.267915725708008,34.36191940307617,127.6263656616211,366.8934631347656,418.6024169921875,251.94332885742188,383.7934265136719,45.26213836669922,20.94949722290039,34.716617584228516,76.01737976074219,63.0849723815918,122.84231567382812,88.2502670288086,47.34918975830078
2021-09-16,145.12542724609375,174.41200256347656,35.97201156616211,49.605262756347656,79.64274597167969,319.3533630371094,353.13104248046875,298.53582763671875,144.39671325683594,139.4996337890625,48.10011672973633,292.9279479980469,22.16924476623535,34.13166046142578,126.73816680908203,367.145751953125,417.93890380859375,252.3300018310547,383.1683044433594,45.41244125366211,20.711910247802734,34.61573791503906,76.06072235107422,62.8746337890625,122.52877044677734,88.6533432006836,46.845664978027344
2021-09-17,142.4627227783203,173.12600708007812,36.016475677490234,49.34562301635742,79.18447875976562,317.6951904296875,348.4841613769531,297.89678955078125,143.9859161376953,139.13783264160156,47.30931854248047,287.79339599609375,21.82835578918457,33.68650817871094,126.9404067993164,362.7979431152344,413.8676452636719,253.163330078125,386.2202453613281,45.3184928894043,20.55768394470215,34.45985794067383,74.87604522705078,62.53287887573242,122.64864349365234,88.34143829345703,46.291778564453125
2021-09-20,139.41957092285156,167.7864990234375,34.78035354614258,47.79625701904297,77.56411743164062,311.9598083496094,336.6175231933594,293.93865966796875,143.1644287109375,134.97293090820312,46.979095458984375,282.44769287109375,21.04393768310547,33.9244270324707,125.66522216796875,355.3013916015625,406.9667663574219,243.38999938964844,379.3627624511719,44.69538497924805,19.929920196533203,33.66046905517578,73.51221466064453,61.90859603881836,121.3687744140625,86.32555389404297,45.058109283447266
2021-09-21,139.89747619628906,167.18150329589844,34.79814529418945,49.689022064208984,77.62142181396484,311.6932067871094,334.5789794921875,296.60992431640625,143.79368591308594,134.9905242919922,46.97040557861328,282.9276123046875,21.176498413085938,33.709510803222656,125.85869598388672,355.7386474609375,406.5823059082031,246.4600067138672,379.0318603515625,44.78305435180664,19.976327896118164,33.61442565917969,73.54115295410156,61.83806228637695,121.55387878417969,86.45530700683594,45.016151428222656
2021-09-22,142.2579345703125,169.00250244140625,35.69633102416992,52.14289855957031,79.9046401977539,314.8092346191406,343.1517333984375,298.1275329589844,143.2693328857422,137.57598876953125,47.0399284362793,286.55535888671875,21.869220733642578,33.732547760009766,126.2896499633789,359.0614318847656,410.5484313964844,250.64666748046875,375.6859130859375,44.679725646972656,20.592281341552734,34.17620086669922,74.5494384765625,62.014427185058594,121.75747680664062,87.63265228271484,46.3337287902832
2021-09-23,143.2137451171875,170.8000030517578,37.07473373413086,53.35727310180664,81.88506317138672,319.4599609375,348.8403015136719,298.1098327636719,144.08209228515625,142.22625732421875,46.96171951293945,287.4958801269531,22.40845489501953,33.916748046875,126.80850982666016,362.3743896484375,415.5366516113281,251.2133331298828,375.07000732421875,44.704776763916016,21.313705444335938,35.014259338378906,75.54805755615234,62.24367141723633,122.63661193847656,88.52165985107422,47.90308380126953
2021-09-24,143.30154418945312,171.2760009765625,37.47491455078125,54.45438766479492,82.32698822021484,319.7449645996094,347.94110107421875,299.51202392578125,143.64508056640625,143.8675537109375,46.831363677978516,287.2944030761719,22.00876235961914,33.72487258911133,126.24567413330078,362.7145080566406,416.2210998535156,258.1300048828125,374.19671630859375,44.83001708984375,21.47402000427246,35.19845962524414,75.60112762451172,62.270137786865234,122.1368637084961,88.85321807861328,48.331092834472656
2021-09-27,141.7897186279297,170.2899932861328,38.47093963623047,55.869773864746094,84.2665023803711,320.4251708984375,355.9174499511719,302.99090576171875,142.6051025390625,147.34420776367188,46.588035583496094,282.3230285644531,21.589149475097656,33.440895080566406,124.58349609375,359.81915283203125,415.03033447265625,263.78668212890625,372.5329284667969,44.541954040527344,22.237632751464844,35.67734146118164,74.86781311035156,61.98796844482422,120.39712524414062,89.3289794921875,49.766170501708984
2021-09-28,138.41493225097656,165.79800415039062,38.38200378417969,56.782657623291016,84.58565521240234,315.19525146484375,346.73931884765625,296.2373046875,142.2904815673828,146.55007934570312,45.74509048461914,272.1018371582031,20.631288528442383,33.03411102294922,123.64247131347656,349.63720703125,406.6667175292969,259.1866760253906,366.4200744628906,43.993988037109375,22.313573837280273,35.08793640136719,72.6486587524414,61.256099700927734,118.33341979980469,87.60861206054688,50.28648376464844
2021-09-29,139.31228637695312,165.05599975585938,38.30197525024414,56.983673095703125,84.56111145019531,315.97637939453125,342.63543701171875,299.0150146484375,143.34796142578125,146.43536376953125,46.02317428588867,272.5625305175781,20.44988441467285,33.410186767578125,124.90011596679688,349.0639343261719,407.3511962890625,260.4366760253906,368.06549072265625,43.97519302368164,22.313573837280273,35.115562438964844,72.5570068359375,61.81161880493164,119.26811981201172,87.69511413574219,50.2529182434082
2021-09-30,138.01499938964844,164.2519989013672,37.7505989074707,56.75752639770508,83.0225601196289,310.9395751953125,336.5285949707031,291.3206787109375,141.1455841064453,144.44110107421875,45.59735870361328,270.5662841796875,20.64823341369629,33.011077880859375,122.94770050048828,347.78143310546875,402.3724670410156,258.49334716796875,359.17669677734375,43.64327621459961,21.976064682006836,34.56299591064453,72.0359878540039,60.700592041015625,117.8059310913086,86.23423767089844,49.36334228515625
2021-10-01,139.1366729736328,164.16299438476562,38.31086730957031,58.708900451660156,85.37947845458984,315.4341735839844,338.2822265625,292.7406005859375,140.245361328125,147.4765625,46.075313568115234,277.45721435546875,20.674150466918945,32.94967269897461,122.7542495727539,349.9383850097656,407.1543273925781,258.40667724609375,360.73016357421875,42.9136962890625,22.714365005493164,35.13397979736328,73.12142944335938,60.85929870605469,117.83368682861328,86.88298034667969,51.13410949707031
2021-10-04,135.71311950683594,159.48899841308594,38.542091369628906,59.873043060302734,85.69862365722656,312.5205993652344,333.07452392578125,289.73211669921875,139.15296936035156,147.31777954101562,46.049251556396484,271.7084655761719,19.667455673217773,32.55823516845703,122.05945587158203,342.59326171875,401.9036560058594,260.510009765625,355.74798583984375,42.5003776550293,23.08562660217285,34.830074310302734,71.42813873291016,60.665306091308594,116.03837585449219,86.19579315185547,51.79711151123047
2021-10-05,137.63462829589844,161.0500030517578,39.32466125488281,60.074031829833984,86.63154602050781,315.38818359375,343.4543762207031,292.40338134765625,139.46755981445312,149.7234649658203,46.12745666503906,277.130859375,20.38409996032715,32.48149108886719,122.53438568115234,347.218017578125,406.0854187011719,260.1966552734375,361.6493835449219,42.779048919677734,23.22062873840332,35.51156234741211,72.44606018066406,60.97392654418945,116.73245239257812,86.54179382324219,51.71318054199219
2021-10-06,138.502685546875,163.10049438476562,39.34244918823242,60.14103698730469,85.8704833984375,316.29827880859375,345.4485168457031,293.1842956542969,139.75596618652344,150.0430450439453,46.67494583129883,281.3056945800781,20.632286071777344,32.25122833251953,124.17017364501953,349.4429016113281,407.77313232421875,260.9166564941406,362.40313720703125,43.09218978881836,22.97593879699707,35.54840087890625,72.91883087158203,61.564697265625,116.51959228515625,86.81571960449219,50.76485824584961
2021-10-07,139.7609100341797,165.1215057373047,39.235721588134766,59.88979721069336,86.4842529296875,319.5243835449219,347.736328125,299.5030822753906,141.00572204589844,150.99290466308594,46.82267761230469,282.9756774902344,21.006061553955078,32.80385208129883,125.16392517089844,352.64898681640625,411.29864501953125,264.53668212890625,372.00897216796875,43.599449157714844,23.153125762939453,35.76022720336914,73.58457946777344,61.83806228637695,118.06505584716797,88.1660385131836,50.90751647949219
2021-10-08,139.3805389404297,164.43099975585938,39.431373596191406,62.745662689208984,88.42376708984375,319.4324645996094,349.68597412109375,296.716552734375,140.64739990234375,151.1083221435547,47.03123092651367,282.9756774902344,20.76285743713379,32.58127212524414,124.64505004882812,350.89056396484375,410.5484313964844,261.8299865722656,375.4653015136719,43.73095703125,23.866113662719727,35.935203552246094,73.30958557128906,61.76753234863281,117.4727783203125,87.76238250732422,52.183143615722656
2021-10-11,139.292724609375,162.31500244140625,38.93336486816406,61.950050354003906,87.67086791992188,317.0886535644531,342.9469299316406,299.05047607421875,140.0531005859375,147.93028259277344,47.126827239990234,282.38055419921875,20.627300262451172,32.28192901611328,125.16392517089844,348.19927978515625,407.576171875,263.9800109863281,372.2756042480469,43.690250396728516,23.777515411376953,35.57603454589844,72.90435028076172,61.7498779296875,116.55661010742188,87.40678405761719,51.66282272338867
2021-10-12,138.02476501464844,162.3665008544922,38.71993637084961,61.48103713989258,87.68724060058594,315.98577880859375,344.09539794921875,299.7870788574219,137.8157958984375,146.7939910888672,47.126827239990234,281.0849304199219,20.603378295898438,32.12074661254883,124.979248046875,346.98486328125,406.5729675292969,268.5733337402344,370.66693115234375,43.64327621459961,23.798616409301758,35.46552276611328,72.52806854248047,61.77632522583008,115.99209594726562,88.0987777709961,51.3942756652832
2021-10-13,137.4395294189453,164.21400451660156,38.364219665527344,61.330291748046875,88.21100616455078,316.0867004394531,343.8995361328125,300.2131042480469,139.1354522705078,142.92349243164062,47.135520935058594,284.37677001953125,20.87050437927246,31.79071617126465,125.26947784423828,349.76348876953125,408.0356750488281,270.3599853515625,370.95196533203125,43.32701873779297,23.777515411376953,35.26292037963867,72.97187805175781,61.89095687866211,116.17718505859375,88.53126525878906,51.25160598754883
2021-10-14,140.2193603515625,164.9929962158203,40.0805549621582,61.84953689575195,89.04571533203125,320.9032897949219,348.2527160644531,305.33380126953125,139.9307403564453,145.11619567871094,47.45705795288086,290.5574035644531,21.67486572265625,31.98259925842285,126.68538665771484,356.2049255371094,414.8990173339844,272.7733459472656,386.404052734375,43.79671096801758,24.068622589111328,35.85232925415039,74.61697387695312,62.58755874633789,117.84294891357422,89.458740234375,52.03208541870117
2021-10-15,141.2727508544922,170.4510040283203,41.23664474487305,62.09242248535156,89.70040893554688,324.43109130859375,361.4902648925781,310.9781188964844,140.97076416015625,147.9036102294922,47.344085693359375,291.95855712890625,21.790483474731445,31.84444236755371,127.01078033447266,358.44927978515625,418.05889892578125,281.010009765625,393.4912109375,44.00962829589844,24.186750411987305,36.38646697998047,75.21519470214844,62.43766784667969,118.42596435546875,90.82829284667969,52.527225494384766
2021-10-18,142.94061279296875,172.33700561523438,41.1566047668457,62.393917083740234,89.65947723388672,324.1093444824219,368.2736511230469,315.06048583984375,139.93946838378906,147.8503875732422,46.87480545043945,294.9146423339844,22.14930534362793,31.713966369628906,125.18152618408203,362.05377197265625,419.2965087890625,290.03668212890625,390.31988525390625,44.36346435546875,24.20362663269043,36.39568328857422,75.85199737548828,62.06732177734375,117.620849609375,91.93833923339844,52.50204849243164
2021-10-19,145.09617614746094,172.20750427246094,41.334468841552734,63.08066177368164,91.41078186035156,325.9114990234375,366.9115905761719,317.7051086425781,143.2168731689453,149.6436004638672,47.05730438232422,295.8167419433594,22.217079162597656,32.304962158203125,123.70405578613281,364.7936096191406,422.5313415527344,288.0899963378906,390.0993347167969,45.30598449707031,24.47785186767578,36.754844665527344,76.60456085205078,62.093780517578125,119.16630554199219,91.67884826660156,53.290924072265625
2021-10-20,145.58389282226562,170.7530059814453,41.87693405151367,63.666927337646484,92.60557556152344,327.3551330566406,363.1103820800781,317.91815185546875,143.13819885253906,151.65872192382812,47.47443389892578,295.02978515625,22.03069496154785,32.84989547729492,124.18775939941406,364.3175964355469,424.1909484863281,288.6000061035156,399.9441223144531,45.71617126464844,24.67613410949707,37.04954147338867,76.3923110961914,62.45528030395508,120.86907196044922,91.61155700683594,53.584651947021484
2021-10-21,145.79847717285156,171.75050354003906,41.645721435546875,62.469268798828125,91.4435043334961,327.2906494140625,362.84326171875,323.58905029296875,142.80612182617188,150.4691619873047,47.231109619140625,298.2447814941406,22.617767333984375,32.89594650268555,123.29400634765625,366.54241943359375,425.2973327636719,298.0,406.55340576171875,45.96979522705078,24.220500946044922,36.89298629760742,76.68659210205078,62.375938415527344,121.35953521728516,92.95709228515625,52.611148834228516
2021-10-22,145.02793884277344,166.77749633789062,42.303794860839844,63.415672302246094,92.31098175048828,328.0078125,368.83447265625,324.80487060546875,143.0857696533203,152.4931640625,47.31801223754883,296.7093200683594,22.651657104492188,33.12620544433594,124.621337890625,363.4626159667969,424.8565979003906,303.2266540527344,412.87762451171875,46.44887924194336,24.448320388793945,37.40871047973633,76.4212417602539,62.86088943481445,121.8499984741211,92.62553405761719,52.972015380859375
2021-10-25,144.97914123535156,166.01849365234375,42.25043487548828,64.08570861816406,93.17023468017578,328.7525329589844,369.21728515625,329.4818115234375,143.4004364013672,151.74749755859375,47.126827239990234,295.7207946777344,23.0902156829834,33.118534088134766,124.63907623291016,367.18359375,427.135009765625,341.6199951171875,413.180908203125,46.98744583129883,24.806922912597656,37.362667083740234,76.672119140625,62.81682586669922,121.99807739257812,94.92253875732422,54.00426483154297
2021-10-26,145.64242553710938,168.80349731445312,42.6506233215332,64.51280212402344,93.37483978271484,328.7065734863281,371.7633056640625,327.6537170410156,144.8599395751953,152.15582275390625,47.33539581298828,297.62103271484375,24.636144638061523,33.4332160949707,126.40888214111328,368.3398132324219,427.51947021484375,339.4766540527344,417.91497802734375,46.57726287841797,24.950366973876953,37.39029312133789,76.88919830322266,63.037261962890625,122.59961700439453,94.93696594238281,55.254722595214844
2021-10-27,145.18399047851562,169.62449645996094,41.83247375488281,62.70976257324219,91.71354675292969,326.38958740234375,365.8700866699219,330.42254638671875,143.10328674316406,148.98667907714844,48.24786376953125,310.15509033203125,24.371015548706055,32.980377197265625,125.5062484741211,369.1948547363281,425.62548828125,345.9533386230469,416.8486328125,46.19523620605469,24.233158111572266,36.77326583862305,76.8216781616211,62.66691970825195,121.6279067993164,95.14840698242188,53.819637298583984
2021-10-28,148.81239318847656,172.32850646972656,42.49054718017578,63.31640625,92.57284545898438,328.522705078125,369.27960205078125,329.7569885253906,142.32545471191406,151.2325897216797,48.69974899291992,311.28753662109375,24.859413146972656,33.14155578613281,126.25843811035156,373.2947692871094,429.7322998046875,359.0133361816406,418.6503601074219,46.48332595825195,24.406129837036133,37.22452163696289,77.59353637695312,62.88736343383789,122.6458740234375,96.4122543334961,53.9706916809082
2021-10-29,146.11061096191406,168.6215057373047,42.49054718017578,62.76034927368164,93.69397735595703,329.3778076171875,367.9709777832031,329.9078369140625,142.35165405273438,150.81539916992188,48.986534118652344,318.2648010253906,25.483362197875977,33.57136917114258,126.53276824951172,375.13104248046875,430.604248046875,371.3333435058594,423.2740478515625,46.78705978393555,24.24581527709961,37.07717514038086,77.92642211914062,62.825645446777344,123.83966827392578,96.662109375,54.10498046875
2021-11-01,145.29129028320312,165.90550231933594,42.55280303955078,62.844573974609375,93.72674560546875,330.2053527832031,370.9532470703125,325.23980712890625,142.4739990234375,150.73545837402344,48.81271743774414,316.10546875,25.742509841918945,33.49461364746094,126.2230224609375,376.41351318359375,431.34503173828125,402.86334228515625,417.4277038574219,46.90291213989258,24.663482666015625,37.09559631347656,77.81062316894531,62.92263412475586,123.69161224365234,98.43534088134766,55.07848358154297
2021-11-02,146.3251953125,165.6374969482422,42.57948684692383,61.53022384643555,93.15388488769531,331.5292663574219,377.3182067871094,325.9586486816406,144.72007751464844,151.33026123046875,48.751888275146484,319.7139892578125,26.31463623046875,34.88383102416992,127.47958374023438,377.98736572265625,433.0889892578125,390.6666564941406,415.52496337890625,46.8809928894043,24.431446075439453,37.18768310546875,78.49567413330078,63.345863342285156,124.4689712524414,97.77220153808594,54.39870834350586
2021-11-03,147.7589874267578,169.1999969482422,43.01523971557617,61.285884857177734,92.48282623291016,332.4396057128906,372.0214538574219,327.4495544433594,144.25686645507812,151.38352966308594,48.91700744628906,320.54888916015625,26.51099395751953,34.40029525756836,128.35565185546875,382.00006103515625,435.7330627441406,404.6199951171875,420.3876647949219,47.0250244140625,24.228939056396484,37.325828552246094,78.95398712158203,63.93666076660156,125.20001220703125,99.53099060058594,53.651798248291016
2021-11-04,147.24208068847656,173.85000610351562,42.090362548828125,61.76615524291992,92.89201354980469,332.2464294433594,363.2706604003906,330.2983703613281,143.85488891601562,149.39500427246094,49.186397552490234,322.8905944824219,29.70351219177246,33.95121765136719,128.59458923339844,386.8966979980469,437.7864990234375,409.9700012207031,419.8636779785156,47.369468688964844,24.26268768310547,36.837730407714844,80.1889877319336,63.99839782714844,124.3393783569336,100.87169647216797,54.054622650146484
2021-11-05,147.76951599121094,175.94949340820312,41.770225524902344,63.569149017333984,93.8985824584961,334.0395812988281,362.3893127441406,326.94366455078125,142.8323211669922,149.1819610595703,49.39495849609375,322.5260009765625,29.65467643737793,37.63668441772461,129.23171997070312,387.2659606933594,439.305419921875,407.36334228515625,418.99041748046875,47.04069137573242,24.579103469848633,36.85614776611328,80.60389709472656,64.36872863769531,122.95126342773438,101.52046203613281,54.5665397644043
2021-11-08,146.94900512695312,174.44900512695312,42.0992546081543,63.97357940673828,94.23411560058594,334.9773864746094,363.5109558105469,327.1123352050781,142.3428955078125,150.07859802246094,48.95176696777344,323.41851806640625,30.703231811523438,37.419898986816406,128.26719665527344,386.7413024902344,439.6804504394531,387.64666748046875,425.2502746582031,46.74008560180664,24.802703857421875,37.05875778198242,81.0380859375,63.8572883605957,123.68231964111328,100.0836181640625,55.15400695800781
2021-11-09,147.31039428710938,178.81149291992188,41.690185546875,63.82193374633789,94.92972564697266,334.0210876464844,360.84930419921875,328.9405212402344,142.0282745361328,148.94232177734375,49.09081268310547,322.4203796386719,30.556713104248047,36.622413635253906,128.65652465820312,384.07916259765625,438.2271728515625,341.1666564941406,426.8405456542969,46.90291213989258,24.90395736694336,36.85614776611328,80.7051773071289,64.07775115966797,123.22888946533203,98.23351287841797,55.69110870361328
2021-11-10,144.4874725341797,174.1024932861328,42.001434326171875,61.504947662353516,93.41575622558594,331.98907470703125,355.30316162109375,327.1034240722656,143.56646728515625,148.8002471923828,49.29068374633789,317.4777526855469,29.362632751464844,37.95414352416992,129.92193603515625,378.43438720703125,434.7017517089844,355.98333740234375,422.7500305175781,46.480194091796875,24.24581527709961,36.79168701171875,79.37370300292969,64.27172088623047,123.58056640625,97.86831665039062,54.59396743774414
2021-11-11,144.43862915039062,173.625,42.2326545715332,60.78036880493164,93.42394256591797,330.50885009765625,358.169677734375,326.26031494140625,142.50894165039062,148.7913818359375,49.30805969238281,319.0421142578125,30.29058837890625,38.8522834777832,129.55027770996094,379.48370361328125,434.8423156738281,354.5033264160156,420.4427795410156,46.49897384643555,24.338626861572266,36.89298629760742,79.74517059326172,64.22764587402344,123.21961975097656,97.60399627685547,54.69601821899414
2021-11-12,146.50942993164062,176.25750732421875,41.716861724853516,60.96574401855469,93.48123168945312,332.1821594238281,360.4576110839844,330.69769287109375,144.21319580078125,148.1255645751953,49.19508361816406,323.15936279296875,30.29058837890625,38.50386047363281,129.69189453125,383.47686767578125,438.12396240234375,344.47332763671875,421.9135437011719,46.267269134521484,24.279565811157227,36.97587203979492,80.71482849121094,64.22764587402344,123.83043670654297,97.93075561523438,54.27927017211914
2021-11-15,146.5192108154297,177.28399658203125,41.84136962890625,61.26906204223633,95.60077667236328,332.1454162597656,360.36859130859375,329.3221435546875,142.91099548339844,147.85928344726562,49.20376968383789,322.5355529785156,29.926780700683594,38.44190979003906,130.43519592285156,383.3893737792969,438.2740478515625,337.7966613769531,414.3851013183594,46.00111770629883,24.482067108154297,36.97587203979492,80.63282012939453,64.53626251220703,123.06230926513672,97.84907531738281,54.74705123901367
2021-11-16,147.49600219726562,177.03500366210938,41.868038177490234,61.201637268066406,95.97721862792969,332.77978515625,358.8372802734375,348.18084716796875,142.16812133789062,146.7939910888672,48.856170654296875,325.8370361328125,30.104198455810547,38.403194427490234,130.2493133544922,386.1194763183594,440.0086669921875,351.57666015625,413.3003845214844,44.83001708984375,24.520042419433594,36.93903350830078,81.48189544677734,64.13064575195312,123.58056640625,99.39163970947266,55.29987335205078
2021-11-17,149.92822265625,177.4499969482422,41.36113739013672,60.63713836669922,95.5467529296875,330.8672790527344,348.5643005371094,350.4172058105469,142.7012176513672,146.00389099121094,48.58677291870117,326.05810546875,29.1652774810791,39.38651657104492,130.16970825195312,386.323486328125,438.939697265625,363.0033264160156,412.6845703125,44.444881439208984,24.144561767578125,36.51539993286133,81.23587036132812,63.989566802978516,123.75634002685547,100.02596282958984,54.69601821899414
2021-11-18,154.20660400390625,184.80299377441406,41.19218063354492,61.26906204223633,94.74376678466797,330.4075927734375,348.40399169921875,360.179443359375,141.93215942382812,144.74337768554688,48.15227127075195,328.12530517578125,31.571382522583008,39.80461883544922,130.18740844726562,390.3263244628906,440.4306640625,365.4599914550781,413.1625061035156,44.82688903808594,24.00111961364746,36.33121109008789,82.04634094238281,63.76030349731445,123.80268096923828,101.1600570678711,54.100669860839844
2021-11-19,156.8243865966797,183.82850646972656,40.37403106689453,58.648765563964844,92.6411361694336,327.8841857910156,344.86102294921875,362.6998291015625,142.36038208007812,142.8524932861328,47.90895080566406,329.89447021484375,32.87710189819336,39.33232116699219,129.92193603515625,392.50262451171875,439.64300537109375,379.0199890136719,404.45758056640625,44.585792541503906,23.064531326293945,35.935203552246094,82.6445541381836,63.53104019165039,123.05303955078125,101.59734344482422,51.600181579589844
2021-11-22,157.28347778320312,178.6284942626953,41.1566047668457,60.56973648071289,94.29676055908203,328.1513671875,352.6681213378906,362.78851318359375,140.48663330078125,145.8974151611328,48.204410552978516,326.74078369140625,31.851465225219727,39.64201354980469,130.7891387939453,387.946044921875,438.4053039550781,385.6233215332031,402.1962585449219,45.33414840698242,23.473764419555664,36.44172286987305,81.72311401367188,64.03366088867188,122.49781036376953,101.3426742553711,52.31460952758789
2021-11-23,157.6644287109375,179.0019989013672,42.24154281616211,62.162132263183594,96.27525329589844,329.8282470703125,361.7305603027344,362.4158020019531,141.35757446289062,149.38612365722656,48.56071090698242,324.6736755371094,31.64215660095215,39.54910659790039,132.2404022216797,386.1777648925781,438.98663330078125,369.6766662597656,411.0116271972656,45.65666580200195,24.195186614990234,37.01271057128906,81.53496551513672,64.4569091796875,122.62738800048828,100.60741424560547,53.69242477416992
2021-11-24,158.18211364746094,179.02049255371094,42.35715103149414,63.04678726196289,97.0119857788086,329.8373107910156,355.36553955078125,365.7349548339844,140.961669921875,148.21435546875,48.169647216796875,324.8947448730469,32.56711959838867,39.40199661254883,131.55018615722656,387.4214172363281,440.1586608886719,372.0,413.7968444824219,45.88526153564453,24.431446075439453,36.92981719970703,82.12834930419922,64.26290130615234,122.58109283447266,100.81404876708984,53.990108489990234
2021-11-26,153.1711883544922,175.22799682617188,40.69417190551758,60.22428894042969,94.79344940185547,321.53680419921875,346.6414489746094,357.38385009765625,140.0467987060547,143.74905395507812,46.692325592041016,316.98175048828125,31.399946212768555,41.809940338134766,130.49710083007812,380.0764465332031,430.34173583984375,360.6400146484375,404.3747863769531,45.371726989746094,23.448448181152344,35.70496368408203,80.07804870605469,63.45168685913086,122.12764739990234,98.06532287597656,52.09347152709961
2021-11-29,156.52157592773438,178.07850646972656,40.542991638183594,60.78879928588867,95.07491302490234,323.53594970703125,344.1042785644531,361.0402526855469,140.53062438964844,143.12767028808594,47.430992126464844,323.6640625,33.266822814941406,40.57113265991211,131.8687286376953,388.32489013671875,435.6205749511719,378.9966735839844,415.4881896972656,44.66094207763672,23.583452224731445,35.81547927856445,82.08011627197266,63.61039733886719,122.46080017089844,99.58866119384766,52.382652282714844
2021-11-30,161.46412658691406,175.35350036621094,39.54698181152344,59.086883544921875,93.43582916259766,317.74114990234375,339.16357421875,355.5290222167969,137.17019653320312,140.9971923828125,45.93344497680664,317.856689453125,32.56910705566406,41.600894927978516,127.93975830078125,382.62188720703125,427.1444396972656,381.586669921875,408.336669921875,44.03469467163086,23.030778884887695,34.95900344848633,81.39505767822266,61.979129791259766,120.05467987060547,98.24311828613281,50.89426803588867
2021-12-01,160.94642639160156,172.18600463867188,38.986732482910156,58.30332565307617,92.79840850830078,313.65087890625,336.9173278808594,356.8302001953125,139.06155395507812,140.1626739501953,45.80207443237305,317.3663330078125,31.336000442504883,42.3364372253418,129.55027770996094,376.1123046875,422.3999938964844,365.0,408.4469299316406,42.9418830871582,22.786083221435547,34.57220458984375,80.28064727783203,61.679344177246094,119.84185028076172,96.46989440917969,50.851741790771484
2021-12-02,159.95989990234375,171.8679962158203,40.11262512207031,60.038944244384766,95.3149642944336,319.3166198730469,346.8150634765625,363.3800048828125,138.1906280517578,143.10995483398438,46.47640609741211,316.7991027832031,32.02482986450195,41.066650390625,130.31130981445312,378.8230895996094,428.8697204589844,361.5333251953125,409.9912414550781,42.41896438598633,23.448448181152344,35.603668212890625,81.01876831054688,62.33185958862305,120.42488098144531,97.84428405761719,52.11899185180664
2021-12-03,158.0844268798828,169.489501953125,39.20117950439453,59.91257095336914,94.7106704711914,318.9757080078125,342.5105895996094,363.4156799316406,140.20516967773438,140.5177764892578,46.88801956176758,310.56866455078125,30.596343994140625,42.01898956298828,132.62977600097656,372.2357482910156,425.1379089355469,338.3233337402344,414.3718566894531,43.057735443115234,23.262821197509766,35.023468017578125,79.66315460205078,63.10779571533203,120.64697265625,95.94129180908203,51.787296295166016
2021-12-06,161.4837188720703,171.36849975585938,39.451377868652344,61.3448600769043,96.19245910644531,325.0376281738281,348.39013671875,370.4468078613281,143.33682250976562,142.1778564453125,48.087806701660156,313.6262512207031,29.942411422729492,39.85881042480469,134.6384735107422,375.2185974121094,430.1729736328125,336.336669921875,424.322509765625,43.52429962158203,23.6087646484375,35.55760955810547,80.42057037353516,64.21881866455078,121.331787109375,97.03693389892578,52.374149322509766
2021-12-07,167.20770263671875,176.1645050048828,39.9517822265625,62.827735900878906,97.61628723144531,329.57012939453125,358.064208984375,370.8744812011719,143.706298828125,144.3172607421875,48.350528717041016,322.0198974609375,32.32487869262695,40.04462814331055,134.28451538085938,386.5177917480469,439.0710754394531,350.5833435058594,428.5831604003906,43.38338851928711,24.16143798828125,36.19306564331055,83.22827911376953,64.35990142822266,122.89575958251953,99.3003158569336,52.96099090576172
2021-12-08,171.0172119140625,176.1580047607422,39.4603271484375,62.4401741027832,98.05504608154297,329.8004455566406,355.56744384765625,366.4811706542969,144.56842041015625,142.6660614013672,48.16661834716797,322.0679931640625,31.72577476501465,39.796871185302734,134.88626098632812,388.2471923828125,440.2336730957031,356.32000732421875,432.3919372558594,42.94501876831055,24.157217025756836,35.99966812133789,83.60939025878906,64.1571044921875,123.8211669921875,99.55022430419922,53.11408233642578
2021-12-09,170.50930786132812,174.17100524902344,39.75520324707031,61.12582015991211,97.79842376708984,329.9110412597656,354.8245544433594,366.56134033203125,145.9407196044922,142.4441375732422,48.044010162353516,320.27001953125,30.393980026245117,40.323368072509766,135.67384338378906,382.53448486328125,437.2613830566406,334.6000061035156,436.5050964355469,43.54234313964844,23.971588134765625,35.926002502441406,82.70728302001953,64.33345031738281,124.10802459716797,97.82504272460938,53.250160217285156
2021-12-10,175.28578186035156,172.21200561523438,39.78200912475586,61.91779708862305,97.96399688720703,331.864013671875,349.9651794433594,370.17938232421875,145.58009338378906,141.87599182128906,49.28758239746094,329.3463439941406,30.102901458740234,40.8653450012207,137.5675506591797,386.6927490234375,441.3775329589844,339.010009765625,441.033203125,44.33774185180664,24.148778915405273,35.96282958984375,84.36683654785156,65.41802978515625,124.54296875,98.5074234008789,53.59036636352539
2021-12-13,171.66189575195312,169.5675048828125,38.942047119140625,59.83673095703125,95.92755126953125,328.92523193359375,344.2198791503906,361.12542724609375,148.1839599609375,140.18930053710938,50.583709716796875,326.32733154296875,28.072315216064453,42.739051818847656,139.52316284179688,381.106201171875,437.46771240234375,322.13665771484375,440.9502258300781,45.13628005981445,23.477981567382812,35.57603454589844,83.11249542236328,66.2733383178711,125.71825408935547,95.97013854980469,52.41666793823242
2021-12-14,170.2846221923828,169.0915069580078,39.43351364135742,59.550270080566406,96.20901489257812,328.1237487792969,347.9606018066406,358.4163818359375,149.80258178710938,141.2634735107422,50.618736267089844,315.69342041015625,28.247758865356445,43.00229263305664,140.0364532470703,377.16162109375,434.4578857421875,319.5033264160156,442.16741943359375,45.56698226928711,23.380945205688477,35.78785705566406,81.74723052978516,66.31742095947266,125.20928955078125,95.41270446777344,52.340126037597656
2021-12-15,175.1392364501953,173.31500244140625,39.263729095458984,59.57555389404297,95.66264343261719,331.47723388671875,348.93603515625,363.4156799316406,150.55032348632812,140.2071075439453,50.846435546875,321.76031494140625,30.36307716369629,45.52638244628906,140.5762176513672,385.7599792480469,441.24639892578125,325.3299865722656,455.927001953125,45.82792282104492,23.267038345336914,35.88916778564453,83.913330078125,66.9875717163086,127.772705078125,96.62368774414062,52.1104850769043
2021-12-16,168.2626495361328,168.87100219726562,40.21091842651367,60.4096565246582,96.55667877197266,331.1363525390625,355.6121520996094,356.03704833984375,152.19534301757812,142.39976501464844,51.363136291503906,312.38580322265625,28.297605514526367,47.423316955566406,142.5672607421875,375.8402404785156,437.3551940917969,308.97332763671875,454.52520751953125,45.06396484375,23.414695739746094,36.34041976928711,81.53496551513672,67.46370697021484,128.5315704345703,94.49006652832031,52.19553756713867
2021-12-17,167.16864013671875,170.0175018310547,39.21011734008789,57.806236267089844,94.04014587402344,326.38494873046875,341.6783142089844,345.7443542480469,147.99038696289062,139.1595916748047,50.55744171142578,311.32818603515625,27.71344757080078,46.05287551879883,139.3373565673828,373.9651794433594,432.700439453125,310.8566589355469,449.2316589355469,43.620941162109375,22.937969207763672,35.5391960144043,80.98981475830078,66.30859375,127.6338882446289,93.84611511230469,51.05585861206055
2021-12-20,165.8108673095703,167.07899475097656,38.566741943359375,57.79780197143555,94.08151245117188,322.3608703613281,332.55914306640625,347.009765625,147.56814575195312,136.6562042236328,50.39103698730469,307.5880126953125,27.6317138671875,47.2452278137207,139.69129943847656,370.33758544921875,428.099365234375,299.9800109863281,446.1053771972656,43.76240921020508,22.65378189086914,34.84888458251953,80.02653503417969,66.32814025878906,126.8609390258789,92.33108520507812,50.31591796875
2021-12-21,168.97572326660156,170.41700744628906,39.487125396728516,59.550270080566406,95.5881576538086,327.56640625,340.35382080078125,347.9632873535156,147.0931396484375,138.56480407714844,50.592464447021484,314.68377685546875,28.983436584472656,45.642513275146484,139.60276794433594,378.6258544921875,435.701904296875,312.84332275390625,449.314697265625,43.89445495605469,23.299076080322266,35.570655822753906,82.05172729492188,66.23936462402344,127.3905258178711,94.72299194335938,51.45560073852539
2021-12-22,171.564208984375,171.03700256347656,39.56754684448242,59.88728332519531,96.13450622558594,329.8553161621094,342.1526184082031,352.570556640625,147.7264862060547,139.10629272460938,50.951534271240234,320.3661804199219,29.30741310119629,46.10707092285156,140.9832763671875,383.2370300292969,440.0584411621094,336.2900085449219,455.696533203125,43.95104217529297,23.448644638061523,35.73722457885742,83.1247329711914,66.65663146972656,128.8768310546875,96.45073699951172,51.87235641479492
2021-12-23,172.1893768310547,171.06849670410156,39.692649841308594,59.97997283935547,96.36630249023438,331.6734313964844,344.5778503417969,353.8448486328125,148.00799560546875,139.60345458984375,50.98656463623047,321.7988586425781,29.54665756225586,45.456703186035156,141.6735382080078,386.12628173828125,442.7966003417969,355.6666564941406,456.8492126464844,43.85358810424805,23.461467742919922,35.92229080200195,83.58873748779297,66.80755615234375,129.40635681152344,97.78866577148438,51.89786148071289
2021-12-27,176.14537048339844,169.66949462890625,39.88923645019531,61.681888580322266,98.33650970458984,334.9591979980469,347.26251220703125,360.1006164550781,149.2571563720703,140.40237426757812,51.363136291503906,329.2598876953125,30.84754753112793,45.83607864379883,143.32827758789062,392.50787353515625,449.06304931640625,364.64666748046875,460.64874267578125,44.25286102294922,23.974288940429688,36.29244613647461,85.38194274902344,67.51779174804688,130.77197265625,98.7415771484375,52.63780212402344
2021-12-28,175.12948608398438,170.66099548339844,39.94285202026367,61.606056213378906,98.1460952758789,335.94671630859375,346.87774658203125,361.99871826171875,149.85536193847656,140.82847595214844,51.56455993652344,328.10614013671875,30.22650718688965,44.91471481323242,144.09814453125,390.6886901855469,448.69610595703125,362.8233337402344,463.8211975097656,44.887916564941406,23.957191467285156,36.31093978881836,84.93726348876953,67.89954376220703,130.4282684326172,98.78488159179688,52.46769714355469
2021-12-29,175.21743774414062,169.2010040283203,39.88029479980469,61.43754577636719,97.64112854003906,336.7312316894531,345.615966796875,366.1158142089844,150.91098022460938,140.75747680664062,51.62586212158203,328.7791442871094,29.90652084350586,44.581783294677734,145.29275512695312,390.6303405761719,449.27001953125,362.0633239746094,466.2558898925781,44.865909576416016,23.8033504486084,36.26467514038086,85.00977325439453,68.21029663085938,131.17141723632812,98.98220825195312,52.0084228515625
2021-12-30,174.06478881835938,168.64450073242188,39.79093933105469,60.8983268737793,97.2106704711914,336.0205993652344,345.0073547363281,365.3138122558594,151.57957458496094,140.68646240234375,51.47697830200195,326.2503967285156,29.492828369140625,45.216670989990234,144.03619384765625,389.4629211425781,448.02801513671875,356.7799987792969,465.1953430175781,45.010520935058594,23.658052444458008,36.19990158081055,84.4490737915039,67.9971923828125,131.4408416748047,98.62606048583984,51.702247619628906
2021-12-31,173.44943237304688,166.7169952392578,39.75520324707031,60.982810974121094,97.14444732666016,335.3283386230469,342.3494567871094,369.83184814453125,150.48875427246094,140.57106018066406,51.85356140136719,323.3659973144531,29.318382263183594,45.719940185546875,144.7529754638672,387.03094482421875,446.8988342285156,352.260009765625,463.0834655761719,45.4884033203125,23.717878341674805,36.135128021240234,84.03824615478516,68.45887756347656,130.8834686279297,98.39024353027344,52.04243850708008
2022-01-03,177.78640747070312,170.4044952392578,41.265342712402344,62.32615661621094,98.72557067871094,337.5065612792969,353.7864990234375,364.15533447265625,150.9021759033203,143.54489135742188,51.932376861572266,321.8564453125,30.026142120361328,43.86172103881836,144.15122985839844,390.7568664550781,449.4864196777344,399.9266662597656,463.21258544921875,45.4758186340332,24.45292091369629,36.57928466796875,84.83576202392578,68.44998931884766,129.5364227294922,101.21526336669922,54.04113006591797
2022-01-04,175.52999877929688,167.52200317382812,42.88270950317383,65.02973937988281,100.52194213867188,339.5278625488281,364.65960693359375,367.89813232421875,150.49752807617188,148.98667907714844,52.79936599731445,316.3374938964844,29.19776153564453,42.220298767089844,144.65565490722656,385.6885070800781,449.3359375,383.1966552734375,452.7176818847656,44.6427001953125,25.299070358276367,37.54166793823242,83.93675994873047,68.9116439819336,127.8271255493164,100.59925079345703,56.073848724365234
2022-01-05,170.86094665527344,164.35699462890625,42.1589241027832,63.914520263671875,101.17591857910156,336.0389709472656,356.73968505859375,362.9076843261719,151.5003662109375,146.26287841796875,53.237247467041016,304.1940612792969,27.517074584960938,43.07197570800781,145.31045532226562,373.8396911621094,440.7076416015625,362.7066650390625,451.601806640625,45.24630355834961,25.294795989990234,37.10674285888672,81.35572052001953,68.84952545166016,126.916748046875,97.8849105834961,56.7712516784668
2022-01-06,168.00868225097656,163.25399780273438,43.007816314697266,66.31395721435547,102.03684997558594,334.4701232910156,355.21832275390625,361.5888671875,150.98135375976562,147.8167724609375,52.95701217651367,301.79034423828125,28.089263916015625,42.46031951904297,144.08932495117188,373.5770568847656,440.29376220703125,354.8999938964844,433.1204833984375,45.12056350708008,25.858896255493164,37.652713775634766,80.94487762451172,68.66305541992188,125.44892883300781,97.62983703613281,58.10655212402344
2022-01-07,168.17474365234375,162.5540008544922,43.946075439453125,68.13043212890625,103.50209045410156,334.3962707519531,355.7373962402344,350.7614440917969,153.0222625732422,149.2813720703125,52.83440017700195,301.9441833496094,27.16119956970215,43.14166259765625,144.00967407226562,369.53021240234375,438.5530090332031,342.32000732421875,422.92999267578125,45.551265716552734,26.21359634399414,38.09687423706055,80.20053100585938,68.73407745361328,124.8079605102539,96.00314331054688,58.58283233642578
2022-01-10,168.1942596435547,161.48599243164062,43.72267532348633,68.45992279052734,103.56830596923828,332.9933166503906,357.2230224609375,345.2808837890625,152.26568603515625,149.4242401123047,52.921974182128906,302.165283203125,27.313709259033203,43.54428482055664,142.04515075683594,369.77337646484375,438.0072326660156,352.7066650390625,428.8322448730469,45.46324157714844,26.132400512695312,37.96731948852539,80.21501922607422,68.19252014160156,126.08992767333984,95.41600036621094,58.23413848876953
2022-01-11,171.0172119140625,165.36199951171875,43.972877502441406,70.62278747558594,105.93587493896484,334.6085205078125,360.6952209472656,344.5769348144531,150.64707946777344,149.57608032226562,52.93950271606445,302.8478698730469,27.72939682006836,43.892696380615234,140.3992462158203,375.32806396484375,441.9967346191406,354.79998779296875,432.5211181640625,45.334346771240234,27.02128791809082,38.30046081542969,81.17689514160156,68.11263275146484,127.09320068359375,96.33524322509766,60.6835823059082
2022-01-12,171.456787109375,165.20700073242188,43.66012191772461,71.30712890625,105.40606689453125,334.9869384765625,349.29400634765625,347.009765625,149.3627166748047,150.42449951171875,53.018314361572266,306.0112609863281,27.910829544067383,43.86172103881836,140.708984375,376.8165283203125,443.19171142578125,368.739990234375,436.8739318847656,45.09541702270508,27.072566986083984,38.328224182128906,81.55872344970703,68.1392593383789,126.73091125488281,96.97051239013672,60.50497817993164
2022-01-13,168.1942596435547,161.21400451660156,43.570770263671875,70.64815521240234,104.96733093261719,333.3717346191406,349.7325134277344,344.853271484375,148.45663452148438,150.23690795898438,53.333587646484375,293.06005859375,26.491313934326172,43.00229263305664,140.07180786132812,367.38995361328125,437.0851745605469,343.85333251953125,431.0731506347656,45.733612060546875,26.935815811157227,38.1801643371582,79.44652557373047,68.26356506347656,124.76148986816406,95.02136993408203,60.07122039794922
2022-01-14,169.0538330078125,162.13800048828125,42.81122589111328,73.2841567993164,106.75542449951172,331.4704895019531,340.9086608886719,331.50396728515625,147.64732360839844,141.0028533935547,53.76270294189453,298.2521667480469,26.857154846191406,42.545494079589844,141.4168701171875,369.676025390625,437.263916015625,349.8699951171875,432.2351989746094,45.60471725463867,27.568294525146484,37.78226852416992,80.11835479736328,68.38785552978516,124.54783630371094,94.57860565185547,61.12584686279297
2022-01-18,165.8596954345703,158.91749572753906,41.336830139160156,73.93470001220703,107.10308074951172,326.5880432128906,317.15765380859375,326.7987976074219,146.99639892578125,135.09092712402344,53.333587646484375,290.9928283691406,25.821428298950195,41.89510726928711,138.69137573242188,360.4732971191406,429.5201416015625,343.5033264160156,425.134033203125,44.80617904663086,27.679405212402344,36.94019317626953,78.19467163085938,67.40238189697266,122.80135345458984,92.78831481933594,62.15496826171875
2022-01-19,162.37252807617188,156.2989959716797,41.49767303466797,73.74036407470703,106.71401977539062,323.3576965332031,310.8216247558594,320.5340270996094,146.53892517089844,133.00112915039062,53.421165466308594,291.6466369628906,24.98805809020996,41.45378494262695,143.3548126220703,356.5140686035156,425.0601806640625,331.8833312988281,426.5450744628906,45.25260543823242,27.47854995727539,36.32019805908203,77.10234069824219,67.82852172851562,122.29969787597656,91.11348724365234,62.18049240112305
2022-01-20,160.69248962402344,151.66749572753906,40.881103515625,72.3463363647461,106.33320617675781,320.57025146484375,311.5196533203125,311.52459716796875,145.36895751953125,131.86697387695312,53.20222854614258,289.9833984375,24.07394790649414,41.848655700683594,144.1288299560547,351.8834533691406,420.3555908203125,332.0899963378906,426.9877014160156,44.397483825683594,27.22641372680664,36.08885955810547,76.10665893554688,67.38462829589844,121.50077056884766,89.4531021118164,62.316558837890625
2022-01-21,158.64122009277344,142.64300537109375,40.13943862915039,69.88778686523438,105.05839538574219,316.2088623046875,307.77001953125,311.0968933105469,145.03466796875,129.56289672851562,52.93950271606445,284.62786865234375,23.300395965576172,40.873085021972656,144.6804656982422,342.1262512207031,412.1037902832031,314.6333312988281,425.30010986328125,44.07365417480469,26.687957763671875,35.34858703613281,74.59379577636719,67.43790435791016,120.27454376220703,86.83021545410156,61.38100814819336
2022-01-24,157.8695526123047,144.54400634765625,39.80880355834961,70.1412124633789,105.28189086914062,317.55743408203125,307.3046569824219,324.2054748535156,143.36325073242188,129.44683837890625,52.5103759765625,284.9547424316406,23.29840087890625,39.90526580810547,143.5060577392578,343.6924133300781,413.8538818359375,310.0,426.3145751953125,44.07679748535156,26.867441177368164,35.45036697387695,74.98046875,67.21593475341797,119.87506866455078,87.87456512451172,61.9083137512207
2022-01-25,156.07225036621094,139.98599243164062,40.59516525268555,73.59674072265625,109.76039123535156,316.7723388671875,305.65802001953125,319.9013977050781,147.46263122558594,130.8578643798828,52.38776779174805,277.37823486328125,22.253698348999023,40.67951965332031,141.94020080566406,335.7251281738281,408.8011169433594,306.1333312988281,421.30694580078125,43.1179313659668,27.910173416137695,35.598419189453125,73.24526977539062,66.47019958496094,119.10403442382812,86.38744354248047,63.728397369384766
2022-01-26,155.98434448242188,138.87249755859375,41.01514434814453,73.55449676513672,109.84318542480469,315.3867492675781,306.6692199707031,318.3863525390625,148.1223602294922,132.09918212890625,52.195106506347656,285.2816467285156,22.700288772583008,41.043418884277344,140.70352172851562,335.19976806640625,407.7755126953125,312.4700012207031,422.773193359375,42.67778396606445,27.86316680908203,35.69096374511719,73.6754379272461,65.96412658691406,118.48162078857422,85.96873474121094,63.08203125
2022-01-27,155.52523803710938,139.6374969482422,40.63090896606445,75.75117492675781,112.06171417236328,315.46990966796875,305.192626953125,317.62890625,150.0664825439453,129.768310546875,52.238895416259766,288.2911376953125,21.87489128112793,41.63633346557617,141.5754852294922,331.82427978515625,405.7619323730469,276.3666687011719,425.6966552734375,42.70608139038086,28.16658592224121,35.36708450317383,73.16792297363281,66.40803527832031,118.78817749023438,83.88484191894531,63.889991760253906
2022-01-28,166.37744140625,143.97799682617188,40.98833465576172,75.37943267822266,108.1213150024414,320.6053466796875,310.54425048828125,326.63836669921875,151.1221160888672,130.9293212890625,53.281044006347656,296.3868713378906,22.76807403564453,42.38528060913086,142.7943115234375,342.2331848144531,415.8392639160156,282.1166687011719,429.8097839355469,43.23424530029297,28.046926498413086,35.82976150512695,76.36764526367188,67.18930053710938,121.21281433105469,85.71367645263672,64.02606964111328
2022-01-31,170.72415161132812,149.57350158691406,41.2296028137207,74.87251281738281,108.71734619140625,324.2723083496094,317.40814208984375,327.03045654296875,151.5619659423828,132.7064666748047,53.4299201965332,299.0020446777344,24.40888786315918,41.105838775634766,142.74984741210938,353.1773376464844,423.3289489746094,312.239990234375,435.8134460449219,43.95418930053711,28.170852661132812,36.144378662109375,78.28650665283203,67.44676971435547,121.90950775146484,89.01034545898438,64.60442352294922
2022-02-01,170.55812072753906,151.19349670410156,41.944461822509766,77.33952331542969,111.58158874511719,326.9137878417969,325.80255126953125,328.563232421875,150.32159423828125,134.9836883544922,53.03582763671875,296.86749267578125,24.560413360595703,41.40229415893555,142.11813354492188,355.5801696777344,426.1893615722656,310.4166564941406,431.97698974609375,44.30002212524414,29.17512321472168,36.644073486328125,78.48951721191406,67.38462829589844,122.23468780517578,89.54937744140625,68.74637603759766
2022-02-02,171.75955200195312,150.6125030517578,41.899776458740234,77.90559387207031,112.09481811523438,328.84429931640625,324.9075927734375,333.0456237792969,151.9842071533203,133.90316772460938,53.57879638671875,301.3865051269531,25.162508010864258,42.01860427856445,144.6626434326172,358.4693298339844,430.329345703125,301.88665771484375,442.46258544921875,44.28115463256836,29.269140243530273,36.893924713134766,79.12751770019531,68.19252014160156,123.87896728515625,89.01516723632812,68.56777954101562
2022-02-03,168.88778686523438,138.8455047607422,41.488739013671875,76.77348327636719,111.09318542480469,324.179931640625,321.1669006347656,325.0966491699219,151.9754180908203,132.79580688476562,53.95537185668945,289.6468200683594,23.872581481933594,41.644134521484375,146.03274536132812,343.9355773925781,420.2143859863281,297.0466613769531,450.7532958984375,44.32516860961914,28.99136734008789,36.48677062988281,76.83165740966797,68.21029663085938,123.34941864013672,86.29118347167969,67.76830291748047
2022-02-04,168.6041717529297,157.63949584960938,43.14185333251953,77.61832427978516,112.48392486572266,324.0782165527344,328.970458984375,320.5162048339844,150.98135375976562,136.24293518066406,53.386138916015625,294.1561584472656,24.242414474487305,41.347679138183594,143.710693359375,348.27435302734375,422.1904602050781,307.7733459472656,445.5888671875,43.803287506103516,29.444360733032227,37.10674285888672,77.14100646972656,67.3757553100586,122.90353393554688,88.74565124511719,69.23967742919922
2022-02-07,167.8902130126953,157.9355010986328,43.347373962402344,78.52234649658203,114.6941909790039,324.10601806640625,329.4627685546875,318.44879150390625,150.47991943359375,136.69837951660156,53.946617126464844,289.3583068847656,24.650127410888672,41.51150894165039,142.6342010498047,345.4726867675781,420.8354187011719,302.4466552734375,446.07769775390625,43.37257766723633,29.820425033569336,37.21778869628906,76.6286392211914,67.50003814697266,122.68988800048828,88.5627670288086,70.07317352294922
2022-02-08,170.99058532714844,161.4134979248047,44.12479019165039,77.162109375,112.94750213623047,327.4681396484375,331.2077941894531,322.093505859375,150.87579345703125,139.2703399658203,54.29692077636719,292.82928466796875,25.0289306640625,40.33349609375,142.31390380859375,349.354248046875,424.298095703125,307.3333435058594,455.0325012207031,43.38200759887695,29.179393768310547,37.735992431640625,77.57599639892578,67.75748443603516,123.69315338134766,89.80924987792969,68.2615966796875
2022-02-09,172.40875244140625,161.1894989013672,44.03541946411133,78.53080749511719,114.06503295898438,330.3591613769531,335.1722717285156,324.70458984375,150.8582305908203,139.85081481933594,53.4561882019043,299.22314453125,26.620899200439453,40.15406036376953,141.9936065673828,356.7572326660156,430.50811767578125,310.6666564941406,459.3576965332031,43.28770065307617,29.422983169555664,37.976585388183594,79.29668426513672,67.77525329589844,124.65000915527344,90.99799346923828,67.9348373413086
2022-02-10,168.34010314941406,159.0034942626953,43.829898834228516,77.6521224975586,112.6163558959961,325.6299743652344,331.62835693359375,316.4347839355469,149.03724670410156,139.2703399658203,53.753944396972656,290.7332763671875,25.742671966552734,39.47533416748047,139.83164978027344,348.682861328125,422.7738037109375,301.51666259765625,448.8627014160156,42.781524658203125,29.23923110961914,37.643455505371094,77.2231674194336,67.04725646972656,122.69916534423828,89.4290542602539,67.28125762939453
2022-02-11,164.9365234375,153.2935028076172,42.82015609741211,79.4098129272461,114.90941619873047,320.7716979980469,324.9075927734375,312.1573486328125,147.53302001953125,137.45745849609375,52.79936599731445,283.67596435546875,23.873579025268555,39.61576461791992,139.04873657226562,337.6221008300781,414.437255859375,286.6666564941406,440.9409484863281,42.54574966430664,30.08965492248535,37.115997314453125,74.86445617675781,66.80755615234375,120.9991455078125,86.85908508300781,68.97533416748047
2022-02-14,165.17124938964844,155.16700744628906,42.37337875366211,77.73703002929688,113.13787841796875,319.4786682128906,322.3839111328125,313.2890625,145.6768341064453,136.18040466308594,53.14092254638672,283.6375427246094,24.19057846069336,38.85121536254883,139.44912719726562,338.0404052734375,413.082275390625,291.9200134277344,437.50103759765625,42.11189651489258,29.3802547454834,36.6995964050293,74.84028625488281,66.6211166381836,119.76360321044922,87.35478210449219,67.91761016845703
2022-02-15,168.99534606933594,156.510498046875,42.70399856567383,76.1491928100586,112.30973052978516,323.4779052734375,325.6951904296875,314.803955078125,147.18109130859375,138.17193603515625,53.34234619140625,288.8968200683594,26.411561965942383,38.84342956542969,139.52029418945312,346.44549560546875,419.74395751953125,307.4766540527344,441.033203125,42.24393081665039,29.072566986083984,37.19927978515625,76.80750274658203,66.73652648925781,121.1106185913086,89.3087387084961,67.0662841796875
2022-02-16,168.76063537597656,158.10049438476562,42.605709075927734,76.5992202758789,112.34322357177734,322.969970703125,322.21392822265625,311.9791259765625,147.0931396484375,138.4219512939453,53.333587646484375,288.55963134765625,26.42751121520996,38.75760269165039,140.57901000976562,346.35791015625,420.2143859863281,307.7966613769531,442.7115478515625,41.9798469543457,29.307605743408203,37.227046966552734,76.73017120361328,66.86082458496094,121.29640197753906,89.5638198852539,67.37586212158203
2022-02-17,165.17124938964844,154.65249633789062,41.16705322265625,77.40589904785156,111.76600646972656,317.4372863769531,312.3788146972656,310.0631408691406,146.1958465576172,135.23374938964844,54.402008056640625,280.1099853515625,24.429824829101562,38.14908981323242,142.1893310546875,336.0559387207031,411.238037109375,292.1166687011719,433.75689697265625,43.66181182861328,29.26059913635254,36.30169677734375,74.43428802490234,67.3757553100586,119.34554290771484,87.1670913696289,67.27267456054688
2022-02-18,163.62594604492188,152.60150146484375,41.068756103515625,76.10671997070312,111.6070785522461,315.4198913574219,309.6761474609375,309.1095886230469,144.6287841796875,135.86785888671875,54.76982879638672,277.4123229980469,23.56754493713379,37.86043167114258,142.26051330566406,332.2230224609375,408.5753173828125,285.6600036621094,431.42364501953125,43.38200759887695,29.081111907958984,36.29244613647461,73.68028259277344,67.50003814697266,118.45374298095703,86.62808227539062,66.52452087402344
2022-02-22,160.71139526367188,150.19749450683594,40.71133041381836,74.57830810546875,110.75384521484375,310.8222961425781,308.0921325683594,281.7515869140625,142.66331481933594,135.626708984375,54.5421257019043,277.2099609375,23.31633949279785,37.08028793334961,140.50782775878906,328.8863220214844,404.190673828125,273.84332275390625,426.5359191894531,42.897857666015625,28.61102294921875,36.10737228393555,72.99876403808594,66.97624206542969,118.15646362304688,84.10142517089844,65.75059509277344
2022-02-23,156.55471801757812,144.82699584960938,40.01433563232422,74.91795349121094,113.38883972167969,306.6689147949219,305.33575439453125,274.8719787597656,142.7341766357422,132.7868194580078,53.93785095214844,270.0320739746094,22.31649398803711,36.565391540527344,138.7551727294922,320.4618225097656,397.0207824707031,254.67999267578125,423.8706359863281,42.45771408081055,28.90589714050293,35.47812271118164,71.17174530029297,66.4346694946289,117.56193542480469,81.29081726074219,66.01715087890625
2022-02-24,159.1660919189453,151.35800170898438,38.95991897583008,74.49339294433594,112.80329132080078,307.4273986816406,304.44091796875,279.1406555175781,140.00735473632812,129.08961486816406,52.99204635620117,283.8290100097656,23.67321014404297,35.85544967651367,135.0184783935547,331.23077392578125,402.9956359863281,266.92333984375,420.4307861328125,42.29423522949219,28.679405212402344,35.05247116088867,73.60295867919922,65.2894058227539,118.03569793701172,83.14850616455078,65.18302917480469
2022-02-25,161.229736328125,153.7884979248047,40.22879409790039,77.49928283691406,117.42921447753906,315.01275634765625,313.32745361328125,282.17938232421875,146.96609497070312,132.14385986328125,55.04130172729492,286.4495544433594,24.080923080444336,37.228519439697266,140.78363037109375,336.3671569824219,411.8873596191406,269.9566650390625,438.74603271484375,42.8758544921875,29.43580436706543,36.181392669677734,74.60345458984375,67.39350891113281,121.64940643310547,84.79444122314453,66.93730926513672
2022-02-28,161.49383544921875,153.56300354003906,39.496063232421875,80.54764556884766,120.45734405517578,313.9027099609375,305.42529296875,281.4486083984375,145.70004272460938,126.63375854492188,54.50710678100586,287.8755798339844,24.308204650878906,36.6199951171875,138.69287109375,337.3691711425781,410.8335266113281,290.1433410644531,438.85675048828125,42.49230194091797,30.162307739257812,35.644691467285156,74.4681396484375,66.496826171875,120.72975158691406,85.39120483398438,67.43605041503906
2022-03-01,159.6160125732422,151.14199829101562,37.95018005371094,82.33079528808594,125.24217987060547,308.18603515625,295.4422302246094,285.3874816894531,145.19537353515625,121.8559799194336,54.27064514160156,284.17584228515625,23.403064727783203,35.691627502441406,136.39747619628906,332.20361328125,404.5763854980469,288.1233215332031,439.2071533203125,42.75323486328125,30.46572494506836,34.33068084716797,72.97943878173828,66.10617065429688,120.06088256835938,84.09662628173828,68.08100891113281
2022-03-02,162.90220642089844,152.05250549316406,38.566741943359375,83.24784088134766,128.9395751953125,313.5881652832031,302.8057556152344,291.732421875,147.00148010253906,124.3832778930664,54.673492431640625,289.224365234375,24.147836685180664,37.21291732788086,136.82452392578125,337.77777099609375,412.0190734863281,293.2966613769531,447.6271057128906,42.80667495727539,31.16229820251465,35.21902084350586,74.5599594116211,66.80755615234375,121.87238311767578,85.86286163330078,69.25051879882812
2022-03-03,162.57940673828125,147.89849853515625,38.153690338134766,82.712890625,130.67950439453125,312.783447265625,300.1412353515625,289.05010986328125,149.16172790527344,123.49915313720703,54.70852279663086,285.1104431152344,23.64335060119629,37.314334869384766,137.3316650390625,332.95269775390625,409.9678039550781,279.7633361816406,448.7428894042969,43.79070281982422,31.24776840209961,35.10797882080078,73.67062377929688,67.34912109375,122.49478149414062,83.91853332519531,69.6890869140625
2022-03-04,159.58663940429688,145.64100646972656,36.77085494995117,85.14137268066406,132.7122039794922,311.24774169921875,296.7654724121094,288.9609375,150.0470428466797,120.02519226074219,54.79609680175781,279.271728515625,22.86766242980957,37.95405960083008,138.02565002441406,328.1275634765625,406.636962890625,279.42999267578125,459.86492919921875,44.90048599243164,32.14948272705078,34.45098114013672,72.3801040649414,67.35799407958984,123.10789489746094,82.58544158935547,72.31187438964844
2022-03-07,155.8016357421875,137.4530029296875,34.42721939086914,85.99050903320312,135.54795837402344,303.8476867675781,289.7619323730469,287.63311767578125,152.4640350341797,115.39032745361328,53.49121856689453,268.7218017578125,21.28838539123535,37.43135452270508,135.97933959960938,316.0257873535156,394.6497497558594,268.1933288574219,449.00115966796875,44.5389518737793,32.623836517333984,33.19249725341797,69.73139953613281,66.13282775878906,120.96197509765625,78.53797912597656,74.91748046875
2022-03-08,153.9824676513672,136.01449584960938,34.65169906616211,83.8931655883789,142.64993286132812,302.0530090332031,289.2939147949219,282.2594909667969,149.3741912841797,114.57766723632812,51.37189483642578,265.7735595703125,21.449901580810547,37.01007843017578,130.5967254638672,314.5569152832031,391.6576232910156,274.79998779296875,436.6341857910156,43.617794036865234,33.136653900146484,32.998172760009766,69.39305877685547,64.34833526611328,118.49090576171875,78.70161437988281,75.48503875732422
2022-03-09,159.3714599609375,139.2790069580078,36.85166931152344,81.69395446777344,139.08641052246094,308.4080505371094,300.294189453125,284.3753662109375,149.94082641601562,119.16789245605469,51.63461685180664,277.96142578125,22.945436477661133,38.03207015991211,132.3583526611328,325.8803405761719,402.158203125,286.3233337402344,447.8022155761719,43.84416580200195,32.12382888793945,34.21038055419922,72.138427734375,64.78335571289062,120.72975158691406,81.23306274414062,71.19396209716797
2022-03-10,155.03875732421875,146.8175048828125,36.5194206237793,84.67436218261719,142.89251708984375,307.2147216796875,296.9725341796875,285.0387268066406,150.2064208984375,117.75688934326172,50.68880844116211,275.15771484375,22.590496063232422,38.38312911987305,128.95086669921875,322.26153564453125,400.3422546386719,279.4333190917969,453.2156982421875,44.840763092041016,33.10674285888672,33.92352294921875,70.87692260742188,64.17076110839844,120.68327331542969,81.81059265136719,73.40400695800781
2022-03-11,151.33197021484375,145.52450561523438,36.21412658691406,83.56202697753906,142.9594268798828,305.2813720703125,294.3620300292969,284.0078125,149.93199157714844,115.10454559326172,50.72382736206055,269.8393859863281,22.034154891967773,39.21788787841797,127.42056274414062,315.57830810546875,395.2518615722656,265.1166687011719,446.63006591796875,44.66470718383789,32.841793060302734,33.68293762207031,69.62989044189453,63.42499542236328,119.78218078613281,80.23685455322266,73.02562713623047
2022-03-14,147.3122100830078,141.85299682617188,36.995338439941406,81.98263549804688,139.46286010742188,305.32763671875,292.5435791015625,285.4153137207031,152.003662109375,116.24764251708984,51.659236907958984,266.3420104980469,21.266443252563477,40.76256561279297,129.0487060546875,309.5177917480469,392.36334228515625,255.4566650390625,451.3010559082031,45.28718948364258,31.858875274658203,34.108604431152344,68.33936309814453,63.76236343383789,120.62755584716797,78.89893341064453,70.41144561767578
2022-03-15,151.68411254882812,147.3665008544922,37.26472473144531,80.70896911621094,132.40269470214844,310.9888000488281,296.306396484375,294.5418701171875,155.94345092773438,118.310546875,52.61228942871094,276.6607666015625,22.904556274414062,40.73136901855469,133.6928253173828,319.22637939453125,400.9914855957031,267.2966613769531,460.541259765625,45.83107376098633,30.692218780517578,34.589778900146484,70.63525390625,65.1917495727539,123.0335922241211,81.54107666015625,66.40414428710938
2022-03-16,156.08526611328125,153.10400390625,38.43204879760742,80.51368713378906,131.9259033203125,315.7712707519531,306.7485656738281,296.6665954589844,154.50918579101562,123.59740447998047,52.47110366821289,283.63629150390625,24.423019409179688,41.28527069091797,133.23910522460938,331.0653381347656,409.8831481933594,280.07666015625,460.8650207519531,45.69588851928711,30.551185607910156,35.5614128112793,72.93110656738281,65.26276397705078,124.51067352294922,84.32279968261719,66.15475463867188
2022-03-17,157.09266662597656,157.23899841308594,38.63857650756836,83.91864776611328,134.2095489501953,319.5548095703125,309.008056640625,301.5526123046875,156.52772521972656,125.16021728515625,53.02705001831055,284.43597412109375,24.69221305847168,42.3150634765625,133.65728759765625,335.07342529296875,415.0111999511719,290.5333251953125,468.967529296875,45.76531219482422,31.602466583251953,36.00558090209961,73.44828796386719,65.71553802490234,126.4800796508789,85.72811126708984,67.91761016845703
2022-03-18,160.3788299560547,161.25050354003906,38.5218505859375,84.57246398925781,135.2886505126953,321.883544921875,310.907470703125,305.4793395996094,154.79248046875,125.11557006835938,53.03587341308594,289.45556640625,26.374187469482422,42.525699615478516,133.58607482910156,341.931640625,419.5567626953125,301.7966613769531,468.13507080078125,45.901031494140625,31.572555541992188,36.08885955810547,74.95146942138672,65.8664779663086,127.26043701171875,87.53284454345703,67.65103149414062
2022-03-21,161.7480926513672,161.4915008544922,38.46796417236328,87.25570678710938,137.72286987304688,320.26116943359375,305.1642150878906,295.2859802246094,155.6689453125,124.71369171142578,53.45945739746094,288.2320251464844,26.654346466064453,42.27605438232422,134.0931854248047,340.98101806640625,419.43402099609375,307.0533447265625,469.55950927734375,45.51914978027344,32.84529495239258,36.053558349609375,74.80912017822266,65.9511947631836,127.16351318359375,86.79973602294922,70.68660736083984
2022-03-22,165.11257934570312,164.88900756835938,39.671207427978516,86.41506958007812,137.26283264160156,322.76446533203125,308.7739562988281,295.6087951660156,154.93414306640625,127.36602020263672,53.653594970703125,292.95306396484375,26.444978713989258,41.37888717651367,135.12525939941406,347.6822814941406,424.34197998046875,331.32666015625,467.3951110839844,45.383445739746094,32.603694915771484,36.638816833496094,75.88410186767578,66.44170379638672,127.19148254394531,88.95429229736328,70.37702941894531
2022-03-23,166.47203063964844,163.4080047607422,38.69245147705078,88.62276458740234,138.7434539794922,318.379150390625,302.112548828125,284.2408447265625,154.3497772216797,124.82982635498047,53.300621032714844,288.5499267578125,25.557628631591797,40.715763092041016,134.1821746826172,342.6855773925781,418.87713623046875,333.03668212890625,465.46197509765625,44.79957962036133,33.164554595947266,35.96066665649414,74.71709442138672,65.9065933227539,124.90837860107422,87.85050201416016,71.48634338378906
2022-03-24,170.2472686767578,163.64950561523438,38.674495697021484,88.76712036132812,139.1114959716797,321.7630920410156,302.6707458496094,283.1022644042969,155.14662170410156,125.6424789428711,53.812442779541016,292.9915771484375,28.066133499145508,41.0278205871582,134.4134521484375,350.3022766113281,425.1913757324219,337.97332763671875,474.9241943359375,45.07730484008789,33.24652862548828,36.24863815307617,76.65888214111328,66.37035369873047,126.39936828613281,88.53494262695312,71.7013168334961
2022-03-25,170.88302612304688,164.77349853515625,39.26714324951172,91.280517578125,141.62939453125,323.13525390625,303.8049621582031,278.5300598144531,156.6339874267578,126.74090576171875,54.29779815673828,292.5868835449219,27.6094970703125,41.176055908203125,135.97044372558594,350.0101013183594,427.2679138183594,336.8800048828125,474.5264587402344,45.272979736328125,33.97566223144531,36.713134765625,76.61529541015625,66.92329406738281,126.9864501953125,88.38069915771484,73.26639556884766
2022-03-28,171.7436981201172,168.99049377441406,39.10551452636719,87.88404083251953,139.1533203125,324.0159606933594,301.83349609375,281.75750732421875,157.43960571289062,125.80320739746094,54.64195251464844,299.35052490234375,28.134925842285156,41.566123962402344,136.90460205078125,355.4256286621094,430.3070373535156,363.9466552734375,474.68377685546875,46.077762603759766,33.13435745239258,36.6109504699707,77.5256576538086,67.19978332519531,127.90898132324219,90.73773956298828,71.2111587524414
2022-03-29,175.02992248535156,169.31500244140625,39.00673294067383,85.49800109863281,137.45523071289062,327.2422790527344,305.7583923339844,284.83251953125,157.35995483398438,126.080078125,54.85374450683594,303.888427734375,28.570627212524414,41.14484786987305,138.31031799316406,361.5423583984375,435.6303405761719,366.5233459472656,472.39910888671875,46.4659538269043,33.048072814941406,36.694549560546875,79.17204284667969,67.79728698730469,128.66384887695312,92.3187026977539,70.83280181884766
2022-03-30,173.8660125732422,166.30099487304688,38.611637115478516,86.10269165039062,138.42555236816406,326.45428466796875,302.0946044921875,276.5397033691406,158.99781799316406,125.50851440429688,54.89787292480469,302.39501953125,27.607505798339844,40.910804748535156,137.3583221435547,357.54888916015625,432.9403991699219,364.663330078125,481.7319641113281,47.29914474487305,33.43205642700195,36.43443298339844,78.11641693115234,67.84188842773438,128.91543579101562,90.91605377197266,72.04530334472656
2022-03-31,170.77542114257812,162.99749755859375,37.0132942199707,85.16586303710938,136.2088165283203,321.54986572265625,297.152587890625,268.3545227050781,156.908447265625,121.73988342285156,54.712554931640625,297.0477294921875,27.204702377319336,40.38810729980469,135.9437713623047,353.1172180175781,426.2768859863281,359.20001220703125,471.6961669921875,46.99931716918945,32.979042053222656,35.598365783691406,76.95909881591797,67.68136596679688,127.65741729736328,89.17121887207031,71.02197265625
2022-04-01,170.4820098876953,163.55999755859375,36.725955963134766,85.65982055664062,137.37158203125,322.6438903808594,297.2605895996094,270.6496887207031,157.7583465576172,120.837890625,55.48028564453125,298.1172790527344,26.632413864135742,40.23208236694336,137.9811248779297,352.44512939453125,427.4849548339844,361.5299987792969,474.1194763183594,47.65892791748047,33.24652862548828,35.505462646484375,76.73151397705078,68.35916137695312,128.66384887695312,89.28206634521484,71.47775268554688
2022-04-04,174.5213165283203,168.34649658203125,36.66310119628906,85.63428497314453,137.49705505371094,323.7842712402344,295.4512023925781,273.9577941894531,156.2355499267578,121.37374877929688,55.189083099365234,303.4645080566406,27.278486251831055,39.74058532714844,137.0825653076172,359.7015075683594,431.1470947265625,381.8166809082031,471.7423095703125,47.668399810791016,33.28968048095703,35.347537994384766,78.18904113769531,68.1451187133789,127.59217834472656,91.28720092773438,71.51213836669922
2022-04-05,171.2155303955078,164.05499267578125,36.043514251708984,83.50514221191406,136.6521759033203,321.0954895019531,291.6253967285156,273.3123474121094,157.24485778808594,119.96124267578125,55.1273078918457,299.52386474609375,25.853740692138672,39.974632263183594,137.56297302246094,351.714599609375,425.701171875,363.7533264160156,478.90155029296875,47.80410385131836,32.76763153076172,35.12458038330078,76.54267120361328,68.20753479003906,127.86244201660156,89.14710998535156,71.14236450195312
2022-04-06,168.05645751953125,158.75599670410156,35.64841842651367,83.0707778930664,137.86508178710938,319.6214904785156,284.69403076171875,267.6463317871094,161.3351287841797,118.296875,55.68326187133789,288.55963134765625,24.33427619934082,41.24626159667969,139.52920532226562,344.078369140625,421.4443664550781,348.586669921875,491.8414611816406,48.91502380371094,32.96178436279297,34.8830451965332,74.73162841796875,69.0726089477539,129.81005859375,86.87202453613281,71.93350982666016
2022-04-07,168.35964965820312,157.7845001220703,35.370059967041016,85.13176727294922,139.78070068359375,320.75262451171875,282.7945861816406,271.4207458496094,160.91903686523438,117.93701171875,55.9832878112793,290.36126708984375,24.135875701904297,43.03279113769531,141.33526611328125,344.89654541015625,423.5680236816406,352.4200134277344,496.6512145996094,49.40419006347656,33.393226623535156,34.845890045166016,74.84784698486328,69.91094207763672,132.3074493408203,87.31546783447266,73.13743591308594
2022-04-08,166.35467529296875,154.4604949951172,35.62148666381836,87.76344299316406,142.14804077148438,322.050537109375,289.3119201660156,278.9155578613281,161.23776245117188,120.09619140625,56.32744598388672,286.12200927734375,23.050119400024414,43.04059982299805,142.4384765625,340.0752258300781,422.4354248046875,341.8299865722656,504.98504638671875,49.67877197265625,34.31217956542969,35.19889450073242,73.80191040039062,70.20523834228516,133.0995635986328,86.51052856445312,74.67671203613281
2022-04-11,162.1099853515625,151.1219940185547,35.54964828491211,83.44552612304688,138.4924774169922,318.1844787597656,288.7447814941406,274.9798889160156,159.21917724609375,119.65538787841797,56.30980682373047,274.83984375,21.851701736450195,42.07322311401367,141.89573669433594,332.0299377441406,415.21502685546875,325.30999755859375,497.1044616699219,48.694087982177734,33.28105163574219,35.04097366333008,71.94245147705078,69.91986083984375,130.45303344726562,84.90543365478516,72.10551452636719
2022-04-12,163.97805786132812,150.78750610351562,35.17251205444336,85.16586303710938,141.37843322753906,317.2759704589844,287.86260986328125,274.59442138671875,159.2722625732422,118.34186553955078,56.971649169921875,271.7567443847656,21.43992805480957,41.43349838256836,141.4687042236328,330.62725830078125,413.6766052246094,328.98333740234375,493.654541015625,48.35955810546875,33.83327865600586,34.66008758544922,71.62285614013672,69.93770599365234,129.1856689453125,85.0934066772461,73.61038970947266
2022-04-13,166.6579132080078,155.54100036621094,34.85822677612305,85.36176300048828,143.6035614013672,320.5577392578125,289.8340148925781,278.2969970703125,159.94509887695312,114.52728271484375,57.121665954589844,277.1135559082031,22.136852264404297,41.425697326660156,141.86907958984375,337.3479309082031,418.4146423339844,340.7900085449219,496.6973571777344,49.618804931640625,34.33805847167969,34.66008758544922,72.77532196044922,70.33010864257812,129.81936645507812,87.20944213867188,74.6509017944336
2022-04-14,161.66009521484375,151.7064971923828,33.73579788208008,86.33262634277344,143.53660583496094,319.31134033203125,289.5368957519531,273.0075378417969,159.2722625732422,113.46568298339844,57.37758255004883,269.6081237792969,21.194664001464844,41.44129943847656,141.0772247314453,329.6337585449219,413.2046813964844,328.3333435058594,494.68115234375,49.574623107910156,34.45024108886719,34.269927978515625,71.00788116455078,70.3122787475586,129.1949920654297,85.98993682861328,75.52803039550781
2022-04-18,161.44493103027344,152.78500366210938,34.885162353515625,88.12110900878906,145.46058654785156,319.1351318359375,296.9544677734375,269.1435546875,157.28912353515625,115.57089233398438,56.86576461791992,270.2729187011719,21.718103408813477,40.442710876464844,139.73379516601562,329.88702392578125,413.37457275390625,334.7633361816406,493.9966735839844,49.195899963378906,34.955020904541016,34.47428894042969,71.24029541015625,69.73258209228516,127.76924133300781,86.250244140625,76.14718627929688
2022-04-19,163.72373962402344,158.11549377441406,35.531681060791016,86.49444580078125,143.73741149902344,323.7909240722656,302.4187316894531,275.9480895996094,162.08766174316406,117.96400451660156,57.42170715332031,274.8782653808594,22.131866455078125,39.14767837524414,141.82455444335938,337.2604064941406,420.0474853515625,342.7166748046875,497.34503173828125,49.754512786865234,34.6702766418457,34.94807815551758,72.57678985595703,70.7938461303711,128.98995971679688,88.7518539428711,75.46785736083984
2022-04-20,163.55747985839844,153.9980010986328,35.61250686645508,87.43978118896484,144.32293701171875,326.026123046875,307.01861572265625,282.528564453125,162.80479431152344,118.37784576416016,58.207088470458984,275.89959716796875,21.417997360229492,38.81221389770508,145.5968017578125,332.3415832519531,419.736083984375,325.73333740234375,505.0311584472656,50.37940216064453,34.80401611328125,35.189613342285156,72.50898742675781,71.85514068603516,130.72328186035156,87.60948944091797,75.63982391357422
2022-04-21,162.7652587890625,148.29600524902344,34.93903732299805,84.03317260742188,137.6726837158203,322.4831848144531,300.9333190917969,278.2431945800781,162.33554077148438,117.4601821899414,58.42770767211914,270.55230712890625,20.122865676879883,38.31290817260742,145.48321533203125,325.4650573730469,413.45953369140625,336.260009765625,497.1044616699219,50.45514678955078,33.69953536987305,34.63221740722656,71.27904510498047,71.79271697998047,129.2788848876953,86.76116180419922,74.84010314941406
2022-04-22,158.23692321777344,144.35000610351562,33.72682189941406,81.76774597167969,134.63619995117188,313.7281494140625,287.85357666015625,269.0539245605469,160.7242431640625,114.08642578125,57.58053970336914,264.0200500488281,19.45685577392578,37.54838180541992,144.26646423339844,316.9425048828125,402.1145324707031,335.01666259765625,481.8428955078125,49.50518798828125,32.875492095947266,33.60106658935547,69.28401184082031,70.66899871826172,124.56362915039062,84.74637603759766,73.20623016357422
2022-04-25,159.3030242919922,146.07400512695312,33.484371185302734,78.06301879882812,131.7418670654297,315.8519287109375,289.3388977050781,273.38409423828125,164.6817169189453,114.05046081542969,58.189449310302734,270.465576171875,19.84270477294922,38.18809127807617,145.42953491210938,321.0137939453125,404.44586181640625,332.67333984375,484.9228820800781,49.530433654785156,31.788278579711914,33.656803131103516,70.32510375976562,70.98114776611328,125.40227508544922,85.35853576660156,70.73819732666016
2022-04-26,153.35653686523438,139.39100646972656,32.73009490966797,77.7734603881836,130.93882751464844,308.33038330078125,281.8673400878906,268.91937255859375,163.50418090820312,110.67671203613281,57.404052734375,260.3491516113281,18.732023239135742,38.25050735473633,142.9602508544922,308.8971862792969,392.73272705078125,292.1400146484375,475.2202453613281,49.012855529785156,31.831422805786133,32.81143569946289,67.70541381835938,69.88418579101562,123.19374084472656,81.03976440429688,70.76400756835938
2022-04-27,153.131591796875,138.16700744628906,32.55051040649414,79.25535583496094,130.6962127685547,308.8682861328125,281.96636962890625,270.3896789550781,161.2200164794922,109.23725128173828,57.854103088378906,272.87432861328125,18.360136032104492,38.80440902709961,142.5754852294922,308.5270080566406,393.8370666503906,293.836669921875,475.2479553222656,48.678321838378906,32.29737091064453,32.78356170654297,68.70777893066406,70.14282989501953,122.92350769042969,81.04937744140625,72.78485107421875
2022-04-28,160.04632568359375,144.59649658203125,33.05335998535156,83.07930755615234,135.33885192871094,314.67413330078125,286.6293640136719,279.4983215332031,162.42410278320312,110.964599609375,58.410064697265625,279.0501403808594,19.723060607910156,39.405120849609375,146.1989288330078,319.48468017578125,403.78515625,292.5033264160156,485.06170654296875,49.300048828125,33.276729583740234,33.20160675048828,71.45820617675781,71.17735290527344,124.61951446533203,82.71231079101562,74.98626708984375
2022-04-29,154.18785095214844,124.28150177001953,32.03867721557617,81.35043334960938,131.055908203125,305.77056884765625,274.9988708496094,269.3138122558594,159.76806640625,107.3839340209961,57.01577377319336,267.38250732421875,18.491741180419922,38.281707763671875,143.64016723632812,305.1082458496094,388.8629455566406,290.2533264160156,470.3827209472656,48.2838134765625,32.422489166259766,32.0589599609375,68.48018646240234,69.24205017089844,121.41384887695312,78.50921630859375,73.30940246582031
2022-05-02,154.4910125732422,124.5,32.45173645019531,81.69108581542969,133.63235473632812,306.7444763183594,279.4368591308594,275.2040100097656,158.15675354003906,108.36457824707031,55.9832878112793,274.0786437988281,19.47480010986328,37.71220779418945,141.69871520996094,310.20233154296875,391.2037353515625,300.9800109863281,463.53814697265625,47.96505355834961,32.94021224975586,32.06825256347656,69.52128601074219,68.33240509033203,120.6590347290039,79.65637969970703,74.30693054199219
2022-05-03,155.9777069091797,124.25350189208984,33.340702056884766,84.25459289550781,135.92437744140625,307.2174377441406,283.2536315917969,273.40203857421875,157.84686279296875,110.68571472167969,55.665611267089844,271.4869079589844,19.543598175048828,38.45335006713867,139.75729370117188,310.5334777832031,392.9969787597656,303.0833435058594,462.1230163574219,48.13232421875,33.863487243652344,32.48630142211914,69.642333984375,68.13618469238281,121.04109191894531,79.45877075195312,75.8376235961914
2022-05-04,162.37405395507812,125.92849731445312,34.67863845825195,88.45326232910156,140.1905975341797,315.8797302246094,291.7604064941406,282.680908203125,159.53787231445312,114.34735107421875,57.38640594482422,279.3873291015625,20.27341651916504,38.742000579833984,140.78614807128906,321.0333251953125,404.9649658203125,317.5400085449219,469.52252197265625,48.798248291015625,35.26996994018555,33.48029708862305,72.08771514892578,69.67017364501953,123.72489929199219,81.79168701171875,78.85597229003906
2022-05-05,153.32717895507812,116.40699768066406,33.7088623046875,87.60160064697266,139.07803344726562,306.28070068359375,281.8222961425781,268.1573791503906,156.49229431152344,111.48639678955078,56.927528381347656,267.2187805175781,18.787857055664062,37.79802322387695,138.19161987304688,304.8648376464844,390.5713195800781,291.09332275390625,457.5906982421875,48.3801383972168,34.73930358886719,32.50486755371094,68.62060546875,68.3502426147461,121.32064056396484,77.20780181884766,77.66067504882812
2022-05-06,154.052001953125,114.77249908447266,33.62804412841797,91.7151107788086,142.78378295898438,305.195556640625,281.72332763671875,263.8540954589844,156.1470489501953,111.30647277832031,57.130489349365234,264.69451904296875,18.619359970092773,38.2583122253418,139.56939697265625,301.2122497558594,388.2400207519531,288.54998779296875,462.1230163574219,47.37287902832031,35.774749755859375,32.27262878417969,68.06859588623047,68.42158508300781,120.93860626220703,76.22930908203125,78.84739685058594
2022-05-09,148.93911743164062,108.78900146484375,32.65826416015625,82.7812271118164,133.21412658691406,299.1950378417969,278.0595703125,266.2926025390625,156.9969940185547,109.63311004638672,57.01577377319336,254.9152069091797,16.899499893188477,37.94624710083008,139.220458984375,289.42669677734375,375.80963134765625,262.3699951171875,449.91357421875,47.927188873291016,32.81509017944336,31.501575469970703,65.43435668945312,68.39482116699219,117.80750274658203,72.98059844970703,72.63005828857422
2022-05-10,151.33883666992188,108.85900115966797,32.11051940917969,83.46253967285156,134.4939727783203,298.4808044433594,274.61181640625,261.030029296875,156.78448486328125,106.96110534667969,56.48630142211914,259.6554870605469,17.542579650878906,38.609371185302734,138.4868621826172,292.94293212890625,376.67791748046875,266.67999267578125,451.38427734375,47.25250244140625,33.1127815246582,31.222885131835938,66.43189239501953,67.9221420288086,118.22683715820312,72.76370239257812,73.11161041259766
2022-05-11,143.49325561523438,105.37200164794922,31.939903259277344,84.34828186035156,136.48489379882812,295.3553161621094,271.45220947265625,253.67861938476562,155.93455505371094,106.28634643554688,56.751033782958984,251.03244018554688,16.5804500579834,38.57816696166992,136.53643798828125,284.2547302246094,370.69403076171875,244.6666717529297,449.6639099121094,46.75838851928711,33.55716323852539,30.934898376464844,64.33515167236328,67.62785339355469,117.44406127929688,70.15603637695312,74.63372039794922
2022-05-12,139.6341094970703,106.93049621582031,31.490930557250977,84.82518005371094,137.7814483642578,294.594970703125,269.52569580078125,259.7121276855469,157.47506713867188,106.19638061523438,56.927528381347656,246.02236938476562,16.126806259155273,39.6320915222168,135.9817657470703,283.5826416015625,370.30706787109375,242.6666717529297,442.8655090332031,46.71403884887695,33.69953536987305,30.702655792236328,63.6717529296875,67.61000061035156,118.58096313476562,70.63806915283203,74.97252655029297
2022-05-13,144.09071350097656,113.05500030517578,31.580724716186523,87.6441879272461,140.42481994628906,298.8518371582031,276.34912109375,265.39605712890625,156.57199096679688,107.14102172851562,57.99530029296875,251.58157348632812,17.653247833251953,39.26243209838867,137.44004821777344,294.0922546386719,379.1602783203125,256.5299987792969,448.9701232910156,46.89459991455078,34.85148620605469,31.1485652923584,65.78782653808594,68.62669372558594,119.83900451660156,73.41923522949219,77.19649505615234
2022-05-16,142.552978515625,110.81050109863281,31.257469177246094,90.25341796875,144.72447204589844,299.3618469238281,273.153564453125,265.3601989746094,157.66094970703125,106.39431762695312,58.207088470458984,251.94769287109375,17.21256446838379,39.85231018066406,138.7820587158203,290.6832580566406,377.621826171875,241.4566650390625,452.5034484863281,46.94527053833008,35.77043533325195,30.888442993164062,65.2067642211914,68.9388427734375,120.7242660522461,71.83344268798828,79.01216888427734
2022-05-17,146.17698669433594,115.36849975585938,32.317047119140625,91.55375671386719,145.57769775390625,303.3685607910156,281.7322998046875,269.8069152832031,158.3161163330078,109.92098999023438,58.048248291015625,257.07342529296875,18.12284278869629,40.3792724609375,138.38844299316406,298.2123718261719,385.38958740234375,253.8699951171875,455.5650634765625,41.60490036010742,36.18461990356445,31.71523666381836,67.09528350830078,68.46617889404297,122.38298797607422,73.64576721191406,80.0199203491211
2022-05-18,137.92982482910156,107.11250305175781,31.32032585144043,89.38081359863281,141.7403106689453,292.6564636230469,276.1151123046875,255.66883850097656,155.37681579589844,108.04070281982422,54.006587982177734,245.36892700195312,16.887535095214844,39.63995361328125,129.7637481689453,283.5729675292969,369.85394287109375,236.60333251953125,436.00238037109375,38.77949905395508,35.25702667236328,30.841999053955078,64.02523040771484,64.06050872802734,119.22394561767578,68.83052825927734,78.75155639648438
2022-05-19,134.53106689453125,107.31900024414062,30.93421173095703,89.4920425415039,140.7281951904297,290.45855712890625,277.43841552734375,257.9819030761719,153.9956817626953,106.43930053710938,52.947628021240234,244.4611358642578,17.072980880737305,39.83658218383789,126.77556610107422,282.05352783203125,367.5887756347656,236.47332763671875,442.63421630859375,37.7152214050293,35.127593994140625,30.63762664794922,63.3231201171875,62.91896057128906,119.4848861694336,68.87872314453125,79.17723846435547
2022-05-20,134.76609802246094,107.59100341796875,30.404422760009766,89.84278106689453,141.5378875732422,290.4444580078125,276.17816162109375,257.4708557128906,156.68707275390625,105.56661224365234,53.812442779541016,243.90103149414062,16.644264221191406,41.26802062988281,126.8560562133789,281.1768798828125,367.749267578125,221.3000030517578,449.275390625,37.75640869140625,35.27859878540039,30.58188247680664,63.46353530883789,63.0527229309082,120.93860626220703,67.67853546142578,79.80271911621094
2022-05-23,140.1728515625,107.55699920654297,32.209285736083984,93.26470184326172,144.82708740234375,296.4129638671875,285.0089416503906,256.430908203125,159.88587951660156,112.09817504882812,55.47146224975586,251.71365356445312,16.847654342651367,41.59048843383789,129.77272033691406,285.85211181640625,374.6298522949219,224.96665954589844,455.1488037109375,38.833351135253906,36.21051025390625,31.575889587402344,64.92108154296875,64.35480499267578,122.00094604492188,68.18463134765625,81.56627655029297
2022-05-24,137.479248046875,104.0999984741211,32.011741638183594,93.65824890136719,145.60299682617188,296.92425537109375,282.614501953125,258.1253356933594,161.63229370117188,113.68157958984375,56.4951171875,250.71893310546875,16.105867385864258,42.0073356628418,132.08096313476562,279.7743835449219,371.77008056640625,209.3866729736328,460.2175598144531,39.317970275878906,36.34856414794922,31.510868072509766,63.95745086669922,65.40718078613281,122.36437225341797,66.43013763427734,82.00932312011719
2022-05-25,137.635986328125,106.7750015258789,32.18235397338867,95.12966918945312,147.939208984375,298.6813659667969,283.4696960449219,263.19073486328125,160.04629516601562,114.47331237792969,56.53924560546875,253.5194854736328,16.92443084716797,42.243289947509766,129.91586303710938,283.6897888183594,375.05462646484375,219.60000610351562,460.70782470703125,39.077239990234375,37.099266052246094,31.761686325073242,64.70316314697266,65.4250259399414,122.32707977294922,68.3051528930664,83.65995788574219
2022-05-26,140.82907104492188,111.07749938964844,32.927642822265625,96.79785919189453,148.9344024658203,303.4876708984375,291.3283386230469,271.4744567871094,159.90371704101562,116.45255279541016,56.742210388183594,256.78369140625,17.797815322875977,42.46350860595703,131.05206298828125,291.550048828125,382.5487060546875,235.91000366210938,464.53704833984375,39.91029739379883,37.509124755859375,32.49558639526367,66.25756072998047,66.12063598632812,122.84893035888672,71.65509033203125,83.955322265625
2022-05-27,146.5688018798828,115.14649963378906,33.24192428588867,98.0383071899414,150.35975646972656,308.71234130859375,295.7843017578125,276.5397033691406,161.35610961914062,118.09896850585938,57.077545166015625,263.8719787597656,18.75495719909668,42.40059280395508,133.05616760253906,301.066162109375,391.93994140625,253.2100067138672,469.0508117675781,40.695823669433594,38.19511032104492,33.043678283691406,68.49955749511719,66.88761901855469,124.88973999023438,74.11331176757812,84.7806167602539
2022-05-31,145.78521728515625,120.20950317382812,33.40355682373047,96.12202453613281,147.30670166015625,306.9738464355469,296.0288391113281,271.4207458496094,159.96604919433594,118.9626235961914,55.93035125732422,262.5489807128906,18.61637306213379,41.71633529663086,132.30467224121094,300.26751708984375,389.74072265625,252.75332641601562,459.4960021972656,40.74333572387695,37.621299743652344,32.950782775878906,68.01048278808594,66.4149398803711,123.2217025756836,74.48927307128906,83.3993148803711
2022-06-01,145.65792846679688,121.68399810791016,32.927642822265625,99.02210235595703,148.70668029785156,305.2632751464844,291.50030517578125,268.1187438964844,158.3444061279297,116.87539672851562,55.65678405761719,263.08013916015625,18.26542091369629,41.189369201660156,130.300537109375,298.0467529296875,386.5883483886719,246.7899932861328,455.5835266113281,39.736083984375,38.23393630981445,32.421260833740234,67.80709838867188,65.54987335205078,121.45113372802734,73.71324157714844,84.99781036376953
2022-06-02,148.1066131591797,125.51100158691406,33.14440155029297,98.34626007080078,148.43682861328125,309.3630065917969,293.6739807128906,275.9496154785156,157.84542846679688,118.7557144165039,56.23921203613281,265.1661376953125,19.53362464904785,41.433189392089844,131.7052001953125,306.2088928222656,393.9502868652344,258.3333435058594,455.3153076171875,40.388580322265625,38.11314010620117,32.8671760559082,69.44864654541016,66.50414276123047,122.41096496582031,75.96903991699219,84.8501205444336
2022-06-03,142.39625549316406,122.3499984741211,32.68379211425781,101.04962158203125,149.78622436523438,306.1836242675781,288.6292724609375,275.2368469238281,157.19497680664062,117.1003189086914,55.568546295166016,260.762451171875,18.664226531982422,41.84217834472656,130.52423095703125,298.24151611328125,387.4848937988281,234.51666259765625,449.1644287109375,39.69490051269531,38.617916107177734,32.393394470214844,67.7877426147461,65.83525085449219,120.97587585449219,73.74699401855469,86.083740234375
2022-06-06,143.1406707763672,124.79000091552734,32.64767837524414,100.41653442382812,149.13682556152344,306.27667236328125,290.28668212890625,274.1632995605469,157.17715454101562,116.71343994140625,55.48028564453125,259.5359191894531,18.730026245117188,41.88935470581055,130.01425170898438,299.2349548339844,388.66473388671875,238.27999877929688,453.3914489746094,39.552364349365234,38.57478332519531,32.48630142211914,67.79257202148438,65.86202239990234,120.99452209472656,74.48445129394531,85.86653900146484
2022-06-07,145.65792846679688,123.0,32.82830047607422,104.97627258300781,151.9790802001953,308.80535888671875,291.1923522949219,272.25067138671875,158.90576171875,117.01936340332031,55.81562805175781,263.1573791503906,18.869617462158203,42.439918518066406,131.46365356445312,301.816162109375,392.39288330078125,238.8866729736328,459.7921142578125,39.077239990234375,39.72671127319336,32.737117767333984,68.60124969482422,66.20983123779297,122.56936645507812,74.30130767822266,89.80194854736328
2022-06-08,144.9232940673828,121.18000030517578,32.41286849975586,104.24909973144531,152.76344299316406,306.2115478515625,285.00640869140625,268.42547607421875,157.9612579345703,115.15705108642578,55.4979362487793,261.13897705078125,18.59637451171875,42.054534912109375,129.826416015625,299.6441345214844,388.1267395019531,241.86666870117188,456.489990234375,38.73832321166992,39.8129997253418,32.16115188598633,67.82649230957031,65.39826965332031,121.6002426147461,73.86267852783203,90.86180877685547
2022-06-09,139.7124786376953,116.1500015258789,31.166563034057617,101.42601776123047,149.7187957763672,300.28033447265625,275.53271484375,270.5274963378906,154.78030395507812,112.7369384765625,54.53605651855469,255.7117156982422,17.998031616210938,40.72532653808594,127.48235321044922,291.6183166503906,378.89599609375,239.7066650390625,452.6976623535156,38.332881927490234,38.93286895751953,31.352935791015625,66.01544189453125,64.41724395751953,118.8511962890625,72.52754211425781,88.89845275878906
2022-06-10,134.31553649902344,109.6500015258789,29.956382751464844,99.94603729248047,147.93075561523438,292.2573547363281,259.9546813964844,260.9463806152344,153.74671936035156,107.55488586425781,54.19189453125,244.31631469726562,16.9270076751709,39.30175018310547,126.99920654296875,281.3326721191406,367.90966796875,232.22999572753906,448.2579650878906,38.54827117919922,38.27276611328125,30.219593048095703,63.478057861328125,64.14077758789062,116.94086456298828,69.63546752929688,87.2739028930664
2022-06-13,129.17332458496094,103.66999816894531,28.917808532714844,95.60873413085938,141.1245880126953,284.08563232421875,256.6036071777344,255.4611053466797,152.1963348388672,104.35205841064453,54.130126953125,233.95416259765625,15.603678703308105,37.681541442871094,123.59941864013672,268.2518310546875,353.94085693359375,215.73666381835938,434.4484558105469,37.82291793823242,36.275211334228516,29.318483352661133,60.664669036865234,62.75843048095703,113.39973449707031,66.42050170898438,83.26900482177734
2022-06-14,130.03526306152344,102.30999755859375,28.412057876586914,95.37773895263672,141.31015014648438,282.8956298828125,255.89710998535156,251.4103546142578,149.86184692382812,102.61570739746094,52.64577102661133,236.10768127441406,15.792159080505371,37.689414978027344,119.74335479736328,268.73870849609375,352.874267578125,220.88999938964844,427.09515380859375,37.83875274658203,36.344242095947266,29.067663192749023,61.04721450805664,62.01819610595703,112.31875610351562,66.36746978759766,83.48619842529297
2022-06-15,132.6504669189453,107.66999816894531,28.944900512695312,93.5299072265625,138.53541564941406,285.61956787109375,262.7170715332031,252.36666870117188,151.46568298339844,103.83026123046875,53.0368537902832,243.12847900390625,16.481245040893555,38.1534538269043,118.55345153808594,275.4497375488281,357.90496826171875,233.0,429.4814758300781,37.81341552734375,35.54178237915039,29.39280128479004,62.33527374267578,62.08063888549805,113.45564270019531,68.23284149169922,82.43500518798828
2022-06-16,127.39064025878906,103.66000366210938,28.764278411865234,87.6185302734375,131.1304168701172,278.8051452636719,258.1070556640625,246.70997619628906,151.5458984375,102.04893493652344,52.50355529785156,236.57125854492188,15.557807922363281,37.343353271484375,119.27816772460938,264.3362731933594,346.0597229003906,213.10000610351562,423.3643798828125,38.20618438720703,33.53990936279297,28.64961814880371,59.79789352416992,61.60796356201172,111.78759765625,64.89254760742188,79.3944091796875
2022-06-17,128.8599090576172,106.22000122070312,28.827499389648438,80.19293975830078,125.14234924316406,278.3504333496094,253.4064483642578,244.24710083007812,150.993408203125,101.6890640258789,52.823543548583984,239.15936279296875,15.836034774780273,36.596168518066406,118.41925811767578,267.5504455566406,346.8057556152344,216.75999450683594,419.6234436035156,37.4681510925293,31.706296920776367,28.73322868347168,60.345088958740234,61.385005950927734,111.72236633300781,65.60110473632812,74.816162109375
2022-06-21,133.08143615722656,108.68000030517578,29.66739273071289,84.93229675292969,130.3798065185547,284.4723815917969,257.953125,242.8667755126953,154.15655517578125,104.20811462402344,53.952362060546875,245.04054260253906,16.520132064819336,37.838844299316406,122.00692749023438,274.3006591796875,355.53607177734375,237.0366668701172,445.85577392578125,38.6971321105957,33.348873138427734,29.306657791137695,61.88069152832031,63.02302169799805,114.73004150390625,67.47752380371094,79.47261047363281
2022-06-22,132.5720977783203,108.94999694824219,29.441612243652344,79.6112060546875,124.71219635009766,283.8387451171875,257.70855712890625,242.6682586669922,156.58908081054688,103.62334442138672,54.352333068847656,244.45150756835938,16.314708709716797,38.59389877319336,123.91255950927734,273.900634765625,354.8915710449219,236.086669921875,454.54412841796875,38.22835922241211,32.01387023925781,29.241281509399414,61.61852264404297,62.97809600830078,116.32093811035156,67.34709167480469,76.32774353027344
2022-06-23,135.4321746826172,112.44000244140625,28.971994400024414,75.1883544921875,120.12418365478516,285.8235168457031,259.1848449707031,248.478271484375,160.0819091796875,102.48977661132812,55.00118637084961,249.98500061035156,16.180082321166992,39.39613342285156,127.31233978271484,277.9797668457031,358.370361328125,235.07000732421875,463.9472961425781,39.156436920166016,30.827211380004883,29.12921905517578,62.540958404541016,64.2000961303711,118.93183898925781,68.40510559082031,74.02556610107422
2022-06-24,138.75259399414062,116.45999908447266,29.179706573486328,77.77192687988281,122.09769439697266,293.5389709472656,274.20135498046875,255.31680297851562,162.42530822753906,105.54862213134766,56.0322380065918,258.5219421386719,17.078584671020508,40.57589340209961,129.14645385742188,287.5043029785156,369.76434326171875,245.7066650390625,460.0765075683594,39.188106536865234,31.232934951782227,30.20323371887207,64.78876495361328,65.45803833007812,120.9063720703125,71.01398468017578,75.49375915527344
2022-06-27,138.75259399414062,113.22000122070312,29.215835571289062,79.51342010498047,124.45918273925781,292.92388916015625,272.4171447753906,255.03712463378906,162.27386474609375,104.70293426513672,55.91668701171875,255.80833435058594,16.82229232788086,40.803985595703125,128.16232299804688,285.3964538574219,368.3519592285156,244.9199981689453,469.3775634765625,39.31480026245117,32.14912414550781,30.100500106811523,64.35184478759766,65.2783432006836,121.3555679321289,70.26995086669922,77.34417724609375
2022-06-28,134.6191864013672,107.4000015258789,29.134553909301758,82.09113311767578,126.45806884765625,288.2462158203125,271.248779296875,243.7237548828125,157.65829467773438,104.19913482666016,55.356719970703125,247.68666076660156,15.937750816345215,39.844444274902344,126.07768249511719,276.70135498046875,360.8254699707031,232.663330078125,471.95806884765625,38.760494232177734,33.017303466796875,29.8016414642334,62.424434661865234,64.4067611694336,119.24063873291016,67.4630355834961,79.489990234375
2022-06-29,136.37245178222656,108.91999816894531,28.773305892944336,78.8495864868164,123.96162414550781,288.9078369140625,274.681396484375,247.0798797607422,157.70286560058594,103.7313232421875,55.756690979003906,251.3370361328125,15.498970031738281,40.06466293334961,127.22283935546875,276.95501708984375,360.5316162109375,228.49000549316406,478.7064514160156,38.61794662475586,31.869909286499023,29.633533477783203,62.550655364990234,64.81108856201172,120.27938842773438,67.40988159179688,76.55361938476562
2022-06-30,133.91397094726562,106.20999908447266,28.114028930664062,77.42706298828125,122.10615539550781,286.8299560546875,269.01165771484375,247.4407501220703,158.16619873046875,101.31121063232422,55.91668701171875,248.02464294433594,15.117030143737793,41.23655700683594,128.64541625976562,273.51995849609375,357.6025695800781,224.47332763671875,476.7757263183594,38.5102653503418,31.198040008544922,29.372034072875977,61.71561050415039,64.85603332519531,120.00800323486328,66.41949462890625,74.39913177490234
2022-07-01,136.07861328125,109.55999755859375,28.502370834350586,78.43573760986328,123.56519317626953,289.65325927734375,271.0133056640625,251.7802734375,159.9571990966797,102.60671997070312,57.22327423095703,250.68032836914062,14.482792854309082,41.142181396484375,130.72105407714844,275.3253479003906,361.384765625,227.26333618164062,480.27508544921875,38.84284591674805,31.664859771728516,29.773624420166016,61.85641860961914,65.7905044555664,121.3555679321289,67.64177703857422,76.05845642089844
2022-07-05,138.65464782714844,113.5,28.21337890625,72.96988677978516,120.31819152832031,288.5910949707031,269.1747741699219,255.97537231445312,158.72755432128906,102.21643829345703,56.24555969238281,253.83827209472656,14.92257022857666,40.61521911621094,129.4595489501953,280.03887939453125,362.06719970703125,233.06666564941406,468.98773193359375,39.35597229003906,30.408376693725586,29.67089080810547,62.63319396972656,65.36820983886719,120.65370178222656,69.15393829345703,73.67809295654297
2022-07-06,139.9867401123047,114.33000183105469,27.978567123413086,71.84915924072266,118.73258209228516,289.2432556152344,266.05914306640625,255.84005737304688,158.87010192871094,101.55388641357422,56.36110305786133,257.0830078125,15.08811092376709,41.488243103027344,130.66738891601562,281.83441162109375,363.2901306152344,231.73333740234375,478.3165283203125,39.63471984863281,29.889217376708984,29.59617805480957,63.17209243774414,65.5568618774414,121.46784973144531,68.9268798828125,72.3488998413086
2022-07-07,143.34634399414062,116.33000183105469,28.773305892944336,74.44413757324219,121.04349517822266,292.5418701171875,270.4427490234375,258.64581298828125,159.04830932617188,104.12245178222656,55.91668701171875,259.1979675292969,15.814095497131348,42.01520919799805,130.62261962890625,287.86541748046875,368.7311096191406,244.5433349609375,477.4719543457031,39.69490051269531,30.966815948486328,30.025785446166992,64.47806549072266,65.61979675292969,121.98257446289062,70.70478820800781,74.65977478027344
2022-07-08,144.02215576171875,115.54000091552734,28.710094451904297,74.5389633178711,120.41094207763672,292.0852966308594,268.5135803222656,258.4473571777344,158.852294921875,103.79572296142578,56.12112045288086,258.4833984375,15.794153213500977,41.818572998046875,129.745849609375,288.2264709472656,368.4278259277344,250.76333618164062,481.41693115234375,39.72024154663086,30.953723907470703,29.960412979125977,64.50718688964844,65.50298309326172,122.34754180908203,70.71443176269531,74.7813720703125
2022-07-11,141.89674377441406,111.75,28.412057876586914,73.75445556640625,119.34823608398438,290.4453430175781,265.5337829589844,258.37518310546875,158.91465759277344,102.43427276611328,55.94335174560547,255.44134521484375,15.110052108764648,41.598350524902344,130.65841674804688,282.06866455078125,364.21905517578125,234.3433380126953,479.8574523925781,39.736083984375,30.657052993774414,29.717588424682617,63.618743896484375,65.4131088256836,122.03873443603516,68.7771224975586,74.39913177490234
2022-07-12,142.86639404296875,109.22000122070312,28.321754455566406,71.94396209716797,117.16387176513672,288.8332214355469,264.9450988769531,257.2294006347656,156.6870880126953,102.53411102294922,55.70336151123047,244.9729766845703,15.040244102478027,40.92982482910156,129.5043182373047,279.336181640625,360.9960632324219,233.07000732421875,477.5090026855469,39.6157112121582,30.059364318847656,29.53080177307129,62.74970626831055,65.22443389892578,120.48526763916016,68.36163330078125,73.40876007080078
2022-07-13,142.5039825439453,110.4000015258789,27.852128982543945,71.65086364746094,116.3795394897461,286.7646789550781,262.78948974609375,259.0878601074219,156.32176208496094,101.57203674316406,55.44560241699219,244.05555725097656,15.122016906738281,40.73319625854492,130.354248046875,278.7603759765625,359.1002197265625,237.0399932861328,465.2746276855469,39.71073532104492,30.011367797851562,29.269302368164062,62.584651947021484,65.26935577392578,119.31551361083984,68.92207336425781,73.70413970947266
2022-07-14,145.4228515625,110.62999725341797,27.21091651916504,70.35768127441406,114.65058898925781,285.5068054199219,255.0367431640625,261.16290283203125,156.53558349609375,98.0232162475586,55.26782989501953,245.36892700195312,15.329440116882324,40.4185905456543,129.9695281982422,279.7558288574219,358.2281799316406,238.31333923339844,466.3793640136719,40.48676681518555,29.444217681884766,28.708946228027344,63.15752410888672,65.32327270507812,118.9692611694336,68.86407470703125,72.22730255126953
2022-07-15,147.08795166015625,113.55000305175781,29.125520706176758,71.4612045288086,116.09278106689453,291.4615783691406,266.1587829589844,263.8062744140625,158.80780029296875,102.5159683227539,55.55226516723633,247.91844177246094,15.718361854553223,40.70173645019531,129.7906036376953,284.8304443359375,365.0721435546875,240.06666564941406,491.7390441894531,40.88270950317383,29.924116134643555,29.68023109436035,64.2693099975586,65.53890991210938,121.84217834472656,69.97525787353516,73.44352722167969
2022-07-18,144.05154418945312,113.76000213623047,29.134553909301758,73.34062957763672,117.72052001953125,289.5880126953125,272.8519592285156,264.3836364746094,155.24363708496094,101.46311950683594,54.796749114990234,245.53309631347656,16.056425094604492,39.915225982666016,128.21597290039062,282.4200134277344,362.0577697753906,240.54666137695312,482.1038818359375,40.78768539428711,30.609073638916016,29.568164825439453,63.64788055419922,64.9009780883789,119.2686996459961,70.17814636230469,74.79876708984375
2022-07-19,147.90089416503906,118.20999908447266,30.118942260742188,76.28046417236328,121.96278381347656,296.5420837402344,288.05859375,270.5003967285156,152.9804229736328,103.97723388671875,55.57892990112305,250.632080078125,16.944957733154297,40.402862548828125,128.86907958984375,291.10528564453125,371.8402404785156,245.52999877929688,495.173583984375,41.03791427612305,31.551427841186523,30.455392837524414,65.58984375,65.5838394165039,121.29940795898438,72.32807922363281,76.6839370727539
2022-07-20,149.8990478515625,122.7699966430664,30.12798500061035,78.20298767089844,123.5736312866211,297.12939453125,291.1380310058594,272.7287902832031,152.10720825195312,103.95907592773438,54.663421630859375,253.27806091308594,17.757699966430664,39.97028350830078,126.641357421875,295.7212219238281,374.2101135253906,247.5,482.1966247558594,41.3800048828125,31.856809616088867,30.567459106445312,66.61421203613281,65.14354705810547,120.10157775878906,73.51653289794922,77.5266342163086
2022-07-21,152.16162109375,124.62999725341797,30.389888763427734,76.66841125488281,122.6290512084961,298.686279296875,295.7480773925781,275.1646423339844,152.64183044433594,104.66702270507812,54.53899002075195,255.75999450683594,18.000024795532227,40.206241607666016,126.76109313964844,299.9664001464844,378.0207214355469,271.7066650390625,484.97210693359375,41.98499298095703,31.29837989807129,30.76358413696289,67.55121612548828,65.34123229980469,122.00126647949219,75.19778442382812,76.23219299316406
2022-07-22,150.92750549316406,122.41999816894531,30.191204071044922,75.97870635986328,121.60852813720703,297.4277038574219,293.3841857910156,276.59918212890625,153.36355590820312,104.15876007080078,54.74342346191406,251.43359375,17.271053314208984,40.292755126953125,128.78720092773438,294.706298828125,374.5133972167969,272.24334716796875,483.9974060058594,41.87730026245117,31.04097557067871,30.58614158630371,66.61906433105469,65.77251434326172,121.49593353271484,74.76300048828125,75.65013885498047
2022-07-25,149.81088256835938,121.13999938964844,30.462139129638672,79.35822296142578,125.22669982910156,298.2666320800781,293.5561828613281,276.2023010253906,153.66650390625,104.57627868652344,55.27671813964844,249.95606994628906,16.976869583129883,40.71747589111328,129.66067504882812,293.02783203125,374.9684143066406,268.4333190917969,491.4790954589844,41.81711196899414,32.17966079711914,30.782270431518555,66.19669342041016,66.09600067138672,122.13229370117188,74.12043762207031,78.16949462890625
2022-07-26,148.4886016845703,114.80999755859375,29.848020553588867,78.53057098388672,124.24837493896484,296.01080322265625,288.5114440917969,269.0118408203125,154.75355529785156,102.94254302978516,56.18333435058594,243.26364135742188,16.487226486206055,41.13431167602539,129.9127960205078,287.27020263671875,370.5321960449219,258.8599853515625,493.44708251953125,38.636962890625,31.887353897094727,30.352659225463867,65.12377166748047,65.94325256347656,122.75926971435547,71.73382568359375,77.86543273925781
2022-07-27,153.5720672607422,120.97000122070312,30.335697174072266,80.40999603271484,125.88452911376953,300.17755126953125,293.9366455078125,269.67047119140625,154.3258819580078,104.59441375732422,56.00557327270508,259.5262756347656,17.740745544433594,40.85904312133789,131.1464385986328,299.41009521484375,380.153564453125,274.82000732421875,496.2503967285156,40.09716796875,32.607208251953125,30.81962776184082,67.92504119873047,66.39251708984375,123.52667999267578,74.44896697998047,79.55078887939453
2022-07-28,154.12054443359375,122.27999877929688,30.091861724853516,81.0910873413086,126.83753967285156,303.1792907714844,298.0756530761719,270.32000732421875,155.2169189453125,104.20413970947266,56.938846588134766,266.933349609375,17.934206008911133,40.201175689697266,133.3256378173828,302.337646484375,384.9215393066406,280.8999938964844,502.6365661621094,41.09809494018555,32.790443420410156,31.043771743774414,68.95915222167969,67.45280456542969,124.3127212524414,75.7292251586914,80.48033905029297
2022-07-29,159.17465209960938,134.9499969482422,30.534385681152344,83.9964370727539,138.13059997558594,306.3768005371094,301.9521179199219,271.5018615722656,155.50205993652344,104.70333099365234,57.03662109375,271.1148681640625,18.112712860107422,40.034725189208984,125.08618927001953,307.85137939453125,390.53326416015625,297.1499938964844,503.42559814453125,41.82661056518555,34.212703704833984,31.482709884643555,70.01750183105469,66.93164825439453,123.90097045898438,78.66661071777344,84.2072525024414
2022-08-01,158.19517517089844,135.38999938964844,30.444074630737305,81.98768615722656,135.3726806640625,305.798828125,300.76568603515625,275.9045104980469,154.95851135253906,103.65956115722656,57.347713470458984,268.4784851074219,18.38994598388672,40.11398696899414,128.6791229248047,307.666015625,389.3768005371094,297.27667236328125,496.9651184082031,41.9818115234375,33.50593185424805,31.221216201782227,69.86701965332031,67.76726531982422,122.98387145996094,79.05794525146484,82.0788345336914
2022-08-02,156.7259979248047,134.16000366210938,29.838985443115234,81.65145874023438,134.21725463867188,302.0700988769531,296.96173095703125,271.29437255859375,154.07638549804688,102.04399108886719,56.56554412841797,265.3978271484375,18.47471046447754,39.38478088378906,127.82364654541016,306.74871826171875,386.8079528808594,300.586669921875,497.0393371582031,42.02616882324219,33.42740249633789,30.875667572021484,69.3718032836914,67.2281494140625,122.54405212402344,78.516845703125,81.72264099121094
2022-08-03,162.72036743164062,139.52000427246094,30.380861282348633,78.7288818359375,131.0292205810547,305.9107666015625,301.7528381347656,276.4006652832031,155.56442260742188,103.114990234375,56.81441116333008,272.78558349609375,18.8406925201416,39.51953125,130.46206665039062,315.10223388671875,392.86517333984375,307.39666748046875,501.8569030761719,41.335655212402344,32.46760177612305,31.342622756958008,71.2166976928711,67.66842651367188,123.66702270507812,80.43000793457031,79.07298278808594
2022-08-04,162.40696716308594,142.57000732421875,30.16411590576172,77.48741912841797,127.4700927734375,305.1650085449219,300.575439453125,277.1224670410156,153.0695037841797,101.98047637939453,56.592201232910156,273.92510986328125,19.16180419921875,39.51953125,130.2549591064453,316.5758361816406,392.5997314453125,308.6333312988281,495.4520568847656,39.77408218383789,31.26348876953125,31.239892959594727,71.5419692993164,67.21915435791016,123.05876159667969,80.75851440429688,75.74568176269531
2022-08-05,162.1813507080078,140.8000030517578,30.669857025146484,80.04792022705078,129.57859802246094,305.733642578125,303.1114501953125,279.3959655761719,152.463623046875,105.06637573242188,56.334434509277344,273.2104797363281,18.936426162719727,39.05188751220703,130.31800842285156,313.9897766113281,391.9361877441406,288.1700134277344,496.6679992675781,40.09400177001953,31.88299560546875,31.464033126831055,71.37689208984375,67.06642150878906,123.0119400024414,79.38163757324219,76.84029388427734
2022-08-08,161.7105255126953,139.41000366210938,30.245389938354492,80.72038269042969,129.38461303710938,306.1530456542969,303.1204528808594,281.45294189453125,151.65283203125,103.78662872314453,55.97002029418945,270.70928955078125,17.743738174438477,39.2896728515625,130.81329345703125,312.9748229980469,391.481201171875,290.42333984375,498.09747314453125,40.420249938964844,32.04877471923828,31.44534683227539,70.77002716064453,67.03048706054688,123.30206298828125,79.73914337158203,77.27468872070312
2022-08-09,161.7595672607422,137.8300018310547,30.63373374938965,82.34117889404297,131.07139587402344,305.6777038574219,304.8775329589844,275.35418701171875,151.63497924804688,104.72148895263672,56.0411262512207,272.6214599609375,17.0386962890625,39.45611572265625,130.50711059570312,309.4324035644531,389.9266052246094,283.3333435058594,498.7101745605469,40.819358825683594,32.611576080322266,31.6041202545166,70.06121063232422,66.93164825439453,122.927734375,78.4685287475586,78.69940948486328
2022-08-10,165.99681091308594,142.69000244140625,31.672311782836914,82.74636840820312,131.4171905517578,310.60894775390625,315.1029357910156,281.1010437011719,152.07156372070312,107.45342254638672,56.57442855834961,279.2462158203125,18.046897888183594,39.59086608886719,131.7407989501953,318.0688781738281,398.11663818359375,294.3566589355469,499.1371154785156,40.904876708984375,32.84716033935547,32.31390380859375,71.97405242919922,67.42583465576172,124.26592254638672,80.68122100830078,79.44654083251953
2022-08-11,165.26116943359375,140.63999938964844,32.430931091308594,86.52245330810547,134.6220703125,311.08441162109375,318.5174255371094,280.2981262207031,148.92620849609375,109.04176330566406,56.192230224609375,277.1795654296875,17.89232635498047,38.2751350402832,130.8042755126953,316.2635803222656,398.11663818359375,286.6300048828125,494.6258850097656,41.29936218261719,33.977108001708984,32.696815490722656,71.69247436523438,67.26409912109375,123.46112823486328,80.27057647705078,81.74475860595703
2022-08-12,168.80201721191406,143.5500030517578,32.78314971923828,88.58293151855469,134.81605529785156,314.9251403808594,320.45556640625,284.0873107910156,147.28677368164062,110.84793853759766,56.618865966796875,281.90185546875,18.65719985961914,39.717681884765625,132.07394409179688,322.4214172363281,404.8563232421875,300.0299987792969,504.6881408691406,42.062862396240234,34.23451614379883,33.21048355102539,73.11978912353516,67.84815216064453,125.04263305664062,82.08710479736328,82.45529174804688
2022-08-15,169.87112426757812,143.17999267578125,32.73799133300781,87.26660919189453,132.2521514892578,316.3606872558594,322.294189453125,283.8345947265625,147.9906768798828,111.14744567871094,57.32994079589844,283.408447265625,18.97930908203125,39.43234634399414,133.77587890625,325.0269775390625,406.524658203125,309.32000732421875,505.5606994628906,42.18374252319336,33.567012786865234,33.20113754272461,73.58102416992188,68.52203369140625,125.6696548461914,82.65235137939453,80.98159790039062
2022-08-16,169.71414184570312,144.77999877929688,33.0902099609375,86.6863784790039,131.91477966308594,318.5700378417969,321.4971923828125,295.35552978515625,149.30938720703125,112.20935821533203,57.801021575927734,282.67449951171875,18.826732635498047,39.51953125,135.00953674316406,324.26580810546875,407.3209228515625,306.5633239746094,506.9344482421875,44.33747863769531,33.48848342895508,33.443965911865234,73.38194274902344,69.29478454589844,125.33275604248047,83.56544494628906,80.22723388671875
2022-08-17,171.2050323486328,142.10000610351562,32.88249206542969,87.77753448486328,133.0027313232422,317.134521484375,320.38311767578125,293.8939514160156,149.31829833984375,111.26543426513672,57.667694091796875,281.9293212890625,18.284236907958984,39.05188751220703,134.38821411132812,320.5672302246094,404.42974853515625,303.9966735839844,505.8948059082031,44.38520050048828,33.767704010009766,33.275856018066406,72.85762786865234,69.09709167480469,124.60281372070312,82.66683959960938,80.8763427734375
2022-08-18,170.8126983642578,142.3000030517578,32.76508712768555,90.82585144042969,135.33468627929688,317.48858642578125,321.0895690917969,293.3977966308594,148.59658813476562,110.40321350097656,57.96989822387695,280.8163757324219,18.721027374267578,38.50498962402344,134.86544799804688,321.338134765625,405.60516357421875,302.8699951171875,506.0989685058594,44.24204635620117,34.67515182495117,33.313201904296875,73.23632049560547,69.33072662353516,124.05070495605469,82.64270782470703,82.78861236572266
2022-08-19,168.2331085205078,138.22999572753906,32.0425910949707,91.05101013183594,134.2027587890625,314.7950744628906,316.3345947265625,289.88824462890625,150.85977172851562,107.67124938964844,57.925453186035156,276.9259338378906,17.79958152770996,38.95677947998047,134.8294219970703,315.0730285644531,400.1546936035156,296.6666564941406,508.9765625,43.58987808227539,34.66642379760742,32.650123596191406,71.90607452392578,69.1060791015625,124.38761138916016,80.93729400634766,82.52546691894531
2022-08-22,164.35882568359375,133.22000122070312,31.35622215270996,91.13761901855469,133.5303955078125,308.9294128417969,310.13055419921875,281.66949462890625,150.33055114746094,105.89232635498047,57.06328201293945,268.7967224121094,16.986841201782227,38.75862121582031,134.46923828125,306.7779846191406,391.822509765625,289.913330078125,505.49560546875,42.81045913696289,34.600990295410156,31.931001663208008,69.9009780883789,68.40522003173828,122.75926971435547,78.69076538085938,82.46405792236328
2022-08-23,164.02529907226562,133.6199951171875,31.07625389099121,93.9174575805664,137.86227416992188,307.3883056640625,308.1018371582031,276.87890625,149.02090454101562,104.84854125976562,57.1254997253418,267.5289306640625,17.13343620300293,38.05320358276367,131.87582397460938,306.5242614746094,390.8744812011719,296.4533386230469,497.3548583984375,42.62913513183594,35.848724365234375,31.80023956298828,69.71650695800781,68.10871124267578,121.04676818847656,78.91300201416016,85.96401977539062
2022-08-24,164.31954956054688,133.8000030517578,31.17560386657715,95.7100601196289,138.88352966308594,308.0888977050781,309.6958312988281,277.9705505371094,148.52755737304688,105.10267639160156,57.20549774169922,266.8999328613281,17.1743221282959,37.59349060058594,131.30853271484375,307.41229248046875,392.12579345703125,297.0966796875,497.9674987792969,42.93771743774414,36.28937530517578,31.96835708618164,69.76021575927734,68.2794418334961,121.19648742675781,79.25118255615234,86.4727783203125
2022-08-25,166.7716522216797,137.27999877929688,31.735538482666016,97.06104278564453,140.10055541992188,311.16168212890625,313.8168029785156,279.47711181640625,149.9179229736328,107.59864807128906,57.48103713989258,269.8612976074219,17.863405227661133,37.96602249145508,131.20050048828125,312.84796142578125,397.6617126464844,296.07000732421875,502.7109680175781,43.224029541015625,36.56858825683594,32.46334457397461,70.93993377685547,68.59391021728516,122.53468322753906,80.19808197021484,86.9201431274414
2022-08-26,160.48451232910156,130.75,30.733068466186523,97.09567260742188,139.07078552246094,301.6162414550781,304.6782531738281,268.9397277832031,147.3524627685547,104.07707214355469,56.094451904296875,259.44818115234375,16.214982986450195,37.1099967956543,128.1298370361328,300.02490234375,384.2010803222656,288.0899963378906,491.27490234375,41.86562728881836,36.14103698730469,31.492053985595703,67.91046905517578,66.89569854736328,119.11898803710938,77.144775390625,85.84998321533203
2022-08-29,158.2873992919922,129.7899932861328,30.615665435791016,98.22146606445312,140.10903930664062,299.9070739746094,302.4321594238281,267.3338623046875,146.21324157714844,103.82293701171875,55.756690979003906,256.6803894042969,15.75725269317627,36.64235305786133,127.58956146240234,297.0679931640625,381.6607360839844,284.82000732421875,491.75762939453125,42.2728271484375,36.686378479003906,31.267906188964844,67.01233673095703,66.78787231445312,118.2861328125,76.73411560058594,87.82365417480469
2022-08-30,155.86476135253906,128.72999572753906,30.787250518798828,95.69275665283203,136.6963348388672,297.04901123046875,302.16949462890625,264.4288024902344,145.7019500732422,103.84107971191406,55.241172790527344,254.4932098388672,15.425174713134766,36.34116744995117,126.22982025146484,293.7597351074219,377.47088623046875,277.70001220703125,485.32489013671875,42.14558029174805,35.442996978759766,31.099803924560547,66.3132095336914,66.09600067138672,117.50003814697266,75.87899780273438,84.4815673828125
2022-08-31,154.20712280273438,126.7699966430664,30.353763580322266,94.78346252441406,134.51763916015625,294.8167419433594,303.5747375488281,261.9044189453125,144.72422790527344,103.22390747070312,54.8500862121582,253.0415496826172,15.052213668823242,35.84974670410156,124.21272277832031,292.0519714355469,374.5987243652344,275.6099853515625,482.0666198730469,42.1678466796875,35.120155334472656,30.866317749023438,65.6675033569336,65.69166564941406,116.75140380859375,75.13015747070312,83.8499984741211
2022-09-01,154.93292236328125,127.81999969482422,30.426483154296875,93.1207275390625,132.3729705810547,296.1336669921875,304.3321838378906,266.3992919921875,148.3123016357422,103.93185424804688,55.10784912109375,252.00599670410156,13.89841365814209,36.959407806396484,125.74356079101562,292.17889404296875,375.7741394042969,277.1600036621094,486.4016418457031,42.78183364868164,34.25632858276367,30.959714889526367,65.34709167480469,66.06005859375,118.6697998046875,75.81619262695312,82.34126281738281
2022-09-02,152.8241424560547,127.51000213623047,30.390125274658203,95.48493194580078,134.3389129638672,293.05157470703125,302.4888610839844,265.0644836425781,145.98004150390625,103.20574951171875,54.352333068847656,247.80589294433594,13.609216690063477,36.222267150878906,123.51034545898438,288.05084228515625,371.8119201660156,270.2099914550781,479.3005065917969,42.311004638671875,34.88456726074219,30.716894149780273,64.49748229980469,65.19747924804688,116.96662902832031,75.1205062866211,83.8499984741211
2022-09-06,151.56866455078125,126.11000061035156,30.05377197265625,94.07333374023438,133.71763610839844,291.594482421875,297.9352722167969,262.92144775390625,146.37469482421875,103.23297882080078,54.379005432128906,245.08653259277344,13.427720069885254,36.26982879638672,122.1325912475586,285.98199462890625,370.408935546875,274.4200134277344,480.5350646972656,42.101043701171875,34.56172561645508,30.642179489135742,64.07024383544922,64.8290786743164,117.07892608642578,74.96591186523438,83.28860473632812
2022-09-07,152.97129821777344,129.47999572753906,30.51738929748535,92.45394134521484,132.00701904296875,295.4518127441406,301.6493225097656,270.122314453125,147.17308044433594,105.19343566894531,55.38339614868164,249.77044677734375,13.680095672607422,36.56310272216797,123.97859954833984,291.7591857910156,377.0633544921875,283.70001220703125,484.24810791015625,43.18267059326172,34.160343170166016,31.249229431152344,65.09463500976562,65.99716186523438,118.98797607421875,77.26555633544922,82.5781021118164
2022-09-08,151.50003051757812,129.82000732421875,31.499191284179688,93.80487823486328,132.721923828125,297.23583984375,306.04779052734375,272.32891845703125,148.35711669921875,107.64404296875,55.214508056640625,250.1865692138672,13.955412864685059,37.316070556640625,124.14067840576172,293.2718200683594,379.5279846191406,289.260009765625,489.65985107421875,43.402183532714844,34.308677673339844,31.80023956298828,65.31795501708984,65.82644653320312,121.05611419677734,77.98539733886719,83.25352478027344
2022-09-09,154.35426330566406,133.27000427246094,31.7628173828125,96.96576690673828,136.14315795898438,301.00909423828125,310.35498046875,272.21087646484375,148.6441650390625,108.16136169433594,55.392276763916016,255.93515014648438,14.351432800292969,37.918460845947266,126.03170776367188,299.683349609375,385.4239807128906,299.67999267578125,488.24444580078125,43.53261947631836,35.16378402709961,32.08976364135742,66.6093521118164,66.47339630126953,122.12295532226562,79.4637680053711,84.64823913574219
2022-09-12,160.2981414794922,136.4499969482422,32.062808990478516,99.06148529052734,138.29632568359375,303.1479797363281,312.6180725097656,270.1859436035156,148.5813751220703,109.44113159179688,55.55226516723633,258.0545654296875,14.469139099121094,37.85505294799805,127.05825805664062,303.245361328125,389.5663757324219,304.4200134277344,494.67864990234375,43.923912048339844,35.80946350097656,32.351261138916016,67.67744445800781,66.73394775390625,122.93709564208984,80.48799133300781,85.62194061279297
2022-09-13,150.8918914794922,126.81999969482422,30.90829086303711,97.27754974365234,135.66656494140625,291.1554870605469,299.6690673828125,252.3787384033203,144.71522521972656,105.63817596435547,53.7479248046875,243.86712646484375,13.09853744506836,36.61064910888672,124.4288558959961,286.6163330078125,372.6270446777344,292.1300048828125,478.5789794921875,43.01725387573242,34.906375885009766,31.146503448486328,64.0848159790039,64.5055923461914,118.87567138671875,76.33796691894531,83.62191772460938
2022-09-14,152.333740234375,128.5500030517578,30.790111541748047,101.93659210205078,138.95162963867188,291.4637451171875,298.637939453125,250.9348602294922,147.70230102539062,105.39312744140625,54.032352447509766,244.08969116210938,13.095544815063477,36.57894515991211,124.72598266601562,288.89007568359375,374.0489196777344,302.6099853515625,474.6773681640625,42.92180252075195,35.89236068725586,31.0531005859375,64.31784057617188,64.47865295410156,118.94120788574219,77.31869506835938,85.67455291748047
2022-09-15,149.45005798339844,126.27999877929688,31.371910095214844,100.07470703125,136.6963348388672,289.87591552734375,302.6166076660156,246.5762176513672,148.07904052734375,106.98147583007812,53.29819107055664,237.47018432617188,12.8970365524292,36.41249465942383,123.76245880126953,284.0791015625,369.8022766113281,303.75,486.912841796875,42.46052932739258,34.96745681762695,31.15583610534668,62.837100982666016,63.93952941894531,119.60560607910156,76.92253112792969,83.183349609375
2022-09-16,147.8120574951172,123.52999877929688,31.01738166809082,97.97032928466797,133.1474151611328,288.4833068847656,297.6798095703125,250.5989227294922,150.33953857421875,106.2644271850586,53.307151794433594,236.85084533691406,13.165369987487793,36.48383331298828,124.51891326904297,282.3419189453125,366.9810791015625,303.3500061035156,485.1529541015625,42.3714485168457,34.2214241027832,30.875667572021484,62.487552642822266,64.09228515625,119.2686996459961,76.30415344238281,81.7623062133789
2022-09-19,151.51963806152344,124.66000366210938,31.535537719726562,97.74516296386719,133.5303955078125,290.4499206542969,299.9154968261719,254.639892578125,149.15545654296875,107.24467468261719,53.71003341674805,236.6378936767578,13.348917007446289,36.01618957519531,124.25775146484375,284.5406188964844,369.8269958496094,309.07000732421875,487.5087890625,42.73411560058594,34.24171447753906,31.225839614868164,62.99711990356445,64.51823425292969,118.62609100341797,77.38375854492188,81.75353240966797
2022-09-20,153.8932647705078,122.19000244140625,31.062835693359375,97.05238342285156,133.0027313232422,287.5187072753906,294.9878234863281,248.96444702148438,147.9803466796875,105.12991333007812,53.629459381103516,234.6345977783203,13.143424034118652,35.48514938354492,123.8165283203125,282.27252197265625,365.5820007324219,308.7300109863281,486.8104248046875,42.4859733581543,34.0035514831543,30.76581573486328,62.627227783203125,64.16552734375,117.23555755615234,76.07179260253906,81.08686828613281
2022-09-21,150.77420043945312,118.54000091552734,30.135583877563477,96.2037124633789,131.9219207763672,282.6396484375,292.6607971191406,246.60354614257812,146.4644012451172,102.09846496582031,53.181800842285156,231.24746704101562,13.228214263916016,34.811424255371094,122.22264862060547,277.2181701660156,359.2048034667969,300.79998779296875,476.8283996582031,42.87408447265625,33.50519561767578,30.12740135192871,61.648983001708984,63.921348571777344,115.29073333740234,74.27079772949219,79.77986907958984
2022-09-22,149.81301879882812,117.30999755859375,29.544692993164062,95.31172180175781,131.81979370117188,281.4317626953125,285.5521545410156,244.39688110351562,149.06576538085938,100.93668365478516,53.05645751953125,233.2119903564453,12.529948234558105,35.32661819458008,122.6549072265625,273.8062744140625,356.1874694824219,288.5899963378906,481.83807373046875,42.4350700378418,33.3861083984375,29.62042999267578,61.02114486694336,63.830909729003906,115.90142059326172,72.55696105957031,79.446533203125
2022-09-23,147.5472412109375,113.77999877929688,28.844711303710938,87.11071014404297,123.20711517333984,277.067626953125,275.559814453125,246.03138732910156,149.55014038085938,99.05792999267578,52.46554946899414,230.2506561279297,12.485058784484863,34.93825149536133,122.08757781982422,269.34820556640625,350.2196350097656,275.3299865722656,478.2530517578125,41.37570571899414,31.083927154541016,29.1510066986084,60.222984313964844,62.74565887451172,115.30951690673828,70.88671112060547,75.218505859375
2022-09-26,147.88075256347656,115.1500015258789,28.20836639404297,85.90697479248047,119.96460723876953,274.1269836425781,268.8526611328125,242.07220458984375,148.6351776123047,96.92500305175781,51.81197738647461,229.79579162597656,12.197769165039062,34.74009704589844,122.20467376708984,268.2336730957031,346.75506591796875,276.010009765625,473.364501953125,41.77336502075195,30.320938110351562,28.690977096557617,59.804439544677734,62.79087829589844,114.21025085449219,70.7269287109375,73.66590118408203
2022-09-27,148.85177612304688,114.41000366210938,27.790191650390625,85.52594757080078,120.01567077636719,272.7973327636719,265.8959655761719,243.9882049560547,147.95346069335938,96.07184600830078,50.477935791015625,228.78933715820312,12.382311820983887,34.946170806884766,118.84587097167969,268.3412170410156,345.869873046875,282.94000244140625,473.373779296875,41.65884780883789,30.66053009033203,28.56892967224121,59.88229751586914,61.705631256103516,113.86261749267578,70.94964599609375,75.2097396850586
2022-09-28,146.96856689453125,118.01000213623047,28.244722366333008,90.48038482666016,124.06668090820312,277.8824157714844,274.4830017089844,256.2471008300781,149.2272186279297,98.01414489746094,51.015132904052734,233.29913330078125,12.704514503479004,35.215660095214844,118.84587097167969,273.67913818359375,352.6753234863281,287.80999755859375,478.5603332519531,42.34599685668945,32.01891326904297,29.132232666015625,60.51499557495117,62.44721603393555,116.35238647460938,72.8667984008789,77.94656372070312
2022-09-29,139.74960327148438,114.80000305175781,27.87200927734375,91.06019592285156,123.20711517333984,273.6494140625,270.2122802734375,252.74192810058594,147.58570861816406,96.35321807861328,50.64805603027344,229.8441925048828,12.189788818359375,35.001651763916016,115.89226531982422,265.78955078125,345.3083801269531,268.2099914550781,473.8020935058594,42.07240676879883,32.01891326904297,28.766082763671875,58.938114166259766,61.41623306274414,115.37528228759766,70.34931945800781,77.78865051269531
2022-09-30,135.55160522460938,113.0,27.453834533691406,89.90061950683594,122.27098083496094,269.0512390136719,267.4198913574219,250.57167053222656,146.5362091064453,94.84656524658203,50.1556396484375,225.3924560546875,12.108988761901855,34.684600830078125,113.68609619140625,261.28265380859375,339.9686584472656,265.25,470.27301025390625,41.26117706298828,31.76311492919922,28.503211975097656,57.80899429321289,60.34906768798828,113.7874526977539,68.9646987915039,76.5869140625
2022-10-03,139.72019958496094,115.87999725341797,28.262907028198242,96.60318756103516,129.13047790527344,276.0656433105469,272.9864501953125,257.6182861328125,146.39266967773438,97.77816772460938,50.719688415527344,232.9797821044922,12.481067657470703,34.98580551147461,115.72114562988281,267.41241455078125,348.9442138671875,242.39999389648438,480.02227783203125,42.16147994995117,33.55811309814453,29.273059844970703,59.60002136230469,61.38908767700195,116.12689971923828,69.03247833251953,80.63075256347656
2022-10-04,143.30026245117188,121.08999633789062,29.43560791015625,101.56645965576172,134.15167236328125,283.88525390625,287.3315124511719,262.9395751953125,148.5634307861328,102.35260009765625,50.8360710144043,240.8573455810547,13.134448051452637,35.23943328857422,117.15293884277344,275.82012939453125,359.7568359375,249.44000244140625,487.15496826171875,42.70866775512695,35.00028610229492,30.36211395263672,61.600318908691406,62.320613861083984,118.82337951660156,71.44345092773438,83.5693130493164
2022-10-05,143.594482421875,120.94999694824219,29.01743507385254,101.8387451171875,134.9176025390625,283.5574645996094,281.9748840332031,263.2029113769531,148.10592651367188,101.08885955810547,50.35260772705078,241.1670379638672,13.176344871520996,34.969940185546875,116.34249114990234,275.67352294921875,358.9192810058594,240.80999755859375,490.7865295410156,42.285552978515625,35.72357940673828,30.12740135192871,61.804725646972656,61.958858489990234,119.2179946899414,71.02227020263672,86.94646453857422
2022-10-06,142.64303588867188,120.30000305175781,28.599260330200195,103.34970092773438,137.377197265625,280.2236022949219,278.0236511230469,263.6933288574219,145.23550415039062,99.02845001220703,49.26926803588867,238.83470153808594,13.097539901733398,34.153560638427734,113.8931884765625,273.5031433105469,355.2167663574219,238.1300048828125,483.39300537109375,41.89107131958008,36.35866165161133,29.704927444458008,61.29856491088867,61.054481506347656,117.69593811035156,70.51875305175781,89.52537536621094
2022-10-07,137.40541076660156,114.55999755859375,27.953824996948242,104.10517883300781,136.1942138671875,274.361083984375,274.7476501464844,258.1813049316406,143.7016143798828,97.05044555664062,48.80369567871094,226.6892852783203,12.04614543914795,33.543251037597656,111.90312194824219,263.08154296875,345.3083801269531,223.07000732421875,470.0960693359375,40.898521423339844,36.07640838623047,29.000791549682617,58.77751159667969,60.14106750488281,115.20616912841797,68.09326934814453,88.62189483642578
2022-10-10,137.7290802001953,113.66999816894531,27.87200927734375,102.60301971435547,133.7346954345703,273.4153137207031,274.2548522949219,256.49224853515625,143.88998413085938,96.14385223388672,48.696258544921875,221.86012268066406,11.641148567199707,33.09146499633789,111.44387817382812,260.45172119140625,342.6717834472656,222.9600067138672,464.5184631347656,41.140289306640625,35.335479736328125,28.869356155395508,57.78952407836914,60.35810089111328,114.48270416259766,67.67205047607422,86.70083618164062
2022-10-11,136.31668090820312,112.20999908447266,27.062936782836914,101.53130340576172,133.76016235351562,273.724365234375,268.47845458984375,256.88287353515625,145.9710693359375,93.36913299560547,48.7768440246582,218.1439208984375,11.557355880737305,33.226200103759766,111.86709594726562,256.8735656738281,340.50164794921875,216.5,465.403076171875,42.20602035522461,35.053218841552734,28.503211975097656,56.90375518798828,60.855506896972656,115.0934066772461,67.12014770507812,85.96401977539062
2022-10-12,135.68894958496094,112.9000015258789,27.144752502441406,102.1637954711914,134.16018676757812,273.60272216796875,269.4822692871094,254.73065185546875,145.93516540527344,94.88011932373047,49.36775588989258,218.4729461669922,11.471569061279297,33.31339645385742,112.04721069335938,256.78558349609375,339.37847900390625,217.24000549316406,465.5426940917969,41.72883605957031,35.335479736328125,28.437490463256836,56.728553771972656,61.18110275268555,114.52970123291016,67.29443359375,86.34119415283203
2022-10-13,140.2498779296875,112.52999877929688,28.808351516723633,107.82100677490234,140.66224670410156,281.4690856933594,280.21368408203125,256.8282470703125,148.14181518554688,100.15480041503906,50.021339416503906,226.6892852783203,11.93043327331543,34.066375732421875,113.74009704589844,262.8077697753906,348.33502197265625,221.72000122070312,474.80780029296875,42.08194351196289,36.77764892578125,29.61104393005371,58.4903678894043,62.193992614746094,117.19799041748047,68.03031921386719,89.35871887207031
2022-10-14,135.72816467285156,106.9000015258789,28.817441940307617,103.62203216552734,136.28781127929688,277.96673583984375,273.7530212402344,251.0166778564453,147.52288818359375,101.82146453857422,49.22450637817383,221.1923370361328,11.19924259185791,33.971256256103516,112.63249969482422,254.9084930419922,340.3970031738281,204.99000549316406,477.80609130859375,41.49341583251953,35.40603256225586,29.113454818725586,56.84535598754883,61.07256317138672,116.40876770019531,65.48861694335938,87.00787353515625
2022-10-17,139.68096923828125,113.79000091552734,30.562847137451172,103.97340393066406,137.28355407714844,282.8739013671875,279.88519287109375,255.40261840820312,149.43353271484375,106.09797668457031,49.86017608642578,229.87322998046875,11.858611106872559,34.597415924072266,114.66761016845703,263.3259582519531,349.14410400390625,219.35000610351562,485.95379638671875,41.79245376586914,35.847068786621094,29.84575080871582,58.577972412109375,61.732757568359375,118.27845764160156,68.1465072631836,88.2622299194336
2022-10-18,140.9952850341797,116.36000061035156,31.70827865600586,103.56053161621094,138.48353576660156,286.0672302246094,286.4007568359375,258.85321044921875,148.91326904296875,108.82688903808594,50.53166198730469,230.81198120117188,11.937414169311523,34.946170806884766,115.59510040283203,265.4083251953125,353.24639892578125,220.19000244140625,486.2611083984375,42.67366409301758,36.16020202636719,30.32455825805664,59.074398040771484,62.53767013549805,118.93612670898438,69.0857162475586,88.42015075683594
2022-10-19,141.1031494140625,115.06999969482422,30.835569381713867,106.3891372680664,142.97708129882812,285.0183410644531,284.4935607910156,250.1630401611328,147.72921752929688,106.6932144165039,50.1019172668457,228.85708618164062,12.02120590209961,34.16941452026367,116.66667175292969,264.4403991699219,350.7431640625,222.0399932861328,484.5010681152344,42.55278396606445,37.22749710083008,29.826974868774414,58.904056549072266,62.248260498046875,117.27313995361328,68.31112670898438,91.04290008544922
2022-10-20,140.64219665527344,115.25,30.63557243347168,107.0040512084961,143.79412841796875,284.0443420410156,283.626708984375,244.68739318847656,148.10592651367188,106.34523010253906,49.31403732299805,228.53768920898438,12.163854598999023,34.010887145996094,115.16399383544922,263.0913391113281,347.80206298828125,207.27999877929688,485.0226135253906,42.65775680541992,37.262786865234375,29.34816551208496,58.938114166259766,61.38005828857422,116.27725982666016,66.98943328857422,91.16572570800781
2022-10-21,144.44784545898438,119.31999969482422,31.771907806396484,109.35831451416016,147.39410400390625,291.30841064453125,296.6668395996094,250.19940185546875,151.33522033691406,111.93125915527344,50.1019172668457,234.31527709960938,12.435179710388184,35.627811431884766,116.60594177246094,269.2602233886719,356.2541809082031,214.44000244140625,496.98797607421875,43.5198974609375,38.33890151977539,30.22128677368164,60.51499557495117,62.320613861083984,118.88916015625,68.94048309326172,92.85867309570312
2022-10-24,146.5860595703125,119.81999969482422,31.880996704101562,109.92928314208984,147.34298706054688,295.21575927734375,299.9520263671875,257.2187805175781,153.37142944335938,112.06861114501953,51.54336929321289,239.27989196777344,12.567852020263672,36.095455169677734,117.32234954833984,272.222412109375,360.61346435546875,211.25,504.31622314453125,44.35020065307617,38.51972198486328,30.624984741210938,61.352108001708984,63.44202423095703,121.1816177368164,69.22611999511719,93.5077896118164
2022-10-25,149.42063903808594,120.5999984741211,32.17189407348633,108.87516021728516,148.8749237060547,298.4393005371094,303.3283386230469,263.5751953125,153.1292266845703,112.36164855957031,52.77891540527344,242.57997131347656,13.228214263916016,36.13508605957031,118.67359924316406,277.8536071777344,366.3719787597656,222.4199981689453,503.03125,44.56016159057617,38.55942153930664,30.991140365600586,62.5250244140625,64.2740707397461,122.10235595703125,70.95932006835938,92.87622833251953
2022-10-26,146.48794555664062,115.66000366210938,32.453712463378906,111.18548583984375,150.71319580078125,298.3362121582031,306.3305969238281,263.4753112792969,154.47474670410156,113.65286254882812,53.1728515625,223.8634490966797,12.864119529724121,36.507606506347656,119.5079116821289,271.7139892578125,363.6116027832031,224.63999938964844,505.7781066894531,44.90056228637695,39.08424758911133,31.066240310668945,61.13309097290039,64.69911193847656,123.45530700683594,70.38804626464844,93.9814682006836
2022-10-27,142.02516174316406,110.95999908447266,32.608245849609375,111.24697875976562,151.4025421142578,300.28521728515625,307.6903381347656,264.3016662597656,154.56446838378906,114.10157775878906,53.29819107055664,219.4407196044922,13.143424034118652,36.25398254394531,119.5986099243164,266.7672119140625,361.6700134277344,225.08999633789062,504.5025329589844,44.7701301574707,39.22537612915039,31.31972885131836,60.437129974365234,64.75337982177734,122.80702209472656,70.11695098876953,94.34113311767578
2022-10-28,152.75552368164062,103.41000366210938,32.89006042480469,111.71255493164062,153.1727294921875,307.89410400390625,311.92449951171875,271.1938781738281,156.86080932617188,115.45687103271484,54.39943313598633,228.26673889160156,13.799796104431152,37.59349060058594,122.6275634765625,274.9304504394531,370.2743225097656,228.52000427246094,513.292724609375,45.33639907836914,39.362098693847656,32.09896469116211,63.06525421142578,66.1732406616211,124.82703399658203,70.17987823486328,97.104248046875
2022-10-31,150.40150451660156,102.44000244140625,32.762794494628906,110.76383209228516,153.95574951171875,306.80712890625,314.3793029785156,268.9054870605469,156.05349731445312,115.27372741699219,53.5847053527832,224.64730834960938,13.463632583618164,36.89599609375,122.1287841796875,271.7336120605469,367.5997619628906,227.5399932861328,516.93359375,45.279136657714844,39.69287109375,31.90180778503418,62.23301315307617,65.78435516357422,124.72366333007812,69.72962188720703,97.20075225830078
2022-11-01,147.76304626464844,96.79000091552734,32.90824508666992,112.24842071533203,155.0791015625,305.8606262207031,318.09332275390625,268.8420104980469,155.2641143798828,117.35245513916016,53.39668273925781,220.81497192382812,13.509517669677734,38.05320358276367,122.31922149658203,268.9571228027344,365.99114990234375,227.82000732421875,509.63311767578125,45.07552719116211,40.07656478881836,31.986309051513672,61.71225357055664,65.57636260986328,124.79885864257812,69.02279663085938,98.1656494140625
2022-11-02,142.250732421875,92.12000274658203,32.80824661254883,111.13278198242188,151.91319274902344,301.128662109375,319.1974792480469,262.1858825683594,152.87806701660156,116.27189636230469,52.653564453125,213.00511169433594,13.186318397521973,37.30814743041992,120.55988311767578,259.7380065917969,356.80621337890625,214.97999572753906,506.020263671875,44.7765007019043,39.11071014404297,31.58260154724121,59.58055877685547,64.43685150146484,122.67546844482422,66.4133071899414,96.14810943603516
2022-11-03,136.21859741210938,89.30000305175781,32.62643051147461,117.55426025390625,154.1514892578125,299.732421875,318.3578796386719,255.62049865722656,153.13819885253906,116.48249816894531,52.626712799072266,207.3436737060547,13.387818336486816,37.22821044921875,119.73462677001953,254.66404724121094,353.13214111328125,215.30999755859375,506.1878356933594,44.766944885253906,39.8339958190918,31.263402938842773,57.828468322753906,64.21977996826172,122.15875244140625,66.01632690429688,97.45511627197266
2022-11-04,135.9533233642578,90.9800033569336,33.44458770751953,116.236572265625,156.10035705566406,303.7335205078125,326.6073303222656,257.91796875,153.8199005126953,119.66926574707031,53.05645751953125,214.2534942626953,14.121002197265625,37.74781799316406,121.92020416259766,258.7603759765625,358.21490478515625,207.47000122070312,501.1223449707031,44.846492767333984,40.319129943847656,31.836095809936523,58.884578704833984,64.97944641113281,122.90097045898438,66.5682373046875,98.51651000976562
2022-11-07,136.48382568359375,90.52999877929688,33.64458465576172,118.5380859375,157.96420288085938,307.7442321777344,330.85064697265625,263.5842590332031,155.1654510498047,120.3011474609375,53.26239013671875,220.52464294433594,14.265642166137695,37.643898010253906,123.78837585449219,261.60528564453125,361.64141845703125,197.0800018310547,507.500732421875,45.31731414794922,41.01155090332031,32.15530776977539,59.86770248413086,65.55828094482422,124.21634674072266,66.10347747802734,99.68316650390625
2022-11-08,137.05369567871094,89.9800033569336,33.73549270629883,118.09888458251953,157.73440551757812,310.8269958496094,332.1828918457031,264.37432861328125,155.93690490722656,120.3744125366211,53.36085891723633,221.4923858642578,14.565898895263672,37.85173797607422,124.06951141357422,263.51171875,363.5926818847656,191.3000030517578,514.9779663085938,45.425472259521484,41.051246643066406,32.34307098388672,60.44199752807617,65.74818420410156,124.83641052246094,65.93887329101562,99.99896240234375
2022-11-09,132.5048828125,86.13999938964844,33.19915008544922,110.03472137451172,151.42807006835938,304.85797119140625,330.339599609375,260.38787841796875,154.69004821777344,118.80850219726562,52.61775588989258,217.27293395996094,13.741943359375,37.34811782836914,123.77023315429688,257.43084716796875,356.10186767578125,177.58999633789062,503.4408874511719,44.369293212890625,39.04454803466797,31.798532485961914,58.86998748779297,65.03373718261719,123.49287414550781,63.92488479614258,95.52530670166016
2022-11-10,144.29444885253906,96.62999725341797,34.66273880004883,113.7242202758789,154.29611206054688,316.027587890625,345.2231140136719,283.0441589355469,156.50198364257812,123.69855499267578,54.506874084472656,235.14755249023438,15.71106243133545,37.87571334838867,128.03253173828125,276.4263000488281,375.6711120605469,190.72000122070312,506.70928955078125,45.28868103027344,39.91338348388672,33.403961181640625,63.707672119140625,66.56212615966797,126.63093566894531,68.59675598144531,96.92882537841797
2022-11-11,147.07481384277344,100.79000091552734,34.91727828979492,117.6772232055664,158.68760681152344,316.5242004394531,351.4831848144531,285.9862976074219,151.819580078125,123.9000244140625,54.90081024169922,239.1444091796875,16.286632537841797,38.05158996582031,127.84208679199219,281.519775390625,379.3070983886719,195.97000122070312,486.1400146484375,45.35866928100586,41.073299407958984,33.67621994018555,64.79788208007812,66.48977661132812,125.08070373535156,70.24280548095703,99.95508575439453
2022-11-14,145.67970275878906,98.48999786376953,34.326385498046875,117.306884765625,158.76417541503906,314.63140869140625,348.9189147949219,278.7035827636719,154.2056427001953,122.62712097167969,54.37257766723633,233.76364135742188,16.254714965820312,39.36260223388672,127.85115814208984,279.0561218261719,376.0804138183594,190.9499969482422,478.38348388671875,44.02571105957031,41.0600700378418,33.19741439819336,64.2430419921875,65.9652328491211,125.19342803955078,69.12928771972656,100.24689483642578
2022-11-15,147.40884399414062,98.94000244140625,34.27184295654297,118.2415771484375,160.04074096679688,315.04364013671875,349.3934020996094,283.2530212402344,154.63623046875,121.73886108398438,54.28303909301758,234.17010498046875,16.624797821044922,38.82700729370117,127.40677642822266,282.91778564453125,379.28802490234375,194.4199981689453,468.3828125,46.90476608276367,41.492279052734375,33.27252197265625,65.0217514038086,66.51690673828125,125.03373718261719,70.07335662841797,100.9189224243164
2022-11-16,146.18077087402344,97.12000274658203,33.9627685546875,113.96482849121094,157.4365234375,314.9125671386719,348.89154052734375,285.9590148925781,155.59605407714844,121.9037094116211,54.18455505371094,234.59710693359375,15.870665550231934,38.411319732666016,128.54039001464844,279.0561218261719,376.3945007324219,186.9199981689453,476.3069763183594,47.241981506347656,40.645503997802734,33.1129150390625,64.13111114501953,66.84248352050781,124.97736358642578,69.00342559814453,99.84016418457031
2022-11-17,148.07693481445312,94.8499984741211,33.79003143310547,115.68435668945312,157.88250732421875,314.9407043457031,346.5645446777344,282.8080749511719,156.85186767578125,121.37255859375,54.35466766357422,234.54855346679688,15.638240814208984,38.635154724121094,127.75141906738281,278.44024658203125,375.2427978515625,183.1699981689453,479.8360595703125,47.082916259765625,40.733707427978516,32.934539794921875,64.21382904052734,66.82439422607422,124.92098999023438,68.16588592529297,99.97278594970703
2022-11-18,148.63693237304688,94.13999938964844,33.8082160949707,113.39163970947266,156.9391326904297,316.77252197265625,346.0353088378906,284.3880615234375,158.05380249023438,122.56303405761719,54.739646911621094,234.1021270751953,15.370904922485352,38.555213928222656,129.29312133789062,278.4499206542969,376.9466552734375,180.19000244140625,493.5148620605469,47.79233932495117,40.4117546081543,33.20680236816406,64.2868423461914,67.53885650634766,126.43364715576172,68.25785827636719,99.10623168945312
2022-11-21,145.4144287109375,92.45999908447266,33.91730880737305,110.65804290771484,155.43824768066406,316.4720458984375,346.9569091796875,287.6571044921875,158.8663787841797,121.83961486816406,55.581260681152344,234.90768432617188,15.279130935668945,38.51523971557617,130.93455505371094,275.58551025390625,375.5759582519531,167.8699951171875,481.586669921875,48.085018157958984,39.864871978759766,33.3100700378418,63.595733642578125,68.18096923828125,126.48999786376953,67.2702407836914,98.12471771240234
2022-11-22,147.54638671875,93.19999694824219,34.0809326171875,114.61735534667969,159.42623901367188,320.143310546875,350.2968444824219,295.0124206542969,159.6337432861328,123.66192626953125,55.8229866027832,237.79974365234375,15.9983491897583,39.23470687866211,132.05908203125,279.5547180175781,380.63006591796875,169.91000366210938,487.0804748535156,48.256813049316406,41.112998962402344,33.64805221557617,64.82706451416016,68.67838287353516,127.58927917480469,68.03031921386719,100.96312713623047
2022-11-23,148.42080688476562,94.12999725341797,34.190025329589844,111.76031494140625,158.01113891601562,321.07293701171875,352.46875,291.9522399902344,159.80526733398438,124.98058319091797,56.07366943359375,240.2744903564453,16.47816276550293,39.050838470458984,132.81173706054688,282.3604736328125,383.0286560058594,183.1999969482422,493.24481201171875,48.489051818847656,40.66755676269531,33.78888702392578,65.40137481689453,68.91351318359375,128.09664916992188,69.01310729980469,100.4591293334961
2022-11-25,145.51271057128906,93.41000366210938,34.27184295654297,111.8220443725586,157.5480194091797,322.5470275878906,354.85040283203125,296.37457275390625,160.01290893554688,125.21869659423828,56.12739181518555,240.18716430664062,16.229778289794922,39.338626861572266,133.0565948486328,280.5029602050781,382.94293212890625,182.86000061035156,500.61016845703125,48.69582748413086,40.51759719848633,33.90154266357422,65.0217514038086,68.9587173461914,128.85765075683594,69.05183410644531,100.10542297363281
2022-11-28,141.69093322753906,93.94999694824219,33.50822830200195,109.20306396484375,152.96824645996094,317.8242492675781,348.9189147949219,289.6004333496094,160.0941925048828,123.03008270263672,56.13636016845703,234.626220703125,15.787871360778809,39.626407623291016,132.9477996826172,276.38714599609375,376.8323669433594,182.9199981689453,495.62847900390625,48.8358039855957,39.40620040893555,33.319461822509766,63.62981033325195,68.69647216796875,127.88993835449219,68.62580108642578,97.09899139404297
2022-11-29,138.6944122314453,92.41999816894531,33.635494232177734,109.5645980834961,155.2581329345703,317.81475830078125,350.1508483886719,286.9125061035156,158.9746856689453,125.05384826660156,55.93937301635742,233.2384033203125,15.600336074829102,39.56246566772461,131.93211364746094,274.2950439453125,376.1851501464844,180.8300018310547,491.6524963378906,48.664024353027344,40.001590728759766,33.51661682128906,63.00684356689453,68.43418884277344,127.57047271728516,68.4079360961914,97.74449157714844
2022-11-30,145.43409729003906,96.54000091552734,34.40819549560547,108.91205596923828,157.2135467529297,325.01654052734375,354.6883850097656,295.9841613769531,160.6990509033203,126.53736877441406,57.3549919128418,247.61141967773438,16.885486602783203,40.074073791503906,135.26942443847656,286.7989807128906,388.03521728515625,194.6999969482422,510.0521240234375,48.489051818847656,40.20005416870117,34.08930969238281,66.17034149169922,69.80885314941406,130.6145782470703,70.76567840576172,98.4518814086914
2022-12-01,145.7091827392578,95.5,33.42067337036133,108.51526641845703,156.51025390625,323.3827209472656,352.53900146484375,298.79791259765625,161.36715698242188,124.76082611083984,57.517295837402344,247.1746826171875,17.097009658813477,40.83351135253906,135.35101318359375,287.15093994140625,387.7496643066406,194.6999969482422,499.9491271972656,48.791259765625,40.06774139404297,33.89215850830078,66.26280975341797,69.49231719970703,130.99041748046875,70.75598907470703,97.97439575195312
2022-12-02,145.2179718017578,94.12999725341797,32.99091720581055,107.73927307128906,155.2581329345703,323.6925354003906,349.5721130371094,299.6383972167969,161.49356079101562,123.77183532714844,58.02222442626953,247.4949493408203,16.838584899902344,40.69761657714844,136.5843505859375,286.0071105957031,387.3023376464844,194.86000061035156,500.7897033691406,48.74355697631836,39.82958984375,33.73255920410156,65.8783187866211,69.80885314941406,131.32861328125,70.66400146484375,97.14319610595703
2022-12-05,144.05865478515625,91.01000213623047,31.518749237060547,105.2613754272461,151.4244842529297,319.2701110839844,341.2687072753906,292.41204833984375,161.40321350097656,120.3011474609375,57.228755950927734,242.8171844482422,16.57317543029785,40.55372619628906,135.2059326171875,281.2068786621094,380.3350830078125,182.4499969482422,499.7436218261719,48.24409103393555,38.64762878417969,32.89698791503906,64.78326416015625,68.93160247802734,130.0696563720703,68.62580108642578,94.48162841796875
2022-12-06,140.40391540527344,88.25,30.174612045288086,101.94579315185547,147.52220153808594,315.9180908203125,333.34185791015625,290.009521484375,158.98370361328125,120.50262451171875,57.20170211791992,237.8870849609375,15.951554298400879,39.73833084106445,135.37818908691406,275.3801574707031,374.8525085449219,179.82000732421875,503.7412414550781,47.68418502807617,37.62883377075195,32.60594177246094,63.396209716796875,68.50654602050781,129.0831298828125,67.55585479736328,91.85540008544922
2022-12-07,138.46844482421875,88.45999908447266,29.936880111694336,101.30207061767578,147.9596405029297,315.8993835449219,330.5954895019531,292.4761047363281,159.94973754882812,120.42020416259766,57.29187774658203,237.15921020507812,16.084259033203125,40.16201400756836,136.2488250732422,274.2558898925781,374.2148742675781,174.0399932861328,507.09442138671875,47.43604278564453,37.54063034057617,32.4744987487793,63.07499313354492,68.79592895507812,130.14480590820312,67.1491928100586,91.65203094482422
2022-12-08,140.14846801757812,90.3499984741211,29.662559509277344,99.29153442382812,148.8343963623047,317.7958984375,328.90533447265625,296.0755310058594,159.97677612304688,121.6839370727539,57.53532791137695,240.0998077392578,17.130937576293945,41.393096923828125,137.2282257080078,277.5016784667969,377.1464538574219,173.44000244140625,511.7739562988281,47.50947952270508,37.37303924560547,32.50267028808594,64.10677337646484,69.16673278808594,131.31927490234375,67.79792785644531,92.33290100097656
2022-12-09,139.66705322265625,89.08999633789062,29.60770034790039,97.01649475097656,144.08309936523438,314.8946228027344,329.8789978027344,292.77752685546875,158.65870666503906,121.02459716796875,56.93122100830078,238.17822265625,16.96330451965332,41.345130920410156,136.865478515625,275.7321472167969,374.3290710449219,179.0500030517578,503.6291809082031,46.40142822265625,36.46451950073242,32.41816329956055,63.7125358581543,68.63316345214844,129.637451171875,67.50259399414062,91.55476379394531
2022-12-12,141.95619201660156,90.55000305175781,29.927730560302734,98.56846618652344,145.583984375,319.8241882324219,333.58984375,299.6293029785156,160.55459594726562,122.90188598632812,57.67959213256836,245.05902099609375,17.496122360229492,41.69686508178711,138.27114868164062,279.19293212890625,379.72589111328125,167.82000732421875,509.8498840332031,47.26679229736328,37.42155456542969,32.85003662109375,65.10448455810547,69.35667419433594,131.01856994628906,67.67205047607422,93.80960845947266
2022-12-13,142.9189910888672,92.48999786376953,29.946014404296875,100.00581359863281,148.82583618164062,320.94146728515625,338.6509094238281,304.1148681640625,161.7914581298828,122.78282165527344,57.69762420654297,249.3389129638672,18.031932830810547,42.42432403564453,138.0625457763672,282.1943054199219,382.6003112792969,160.9499969482422,502.7137451171875,47.097557067871094,38.13161849975586,32.934539794921875,65.87345123291016,69.25717163085938,131.422607421875,67.67205047607422,94.83531188964844
2022-12-14,140.69862365722656,91.58000183105469,29.516252517700195,99.52962493896484,147.79666137695312,319.4483947753906,331.0180358886719,304.60809326171875,162.28794860839844,122.1692886352539,57.69762420654297,249.63002014160156,17.634817123413086,43.55147933959961,138.606689453125,280.10223388671875,380.1541442871094,156.8000030517578,502.84466552734375,46.83570861816406,37.89786911010742,32.521446228027344,65.31863403320312,69.2119369506836,131.6292724609375,67.16856384277344,94.13676452636719
2022-12-15,134.10630798339844,88.44999694824219,29.049924850463867,99.24745178222656,146.6903076171875,312.48150634765625,321.3275451660156,299.2821044921875,160.2386474609375,119.13815307617188,56.90415954589844,241.6622772216797,16.91441535949707,42.85600662231445,137.03778076171875,270.697265625,370.85498046875,157.6699981689453,492.8691711425781,46.417381286621094,37.66853332519531,31.88303565979004,62.87544631958008,68.03627014160156,129.21466064453125,66.06474304199219,93.23483276367188
2022-12-16,132.15121459960938,87.86000061035156,28.985919952392578,97.3868408203125,144.70062255859375,309.5831604003906,318.131103515625,295.3903503417969,158.5955047607422,118.39641571044922,56.57956314086914,237.46978759765625,16.534259796142578,41.089324951171875,136.43016052246094,268.11639404296875,366.4765930175781,150.22999572753906,489.1517639160156,45.583946228027344,37.205440521240234,31.63893699645996,62.04319763183594,67.7016372680664,127.33558654785156,64.8302001953125,92.58048248291016
2022-12-19,130.04869079589844,84.91999816894531,29.315093994140625,97.3868408203125,145.69544982910156,308.08673095703125,316.5328369140625,289.8998107910156,158.42396545410156,119.10154724121094,56.660709381103516,233.35487365722656,16.21796226501465,41.05734634399414,136.39390563964844,264.34832763671875,363.36907958984375,149.8699951171875,489.05828857421875,45.59990310668945,37.200992584228516,31.553916931152344,61.21589660644531,67.6588363647461,126.86011505126953,63.789371490478516,92.99609375
2022-12-20,129.97998046875,85.19000244140625,29.4339599609375,99.33562469482422,148.0882568359375,309.02789306640625,316.422607421875,287.6250915527344,158.5955047607422,119.678466796875,56.615623474121094,234.66505432128906,16.049335479736328,41.025367736816406,136.44833374023438,264.1426086425781,363.8662414550781,137.8000030517578,485.8919677734375,45.99907302856445,37.762420654296875,31.686176300048828,61.30862808227539,67.60418701171875,126.83182525634766,63.04661178588867,94.34014129638672
2022-12-21,133.07469177246094,86.7699966430664,29.88201141357422,102.53661346435547,149.82928466796875,313.940185546875,321.6306457519531,291.7543640136719,160.41014099121094,121.02459716796875,57.526309967041016,237.21742248535156,16.464414596557617,41.29716873168945,137.69979858398438,267.97430419921875,369.306884765625,137.57000732421875,492.73834228515625,46.35991287231445,38.47978973388672,32.177433013916016,62.3238525390625,68.27822875976562,128.5016632080078,64.05152130126953,95.55155944824219
2022-12-22,129.9111785888672,83.79000091552734,29.616836547851562,99.55609893798828,147.58226013183594,310.7970275878906,317.42376708984375,288.7944030761719,159.82334899902344,119.6509780883789,57.111541748046875,231.16159057617188,15.304993629455566,41.281185150146484,138.01722717285156,261.41827392578125,364.0382995605469,125.3499984741211,492.31805419921875,45.81706237792969,37.59310531616211,31.89400863647461,60.75220489501953,68.12336730957031,128.3223876953125,62.405818939208984,93.6239013671875
2022-12-23,129.5476837158203,85.25,29.689987182617188,103.85955047607422,152.14491271972656,312.36865234375,317.3594970703125,291.1788024902344,160.22958374023438,120.21871948242188,57.54434585571289,231.68563842773438,15.172287940979004,41.433067321777344,138.40713500976562,262.0061950683594,366.1324157714844,123.1500015258789,496.2596740722656,45.909664154052734,38.79169464111328,32.073509216308594,60.8156623840332,68.4786148071289,128.39788818359375,62.833003997802734,96.09979248046875
2022-12-27,127.74977111816406,83.04000091552734,29.744850158691406,105.1195297241211,154.0574493408203,312.7826232910156,314.10791015625,291.9279479980469,160.18443298339844,120.63997650146484,57.89599609375,229.96786499023438,14.089693069458008,40.87348556518555,139.61331176757812,258.3019104003906,364.68853759765625,109.0999984741211,496.8947448730469,45.92243194580078,39.206077575683594,32.064056396484375,60.23971939086914,68.80652618408203,128.06768798828125,61.81354522705078,97.43500518798828
2022-12-28,123.82971954345703,81.81999969482422,29.96430778503418,102.31562042236328,151.78469848632812,309.20654296875,313.0975341796875,288.43817138671875,159.48931884765625,121.29930114746094,57.318931579589844,227.60958862304688,14.0048828125,40.609683990478516,137.80865478515625,254.8916015625,360.15625,112.70999908447266,493.58837890625,45.117733001708984,38.32830047607422,31.950693130493164,59.268428802490234,67.9503173828125,127.23748779296875,61.29411315917969,95.83450317382812
2022-12-29,127.33712768554688,84.18000030517578,30.30263328552246,103.27391052246094,152.93392944335938,312.4909973144531,315.4490051269531,292.7135925292969,160.30181884765625,121.99526977539062,57.66155242919922,233.89834594726562,14.570623397827148,41.03337097167969,138.37994384765625,261.10467529296875,366.63916015625,121.81999969482422,494.9241027832031,45.39235305786133,38.72931671142578,32.394718170166016,60.8205451965332,68.24179077148438,128.6243133544922,62.87186050415039,96.55960083007812
2022-12-30,127.65152740478516,84.0,30.28434181213379,104.7024917602539,153.93736267089844,311.803955078125,315.4031066894531,288.5568542480469,159.480224609375,122.80115509033203,57.3549919128418,232.74346923828125,14.581598281860352,40.9614143371582,137.4458770751953,260.9478759765625,365.67340087890625,123.18000030517578,495.20416259765625,45.27739334106445,38.97438430786133,32.3096923828125,60.7375602722168,67.9047622680664,128.16201782226562,62.70194625854492,97.53227233886719
2023-01-03,122.87673950195312,85.81999969482422,30.640947341918945,100.3724136352539,149.2203826904297,311.70050048828125,318.01165771484375,288.6026611328125,160.8705596923828,123.73518371582031,56.75989532470703,232.5105743408203,14.28326416015625,40.97740936279297,137.45498657226562,259.1839294433594,364.13397216796875,108.0999984741211,484.4255676269531,45.85536575317383,37.60647201538086,32.423065185546875,60.16162872314453,67.64973449707031,127.79410552978516,62.3281364440918,94.18098449707031
2023-01-04,124.14412689208984,85.13999938964844,31.217008590698242,100.56763458251953,147.63372802734375,312.9614562988281,319.37109375,292.0924377441406,162.62203979492188,124.88905334472656,56.73283386230469,222.3397979736328,14.716300964355469,40.074073791503906,138.0535125732422,260.41864013671875,366.9451904296875,113.63999938964844,471.2182922363281,45.90646743774414,37.60200881958008,32.942665100097656,60.317813873291016,67.91387176513672,128.13372802734375,63.23109436035156,94.45509338378906
2023-01-05,122.82762145996094,83.12000274658203,31.152999877929688,103.61109161376953,150.29241943359375,309.8183898925781,315.7520751953125,288.2006530761719,161.42129516601562,124.8613510131836,56.083641052246094,215.75015258789062,14.233372688293457,39.698360443115234,136.3394775390625,256.34197998046875,362.7570495605469,110.33999633789062,457.6374816894531,45.749996185302734,38.28820037841797,32.69702911376953,59.14640426635742,67.2307357788086,126.82237243652344,62.64369201660156,96.56844329833984
2023-01-06,127.34696960449219,86.08000183105469,31.463890075683594,104.90657806396484,151.4244842529297,316.4622802734375,319.7201232910156,290.08258056640625,162.7303466796875,127.25067138671875,57.1656494140625,218.2928466796875,14.826056480407715,40.705604553222656,139.5861358642578,263.4173583984375,371.07586669921875,113.05999755859375,457.67486572265625,46.870826721191406,39.01447677612305,33.42448043823242,60.87911605834961,69.0251235961914,127.99220275878906,64.11463928222656,97.73564147949219
2023-01-09,127.86766815185547,87.36000061035156,30.988407135009766,104.13461303710938,150.24090576171875,315.53057861328125,324.2392578125,290.3382873535156,158.51426696777344,126.72480773925781,56.453330993652344,220.418212890625,15.593352317810059,38.68312072753906,137.88121032714844,265.12255859375,370.8655090332031,119.7699966430664,457.73089599609375,46.28647232055664,38.87635040283203,33.30165481567383,61.58684158325195,68.3510971069336,125.85067749023438,64.50299072265625,95.91410064697266
2023-01-10,128.43746948242188,89.87000274658203,31.198720932006836,104.77346801757812,150.9784698486328,317.35638427734375,328.2439880371094,292.91461181640625,158.13510131835938,127.85953521728516,56.02053451538086,222.09718322753906,15.873729705810547,38.06758499145508,137.74517822265625,267.3666687011719,373.46630859375,118.8499984741211,453.93878173828125,46.25773239135742,39.152610778808594,33.4906005859375,61.9675407409668,68.260009765625,126.90729522705078,65.31372833251953,97.3465576171875
2023-01-11,131.14907836914062,95.08999633789062,31.436458587646484,104.91544342041016,150.25811767578125,319.7371520996094,334.783935546875,300.56109619140625,157.88230895996094,128.80967712402344,55.91232681274414,228.81298828125,15.965524673461914,37.931678771972656,136.62969970703125,271.9921569824219,378.1897888183594,123.22000122070312,460.8506164550781,46.663272857666016,39.27291488647461,33.8023681640625,63.04133605957031,68.29644775390625,127.62430572509766,67.07593536376953,98.47840118408203
2023-01-12,131.0704803466797,95.2699966430664,31.518749237060547,106.61906433105469,151.8704376220703,321.8450927734375,339.7990417480469,301.3558349609375,157.0878448486328,128.68055725097656,55.19099426269531,231.47210693359375,16.47439193725586,38.139530181884766,135.85885620117188,273.4621276855469,379.5667724609375,123.55999755859375,462.9708557128906,46.241764068603516,40.021480560302734,33.86848831176758,63.509891510009766,67.75902557373047,127.2186050415039,67.18758392333984,100.11427307128906
2023-01-13,132.39678955078125,98.12000274658203,32.21369171142578,107.78144836425781,152.28211975097656,322.8238525390625,343.52825927734375,302.580078125,156.57322692871094,131.927734375,55.38935852050781,232.1708984375,16.861536026000977,38.251441955566406,136.8292236328125,275.3436584472656,381.039306640625,122.4000015258789,457.27325439453125,46.39503860473633,40.07939910888672,34.12358093261719,63.690494537353516,68.07782745361328,127.7846450805664,67.81868743896484,100.0523681640625
2023-01-17,133.55612182617188,96.05000305175781,31.564476013183594,106.69004821777344,154.79502868652344,319.172607421875,321.4101257324219,299.2181396484375,155.6072540283203,129.88900756835938,55.614776611328125,233.25784301757812,17.662757873535156,36.83650207519531,136.43016052246094,275.9023132324219,380.3412780761719,131.49000549316406,453.0794677734375,46.11403274536133,40.1640625,33.8968391418457,63.97846984863281,68.12336730957031,127.19031524658203,67.86722564697266,99.85783386230469
2023-01-18,132.8389129638672,95.45999908447266,30.83297348022461,105.19051361083984,151.99908447265625,313.3472900390625,320.64776611328125,295.7100524902344,153.2599639892578,125.98680114746094,53.92866134643555,228.85179138183594,17.338476181030273,35.97313690185547,132.77554321289062,272.31561279296875,374.3364562988281,128.77999877929688,444.8226013183594,44.97402572631836,39.42886734008789,33.26387023925781,63.15361022949219,66.26521301269531,125.3978500366211,66.98369598388672,97.80638122558594
2023-01-19,132.8979034423828,93.68000030517578,30.38491439819336,106.15766143798828,153.51712036132812,311.145263671875,322.17254638671875,284.0074157714844,153.0523223876953,124.30784606933594,53.847503662109375,225.08628845214844,16.727832794189453,35.941165924072266,129.967529296875,269.6402893066406,371.6113586425781,127.16999816894531,452.40692138671875,44.332183837890625,39.91899490356445,32.87653350830078,62.41659164428711,65.63672637939453,125.6997299194336,65.87200164794922,98.43419647216797
2023-01-20,135.4522705078125,97.25,30.951828002929688,108.07425689697266,155.14662170410156,314.272216796875,313.9884338378906,287.771240234375,152.33908081054688,124.61225891113281,54.172115325927734,233.13169860839844,17.79945182800293,36.06107711791992,130.4694366455078,277.0194091796875,378.5340576171875,133.4199981689453,454.61126708984375,44.878231048583984,40.315555572509766,33.39612579345703,64.10536193847656,66.14681243896484,126.33184051513672,67.46914672851562,100.22923278808594
2023-01-23,138.6354522705078,97.5199966430664,31.381595611572266,106.59244537353516,154.94081115722656,316.626953125,320.69378662109375,288.2098083496094,151.95086669921875,126.632568359375,54.30735778808594,235.4220428466797,19.150453567504883,35.95716094970703,128.71730041503906,283.17364501953125,383.07598876953125,143.75,453.7613220214844,45.5488166809082,40.36902618408203,33.783470153808594,65.56475067138672,66.3563003540039,126.76575469970703,68.52259826660156,99.70751953125
2023-01-24,140.03054809570312,96.31999969482422,31.610193252563477,105.42120361328125,155.08660888671875,317.5027770996094,319.94970703125,290.2287292480469,151.95086669921875,127.72113800048828,54.59589385986328,234.89796447753906,19.222288131713867,35.74130630493164,129.41998291015625,282.5954895019531,382.664794921875,143.88999938964844,459.1693420410156,45.67015838623047,40.213077545166016,33.8023681640625,65.53547668457031,66.62956237792969,125.9261474609375,68.44493103027344,100.63595581054688
2023-01-25,139.37229919433594,97.18000030517578,31.884511947631836,106.8053970336914,153.5857391357422,317.7101135253906,321.1438293457031,289.8359375,153.0342254638672,128.33920288085938,54.93852996826172,233.51014709472656,19.280160903930664,36.02910614013672,129.32870483398438,281.9683837890625,382.8081970214844,144.42999267578125,460.0099792480469,45.45302963256836,40.217533111572266,34.066890716552734,65.3988037109375,66.79352569580078,125.96390533447266,68.79446411132812,100.10542297363281
2023-01-26,141.43548583984375,99.22000122070312,32.314273834228516,110.60309600830078,161.0557403564453,319.63140869140625,326.04876708984375,286.68408203125,152.47451782226562,129.13255310058594,54.8303337097168,240.68211364746094,19.758098602294922,35.698326110839844,128.80853271484375,287.4659729003906,387.0155029296875,160.27000427246094,459.9913330078125,45.41150665283203,41.48741149902344,34.24638748168945,66.44331359863281,66.55668640136719,126.19970703125,70.20230102539062,104.12873077392578
2023-01-27,143.3709259033203,102.23999786376953,32.41484832763672,109.68028259277344,153.903076171875,319.8669128417969,324.8821716308594,289.3151550292969,151.878662109375,129.44625854492188,54.54179000854492,240.83737182617188,20.319847106933594,35.327232360839844,128.2792510986328,290.3275451660156,387.9046630859375,177.89999389648438,453.9855041503906,45.75958251953125,40.649742126464844,34.24638748168945,66.72151947021484,66.36540985107422,125.34123229980469,71.79460144042969,102.22761535644531
2023-01-30,140.49232482910156,100.55000305175781,32.27769088745117,106.94738006591797,149.40045166015625,317.4651794433594,328.3359069824219,287.0768737792969,146.25421142578125,128.3484344482422,54.67704772949219,235.54818725585938,19.119516372680664,35.13362121582031,128.6808319091797,284.4574279785156,383.0377502441406,166.66000366210938,453.74261474609375,45.39235305786133,39.71849060058594,34.07632827758789,65.44762420654297,66.44738006591797,124.20915222167969,70.57123565673828,100.41490936279297
2023-01-31,141.75967407226562,103.12999725341797,32.4422721862793,108.1363754272461,149.24609375,321.0159606933594,336.0056457519531,296.1486511230469,147.5361328125,129.1140899658203,55.290184020996094,240.49771118164062,19.49368667602539,35.625728607177734,129.9310302734375,288.7203369140625,388.66961669921875,173.22000122070312,466.2586364746094,45.941593170166016,40.070491790771484,34.539249420166016,66.3603515625,67.16697692871094,125.81291961669922,72.18782806396484,102.581298828125
2023-02-01,142.8796844482422,105.1500015258789,32.844608306884766,104.43628692626953,146.9647674560547,321.0535888671875,335.9136962890625,299.729736328125,148.89041137695312,128.7727813720703,55.2991943359375,245.2919158935547,20.896570205688477,35.472450256347656,130.67019653320312,294.8942565917969,392.80035400390625,181.41000366210938,464.21307373046875,46.19705581665039,39.281822204589844,34.539249420166016,67.9222183227539,67.70437622070312,126.40726470947266,73.55682373046875,101.45831298828125
2023-02-02,148.17518615722656,112.91000366210938,33.03662872314453,98.75751495361328,144.9492950439453,320.6392517089844,339.36737060546875,310.4184265136719,149.45008850097656,128.1731414794922,54.35244369506836,256.79229736328125,21.66086769104004,35.770938873291016,129.73936462402344,305.4779357910156,398.5183410644531,188.27000427246094,439.7695007324219,45.861759185791016,38.38622283935547,34.63372039794922,69.77693939208984,67.12142944335938,125.54878997802734,75.80936431884766,98.28388214111328
2023-02-03,151.79063415527344,103.38999938964844,33.310943603515625,95.927001953125,145.32667541503906,319.2735595703125,339.8082275390625,302.844970703125,148.61048889160156,130.15652465820312,53.94668960571289,250.7266845703125,21.053220748901367,35.54506301879883,130.14089965820312,300.04888916015625,394.28240966796875,189.97999572753906,440.8810119628906,45.25184631347656,38.30155944824219,34.56759262084961,69.19611358642578,66.8572769165039,125.18087768554688,73.47429656982422,98.96472930908203
2023-02-06,149.06922912597656,102.18000030517578,33.25607681274414,95.37686920166016,145.48963928222656,318.80255126953125,340.5889892578125,300.8077087402344,147.48202514648438,130.9221954345703,54.253265380859375,249.1932830810547,21.042245864868164,35.30303192138672,129.0366973876953,297.5107727050781,391.87286376953125,194.75999450683594,443.8885803222656,44.922943115234375,38.127784729003906,34.55815124511719,68.35171508789062,66.93923950195312,124.48271942138672,73.36747741699219,98.79674530029297
2023-02-07,151.9380340576172,102.11000061035156,33.621826171875,99.39637756347656,149.30613708496094,321.665771484375,343.8956604003906,297.089599609375,147.5181121826172,132.51817321777344,54.163089752197266,259.66497802734375,22.123842239379883,35.165889739990234,127.7773666381836,303.6747131347656,396.9980163574219,196.80999755859375,445.4204406738281,45.01873016357422,39.36648941040039,34.95492935180664,70.06002044677734,66.65689086914062,125.2846450805664,73.53740692138672,101.61749267578125
2023-02-08,149.2559051513672,100.05000305175781,33.37495422363281,98.30497741699219,145.79837036132812,319.68792724609375,344.5386657714844,293.0607604980469,147.70770263671875,131.58641052246094,53.847503662109375,258.8594665527344,22.1557674407959,35.48052215576172,126.45415496826172,298.2751159667969,392.6568908691406,201.2899932861328,451.3421936035156,44.77604293823242,39.01447677612305,34.74708557128906,69.21564483642578,66.14681243896484,124.91670227050781,72.91117095947266,100.73324584960938
2023-02-09,148.2243194580078,98.23999786376953,32.66172790527344,97.54190063476562,144.46046447753906,317.4840393066406,338.0079040527344,288.273681640625,145.71249389648438,129.5384521484375,53.757347106933594,255.84120178222656,22.2874755859375,34.964202880859375,125.06706237792969,295.6390075683594,389.2529296875,207.32000732421875,453.6865539550781,45.19117736816406,38.6803092956543,34.35974884033203,68.83493041992188,65.85531616210938,123.82237243652344,72.77523803710938,101.11346435546875
2023-02-10,148.58837890625,97.61000061035156,32.533721923828125,102.09378051757812,147.48788452148438,319.0381164550781,341.02984619140625,289.17816162109375,146.3896026611328,130.11041259765625,53.757347106933594,255.33656311035156,21.217853546142578,35.399845123291016,126.1712646484375,293.6986389160156,390.1612548828125,196.88999938964844,461.6445007324219,45.89369201660156,40.19525146484375,34.47312545776367,68.51769256591797,66.46561431884766,124.9921875,71.92081451416016,105.37553405761719
2023-02-13,151.38282775878906,99.54000091552734,32.59772872924805,100.09738159179688,146.6645965576172,322.63592529296875,343.5466003417969,295.5638732910156,146.93130493164062,131.5218505859375,54.6409797668457,263.31402587890625,21.739696502685547,35.488582611083984,127.822998046875,298.4025573730469,394.741455078125,194.63999938964844,462.67193603515625,46.593017578125,40.092769622802734,34.86990737915039,69.70372009277344,67.22162628173828,126.0299301147461,72.97428131103516,104.96562957763672
2023-02-14,150.74327087402344,99.69999694824219,32.57029342651367,101.20255279541016,147.7881317138672,321.3080139160156,341.4891662597656,290.9048156738281,146.290283203125,132.10302734375,53.73029327392578,264.138916015625,22.92007064819336,35.2707633972168,127.10205841064453,300.6075134277344,394.5597229003906,209.25,460.31817626953125,46.458900451660156,40.10614776611328,34.68096160888672,70.00147247314453,66.611328125,125.2846450805664,73.84809875488281,103.73599243164062
2023-02-15,152.83909606933594,101.16000366210938,32.51543426513672,99.50914764404297,146.2306671142578,321.7976989746094,343.8406066894531,292.9693908691406,143.87982177734375,132.65655517578125,53.73029327392578,262.0276184082031,22.713531494140625,34.94806671142578,126.81005859375,302.91046142578125,395.8410339355469,214.24000549316406,458.8424377441406,46.80377960205078,39.424415588378906,34.71875,70.3284912109375,66.73884582519531,124.66197967529297,74.71221160888672,103.42412567138672
2023-02-16,151.24505615234375,98.1500015258789,32.259403228759766,96.57689666748047,144.11956787109375,317.7760009765625,340.03790283203125,293.47186279296875,142.85964965820312,130.82997131347656,53.39667892456055,255.05181884765625,21.95322036743164,34.64957046508789,125.14917755126953,297.22650146484375,390.39080810546875,202.0399932861328,455.19970703125,46.06931686401367,39.03676223754883,34.36919403076172,69.10823822021484,66.25609588623047,123.41667938232422,73.08106994628906,103.12115478515625
2023-02-17,150.10369873046875,97.19999694824219,32.32340621948242,92.7979507446289,140.90097045898438,319.1457824707031,338.47637939453125,290.46624755859375,145.84213256835938,131.21742248535156,54.20818328857422,251.07257080078125,21.3405818939209,34.85932540893555,127.76822662353516,295.12945556640625,389.4154968261719,208.30999755859375,466.1559143066406,46.76225662231445,37.646568298339844,34.37864685058594,68.24433898925781,67.11231994628906,124.52046203613281,73.09564208984375,99.15599822998047
2023-02-21,146.09896850585938,94.58000183105469,31.564476013183594,93.85855865478516,139.30030822753906,312.5042419433594,331.6976318359375,269.95684814453125,143.66896057128906,128.80967712402344,53.91964340209961,245.82852172851562,20.60920524597168,34.44789123535156,127.67698669433594,288.1422119140625,381.60345458984375,197.3699951171875,458.8984375,47.046470642089844,37.45943069458008,33.67009353637695,66.62390899658203,66.8572769165039,122.9072265625,70.65377807617188,99.0579833984375
2023-02-22,146.52203369140625,95.79000091552734,31.35416603088379,92.76232147216797,138.73793029785156,311.8155212402344,331.4864196777344,270.6876525878906,143.46890258789062,127.82261657714844,54.08194351196289,244.69989013671875,20.70798683166504,34.18973159790039,128.2154083251953,288.3577575683594,381.07757568359375,200.86000061035156,456.63812255859375,46.05973815917969,37.20991134643555,33.63231658935547,66.52627563476562,66.757080078125,122.49214935302734,71.01302337646484,97.77487182617188
2023-02-23,147.00421142578125,95.81999969482422,31.32673454284668,93.96549987792969,140.10491943359375,312.9004211425781,333.9205017089844,273.4374694824219,143.42344665527344,128.84657287597656,54.181129455566406,247.87164306640625,23.611534118652344,34.12519454956055,127.80477142333984,290.8763122558594,383.1046142578125,202.07000732421875,459.25341796875,45.373191833496094,37.771324157714844,33.66065216064453,67.62934875488281,66.67508697509766,122.82231140136719,70.95475006103516,98.6748275756836
2023-02-24,144.35733032226562,93.5,31.281015396118164,93.8050765991211,140.52023315429688,309.5513000488281,334.20526123046875,271.0166320800781,141.8230438232422,130.00892639160156,53.95571517944336,242.47190856933594,23.234375,33.68148422241211,127.08380889892578,286.005859375,379.01214599609375,196.8800048828125,452.37884521484375,45.494537353515625,37.72231674194336,33.688995361328125,66.42378234863281,66.22879028320312,121.23741149902344,69.83820343017578,98.68374633789062
2023-02-27,145.54794311523438,93.76000213623047,31.281015396118164,94.34874725341797,140.87498474121094,310.4380798339844,335.74835205078125,270.4227600097656,141.51388549804688,131.14361572265625,53.93768310546875,243.38648986816406,23.44889259338379,32.8989372253418,126.97430419921875,288.0539855957031,380.3030090332031,207.6300048828125,451.435546875,45.16563034057617,37.83371353149414,33.67954635620117,66.78009033203125,66.1559066772461,120.86947631835938,70.70232391357422,98.50553131103516
2023-02-28,145.04608154296875,94.2300033569336,31.363306045532227,92.11168670654297,139.101318359375,308.0889892578125,322.9992370605469,270.906982421875,139.35885620117188,132.2414093017578,53.65815734863281,242.66648864746094,23.164527893066406,32.72952651977539,125.5324478149414,287.68157958984375,378.89752197265625,205.7100067138672,444.54241943359375,45.385963439941406,37.290103912353516,33.74568176269531,66.6336669921875,65.6093978881836,119.97323608398438,70.65377807617188,97.93525695800781
2023-03-01,142.9797821044922,92.16999816894531,31.217008590698242,94.69633483886719,140.20877075195312,308.4948425292969,320.2979431152344,265.65399169921875,138.7314453125,131.50341796875,53.072086334228516,239.60177612304688,22.647680282592773,32.41489791870117,125.62369537353516,285.3688049316406,377.4440612792969,202.77000427246094,443.869873046875,44.75369644165039,38.025306701660156,33.63231658935547,66.14557647705078,65.12665557861328,119.77511596679688,69.76538848876953,98.8084945678711
2023-03-02,143.57017517089844,92.12999725341797,30.821279525756836,96.5501708984375,140.65003967285156,311.74005126953125,322.9530029296875,267.691162109375,138.62234497070312,130.1381072998047,53.847503662109375,244.31076049804688,23.262311935424805,32.769859313964844,127.69522857666016,287.7305908203125,380.3795471191406,190.89999389648438,446.1863098144531,44.86546325683594,38.3594856262207,33.471710205078125,66.96068572998047,66.01927185058594,120.510986328125,69.53235626220703,99.2629165649414
2023-03-03,148.60804748535156,94.9000015258789,31.437883377075195,96.82645416259766,142.72657775878906,315.2966003417969,330.344482421875,272.65185546875,140.0499267578125,132.52740478515625,53.595035552978516,248.3775634765625,23.8370361328125,33.19744110107422,128.6260528564453,293.6790771484375,386.4799499511719,197.7899932861328,446.9895935058594,44.91974639892578,38.88081359863281,34.00075912475586,68.4005355834961,66.07394409179688,121.86005401611328,71.02758026123047,100.51930236816406
2023-03-06,151.3631591796875,93.75,31.373455047607422,97.64641571044922,143.77349853515625,315.7400207519531,330.30755615234375,272.43255615234375,141.45025634765625,131.7524871826172,54.42457962036133,249.9147491455078,23.501779556274414,33.16516876220703,128.0785369873047,294.0122375488281,386.7476806640625,193.80999755859375,449.06317138671875,44.913352966308594,38.89863204956055,34.02910232543945,68.7275619506836,66.24700164794922,121.80345153808594,70.50814819335938,101.41033935546875
2023-03-07,149.16896057128906,93.55000305175781,30.370319366455078,95.94409942626953,141.92190551757812,310.2589111328125,320.1591796875,265.5718078613281,140.1135711669922,127.87791442871094,54.10899353027344,247.26837158203125,23.240314483642578,32.543975830078125,125.5324478149414,290.4058837890625,380.8193664550781,187.7100067138672,442.6183776855469,44.4662971496582,38.22135925292969,33.15049362182617,67.87338256835938,65.59117889404297,119.84115600585938,69.54690551757812,99.45004272460938
2023-03-08,150.41854858398438,93.91999816894531,29.965383529663086,95.56977081298828,141.0220947265625,309.9003601074219,323.1287841796875,268.2218322753906,139.0860595703125,127.12149810791016,54.136043548583984,246.8306121826172,24.131486892700195,32.36648941040039,125.55071258544922,291.85626220703125,381.4409484863281,182.0,439.55474853515625,44.09907531738281,37.82925796508789,33.027687072753906,68.43470764160156,65.70048522949219,119.19964599609375,69.42070770263672,97.99763488769531
2023-03-09,148.1750946044922,92.25,28.10634994506836,94.30418395996094,138.87632751464844,304.7964782714844,316.468017578125,265.0104064941406,137.52210998535156,120.23957061767578,53.61307907104492,245.48794555664062,23.38801383972168,31.834043502807617,124.62904357910156,286.79962158203125,374.40338134765625,172.9199981689453,434.2400817871094,43.802101135253906,37.294559478759766,31.686176300048828,67.45365142822266,65.0902099609375,117.9920883178711,67.76529693603516,97.24022674560547
2023-03-10,146.11859130859375,90.7300033569336,27.85787010192871,92.8870849609375,138.1495819091797,301.63604736328125,303.1280822753906,263.4552917480469,137.8585205078125,123.29308319091797,53.38766098022461,241.85897827148438,22.9179744720459,31.777572631835938,125.19483184814453,282.7718811035156,369.00091552734375,173.44000244140625,431.49359130859375,43.73823547363281,36.81781005859375,31.10988998413086,66.2676010131836,64.77140808105469,117.12413024902344,67.09050750732422,96.03732299804688
2023-03-13,148.0570526123047,92.43000030517578,26.238115310668945,89.7320327758789,137.3189697265625,300.77764892578125,291.87884521484375,263.6485595703125,139.17697143554688,121.07905578613281,53.92866134643555,247.04464721679688,22.91897201538086,32.15674591064453,126.06172180175781,284.86907958984375,368.4749755859375,174.47999572753906,434.63372802734375,43.865966796875,36.069236755371094,29.881738662719727,66.6287841796875,65.09929656982422,118.21851348876953,67.23127746582031,94.93241882324219
2023-03-14,150.1430206298828,94.87999725341797,26.468196868896484,90.33808898925781,139.09262084960938,303.95697021484375,298.021484375,262.7743835449219,139.958984375,124.18791961669922,54.12702178955078,253.72860717773438,24.013731002807617,32.18901062011719,127.62223815917969,291.4152526855469,374.56597900390625,183.25999450683594,435.4773254394531,44.09907531738281,36.42569351196289,30.486366271972656,68.16625213623047,65.69137573242188,119.27510833740234,68.37210845947266,95.2888412475586
2023-03-15,150.53662109375,96.19999694824219,26.219709396362305,84.88356018066406,133.0707244873047,301.45684814453125,288.8075256347656,264.9828186035156,140.34999084472656,118.32077026367188,54.487693786621094,258.25274658203125,24.178394317626953,32.495567321777344,129.4291229248047,292.9440002441406,372.2232971191406,180.4499969482422,436.274169921875,44.59083938598633,34.469627380371094,29.673900604248047,68.2052993774414,66.11946868896484,119.17135620117188,68.27014923095703,90.54844665527344
2023-03-16,153.3507537841797,100.04000091552734,26.661462783813477,85.91744232177734,133.4946746826172,304.95697021484375,291.4902648925781,263.841796875,140.0590057373047,120.61779022216797,54.78752899169922,268.72137451171875,25.48870277404785,32.568172454833984,130.3964385986328,300.66632080078125,378.7539978027344,184.1300048828125,442.45135498046875,44.33753967285156,34.84390640258789,30.24073600769043,70.11860656738281,66.16503143310547,120.28456115722656,69.50322723388672,90.02275085449219
2023-03-17,152.51438903808594,98.94999694824219,25.60310173034668,84.1259994506836,131.80747985839844,301.2753601074219,280.8052978515625,265.3692932128906,138.55870056152344,116.06063079833984,54.53312683105469,271.86383056640625,25.672330856323242,32.35035705566406,130.4329376220703,299.2453308105469,374.32537841796875,180.1300048828125,440.08917236328125,44.69663619995117,34.29585266113281,29.267667770385742,70.02098083496094,65.6822509765625,118.73738861083984,68.61483001708984,88.96238708496094
2023-03-20,154.8759002685547,97.70999908447266,25.538681030273438,85.70352935791016,133.74557495117188,304.8699035644531,286.34674072265625,266.1697998046875,139.93170166015625,117.28755187988281,55.06010055541992,264.8588562011719,25.84696388244629,32.92314529418945,132.44058227539062,300.3072509765625,377.9247131347656,183.25,447.0819091796875,45.17760467529297,34.98243713378906,29.593318939208984,70.20980072021484,66.59294891357422,120.24229431152344,68.91188049316406,91.28803253173828
2023-03-21,156.72576904296875,100.61000061035156,26.31174087524414,88.86751556396484,137.8380584716797,308.0103759765625,293.5162353515625,266.3262939453125,139.93170166015625,120.43331909179688,54.80569839477539,266.3669128417969,26.145355224609375,32.802127838134766,131.48236083984375,304.596435546875,382.8870849609375,197.5800018310547,450.0251770019531,45.02369689941406,36.19355010986328,30.343358993530273,70.77725219726562,66.53801727294922,120.97157287597656,70.81580352783203,95.3779525756836
2023-03-22,155.29905700683594,98.69999694824219,25.437442779541016,87.6732177734375,135.03477478027344,302.8645324707031,290.1766662597656,260.05072021484375,137.34930419921875,117.324462890625,54.56037902832031,264.917236328125,26.41380500793457,32.27775192260742,131.40025329589844,300.45452880859375,376.3601989746094,191.14999389648438,445.7320251464844,44.735130310058594,35.423667907714844,29.640790939331055,70.07283020019531,65.9248046875,119.1436767578125,69.23812866210938,93.19486236572266
2023-03-23,156.38136291503906,98.70999908447266,24.820833206176758,85.93525695800781,133.69369506835938,303.4888916015625,291.26824951171875,261.2469482421875,137.4220733642578,117.01081848144531,54.442264556884766,270.1418762207031,27.135324478149414,32.41489791870117,131.21774291992188,304.0173034667969,377.3775939941406,192.22000122070312,440.4734802246094,45.097434997558594,34.932926177978516,29.4414119720459,71.21259307861328,65.66854095458984,118.91637420654297,69.16508483886719,92.14344024658203
2023-03-24,157.68019104003906,98.12999725341797,24.97728729248047,85.05290985107422,135.026123046875,304.8887939453125,289.1590576171875,260.427978515625,138.80416870117188,115.23039245605469,55.332679748535156,272.9730529785156,26.72416877746582,32.58431625366211,133.89154052734375,305.1361999511719,379.8539733886719,190.41000366210938,446.172607421875,45.46617126464844,35.067989349365234,29.42242431640625,71.39847564697266,66.7851333618164,120.56432342529297,68.94107818603516,92.2503662109375
2023-03-27,155.7417755126953,98.04000091552734,26.219709396362305,86.8800048828125,136.40179443359375,306.7712707519531,294.67266845703125,258.8176574707031,139.395263671875,118.532958984375,55.74153518676758,268.8965759277344,26.476675033569336,32.447166442871094,133.18887329101562,303.0456237792969,380.5643005371094,191.80999755859375,451.7123718261719,46.22608184814453,35.81536102294922,29.83067512512207,70.8457260131836,67.1420669555664,121.05680847167969,69.0822982788086,94.2730484008789
2023-03-28,155.1218719482422,97.23999786376953,25.879194259643555,87.82161712646484,137.99383544921875,306.2983093261719,294.58935546875,258.4035339355469,138.04945373535156,118.89273834228516,55.805137634277344,267.77764892578125,26.355926513671875,32.26161193847656,133.56298828125,301.43597412109375,379.7100830078125,189.19000244140625,442.97625732421875,46.04652404785156,36.369136810302734,29.82118034362793,70.5130844116211,67.26104736328125,120.32754516601562,68.99951171875,95.44922637939453
2023-03-29,158.19186401367188,100.25,26.385366439819336,89.45375061035156,139.17916870117188,309.3914489746094,296.6985778808594,260.7407531738281,139.4043426513672,119.13257598876953,56.204917907714844,272.9146728515625,26.928747177124023,32.471370697021484,133.9736785888672,306.9323425292969,385.2290344238281,193.8800048828125,437.3614501953125,46.24531936645508,36.87337875366211,30.257911682128906,71.9903564453125,67.63629913330078,120.65902709960938,70.30940246582031,97.0887680053711
2023-03-30,159.75634765625,102.0,26.04484748840332,89.0053482055664,140.50296020507812,310.71575927734375,297.087158203125,262.58111572265625,139.51344299316406,118.77281188964844,56.195831298828125,276.3587951660156,27.326929092407227,32.57624053955078,134.55772399902344,309.8375244140625,387.48468017578125,195.27999877929688,440.6141052246094,46.7070426940918,37.035465240478516,30.191452026367188,72.82683563232422,67.8284912109375,121.31250762939453,70.92293548583984,97.56101989746094
2023-03-31,162.25559997558594,103.29000091552734,26.320945739746094,88.969482421875,141.16917419433594,314.63177490234375,302.6100158691406,271.5621337890625,140.94102478027344,120.21192169189453,56.359371185302734,280.49371337890625,27.72012710571289,32.91507339477539,135.68931579589844,314.99029541015625,392.9461364746094,207.4600067138672,442.985595703125,47.27776336669922,37.29209518432617,30.52375030517578,73.8687515258789,68.37764739990234,122.61003875732422,72.81715393066406,97.7125015258789
2023-04-03,163.50527954101562,102.41000366210938,26.31174087524414,97.22885131835938,147.04400634765625,317.743896484375,302.064208984375,273.9637145996094,142.6232452392578,120.07355499267578,56.6955451965332,279.4527587890625,27.907739639282227,33.3587760925293,136.43760681152344,314.2248229980469,394.4434509277344,194.77000427246094,463.23248291015625,47.67535400390625,38.98043441772461,30.580713272094727,73.75135803222656,68.73458862304688,123.9832763671875,72.15003204345703,103.47760009765625
2023-04-04,162.97393798828125,103.94999694824219,25.750347137451172,95.3276596069336,146.2566680908203,315.8804931640625,298.4840393066406,271.41485595703125,144.11448669433594,118.4683837890625,56.52292251586914,279.4040832519531,27.39678382873535,32.99575424194336,137.0946807861328,313.1648254394531,392.25506591796875,192.5800018310547,462.3514099121094,47.20722961425781,38.27358627319336,30.295883178710938,73.34534454345703,68.59730529785156,124.00223541259766,72.03317260742188,102.488525390625
2023-04-05,161.13389587402344,101.0999984741211,25.437442779541016,96.62799835205078,146.9834442138672,316.7127990722656,297.44793701171875,265.626953125,150.58868408203125,118.64502716064453,57.058982849121094,276.6409912109375,26.825958251953125,33.52013397216797,138.03457641601562,310.0731506347656,391.22796630859375,185.52000427246094,477.3303527832031,47.98958206176758,38.84987258911133,30.257911682128906,72.50886535644531,68.91763305664062,126.14264678955078,70.5577392578125,104.2438735961914
2023-04-06,162.0194854736328,102.05999755859375,25.62150764465332,95.29178619384766,145.05398559570312,316.7885437011719,298.25274658203125,265.5717468261719,150.17037963867188,118.51487731933594,57.0953254699707,283.7043762207031,26.981639862060547,33.479801177978516,138.91064453125,312.1636657714844,392.754150390625,185.05999755859375,480.68609619140625,48.351898193359375,38.260074615478516,30.37183952331543,72.91979217529297,68.97254943847656,126.4552230834961,70.57234191894531,102.51525115966797
2023-04-10,159.4316864013672,102.16999816894531,25.71354103088379,95.01378631591797,145.60772705078125,317.7911376953125,300.6210021972656,267.9273681640625,149.41566467285156,118.90535736083984,56.95903396606445,281.5542297363281,27.522531509399414,33.665348052978516,137.76083374023438,311.9870300292969,393.1572570800781,184.50999450683594,482.9076232910156,48.2589111328125,38.56623840332031,30.438302993774414,72.88064575195312,68.97254943847656,126.36995697021484,70.88398742675781,102.0608139038086
2023-04-11,158.2213592529297,99.91999816894531,26.422178268432617,95.73121643066406,146.41241455078125,318.6803894042969,302.8505554199219,270.3198547363281,149.37020874023438,119.4910888671875,56.85909652709961,275.1718444824219,27.11336898803711,33.71375274658203,137.48707580566406,309.9847106933594,393.2628479003906,186.7899932861328,488.3349304199219,48.117828369140625,38.930912017822266,30.704137802124023,72.1958236694336,69.17390441894531,126.796142578125,70.99596405029297,102.78256225585938
2023-04-12,157.53262329101562,97.83000183105469,26.210506439208984,96.43069458007812,146.93154907226562,318.4060363769531,305.50555419921875,267.2557067871094,149.05197143554688,119.47249603271484,56.95903396606445,275.81396484375,26.440752029418945,33.37491989135742,137.86122131347656,307.2464294433594,391.659912109375,180.5399932861328,488.5411376953125,47.88376998901367,38.957923889160156,30.637678146362305,71.78491973876953,68.86273193359375,126.83403778076172,69.89549255371094,102.67565155029297
2023-04-13,162.90504455566406,102.4000015258789,26.28413200378418,97.78484344482422,148.89556884765625,321.9626770019531,307.2539978027344,268.82916259765625,151.0433349609375,119.92807006835938,57.376983642578125,281.9920654296875,26.408811569213867,33.45559310913086,138.5,313.26300048828125,396.86224365234375,185.89999389648438,493.2654113769531,47.931861877441406,39.201045989990234,30.913015365600586,73.12033081054688,69.24713897705078,128.48193359375,71.4391098022461,103.15681457519531
2023-04-14,162.5606689453125,102.51000213623047,27.167633056640625,97.30056762695312,149.1984100341797,320.5155029296875,311.68524169921875,268.865966796875,150.79779052734375,128.9838409423828,57.286128997802734,278.39227294921875,26.703208923339844,33.22970962524414,137.79733276367188,312.67401123046875,395.8927917480469,185.0,479.7300720214844,47.60802459716797,39.27307891845703,31.21682357788086,72.71431732177734,68.80780792236328,127.44964599609375,71.5316162109375,103.40631103515625
2023-04-17,162.58033752441406,102.73999786376953,27.949899673461914,94.70886993408203,147.88327026367188,321.5371398925781,314.23846435546875,271.8197021484375,150.6432342529297,130.00653076171875,57.65864181518555,280.9801940917969,26.946712493896484,33.22163772583008,137.84298706054688,312.93902587890625,397.3133850097656,187.0399932861328,473.6934509277344,47.94148254394531,38.809349060058594,31.57760238647461,72.97846221923828,69.24713897705078,127.345458984375,72.03803253173828,102.20338439941406
2023-04-18,163.8004608154297,102.30000305175781,28.124757766723633,94.11700439453125,147.5371856689453,321.4234619140625,308.90069580078125,275.0863952636719,146.40591430664062,131.46624755859375,57.74950408935547,280.5618591308594,27.610349655151367,32.71338653564453,137.98898315429688,312.9586486816406,397.5725402832031,184.30999755859375,472.87799072265625,48.04729461669922,38.96242904663086,31.672544479370117,73.2034912109375,69.45763397216797,126.4741439819336,72.15489196777344,104.19934844970703
2023-04-19,164.9418487548828,104.30000305175781,27.664602279663086,94.39498901367188,147.67562866210938,320.6572570800781,311.65753173828125,273.20916748046875,147.7880096435547,131.29888916015625,57.85853576660156,280.6396789550781,27.873807907104492,32.46330261230469,138.01637268066406,312.8114318847656,397.50531005859375,180.58999633789062,455.7430725097656,48.098594665527344,38.827354431152344,31.748491287231445,72.99315643310547,69.41185760498047,126.86245727539062,72.08673095703125,103.8696517944336
2023-04-20,163.9775848388672,103.80999755859375,27.51735496520996,93.06775665283203,146.95748901367188,319.6735534667969,313.3411560058594,274.7367248535156,148.74281311035156,130.9176788330078,58.11294174194336,278.3630676269531,27.04850196838379,32.1486701965332,138.5223388671875,310.42645263671875,395.3360900878906,162.99000549316406,456.924072265625,48.40640640258789,38.48518371582031,31.653554916381836,72.51376342773438,69.57661437988281,126.341552734375,70.97651672363281,103.04096984863281
2023-04-21,162.37367248535156,106.95999908447266,27.489742279052734,91.70468139648438,146.3258514404297,319.9990539550781,316.07025146484375,276.08929443359375,147.93353271484375,130.66664123535156,58.19471740722656,278.02252197265625,27.0634708404541,32.4390983581543,143.31573486328125,310.7503662109375,395.6432189941406,165.0800018310547,453.51220703125,48.65008544921875,38.260074615478516,31.539621353149414,72.27896881103516,70.07998657226562,127.1939468383789,71.76048278808594,103.37065124511719
2023-04-24,162.67872619628906,106.20999908447266,27.388511657714844,92.95120239257812,148.36776733398438,320.6047058105469,318.197998046875,277.5616455078125,148.83370971679688,130.84329223632812,58.10384750366211,274.14056396484375,26.986629486083984,32.19707107543945,143.57284545898438,310.1025695800781,396.05596923828125,162.5500030517578,458.3114013671875,48.980342864990234,38.845367431640625,31.46367073059082,71.96100616455078,70.36372375488281,127.90425872802734,71.75074005126953,105.32206726074219
2023-04-25,161.14376831054688,102.56999969482422,26.541818618774414,91.5522232055664,146.21339416503906,317.36798095703125,314.0535583496094,272.6755065917969,150.1976776123047,127.9982681274414,58.012996673583984,267.9625244140625,26.18726921081543,31.729171752929688,143.6095733642578,304.2529296875,389.76904296875,160.6699981689453,461.104736328125,48.59879684448242,38.11600875854492,30.922504425048828,70.42503356933594,70.2721939086914,126.54042053222656,70.32886505126953,103.8250961303711
2023-04-26,161.13389587402344,104.9800033569336,26.173696517944336,90.09944915771484,143.60911560058594,315.115478515625,311.35223388671875,265.0749206542969,147.86985778808594,125.7297134399414,57.740421295166016,287.372314453125,26.90080451965332,31.164445877075195,141.94747924804688,306.0981140136719,388.1181335449219,153.75,452.69659423828125,48.38717269897461,37.60725402832031,30.62818145751953,71.4718246459961,69.72306823730469,124.74098205566406,69.96853637695312,102.87167358398438
2023-04-27,165.70932006835938,109.81999969482422,26.58783531188965,90.78099822998047,144.44833374023438,320.08428955078125,316.01470947265625,270.4670715332031,148.21539306640625,127.42182159423828,57.85853576660156,296.576171875,27.170251846313477,31.253198623657227,143.68304443359375,314.421142578125,395.84478759765625,160.19000244140625,459.74554443359375,48.537864685058594,37.7423210144043,31.12188148498535,72.98826599121094,70.50101470947266,125.39445495605469,71.81403350830078,104.101318359375
2023-04-28,166.95899963378906,105.44999694824219,26.94675636291504,92.26963806152344,145.85865783691406,322.7627258300781,317.7168273925781,276.5494384765625,148.85191345214844,128.52821350097656,58.28556442260742,298.9403381347656,27.692182540893555,31.37419891357422,143.60040283203125,316.5902099609375,399.2234191894531,164.30999755859375,461.2640686035156,48.40640640258789,38.327613830566406,31.492156982421875,73.78072357177734,70.87625885009766,126.46464538574219,71.99908447265625,105.4468002319336
2023-05-01,166.87045288085938,102.05000305175781,26.72588348388672,91.94680786132812,144.69924926757812,322.128662109375,315.0619201660156,273.9361572265625,148.760986328125,131.28030395507812,58.4218635559082,297.2864074707031,28.85080337524414,31.632356643676758,143.77487182617188,316.2270812988281,398.8203430175781,161.8300018310547,464.6479797363281,48.605194091796875,37.89540100097656,31.40671157836914,73.82473754882812,70.93118286132812,127.11813354492188,71.28814697265625,102.17664337158203
2023-05-02,165.83724975585938,103.62999725341797,25.9160099029541,88.45832824707031,138.4696807861328,318.82562255859375,308.401123046875,270.78912353515625,150.061279296875,129.1604461669922,58.15837097167969,297.14044189453125,28.152238845825195,31.511350631713867,143.6463165283203,313.4691162109375,394.337890625,160.30999755859375,462.4825744628906,48.473731994628906,36.247581481933594,30.69464683532715,73.13499450683594,70.73897552490234,126.56884002685547,71.36119842529297,98.10456085205078
2023-05-03,164.7647247314453,103.6500015258789,25.63991355895996,86.1715316772461,135.6923370361328,316.2133483886719,304.0346374511719,269.6849365234375,148.09718322753906,126.4270248413086,57.831275939941406,296.1578063964844,27.745075225830078,31.019229888916016,143.462646484375,311.41778564453125,391.63116455078125,160.61000061035156,458.7801513671875,48.294193267822266,35.56322479248047,30.343358993530273,72.51866149902344,70.16236114501953,126.39840698242188,70.79633331298828,96.17098999023438
2023-05-04,163.13136291503906,104.0,24.8392391204834,87.3104476928711,135.16455078125,313.582275390625,297.1982116699219,262.9400634765625,147.42434692382812,124.6976318359375,57.89488220214844,297.14044189453125,27.50556182861328,30.841753005981445,142.801513671875,310.31842041015625,388.857177734375,161.1999969482422,456.7554016113281,48.42936325073242,35.16703414916992,29.954097747802734,72.1713638305664,69.98847961425781,125.39445495605469,70.25096893310547,94.48689270019531
2023-05-05,170.78660583496094,105.66000366210938,25.50186538696289,90.0097427368164,138.61679077148438,318.6929626464844,302.5267333984375,266.5011291503906,147.92442321777344,127.13360595703125,58.16745376586914,302.2385559082031,28.621273040771484,31.051502227783203,143.27899169921875,316.91412353515625,396.05596923828125,170.05999755859375,463.3169250488281,48.84777069091797,36.12151336669922,30.69464683532715,73.98126983642578,70.6383056640625,126.52149200439453,71.6728286743164,96.83926391601562
2023-05-08,170.71775817871094,105.83000183105469,25.483461380004883,90.48505401611328,138.0717010498047,318.21026611328125,302.0549011230469,264.9460754394531,147.5879669189453,127.44043731689453,58.07659149169922,300.2926940917969,29.091310501098633,31.196720123291016,142.6086883544922,317.69927978515625,396.1614685058594,171.7899932861328,461.7608337402344,49.15353012084961,36.12151336669922,30.742111206054688,73.942138671875,70.42780303955078,126.24684143066406,71.91630554199219,97.22241973876953
2023-05-09,169.01547241210938,106.62000274658203,25.45585060119629,91.05001831054688,137.6736602783203,317.7843933105469,300.4452819824219,267.3844909667969,146.4423065185547,126.82679748535156,57.59504699707031,298.6874084472656,28.512496948242188,31.04343032836914,141.14857482910156,315.6872863769531,394.42425537109375,169.14999389648438,459.6612243652344,49.237213134765625,36.13501739501953,30.62818145751953,73.37469482421875,70.20813751220703,125.4039306640625,71.89682006835938,97.2491455078125
2023-05-10,170.7767791748047,110.19000244140625,25.142942428588867,90.09944915771484,135.91729736328125,317.5194396972656,298.39154052734375,265.9581604003906,146.9878387451172,126.8918685913086,57.69499588012695,303.8536682128906,28.825855255126953,30.898218154907227,141.44248962402344,319.12255859375,396.2671203613281,168.5399932861328,459.37066650390625,49.09881591796875,35.72530746459961,30.457292556762695,74.26988220214844,70.09830474853516,125.75434112548828,72.26202392578125,96.00167083740234
2023-05-11,170.9636993408203,112.18000030517578,25.207366943359375,89.57931518554688,135.16455078125,315.47528076171875,296.6985778808594,264.7251892089844,146.3877410888672,126.49208068847656,58.0220832824707,301.7131652832031,28.51948356628418,30.645427703857422,141.77301025390625,320.16290283203125,395.5760803222656,172.0800018310547,458.1426696777344,49.28227233886719,35.297607421875,30.409814834594727,73.9372329711914,70.30878448486328,125.36602783203125,72.59803009033203,94.26412963867188
2023-05-12,170.03750610351562,110.26000213623047,24.9312686920166,89.1667709350586,135.5106201171875,315.3522033691406,295.5699768066406,267.28326416015625,146.19677734375,124.6791000366211,58.24922180175781,300.6039733886719,28.281967163085938,30.457868576049805,143.2147216796875,319.0145263671875,395.0577697753906,167.97999572753906,460.45794677734375,49.26618576049805,35.35162353515625,30.286394119262695,73.83940887451172,70.58338165283203,125.19557189941406,71.98448181152344,94.25521850585938
2023-05-15,169.5448455810547,111.19999694824219,25.4466495513916,90.4017105102539,136.01246643066406,315.8916320800781,297.94744873046875,265.5072937011719,145.07833862304688,125.7297134399414,58.094764709472656,301.08087158203125,28.893714904785156,30.302919387817383,143.26063537597656,320.741943359375,396.4207458496094,166.35000610351562,456.3616943359375,48.883174896240234,35.53171920776367,30.533241271972656,74.45084381103516,70.40947723388672,124.97775268554688,72.07698822021484,94.43497467041016
2023-05-16,169.5448455810547,113.4000015258789,25.179759979248047,88.40058135986328,132.81980895996094,312.6547546386719,296.7818908691406,259.7929992675781,144.8873748779297,124.8836441040039,57.44059753417969,303.2991027832031,29.15318489074707,30.180604934692383,143.0126953125,321.10516357421875,393.7715759277344,166.52000427246094,449.6689758300781,48.20728302001953,34.65828323364258,30.2484188079834,74.52911376953125,69.81459045410156,123.93595886230469,71.78482818603516,92.14308166503906
2023-05-17,170.15576171875,115.5,26.293336868286133,90.7802963256836,134.7233123779297,316.6866760253906,305.45013427734375,269.04998779296875,144.56910705566406,128.72348022460938,57.376983642578125,306.16571044921875,30.116207122802734,29.968585968017578,142.40664672851562,324.9918518066406,398.5515441894531,173.86000061035156,454.4401550292969,48.12681579589844,35.32461166381836,30.856042861938477,75.52214050292969,69.77796936035156,124.08749389648438,73.27973937988281,94.21028137207031
2023-05-18,172.48114013671875,118.1500015258789,26.201303482055664,90.80733489990234,134.55726623535156,318.05902099609375,304.8949890136719,271.59893798828125,144.10536193847656,129.69973754882812,57.058982849121094,310.5729064941406,31.61313819885254,29.748409271240234,140.0650177001953,331.02801513671875,402.39093017578125,176.88999938964844,449.2096862792969,48.751220703125,35.58124542236328,31.08390235900879,77.0678939819336,69.43933868408203,123.78439331054688,74.4191665649414,95.06413269042969
2023-05-19,172.58949279785156,116.25,25.869991302490234,92.48394775390625,135.62319946289062,316.973876953125,301.721923828125,267.6605224609375,144.4963836669922,129.40216064453125,57.08623504638672,310.3974304199219,31.19998550415039,29.984895706176758,140.65274047851562,330.28204345703125,401.805419921875,180.13999938964844,448.82537841796875,48.24912643432617,35.855873107910156,30.95098304748535,77.03365325927734,69.48507690429688,124.36212158203125,73.79589080810547,95.5045394897461
2023-05-22,171.64356994628906,115.01000213623047,26.0816650390625,93.50254821777344,133.18557739257812,315.7503356933594,300.5840759277344,267.4581604003906,143.71763610839844,128.33297729492188,55.88691711425781,313.1665344238281,31.112165451049805,31.599531173706055,136.97042846679688,331.39111328125,401.96856689453125,188.8699951171875,450.5125732421875,47.824275970458984,35.70729446411133,31.00794792175293,77.18041229248047,68.43254852294922,124.48524475097656,73.56702423095703,94.34510040283203
2023-05-23,169.04232788085938,114.98999786376953,26.302536010742188,94.09745788574219,137.03857421875,313.57830810546875,299.335205078125,271.396484375,143.66265869140625,126.9941635131836,55.78697204589844,307.3942565917969,30.625164031982422,32.32529067993164,135.49200439453125,327.1903381347656,397.4573669433594,185.77000427246094,449.406494140625,47.734161376953125,36.089996337890625,30.647171020507812,76.04065704345703,67.92918395996094,123.12145233154297,72.8950424194336,95.63035583496094
2023-05-24,169.3182373046875,116.75,25.86079216003418,93.7278823852539,137.405517578125,311.11224365234375,295.8567810058594,267.863037109375,143.52528381347656,125.83196258544922,55.31449890136719,306.0195007324219,30.4754695892334,31.50167465209961,134.3716583251953,325.51202392578125,394.5777893066406,182.89999389648438,450.70941162109375,47.515296936035156,36.247581481933594,30.2484188079834,75.48299407958984,67.48986053466797,122.27853393554688,72.62722778320312,96.69990539550781
2023-05-25,170.45138549804688,115.0,25.925209045410156,91.6636734008789,135.03782653808594,310.86566162109375,299.6219482421875,263.8602294921875,141.46389770507812,126.13876342773438,54.88747024536133,317.7883605957031,37.90222930908203,30.849294662475586,133.508544921875,333.43267822265625,397.9948425292969,184.47000122070312,447.7755126953125,47.04217529296875,35.60375213623047,30.23892593383789,78.37883758544922,66.97734069824219,121.02838134765625,72.30097961425781,94.96525573730469
2023-05-26,172.8555450439453,120.11000061035156,26.054052352905273,91.8078842163086,134.61843872070312,313.79644775390625,307.1429138183594,269.45489501953125,141.408935546875,127.319580078125,54.751182556152344,324.58441162109375,38.86625289916992,30.66173553466797,133.5177001953125,341.9519958496094,403.1491394042969,193.1699981689453,451.356201171875,47.12584686279297,35.46418380737305,30.485769271850586,80.60454559326172,67.20614624023438,120.78213500976562,74.00041198730469,94.34510040283203
2023-05-30,174.69808959960938,121.66000366210938,26.008041381835938,91.22198486328125,133.77969360351562,313.4929504394531,306.0513916015625,269.05914306640625,141.42721557617188,127.80303192138672,54.315067291259766,322.9462585449219,40.02887725830078,30.180604934692383,131.47914123535156,343.5027770996094,403.30267333984375,201.16000366210938,449.79083251953125,47.00998306274414,35.09950256347656,30.476272583007812,81.03501892089844,66.43733215332031,120.033935546875,74.4970932006836,93.50921630859375
2023-05-31,174.64881896972656,120.58000183105469,25.57549476623535,89.50932312011719,131.59547424316406,312.5444030761719,301.9219665527344,262.7013854980469,142.0594024658203,126.17597961425781,54.20603561401367,320.1967468261719,37.756534576416016,31.00423240661621,130.85470581054688,341.5495910644531,401.0663146972656,203.92999267578125,456.7179260253906,47.27068328857422,34.482696533203125,30.153474807739258,80.35997009277344,66.51055145263672,121.06626892089844,73.82511138916016,91.8375015258789
2023-06-01,177.4471435546875,122.7699966430664,25.770296096801758,89.71662902832031,132.94091796875,313.891357421875,294.930908203125,267.2797546386719,141.5830078125,127.91459655761719,54.514957427978516,324.2821044921875,39.68857192993164,31.00423240661621,132.1953887939453,345.4952392578125,404.8768005371094,207.52000427246094,462.70758056640625,47.44448471069336,34.91041564941406,30.476272583007812,81.17686462402344,66.45564270019531,121.86181640625,74.69672393798828,92.89805603027344
2023-06-02,178.29452514648438,124.25,26.633020401000977,92.25859832763672,136.52310180664062,320.654052734375,301.6889343261719,274.2770690917969,143.80926513671875,130.60157775878906,55.56890106201172,327.03179931640625,39.2464714050293,31.2814998626709,134.54615783691406,348.0863037109375,410.7317810058594,213.97000122070312,468.2848815917969,47.89830017089844,35.97294235229492,31.140869140625,81.64157104492188,67.37089538574219,123.42452239990234,76.44972229003906,95.05514526367188
2023-06-05,176.9446563720703,125.30000305175781,26.475317001342773,92.0062026977539,135.8678436279297,318.81396484375,299.9737548828125,271.6449890136719,145.04608154296875,129.31851196289062,55.196388244628906,327.55828857421875,39.090797424316406,31.517980575561523,134.01356506347656,348.33172607421875,409.9447937011719,217.61000061035156,466.98199462890625,48.21371841430664,35.73432159423828,30.979469299316406,81.17196655273438,67.12377166748047,123.86962890625,76.6785888671875,94.63272094726562
2023-06-06,176.58004760742188,126.61000061035156,27.115400314331055,91.88902282714844,136.11244201660156,318.8518371582031,304.6251525878906,274.33270263671875,144.91781616210938,129.5509490966797,54.796607971191406,325.3547058105469,38.57485580444336,31.28965187072754,132.68206787109375,348.2727966308594,410.83740234375,221.30999755859375,457.0272216796875,48.20728302001953,36.0224609375,31.368730545043945,81.15242004394531,66.7851333618164,122.83729553222656,77.47716522216797,95.40564727783203
2023-06-07,175.21047973632812,121.2300033569336,27.34731674194336,94.4760513305664,139.64218139648438,319.8004150390625,312.9678955078125,279.615478515625,145.22933959960938,130.8061065673828,54.714847564697266,315.31170654296875,37.40213394165039,31.713693618774414,132.96673583984375,342.3642272949219,409.41680908203125,224.57000732421875,451.9280090332031,48.27809143066406,36.976932525634766,31.492156982421875,79.93928527832031,66.56547546386719,122.35430145263672,76.95126342773438,97.54476928710938
2023-06-08,177.92010498046875,124.25,27.115400314331055,94.232666015625,139.12667846679688,321.35589599609375,312.7068786621094,279.0501403808594,146.82342529296875,130.84329223632812,54.851131439208984,317.1448059082031,38.43511962890625,31.876785278320312,134.47271728515625,346.6141052246094,411.8932189941406,234.86000061035156,459.5206298828125,48.97651290893555,36.819358825683594,31.46367073059082,80.80510711669922,67.0230941772461,123.14039611816406,78.09071350097656,97.23918151855469
2023-06-09,178.3043975830078,123.43000030517578,27.15250587463379,93.64674377441406,138.79469299316406,321.79217529296875,313.2196044921875,275.5838928222656,146.59437561035156,131.1036376953125,54.94198989868164,318.6365966796875,38.69461441040039,31.778932571411133,134.5828857421875,347.9391174316406,412.63232421875,244.39999389648438,462.69818115234375,49.272621154785156,36.616764068603516,31.473169326782227,81.20622253417969,66.91326141357422,123.51921844482422,78.49486541748047,96.52014923095703
2023-06-12,181.0928497314453,126.56999969482422,27.02263641357422,92.68225860595703,137.4579315185547,323.59423828125,316.4541320800781,278.8369140625,146.4936065673828,131.0943603515625,54.70574951171875,323.5703430175781,39.40523147583008,32.537322998046875,133.52687072753906,353.8182067871094,416.3756103515625,249.8300018310547,461.7327575683594,49.59769058227539,36.26559066772461,31.46367073059082,82.97210693359375,66.89495849609375,123.96435546875,79.84368896484375,95.64833068847656
2023-06-13,180.6199188232422,126.66000366210938,27.273101806640625,93.21409606933594,138.48890686035156,324.9696044921875,319.2599182128906,278.114013671875,147.26316833496094,132.04269409179688,54.9238166809082,325.9494934082031,40.942237854003906,32.847198486328125,133.2054901123047,356.53692626953125,419.12078857421875,258.7099914550781,460.5329284667969,49.98391342163086,36.43667221069336,31.653554916381836,83.4759521484375,67.16951751708984,124.58941650390625,80.6714859008789,95.66630554199219
2023-06-14,181.25048828125,126.41999816894531,27.01336097717285,92.54705047607422,137.24826049804688,322.88299560546875,315.4566955566406,277.7710876464844,148.01443481445312,131.5499267578125,55.29633331298828,328.92333984375,42.913394927978516,32.09696578979492,134.45433044433594,359.12811279296875,419.619873046875,256.7900085449219,431.0530700683594,50.489227294921875,36.06298065185547,31.530128479003906,84.33688354492188,67.58139038085938,123.31085205078125,80.61306762695312,94.515869140625
2023-06-15,183.28024291992188,127.11000061035156,27.245275497436523,93.8811264038086,138.28794860839844,327.00885009765625,316.6871643066406,279.9119873046875,150.0024871826172,133.03753662109375,56.056190490722656,339.4148864746094,42.57007598876953,32.41499710083008,136.3184356689453,363.4074401855469,424.8222351074219,255.89999389648438,438.49798583984375,50.766021728515625,36.45918655395508,31.9478759765625,85.42280578613281,68.2586669921875,125.2239761352539,81.13896942138672,95.17195892333984
2023-06-16,182.20626831054688,125.48999786376953,27.07829475402832,94.5751953125,137.3967742919922,326.0164489746094,315.35418701171875,278.39208984375,150.46055603027344,133.195556640625,56.45902633666992,333.7889099121094,42.60899353027344,32.66779327392578,137.31936645507812,361.1205749511719,423.3752136230469,260.5400085449219,431.5331115722656,50.05794906616211,36.405155181884766,31.88141632080078,84.71843719482422,68.3410415649414,125.21451568603516,81.01722717285156,94.4889144897461
2023-06-20,182.29493713378906,125.77999877929688,26.781448364257812,91.97013854980469,134.2689208984375,323.6492614746094,308.2792053222656,279.3466491699219,150.3689422607422,132.516845703125,56.08366012573242,329.6156311035156,43.72282028198242,32.08065414428711,136.05213928222656,360.60357666015625,421.1785888671875,274.45001220703125,441.7922668457031,49.61699676513672,35.59033203125,31.64299964904785,84.14588165283203,67.8211669921875,125.0737533569336,81.62417602539062,92.32283782958984
2023-06-21,181.26034545898438,124.83000183105469,26.503149032592773,93.47549438476562,135.3173828125,322.6702575683594,303.0125427246094,278.68865966796875,150.1399383544922,132.32156372070312,56.23929977416992,325.2376403808594,42.96131134033203,31.72184944152832,137.22755432128906,355.68939208984375,419.0206298828125,259.4599914550781,448.71942138671875,49.713558197021484,35.8719367980957,31.604846954345703,82.90081787109375,68.06083679199219,125.0927734375,80.64347839355469,93.3564453125
2023-06-22,184.25575256347656,130.14999389648438,25.937274932861328,91.4292984008789,133.36032104492188,322.5846252441406,297.8951110839844,279.133544921875,151.73402404785156,129.77407836914062,56.62381362915039,331.2342224121094,42.94135284423828,31.583213806152344,137.69586181640625,359.8861083984375,420.5331115722656,264.6099853515625,450.88427734375,50.128753662109375,35.39048767089844,31.35689353942871,83.5772705078125,68.45716094970703,125.94864654541016,81.67298889160156,92.84413146972656
2023-06-23,183.9404296875,129.3300018310547,25.742469787597656,90.55493927001953,132.23326110839844,320.51226806640625,293.35565185546875,278.7906188964844,151.6057586669922,129.0953826904297,56.02873229980469,326.66119384765625,42.126930236816406,31.23256492614746,136.32765197753906,356.3184814453125,417.3539733886719,256.6000061035156,448.95477294921875,50.0354118347168,35.136146545410156,31.223379135131836,82.67041778564453,68.0055160522461,125.5302505493164,80.7264175415039,92.03523254394531
2023-06-26,182.5511016845703,127.33000183105469,26.057870864868164,91.86982727050781,134.55726623535156,320.4932861328125,291.16497802734375,285.3523254394531,149.91087341308594,129.4114990234375,56.04705047607422,320.40142822265625,40.55299758911133,30.082746505737305,136.46536254882812,351.54180908203125,415.6487121582031,241.0500030517578,450.8936767578125,49.90345001220703,35.76747512817383,31.1566219329834,82.07728576660156,68.09769439697266,124.8170166015625,79.69202423095703,93.73392486572266
2023-06-27,185.3001708984375,129.17999267578125,26.197021484375,91.39828491210938,134.13787841796875,322.4801025390625,292.1810607910156,290.77410888671875,149.599365234375,129.42080688476562,55.92802429199219,326.22247314453125,41.79458236694336,29.699474334716797,137.76014709472656,357.5862121582031,420.20556640625,250.2100067138672,454.1878967285156,49.72321701049805,35.84922409057617,31.404577255249023,83.69491577148438,68.30049133300781,124.53170013427734,81.40463256835938,93.96762084960938
2023-06-28,186.47276306152344,129.0399932861328,26.039318084716797,92.95800018310547,135.35235595703125,321.90966796875,292.37677001953125,284.0733947753906,149.29705810546875,128.85366821289062,55.406192779541016,327.4706115722656,41.03705978393555,29.593467712402344,137.73260498046875,358.28411865234375,420.4175109863281,256.239990234375,446.5546875,49.993568420410156,36.21257400512695,31.328283309936523,83.74393463134766,67.839599609375,124.13228607177734,81.72665405273438,94.73157501220703
2023-06-29,186.80772399902344,127.9000015258789,26.586637496948242,93.45675659179688,136.50564575195312,324.3147277832031,301.1669006347656,285.2875061035156,150.34149169921875,133.3535919189453,54.94845199584961,326.6904602050781,40.74263000488281,29.454833984375,137.17247009277344,357.56658935546875,422.0745544433594,257.5,448.427734375,49.65562438964844,36.630435943603516,31.871871948242188,83.8909912109375,67.77509307861328,124.94062805175781,81.81448364257812,95.89999389648438
2023-06-30,191.1234588623047,130.36000061035156,26.614465713500977,93.95552825927734,137.47540283203125,326.8719787597656,300.6542053222656,287.9010925292969,151.64242553710938,135.222412109375,55.13154983520508,332.0435791015625,42.219749450683594,29.911500930786133,139.33956909179688,363.0803527832031,427.0553894042969,261.7699890136719,452.3808288574219,50.58900451660156,36.86660385131836,32.14845275878906,85.22430419921875,68.36499786376953,126.22444915771484,82.85375213623047,96.39431762695312
2023-07-03,189.63563537597656,130.22000122070312,27.087568283081055,94.51773834228516,137.3531036376953,327.0810546875,304.4480895996094,287.326416015625,149.65435791015625,136.3102264404297,55.461124420166016,329.55712890625,42.330535888671875,29.887041091918945,140.03746032714844,363.9354248046875,427.5466613769531,279.82000732421875,449.78302001953125,50.917293548583984,36.952911376953125,32.32964324951172,85.04293060302734,68.89960479736328,125.1878890991211,83.85398864746094,96.58306884765625
2023-07-05,188.522216796875,130.3800048828125,26.97625160217285,94.32733154296875,136.5668182373047,325.88330078125,298.3332214355469,288.0492858886719,149.1596221923828,135.40216064453125,55.87310028076172,329.71319580078125,42.2347297668457,29.732099533081055,139.79872131347656,363.9255676269531,426.91082763671875,282.4800109863281,443.5146179199219,50.88832473754883,36.74851989746094,32.26288986206055,84.51842498779297,68.77977752685547,125.12129211425781,83.88814544677734,96.0887451171875
2023-07-06,188.9951629638672,128.36000061035156,26.2341251373291,90.99019622802734,133.57000732421875,322.4801025390625,291.7616271972656,279.9119873046875,148.0510711669922,134.06350708007812,55.44281768798828,332.75531005859375,42.021148681640625,29.055252075195312,139.5691680908203,361.1539611816406,423.5678405761719,276.5400085449219,441.7640075683594,50.56647491455078,35.92189025878906,31.986324310302734,84.2929458618164,68.60464477539062,124.12278747558594,82.5365982055664,92.50259399414062
2023-07-07,187.88169860839844,129.77999877929688,26.466039657592773,93.61091613769531,134.7407684326172,320.76898193359375,293.78436279296875,280.6441955566406,145.89810180664062,135.121337890625,54.71040725708008,328.8063659667969,42.42035675048828,28.973709106445312,136.6398468017578,359.9549255371094,422.4984436035156,274.42999267578125,434.44140625,49.40135955810547,36.69401168823242,32.03400802612305,83.92530822753906,67.7105712890625,122.67729187011719,82.6390609741211,92.71831512451172
2023-07-10,185.84213256835938,127.12999725341797,26.586637496948242,94.62654876708984,135.64064025878906,322.81280517578125,294.9961242675781,287.5673828125,146.13629150390625,135.87957763671875,54.29843521118164,323.5508117675781,42.097984313964844,29.096031188964844,136.69497680664062,360.0728454589844,423.5678405761719,269.6099853515625,435.8249206542969,49.84873962402344,36.980159759521484,32.17705154418945,84.14588165283203,67.69213104248047,123.64728546142578,82.89278411865234,94.09343719482422
2023-07-11,185.31991577148438,128.77999877929688,26.920595169067383,97.42861938476562,138.14813232421875,325.7216491699219,299.10687255859375,290.6999816894531,145.330078125,138.00462341308594,54.490699768066406,324.17486572265625,42.32254409790039,29.373287200927734,135.9787139892578,361.851806640625,426.2653503417969,269.7900085449219,435.67437744140625,49.77470779418945,37.79315948486328,32.55852508544922,84.32726287841797,67.79352569580078,123.67581176757812,83.58563995361328,95.24388122558594
2023-07-12,186.985107421875,130.8000030517578,27.235994338989258,99.12437438964844,139.47618103027344,326.6627502441406,304.2523498535156,294.2774658203125,144.82620239257812,138.68797302246094,54.783653259277344,328.7868347167969,43.8166389465332,29.348827362060547,136.685791015625,366.42205810546875,429.69500732421875,271.989990234375,425.1423034667969,49.90023422241211,38.142887115478516,32.768333435058594,85.28311920166016,67.9502182006836,123.34293365478516,84.33702850341797,95.71125030517578
2023-07-13,187.7437744140625,134.3000030517578,27.523569107055664,100.24883270263672,137.615234375,326.9385070800781,306.3775634765625,291.5711669921875,145.49497985839844,139.3620147705078,55.250553131103516,334.1106262207031,45.88760757446289,29.405912399291992,136.77757263183594,372.643310546875,433.1054992675781,277.8999938964844,421.42449951171875,49.60734939575195,37.9975471496582,32.88276672363281,86.39584350585938,68.23595428466797,123.39053344726562,85.12745666503906,93.9586181640625
2023-07-14,187.8916015625,134.67999267578125,27.00408172607422,97.11123657226562,134.1815948486328,328.1268005371094,304.05657958984375,293.3321533203125,146.46609497070312,140.2045440673828,55.75408172607422,336.6262512207031,45.38059616088867,29.617931365966797,137.7877197265625,372.564697265625,432.83575439453125,281.3800048828125,451.93841552734375,49.777931213378906,36.9937858581543,32.663429260253906,86.2684097290039,68.46640014648438,125.24491882324219,85.3470230102539,90.7229995727539
2023-07-17,191.14317321777344,133.55999755859375,27.273101806640625,96.52178955078125,134.05929565429688,328.7732238769531,304.998046875,292.91497802734375,145.73318481445312,143.583984375,55.671695709228516,337.1040344238281,46.37066650390625,29.242813110351562,136.81431579589844,376.0439758300781,434.3385925292969,290.3800048828125,455.6185302734375,49.83908462524414,36.92111587524414,32.978145599365234,87.37133026123047,68.26360321044922,124.67435455322266,85.6934585571289,91.11846923828125
2023-07-18,190.886962890625,132.8300018310547,28.479053497314453,98.61656188964844,134.3301239013672,332.3190002441406,314.3847961425781,293.5730895996094,145.72402954101562,143.8460693359375,55.451969146728516,350.5207824707031,47.40165710449219,29.55269432067871,137.07144165039062,379.1202697753906,437.56597900390625,293.3399963378906,470.6024475097656,49.748966217041016,37.29355239868164,33.350074768066406,88.36151885986328,68.18988800048828,125.59678649902344,86.04476165771484,90.70503997802734
2023-07-19,192.23684692382812,135.36000061035156,29.24901008605957,99.27853393554688,135.15138244628906,333.3742370605469,317.4422302246094,296.09393310546875,145.4308624267578,144.3983917236328,56.431556701660156,346.2207336425781,46.98546600341797,29.715787887573242,138.0081024169922,379.03179931640625,438.5390319824219,291.260009765625,474.0849609375,49.76506042480469,37.51155471801758,33.493125915527344,88.14093780517578,68.88117218017578,126.17691040039062,86.34725952148438,91.33419036865234
2023-07-20,190.2957763671875,129.9600067138672,29.39743995666504,101.28263092041016,136.64540100097656,335.0282897949219,327.0525817871094,295.73248291015625,154.2626190185547,146.17703247070312,57.11817932128906,338.2156066894531,45.43149948120117,29.984895706176758,139.1271514892578,370.2944030761719,435.62957763671875,262.8999938964844,474.5932312011719,50.68556213378906,37.95212173461914,33.741092681884766,86.38115692138672,69.47107696533203,128.2690887451172,83.40509033203125,92.94300079345703
2023-07-21,189.1232452392578,130.0,29.666458129882812,102.37080383300781,138.6461639404297,335.00738525390625,328.07794189453125,297.011474609375,155.92086791992188,145.05369567871094,57.1639518737793,335.19293212890625,44.222843170166016,30.498638153076172,141.317138671875,369.1837463378906,435.62957763671875,260.0199890136719,476.7486267089844,50.972007751464844,38.28822708129883,33.62664031982422,86.3370361328125,69.71072387695312,129.56243896484375,83.42462158203125,93.37442016601562
2023-07-24,189.92137145996094,128.8000030517578,30.287988662719727,104.0302505493164,141.38079833984375,336.8435363769531,334.57501220703125,301.311767578125,156.73623657226562,147.9088897705078,57.18226623535156,336.49951171875,44.52526092529297,30.588342666625977,141.76995849609375,369.77349853515625,437.57562255859375,269.05999755859375,478.7721862792969,51.27132797241211,38.90592575073242,33.95089340209961,86.48899841308594,69.97802734375,129.2771453857422,83.9710922241211,94.83941650390625
2023-07-25,190.77857971191406,129.1300048828125,29.824159622192383,105.35423278808594,142.02734375,337.0812072753906,330.632080078125,301.3303527832031,157.93641662597656,146.8042755126953,56.99001693725586,342.22308349609375,45.590187072753906,30.221384048461914,142.1026153564453,372.2796936035156,438.770263671875,265.2799987792969,480.88983154296875,51.2294921875,39.11030960083008,33.731544494628906,87.47916412353516,69.95960998535156,129.22007751464844,83.77592468261719,94.98323059082031
2023-07-26,191.64569091796875,128.14999389648438,30.065345764160156,105.94365692138672,140.96145629882812,337.9660949707031,333.2979431152344,305.46392822265625,158.2387237548828,147.68418884277344,57.722412109375,329.3426513671875,45.363624572753906,30.34370231628418,142.25047302246094,371.04132080078125,438.83770751953125,264.3500061035156,478.1321716308594,51.41294860839844,39.12392807006836,33.93182373046875,86.30271911621094,70.04255676269531,129.1344757080078,83.75640869140625,94.45294952392578
2023-07-27,190.38446044921875,128.25,29.638628005981445,104.99150085449219,139.4936065673828,335.606689453125,330.4549865722656,305.57513427734375,159.12741088867188,146.0553436279297,57.1639518737793,322.4685363769531,45.810768127441406,29.848962783813477,140.55941772460938,370.1567687988281,435.9282531738281,255.7100067138672,475.5249938964844,51.22627258300781,38.8741340637207,33.50267028808594,86.052734375,69.42500305175781,128.1835174560547,82.88792419433594,94.7495346069336
2023-07-28,192.95616149902344,132.2100067138672,29.59224510192871,105.12751770019531,138.8034210205078,337.233642578125,329.2618103027344,307.1135559082031,159.85121154785156,146.88848876953125,57.20057678222656,329.9276428222656,46.65910339355469,29.741777420043945,144.53289794921875,376.8990478515625,440.19610595703125,266.44000244140625,473.3414306640625,51.46766662597656,38.99222183227539,33.56941223144531,87.22428131103516,70.1439437866211,128.56390380859375,84.2931137084961,93.6170883178711
2023-07-31,193.56704711914062,133.67999267578125,29.685009002685547,106.750732421875,142.98841857910156,338.27056884765625,331.72265625,309.4027404785156,153.48387145996094,147.87144470214844,56.697052001953125,327.5387878417969,46.638145446777344,29.733531951904297,144.4312744140625,377.0956115722656,441.03424072265625,267.42999267578125,476.59796142578125,51.45157241821289,39.73255157470703,33.69340133666992,87.42526245117188,69.82135009765625,127.57483673095703,84.77128601074219,96.38533782958984
2023-08-01,192.7393798828125,131.69000244140625,29.332502365112305,106.44239807128906,141.80020141601562,338.8697814941406,333.4471130371094,307.76239013671875,154.72987365722656,147.14126586914062,56.550575256347656,327.9483337402344,46.41658020019531,29.362476348876953,144.3850555419922,376.2208557128906,439.7722473144531,261.07000732421875,475.0638122558594,51.21018600463867,39.546329498291016,33.69340133666992,87.57231903076172,69.44342803955078,126.90918731689453,83.81006622314453,95.8281021118164
2023-08-02,189.75384521484375,128.2100067138672,28.93360710144043,104.81919860839844,139.55477905273438,335.5782470703125,327.2763977050781,304.4536437988281,155.66436767578125,145.4749298095703,56.72451400756836,319.3288879394531,44.182926177978516,29.148090362548828,144.69924926757812,367.96502685546875,433.6546630859375,254.11000061035156,475.1203308105469,51.24558639526367,39.028560638427734,33.40728759765625,85.40567016601562,69.69230651855469,126.99475860595703,82.30728149414062,94.63272094726562
2023-08-03,188.36453247070312,128.91000366210938,29.1376895904541,104.27510833740234,139.50241088867188,334.8645935058594,329.196533203125,305.7048645019531,156.33316040039062,146.36428833007812,56.431556701660156,318.50982666015625,44.42845153808594,28.859500885009766,145.07809448242188,367.3753356933594,432.411865234375,259.32000732421875,475.1767883300781,51.258453369140625,39.4237060546875,33.42637252807617,85.0576400756836,69.49871826171875,126.35755920410156,82.50245666503906,96.27748107910156
2023-08-04,179.3192596435547,139.57000732421875,29.0356502532959,103.11438751220703,139.18783569335938,333.58984375,329.25250244140625,302.53521728515625,154.86727905273438,146.0553436279297,55.58013916015625,319.60186767578125,44.59313201904297,28.87598419189453,143.48867797851562,365.6553955078125,430.4560852050781,253.86000061035156,473.1719970703125,50.96234893798828,39.47820281982422,33.2928581237793,83.90079498291016,68.80743408203125,125.91063690185547,83.7027359008789,96.54710388183594
2023-08-07,176.22537231445312,142.22000122070312,29.573688507080078,103.81263732910156,139.69459533691406,337.36663818359375,331.4336853027344,305.0746154785156,158.5869140625,146.74806213378906,56.01957702636719,321.8737487792969,45.32869338989258,29.420196533203125,145.004150390625,368.75128173828125,434.2133483886719,251.4499969482422,480.7110290527344,51.65433120727539,39.52362060546875,33.76015853881836,84.13609313964844,69.36968994140625,127.36561584472656,84.56147766113281,96.34938049316406
2023-08-08,177.16140747070312,139.94000244140625,29.007822036743164,104.81919860839844,139.48492431640625,335.844482421875,324.6290283203125,303.814208984375,158.66017150878906,145.92428588867188,55.77239227294922,317.9150695800781,44.57715606689453,29.387208938598633,145.16127014160156,365.6160888671875,432.32513427734375,249.6999969482422,476.1179504394531,51.705833435058594,39.71892547607422,33.454978942871094,83.48905181884766,68.87195587158203,128.3451690673828,83.88814544677734,96.82573699951172
2023-08-09,175.5750274658203,137.85000610351562,28.62748146057129,105.59000396728516,139.6683807373047,334.18914794921875,319.43695068359375,304.18487548828125,158.55941772460938,143.9677734375,55.90056610107422,314.1903381347656,42.47126770019531,29.552125930786133,144.97645568847656,361.59625244140625,429.4349060058594,242.19000244140625,472.5885009765625,51.789520263671875,40.21854019165039,33.20702362060547,82.41059112548828,68.97335052490234,128.30712890625,82.89278411865234,98.47049713134766
2023-08-10,175.35824584960938,138.55999755859375,28.701696395874023,105.03685760498047,140.515869140625,334.76953125,317.3023376464844,305.28778076171875,157.73484802246094,143.75247192382812,55.77239227294922,314.8729248046875,42.30558395385742,29.45317840576172,144.25567626953125,362.26458740234375,429.58905029296875,245.33999633789062,473.8779296875,51.763675689697266,40.2139892578125,33.23564147949219,82.42041778564453,68.83509063720703,128.2215118408203,83.09284210205078,98.97382354736328
2023-08-11,175.41744995117188,138.41000366210938,29.02637481689453,106.83233642578125,143.41650390625,335.8255920410156,317.61004638671875,306.87261962890625,159.2740020751953,144.5856170654297,56.00127029418945,313.0008544921875,40.77556610107422,29.717037200927734,145.09658813476562,359.9549255371094,429.33856201171875,242.64999389648438,478.14154052734375,52.06729507446289,40.83169174194336,33.302391052246094,81.81259155273438,68.94571685791016,129.02035522460938,82.80982971191406,100.51075744628906
2023-08-14,177.06517028808594,140.57000732421875,28.692419052124023,106.72352600097656,143.31167602539062,336.02520751953125,314.8228759765625,305.7975769042969,158.8983917236328,144.8852081298828,55.73576736450195,315.9552001953125,43.66792678833008,29.741777420043945,143.95997619628906,363.99444580078125,431.70849609375,239.75999450683594,480.88983154296875,51.67969512939453,40.659095764160156,33.23564147949219,83.11648559570312,68.60464477539062,129.41026306152344,83.06355285644531,100.59162902832031
2023-08-15,175.0819854736328,137.6699981689453,27.774036407470703,105.20255279541016,139.12667846679688,332.6004943847656,309.6681213378906,307.82720947265625,158.44027709960938,141.19683837890625,55.36042404174805,313.82958984375,43.85456848144531,29.181068420410156,143.03590393066406,360.1318359375,426.67962646484375,232.9600067138672,476.8991394042969,51.41483688354492,39.81430435180664,32.62528610229492,82.2978744506836,67.86727905273438,128.93475341796875,81.93159484863281,98.00911712646484
2023-08-16,174.21376037597656,135.07000732421875,27.171062469482422,104.41018676757812,138.59376525878906,330.8500061035156,306.77850341796875,308.652099609375,157.93641662597656,140.5977020263672,55.36957550048828,313.0674743652344,43.401451110839844,29.255279541015625,141.57589721679688,356.3184814453125,423.5485534667969,225.60000610351562,473.9532165527344,51.440677642822266,39.469120025634766,32.57759094238281,81.51355743408203,67.7105712890625,127.95528411865234,80.91670989990234,96.35990142822266
2023-08-17,171.67800903320312,133.97999572753906,27.161785125732422,106.31368255615234,140.91363525390625,328.2718811035156,305.2963562011719,303.3229675292969,159.4205780029297,139.1373291015625,55.48858642578125,309.6280212402344,43.259727478027344,30.104576110839844,140.55941772460938,352.42633056640625,420.3211975097656,219.22000122070312,464.9175720214844,50.28757858276367,39.941471099853516,32.415470123291016,80.73906707763672,67.05614471435547,126.93769073486328,79.54564666748047,98.22657775878906
2023-08-18,172.16148376464844,133.22000122070312,27.00408172607422,106.82371520996094,141.92803955078125,328.8148498535156,302.882080078125,303.40643310546875,158.0280303955078,139.45562744140625,55.799861907958984,309.2371826171875,43.21481704711914,30.2282657623291,140.95675659179688,351.98406982421875,420.52349853515625,215.49000549316406,469.13421630859375,51.011085510253906,40.33661651611328,32.40593338012695,80.86161041259766,67.30500030517578,126.98523712158203,79.36512756347656,99.71265411376953
2023-08-21,173.49349975585938,134.67999267578125,27.041189193725586,106.75084686279297,141.45172119140625,328.3861999511719,300.2068786621094,300.33868408203125,153.3189697265625,139.93304443359375,55.32380294799805,314.5135803222656,46.87568664550781,30.516857147216797,140.2452392578125,357.6550598144531,423.2595520019531,231.27999877929688,468.4189453125,50.875431060791016,40.082279205322266,32.36778259277344,82.40572357177734,66.85334777832031,127.11836242675781,80.27752685546875,98.50748443603516
2023-08-22,174.86489868164062,134.25,26.382553100585938,105.78543853759766,140.287353515625,326.7568664550781,297.15869140625,300.72796630859375,152.10047912597656,137.03106689453125,54.98506546020508,315.0802917480469,45.57920837402344,30.376680374145508,140.30067443847656,357.14404296875,422.1131286621094,233.19000244140625,463.3928527832031,50.71393585205078,39.77341842651367,32.06261444091797,82.31258392333984,66.47544860839844,126.67141723632812,80.3946304321289,97.95475006103516
2023-08-23,178.70303344726562,135.52000427246094,26.391830444335938,105.47576904296875,140.47259521484375,328.5385437011719,300.45849609375,302.22015380859375,150.7354278564453,137.95779418945312,55.17731475830078,319.5164489746094,47.02439498901367,30.2282657623291,141.61285400390625,362.7756042480469,426.81451416015625,236.86000061035156,460.6634521484375,51.06600570678711,39.67350387573242,32.37732696533203,83.7978515625,66.91788482666016,127.05181884765625,81.03868865966797,97.09388732910156
2023-08-24,174.02626037597656,131.83999633789062,26.549530029296875,104.55590057373047,139.31704711914062,324.918212890625,298.2492980957031,298.976318359375,151.24847412109375,137.82676696777344,55.03083419799805,312.64727783203125,47.07129669189453,29.815982818603516,140.95675659179688,355.02105712890625,420.89923095703125,230.0399932861328,459.40216064453125,50.675167083740234,39.4009895324707,32.26288986206055,81.86650848388672,66.38328552246094,125.94864654541016,79.45294952392578,96.36896514892578
2023-08-25,176.22654724121094,133.25999450683594,26.438209533691406,106.1224136352539,140.35789489746094,327.27142333984375,298.4264221191406,299.22650146484375,153.41705322265625,137.65823364257812,55.28718185424805,315.58843994140625,45.92852783203125,29.997390747070312,141.88084411621094,357.7729797363281,423.866455078125,238.58999633789062,460.3621826171875,50.975563049316406,39.782508850097656,32.415470123291016,82.69983673095703,66.75196075439453,126.87114715576172,80.3409652709961,98.09065246582031
2023-08-28,177.78543090820312,133.13999938964844,26.679405212402344,107.03319549560547,141.3194122314453,329.3769836425781,303.8515319824219,302.05328369140625,151.6083526611328,138.1356658935547,55.44281768798828,316.29193115234375,46.74394607543945,29.85721206665039,142.1026153564453,360.46600341796875,426.55438232421875,238.82000732421875,462.3952331542969,51.26626205444336,40.05048370361328,32.59667205810547,83.37628173828125,67.05614471435547,127.16593933105469,80.66299438476562,98.91524505615234
2023-08-29,181.66299438476562,134.91000366210938,27.05974006652832,107.16070556640625,141.09886169433594,332.1495056152344,309.9849548339844,305.2693176269531,151.6268310546875,139.25900268554688,55.38788986206055,320.8941955566406,48.689151763916016,29.807743072509766,142.185791015625,368.3384704589844,432.7200927734375,257.17999267578125,463.8540344238281,51.69584274291992,40.15947723388672,32.892311096191406,85.0478286743164,67.29580688476562,128.30712890625,82.6781005859375,99.5042495727539
2023-08-30,185.14585876464844,135.07000732421875,26.939146041870117,108.10787200927734,141.2929229736328,332.8927307128906,308.8383483886719,308.384521484375,151.091552734375,138.69735717773438,55.36042404174805,321.2654724121094,49.168209075927734,29.60159683227539,142.3428497314453,370.3926696777344,434.50238037109375,256.8999938964844,462.6304931640625,52.06729507446289,40.35932540893555,32.911380767822266,85.68997192382812,67.4063949584961,128.2120361328125,83.03428649902344,100.47381591796875
2023-08-31,185.36294555664062,138.00999450683594,26.81754493713379,108.40843963623047,142.1044464111328,331.3778381347656,308.02056884765625,308.0766906738281,149.19981384277344,136.9842071533203,54.774497985839844,320.259033203125,49.259037017822266,29.172832489013672,142.62010192871094,371.50323486328125,433.8665466308594,258.0799865722656,448.5594787597656,52.522727966308594,40.38658142089844,32.78740310668945,86.10664367675781,67.06537628173828,126.68094635009766,83.29288482666016,100.75474548339844
2023-09-01,186.93173217773438,138.1199951171875,27.107515335083008,111.24092864990234,144.92713928222656,332.4925842285156,307.7292175292969,310.669677734375,148.09243774414062,137.44296264648438,54.29843521118164,321.1384582519531,48.4146842956543,29.502649307250977,142.77719116210938,371.11016845703125,434.6758117675781,245.00999450683594,448.23944091796875,52.186805725097656,41.21320343017578,33.083045959472656,86.37134552001953,66.49388885498047,127.02328491210938,82.78544616699219,102.8660659790039
2023-09-05,187.1685333251953,137.27000427246094,26.798839569091797,111.86935424804688,146.8324432373047,330.5870056152344,304.2985534667969,305.7262878417969,148.27700805664062,135.92642211914062,53.8498420715332,325.91650390625,48.45360565185547,29.172832489013672,140.86436462402344,371.5818786621094,432.7972412109375,256.489990234375,452.5408020019531,51.76690673828125,41.431217193603516,32.749263763427734,86.68016052246094,65.92240905761719,125.71092224121094,82.843994140625,102.8751220703125
2023-09-06,180.46913146972656,135.36000061035156,26.555639266967773,112.08793640136719,146.98240661621094,328.7005920410156,301.8359375,304.06610107421875,145.81312561035156,135.7017364501953,53.81321716308594,325.2618408203125,46.97336959838867,28.340024948120117,140.587158203125,368.30902099609375,429.88775634765625,251.9199981689453,448.8983154296875,52.15450668334961,41.44939041137695,32.730186462402344,85.76351165771484,65.84866333007812,125.0262222290039,82.10723114013672,103.76314544677734
2023-09-07,175.1905059814453,137.85000610351562,26.312437057495117,110.84928131103516,146.9912109375,329.3580322265625,302.6161193847656,306.3232727050781,147.67718505859375,134.54095458984375,53.40123748779297,322.3597717285156,46.1548957824707,28.26581573486328,141.9270477294922,365.675048828125,428.56787109375,251.49000549316406,456.30560302734375,52.800506591796875,41.40850067138672,32.644351959228516,84.5233154296875,66.00537872314453,125.58729553222656,82.33655548095703,103.25570678710938
2023-09-08,175.80223083496094,138.22999572753906,26.527578353881836,111.7691650390625,147.49403381347656,330.1392822265625,305.96221923828125,306.5937194824219,148.16629028320312,134.6439208984375,53.40123748779297,326.6200256347656,45.48713684082031,28.2410831451416,141.317138671875,366.18609619140625,429.2133483886719,248.5,454.2646789550781,52.897396087646484,41.80820083618164,32.71110916137695,84.69979095458984,66.08831787109375,125.58729553222656,82.33655548095703,104.75992584228516
2023-09-11,176.96652221679688,143.10000610351562,26.63982582092285,109.69263458251953,144.45077514648438,330.9585266113281,305.1444396972656,306.2765808105469,150.1041717529297,135.2336883544922,53.90476989746094,330.2060241699219,45.093875885009766,27.98546600341797,142.99893188476562,370.5007629394531,432.0361633300781,273.5799865722656,452.9513854980469,53.081512451171875,41.25862503051758,32.86369705200195,85.14097595214844,66.6597900390625,126.45268249511719,84.55171966552734,103.44599151611328
2023-09-12,173.9473419189453,141.22999572753906,27.098161697387695,112.0970458984375,147.1411895751953,330.8061828613281,311.0189208984375,304.32720947265625,150.95314025878906,136.99359130859375,53.373779296875,324.17724609375,44.78644561767578,28.158628463745117,140.48550415039062,366.3925476074219,429.6661376953125,267.4800109863281,453.44268798828125,53.139652252197266,42.23059844970703,33.083045959472656,83.59687042236328,66.08831787109375,126.29103088378906,83.78568267822266,106.46348571777344
2023-09-13,171.88523864746094,144.85000610351562,27.01397705078125,111.395751953125,146.6031036376953,330.1772766113281,314.8538513183594,303.9541320800781,151.3314971923828,137.05909729003906,53.501953125,328.36907958984375,45.40030288696289,28.100902557373047,141.46498107910156,367.78814697265625,430.1671142578125,271.29998779296875,453.3859558105469,53.15256881713867,41.912662506103516,33.083045959472656,83.80767059326172,66.29109954833984,126.31006622314453,84.44925689697266,105.51203155517578
2023-09-14,173.39480590820312,144.72000122070312,27.31329917907715,113.39032745361328,147.5116424560547,333.4071960449219,323.8676452636719,307.4517822265625,151.1007843017578,139.7177276611328,53.94487762451172,330.94866943359375,45.496124267578125,28.158628463745117,143.01744079589844,370.79559326171875,433.8761901855469,276.0400085449219,456.93865966796875,53.37543869018555,42.40318298339844,33.38821792602539,84.4155044555664,66.96398162841797,126.7094497680664,85.2787094116211,107.39681243896484
2023-09-15,172.67454528808594,140.38999938964844,26.976564407348633,112.54331970214844,146.8677215576172,330.6588439941406,321.9595947265625,299.7756042480469,148.98756408691406,139.30584716796875,53.46503448486328,322.6627197265625,43.81825256347656,28.09265899658203,141.81614685058594,364.44647216796875,428.6487121582031,274.3900146484375,459.86773681640625,53.17841339111328,41.79003143310547,33.21656036376953,82.79296112060547,66.41092681884766,125.71092224121094,83.81983947753906,105.74762725830078
2023-09-18,175.59506225585938,139.97999572753906,26.901731491088867,113.37211608886719,147.50282287597656,330.66839599609375,322.6927185058594,295.91412353515625,149.92884826660156,139.59603881835938,53.79723358154297,321.5292663574219,43.88412857055664,27.738100051879883,142.35214233398438,364.826416015625,428.9001159667969,265.2799987792969,459.2630310058594,52.78434371948242,42.144168853759766,33.30756378173828,83.19087219238281,66.38774108886719,125.51995086669922,82.90824127197266,106.59940338134766
2023-09-19,176.68040466308594,137.6300048828125,26.798839569091797,112.16991424560547,147.4851837158203,329.6367492675781,321.3486633300781,293.4423828125,149.67967224121094,139.41818237304688,53.68650817871094,321.128662109375,43.438968658447266,28.02669334411621,141.936279296875,364.048828125,428.0106201171875,266.5,454.1607360839844,52.77143096923828,41.75067901611328,33.26925277709961,83.14664459228516,66.22996520996094,125.62496185302734,82.4927749633789,106.31848907470703
2023-09-20,173.1481475830078,135.2899932861328,26.705299377441406,110.35748291015625,147.03533935546875,328.92022705078125,316.4704895019531,289.9447021484375,150.33486938476562,138.82839965820312,53.92642593383789,313.4289855957031,42.16035461425781,27.72161102294922,141.81614685058594,358.8027038574219,424.0757751464844,262.5899963378906,464.9984436035156,52.94261932373047,41.36177444458008,33.039344787597656,81.83997344970703,66.29493713378906,125.63453674316406,81.67162322998047,105.47578430175781
2023-09-21,171.6089630126953,129.3300018310547,26.237606048583984,108.44486999511719,145.7122039794922,325.34747314453125,310.3985900878906,286.1205139160156,149.18138122558594,137.7425079345703,53.09593200683594,312.2174072265625,40.94062042236328,27.086700439453125,140.587158203125,352.2278747558594,417.0664978027344,255.6999969482422,473.51165771484375,52.29985427856445,40.79441833496094,32.493316650390625,80.59221649169922,65.44120025634766,124.53639221191406,79.44273376464844,103.98969268798828
2023-09-22,172.45748901367188,129.1199951171875,25.85409927368164,108.52684783935547,146.6736602783203,324.3922424316406,308.1897888183594,285.15985107421875,148.11090087890625,136.4225616455078,53.15129470825195,309.7550964355469,41.53252029418945,26.954771041870117,140.06967163085938,352.2771301269531,416.12872314453125,244.8800048828125,478.1982116699219,52.43874740600586,40.86304473876953,32.24424743652344,80.76416778564453,65.08855438232422,124.27857971191406,78.66067504882812,104.15278625488281
2023-09-25,173.73028564453125,131.27000427246094,25.816680908203125,110.26639556884766,148.817138671875,324.7743835449219,309.0826721191406,285.8687438964844,147.88943481445312,137.0965576171875,52.59764099121094,310.2729187011719,42.14338302612305,27.193889617919922,139.2195281982422,353.9503479003906,417.8785705566406,246.99000549316406,482.1477355957031,52.67130661010742,41.37550354003906,32.320884704589844,81.0245132446289,64.85657501220703,124.95655059814453,79.14457702636719,105.32173156738281
2023-09-26,169.66526794433594,125.9800033569336,25.414464950561523,109.41939544677734,148.01443481445312,321.0106201171875,304.36431884765625,282.1844787597656,146.74517822265625,135.67364501953125,52.1639404296875,304.9965515136719,41.83296203613281,26.71565055847168,137.98129272460938,348.6352233886719,411.73944091796875,244.1199951171875,477.5840759277344,52.4871940612793,41.137577056884766,31.889816284179688,79.56553649902344,64.37400817871094,123.89664459228516,77.70265197753906,105.4848403930664
2023-09-27,168.1556854248047,125.9800033569336,25.508007049560547,112.66883087158203,150.87242126464844,320.42779541015625,302.606689453125,281.51287841796875,144.9825897216797,136.46934509277344,51.62873458862305,305.6316833496094,42.388916015625,26.468278884887695,136.15162658691406,349.4522399902344,411.9037780761719,240.5,475.9588928222656,52.23525619506836,42.16246795654297,31.84192657470703,79.68836212158203,63.84505844116211,123.27595520019531,77.40449523925781,108.91913604736328
2023-09-28,168.41220092773438,125.9800033569336,25.779266357421875,112.33015441894531,150.47543334960938,321.5647277832031,305.6614074707031,283.070556640625,144.77037048339844,138.1637420654297,51.499549865722656,306.4621887207031,43.00876998901367,26.46003532409668,135.2275390625,352.3755187988281,414.2917785644531,246.3800048828125,481.9776611328125,52.5001106262207,42.20821762084961,32.07182312011719,80.2532730102539,64.03993225097656,123.86798858642578,78.26964569091797,108.25765228271484
2023-09-29,168.92529296875,127.12000274658203,25.61089515686035,109.65737915039062,148.7377471923828,319.9693603515625,304.1293029785156,281.8300476074219,143.72755432128906,135.75790405273438,51.65642166137695,308.52386474609375,43.41799545288086,27.35055923461914,134.7840118408203,352.63140869140625,413.28631591796875,250.22000122070312,476.39349365234375,51.6570930480957,41.35719299316406,31.774866104125977,80.52835845947266,63.85435104370117,122.93220520019531,78.68511199951172,106.54503631591797
2023-10-02,171.43133544921875,129.4600067138672,24.974834442138672,107.18595886230469,146.9030303955078,319.1477966308594,299.3639831542969,279.6568603515625,143.1738739013672,134.58775329589844,51.19503402709961,314.4354248046875,44.698612213134766,27.98546600341797,134.16488647460938,355.5743713378906,413.1219787597656,251.60000610351562,486.2012634277344,51.71200180053711,40.53361892700195,31.50663948059082,81.3929443359375,63.41819381713867,122.76032257080078,78.7486572265625,104.77803802490234
2023-10-03,170.09939575195312,124.72000122070312,24.23587989807129,107.64364624023438,147.2470245361328,315.2216491699219,287.7277526855469,272.29766845703125,143.34921264648438,133.59542846679688,50.64137268066406,306.2178649902344,43.435970306396484,27.952484130859375,134.442138671875,349.3341064453125,407.5918273925781,246.52999877929688,481.3824462890625,51.385772705078125,40.50615692138672,31.00851058959961,80.01256561279297,62.96348190307617,121.67176055908203,76.83261108398438,104.95927429199219
2023-10-04,171.34262084960938,127.0,24.26393699645996,103.73514556884766,143.8157196044922,316.18646240234375,290.0588073730469,272.7173767089844,143.5153350830078,134.194580078125,50.78902053833008,311.660400390625,43.958988189697266,27.466001510620117,134.88568115234375,354.0881042480469,410.5599365234375,261.1600036621094,482.4689636230469,52.00270080566406,39.23420333862305,31.238414764404297,81.00978088378906,63.464599609375,122.18738555908203,78.34785461425781,101.03563690185547
2023-10-05,172.5758819580078,125.95999908447266,24.376184463500977,103.81751251220703,144.5742950439453,316.3583068847656,291.8446044921875,272.0738220214844,145.01025390625,134.7603759765625,48.33445739746094,312.0512390136719,44.60478973388672,27.597929000854492,132.8804473876953,353.0447998046875,410.4052734375,260.04998779296875,487.76971435546875,51.382545471191406,38.991703033447266,31.382108688354492,81.11785125732422,62.21181869506836,122.8558120727539,77.95682525634766,98.76121520996094
2023-10-06,175.12147521972656,127.95999908447266,24.385540008544922,105.56582641601562,143.10121154785156,319.15740966796875,293.7056579589844,273.1184997558594,145.47166442871094,136.83506774902344,49.03575897216797,319.7704772949219,45.676788330078125,27.317575454711914,133.14842224121094,358.960205078125,415.27789306640625,260.5299987792969,495.8766784667969,50.5201301574707,39.22505187988281,31.650327682495117,82.63577270507812,61.86846923828125,124.14491271972656,78.5042724609375,97.11201477050781
2023-10-09,176.60145568847656,128.25999450683594,24.610029220581055,111.50635528564453,147.06179809570312,321.0583190917969,293.82781982421875,275.48760986328125,146.3022003173828,136.52386474609375,48.79584503173828,322.27191162109375,45.18869400024414,27.375293731689453,132.473876953125,360.7909240722656,417.93658447265625,259.6700134277344,497.48309326171875,50.336029052734375,40.53361892700195,31.669490814208984,83.06314086914062,61.92414093017578,124.57461547851562,78.58736419677734,100.51007080078125
2023-10-10,176.00946044921875,129.47999572753906,25.26480484008789,110.19743347167969,146.9030303955078,322.3575134277344,295.8580322265625,279.087890625,146.13609313964844,137.35374450683594,49.85702133178711,320.8746643066406,45.71272277832031,27.35055923461914,133.78602600097656,362.7889709472656,420.1119384765625,263.6199951171875,495.338134765625,50.904502868652344,40.583946228027344,31.899391174316406,83.19087219238281,62.55516815185547,125.1666488647461,79.44762420654297,100.08419799804688
2023-10-11,177.400634765625,131.8300018310547,25.274160385131836,109.87706756591797,142.1044464111328,322.9115295410156,294.2132263183594,277.99664306640625,144.12437438964844,137.8252410888672,49.561744689941406,324.81231689453125,46.71883773803711,27.301084518432617,132.14120483398438,365.3775634765625,421.8327941894531,262.989990234375,495.2342224121094,51.10799026489258,40.06234359741211,31.947290420532227,83.96210479736328,62.12828826904297,124.61280822753906,79.73111724853516,96.49584197998047
2023-10-12,178.29852294921875,132.3300018310547,25.161909103393555,110.8564682006836,142.21913146972656,321.23028564453125,291.2336730957031,273.30499267578125,144.26278686523438,137.50462341308594,48.73125457763672,323.5812072753906,46.85758590698242,27.14441680908203,132.43690490722656,364.1078796386719,419.2611389160156,258.8699951171875,496.5664367675781,51.34054946899414,40.10810852050781,31.746126174926758,84.04070281982422,61.45086669921875,123.5433349609375,78.86107635498047,96.47772216796875
2023-10-13,176.4633331298828,129.7899932861328,25.030960083007812,114.28897857666016,144.71542358398438,321.6218566894531,290.71673583984375,272.279052734375,144.74266052246094,139.56988525390625,48.80506896972656,320.2297668457031,45.376346588134766,26.476526260375977,133.70286560058594,359.5310974121094,417.1728515625,251.1199951171875,509.6623840332031,51.624786376953125,40.99116134643555,31.81317901611328,82.83718872070312,61.98910140991211,124.31678771972656,77.70265197753906,99.55862426757812
2023-10-16,176.33502197265625,132.5500030517578,25.246095657348633,114.70088958740234,145.8974151611328,324.68841552734375,295.5008850097656,277.3250732421875,145.3701629638672,139.42843627929688,49.303367614746094,325.0273132324219,46.00916290283203,27.433013916015625,134.97805786132812,363.5960693359375,421.56207275390625,253.9199981689453,508.3679504394531,52.070526123046875,41.265682220458984,32.148460388183594,83.63298034667969,62.62939453125,125.2525863647461,78.95883178710938,99.63111114501953
2023-10-17,174.78598022460938,131.47000122070312,25.835390090942383,114.83818054199219,147.82920837402344,324.7838134765625,290.7730712890625,276.028564453125,144.0413360595703,139.1266632080078,49.89393997192383,324.4606018066406,43.85618591308594,27.00424575805664,135.15362548828125,362.4051513671875,421.54278564453125,254.85000610351562,507.06402587890625,52.13835525512695,41.69577407836914,32.301727294921875,83.24491882324219,62.898529052734375,125.0807113647461,79.14457702636719,100.93596649169922
2023-10-18,173.49349975585938,128.1300048828125,25.545419692993164,115.87249755859375,149.0023956298828,321.5742492675781,283.81768798828125,270.7120361328125,140.940673828125,137.59893798828125,49.8754768371582,322.5552062988281,42.117427825927734,25.899337768554688,138.63739013671875,357.65118408203125,415.9256286621094,242.67999267578125,506.5064392089844,52.1771125793457,42.075538635253906,31.746126174926758,82.3901596069336,63.130516052246094,123.99212646484375,77.28717803955078,102.34955596923828
2023-10-19,173.11854553222656,128.39999389648438,25.218032836914062,115.68028259277344,149.16114807128906,319.17645263671875,281.2141418457031,267.47552490234375,140.56234741210938,137.01426696777344,50.15230178833008,323.737548828125,42.022613525390625,25.71792984008789,137.85719299316406,354.30462646484375,412.2711486816406,220.11000061035156,502.32073974609375,51.92840576171875,42.0023307800293,31.324628829956055,81.91857147216797,62.6665153503418,122.7698745727539,75.31248474121094,102.4129867553711
2023-10-20,170.57298278808594,125.16999816894531,24.610029220581055,113.55671691894531,147.1588592529297,316.5546569824219,282.0224304199219,267.1397705078125,141.18984985351562,134.8075408935547,50.35531997680664,319.1939697265625,41.3099365234375,25.272672653198242,137.67120361328125,349.01910400390625,407.20513916015625,211.99000549316406,497.9743957519531,51.27918243408203,41.2977180480957,30.845657348632812,80.53327941894531,62.425254821777344,122.28289031982422,74.1442642211914,100.65506744384766
2023-10-23,170.69137573242188,126.55999755859375,23.9178466796875,111.06698608398438,141.73397827148438,314.7672119140625,281.2423400878906,265.8899230957031,139.70411682128906,132.96859741210938,49.90317153930664,321.7832946777344,42.89497756958008,25.42934226989746,137.76419067382812,350.07232666015625,406.4993896484375,212.0800018310547,492.8153381347656,52.005924224853516,40.62970733642578,30.654069900512695,80.62661743164062,62.30461502075195,121.51895904541016,74.23226165771484,99.17804718017578
2023-10-24,171.12548828125,128.55999755859375,23.82430648803711,109.794677734375,138.17913818359375,316.793701171875,281.2047119140625,264.2483215332031,139.55645751953125,133.12893676757812,51.34267807006836,322.9656066894531,43.581687927246094,25.091270446777344,139.39154052734375,353.47784423828125,409.5641174316406,216.52000427246094,496.0562438964844,52.72944259643555,40.057777404785156,30.864824295043945,81.18170166015625,62.83356857299805,121.89136505126953,75.02410125732422,98.2175064086914
2023-10-25,168.8167266845703,121.38999938964844,23.899139404296875,110.21573638916016,137.49111938476562,315.7518005371094,278.9301452636719,262.02850341796875,139.8702392578125,132.4027862548828,51.78560256958008,332.87353515625,41.701202392578125,25.338638305664062,140.0424346923828,344.826171875,403.68603515625,212.4199981689453,500.9790344238281,52.571170806884766,39.98456954956055,30.74986457824707,80.22380828857422,63.047000885009766,120.80281066894531,73.50885772705078,98.39875793457031
2023-10-26,164.66290283203125,119.56999969482422,24.432310104370117,108.29352569580078,136.503173828125,313.3335876464844,279.1462707519531,259.295654296875,137.4985809326172,132.74227905273438,51.47186279296875,320.38604736328125,40.25090789794922,25.693199157714844,139.2985382080078,338.2513427734375,398.85205078125,205.75999450683594,499.23101806640625,52.25141143798828,39.67343521118164,30.68280792236328,78.69114685058594,62.638694763183594,119.60919189453125,72.36019134521484,97.50164031982422
2023-10-27,165.9751739501953,127.73999786376953,23.54368782043457,107.82669830322266,127.32946014404297,309.86407470703125,272.4917297363281,257.85919189453125,134.3610382080078,127.9610595703125,50.97357177734375,322.2620544433594,40.424583435058594,24.827411651611328,136.84359741210938,339.8753662109375,397.0440979003906,207.3000030517578,495.7350158691406,52.05759811401367,38.72175216674805,30.12721061706543,79.14800262451172,61.78494644165039,117.58483123779297,73.1178207397461,95.64405059814453
2023-10-30,168.0175018310547,132.7100067138672,24.030092239379883,108.13792419433594,128.86431884765625,314.6812744140625,282.755615234375,262.54144287109375,135.68063354492188,129.592529296875,51.81329345703125,329.5904541015625,41.08435821533203,25.190221786499023,138.79637145996094,343.70416259765625,401.79107666015625,197.36000061035156,500.7711181640625,52.6551513671875,38.84987258911133,30.66364860534668,79.99784088134766,62.75004959106445,118.24370574951172,73.7874526977539,95.94307708740234
2023-10-31,168.49111938476562,133.08999633789062,24.63809585571289,108.7420425415039,128.5467529296875,315.87603759765625,285.3685607910156,265.5355529785156,136.88954162597656,131.13909912109375,52.12703323364258,330.3721618652344,40.70405960083008,25.198461532592773,139.51239013671875,345.3478698730469,404.3144836425781,200.83999633789062,506.0340576171875,52.78112030029297,38.97798156738281,30.998929977416992,80.56765747070312,62.97275924682617,118.92166900634766,74.34467315673828,95.91590118408203
2023-11-01,171.6484375,137.0,24.694217681884766,106.79237365722656,127.00308990478516,317.9788513183594,288.70526123046875,267.344970703125,137.21253967285156,131.02593994140625,52.08088684082031,338.14996337890625,42.246185302734375,25.157236099243164,139.12185668945312,351.3420104980469,408.6263427734375,205.66000366210938,502.2923278808594,53.25270462036133,38.88646697998047,31.200101852416992,82.1248779296875,62.907806396484375,119.1699447631836,75.26361083984375,95.7256088256836
2023-11-02,175.20040893554688,138.07000732421875,25.835390090942383,111.68942260742188,131.21945190429688,323.43646240234375,294.9087829589844,274.7134704589844,138.64288330078125,133.36471557617188,52.68068313598633,340.3485107421875,43.42498779296875,25.14899444580078,140.8235626220703,357.7200622558594,416.4574279785156,218.50999450683594,506.5726623535156,53.462646484375,40.06234359741211,31.93770980834961,83.51509094238281,63.72441864013672,121.06062316894531,77.2285385131836,98.86994934082031
2023-11-03,174.29266357421875,138.60000610351562,26.583702087402344,109.61160278320312,130.20506286621094,325.5583801269531,307.9360046386719,275.72076416015625,139.657958984375,134.85467529296875,52.357723236083984,344.7259216308594,44.92119598388672,25.775651931762695,139.5496063232422,361.9228210449219,420.25689697265625,219.9600067138672,501.63104248046875,53.18486785888672,39.65971374511719,32.35920333862305,84.374755859375,63.79865264892578,121.6622085571289,78.31365203857422,97.66478729248047
2023-11-06,176.83822631835938,139.74000549316406,26.499513626098633,108.43997955322266,129.66702270507812,325.96942138671875,304.44891357421875,274.750732421875,139.99017333984375,135.87318420410156,52.56996154785156,348.37060546875,45.665802001953125,25.709688186645508,140.35861206054688,363.3992004394531,421.22369384765625,219.27000427246094,504.0498352050781,53.255924224853516,39.211326599121094,32.26340866088867,84.92984771728516,63.90073776245117,122.4738540649414,78.4113998413086,95.93402099609375
2023-11-07,179.3936767578125,142.7100067138672,26.340499877929688,105.49259185791016,127.38241577148438,326.4472961425781,304.4864807128906,274.937255859375,139.251953125,135.80715942382812,52.76374053955078,352.2790832519531,45.86943054199219,25.76740837097168,140.03314208984375,366.83428955078125,422.4225158691406,222.17999267578125,508.178955078125,53.504642486572266,38.34199523925781,32.21551513671875,85.85826873779297,64.05850219726562,122.559814453125,79.28633880615234,94.42981719970703
2023-11-08,180.4494171142578,142.0800018310547,26.08794403076172,104.76032257080078,125.60939025878906,326.04583740234375,305.059814453125,276.00994873046875,138.744384765625,136.4767303466797,52.68068313598633,354.8879699707031,46.48727035522461,25.41284942626953,139.49378967285156,367.07049560546875,422.73193359375,222.11000061035156,507.13958740234375,53.06858825683594,37.861576080322266,32.25383377075195,86.34459686279297,63.80794906616211,122.38790130615234,79.07614135742188,93.26994323730469
2023-11-09,179.97581481933594,140.60000610351562,25.75120735168457,104.48572540283203,125.20364379882812,324.12469482421875,301.5069274902344,268.50152587890625,136.04055786132812,136.07119750976562,52.283897399902344,352.4354248046875,46.86257553100586,24.802806854248047,139.8099822998047,364.24566650390625,419.4351806640625,209.97999572753906,509.2843933105469,52.94585037231445,37.74718475341797,32.119720458984375,85.94178009033203,63.54811477661133,119.85745239257812,77.5999984741211,93.29712677001953
2023-11-10,184.1548309326172,143.55999755859375,25.89151382446289,105.82211303710938,126.09455108642578,327.85235595703125,305.9527587890625,271.9712219238281,135.8837127685547,138.08929443359375,52.339263916015625,361.20989990234375,48.244998931884766,24.635671615600586,140.795654296875,372.4347839355469,425.9803161621094,214.64999389648438,511.37255859375,53.67905807495117,38.16355514526367,32.483741760253906,88.18672943115234,63.99353790283203,120.57362365722656,78.8904037475586,94.01296997070312
2023-11-13,182.57412719726562,142.58999633789062,25.910221099853516,106.1257095336914,127.0207290649414,328.3876037597656,307.2687072753906,268.68804931640625,136.23434448242188,137.47633361816406,52.53304672241211,358.2882995605469,48.52946090698242,24.217832565307617,141.77207946777344,371.2732849121094,425.57427978515625,223.7100067138672,512.6575927734375,54.16032028198242,38.438079833984375,32.43583679199219,87.67093658447266,64.19768524169922,121.27068328857422,79.22767639160156,95.00069427490234
2023-11-14,185.18234252929688,145.8000030517578,27.33201026916504,106.29129791259766,127.94693756103516,333.0233154296875,318.36907958984375,283.20111083984375,136.2620086669922,139.98483276367188,52.68992233276367,361.7961120605469,49.56352996826172,24.45182228088379,141.45587158203125,379.2655334472656,433.83074951171875,237.41000366210938,510.6639404296875,54.15062713623047,38.7812385559082,33.048919677734375,89.42466735839844,64.85657501220703,122.0918960571289,81.89645385742188,95.36646270751953
2023-11-15,185.74546813964844,143.1999969482422,27.706165313720703,105.8221206665039,128.3967742919922,334.7914733886719,317.31640625,287.4543151855469,137.31402587890625,141.2107696533203,52.79141616821289,361.94305419921875,48.79696273803711,25.2289981842041,140.80496215820312,379.55096435546875,434.74920654296875,242.83999633789062,508.7269592285156,54.83861541748047,38.70803451538086,33.230926513671875,89.53764343261719,65.37623596191406,122.18738555908203,81.99421691894531,94.79037475585938
2023-11-16,187.42498779296875,142.8300018310547,27.63133430480957,103.02545928955078,126.36457061767578,334.5525207519531,316.4422607421875,285.8221130371094,138.513671875,142.82339477539062,52.736053466796875,368.30712890625,49.38786697387695,24.87801742553711,142.11611938476562,379.875732421875,435.28094482421875,233.58999633789062,510.05926513671875,50.40062713623047,37.95308303833008,33.36504364013672,89.98466491699219,64.56890106201172,122.71256256103516,81.15350341796875,93.69304656982422
2023-11-17,187.40524291992188,145.17999267578125,28.042903900146484,105.4173355102539,128.76226806640625,334.6646728515625,318.81085205078125,286.59625244140625,138.2276153564453,144.11534118652344,52.83755874633789,362.11932373046875,49.20621109008789,25.003366470336914,140.47950744628906,379.96435546875,435.8223571777344,234.3000030517578,506.7237548828125,50.17775344848633,38.74920654296875,33.53746795654297,89.7979965209961,64.4853744506836,122.46430206298828,81.69605255126953,95.97914123535156
2023-11-20,189.14401245117188,146.1300048828125,28.070966720581055,106.15331268310547,128.69093322753906,336.66619873046875,319.0552673339844,287.4543151855469,139.44618225097656,144.5585479736328,52.96675109863281,369.5506286621094,50.31513977050781,25.053508758544922,139.735595703125,384.5904235839844,439.1771545410156,235.60000610351562,505.5993957519531,50.16160202026367,38.80411148071289,33.67158889770508,91.09976959228516,64.43897247314453,123.2091064453125,82.11642456054688,95.55848693847656
2023-11-21,188.34378051757812,143.89999389648438,27.743579864501953,105.9509048461914,128.38787841796875,335.9958801269531,314.8443908691406,284.796142578125,140.5717010498047,144.25680541992188,53.54808807373047,365.27197265625,49.85100173950195,25.320924758911133,139.12185668945312,382.35614013671875,438.2200012207031,241.1999969482422,509.8418884277344,50.342491149902344,38.71717834472656,33.65242385864258,90.3629150390625,64.63384246826172,123.95393371582031,81.90623474121094,95.52192687988281
2023-11-22,189.00572204589844,146.7100067138672,27.715518951416016,105.65652465820312,128.64637756347656,337.6622314453125,318.2939453125,288.3964538574219,140.29266357421875,144.59629821777344,53.907962799072266,369.9520263671875,48.62528610229492,25.33763885498047,140.43296813964844,383.921142578125,439.9118957519531,234.2100067138672,513.781982421875,49.9581184387207,38.698883056640625,33.78653335571289,90.7657241821289,65.09783172607422,124.54595184326172,82.15550231933594,95.11042022705078
2023-11-24,187.68186950683594,146.74000549316406,27.80905532836914,106.24529266357422,129.15440368652344,338.8500061035156,318.77325439453125,289.7955017089844,141.85540771484375,144.79434204101562,54.046382904052734,369.5407409667969,47.687042236328125,25.488056182861328,140.76776123046875,383.3797302246094,440.18255615234375,235.4499969482422,516.9378662109375,50.407081604003906,38.85901641845703,33.89192199707031,90.58889770507812,65.339111328125,125.2143783569336,82.23372650146484,95.62249755859375
2023-11-27,187.5040283203125,147.72999572753906,27.650041580200195,105.61051940917969,128.673095703125,338.3902587890625,317.4197692871094,290.0007019042969,140.72055053710938,144.46426391601562,53.94487762451172,370.6961364746094,48.15217208862305,25.18721580505371,140.63758850097656,383.045166015625,439.38983154296875,236.0800018310547,513.6212768554688,50.63641357421875,38.72175216674805,33.77695083618164,90.58397674560547,65.15352630615234,124.4313735961914,82.36569213867188,95.06468963623047
2023-11-28,188.10665893554688,147.02999877929688,27.621980667114258,105.776123046875,129.69813537597656,339.1467590332031,317.3634033203125,292.25787353515625,141.04612731933594,144.79434204101562,54.055606842041016,374.70062255859375,47.731956481933594,24.8111629486084,141.6139678955078,384.04901123046875,439.82489013671875,246.72000122070312,510.7301025390625,51.240421295166016,38.73090362548828,33.76737594604492,90.75589752197266,65.45045471191406,123.79161071777344,82.83981323242188,95.00983428955078
2023-11-29,187.0890655517578,146.32000732421875,28.351579666137695,104.84696197509766,128.27200317382812,339.66400146484375,322.4427795410156,292.0418395996094,141.49261474609375,145.5299072265625,53.73263931274414,370.93109130859375,48.050357818603516,25.137075424194336,140.5352783203125,383.67498779296875,439.51556396484375,244.13999938964844,505.486083984375,50.41354751586914,38.44265365600586,34.006866455078125,90.8246841430664,64.9215087890625,123.82977294921875,82.6149673461914,93.58331298828125
2023-11-30,187.662109375,146.08999633789062,28.747577667236328,106.31889343261719,127.9957046508789,344.78802490234375,323.6557312011719,294.3611755371094,143.8646240234375,147.18963623046875,54.355812072753906,370.9898986816406,46.68291091918945,25.462989807128906,142.7577667236328,382.71038818359375,441.2460632324219,240.0800018310547,522.4842529296875,50.28757858276367,38.698883056640625,34.39003372192383,90.95731353759766,65.57110595703125,125.38628387451172,82.49766540527344,93.94908142089844
2023-12-01,188.9365692138672,147.02999877929688,29.19072151184082,106.00611114501953,129.07418823242188,347.7090759277344,330.1849060058594,300.1171569824219,147.32498168945312,147.90635681152344,54.541839599609375,366.681884765625,46.677921295166016,24.159334182739258,141.95802307128906,383.802978515625,443.8564758300781,238.8300018310547,518.7581787109375,49.85152816772461,38.90019226074219,34.648677825927734,91.16362762451172,65.84022521972656,125.88277435302734,83.62677001953125,94.17770385742188
2023-12-04,187.1483612060547,144.83999633789062,29.0587215423584,105.36214447021484,129.12765502929688,347.3164367675781,331.09466552734375,304.2486267089844,147.79006958007812,148.99085998535156,54.47673034667969,361.4241027832031,45.42525100708008,24.468536376953125,141.40008544921875,380.23992919921875,441.5264587402344,235.5800018310547,519.8201293945312,49.8386116027832,38.72175216674805,34.61036682128906,90.0534439086914,65.9237289428711,126.12154388427734,83.30906677246094,93.66561126708984
2023-12-05,191.09031677246094,146.8800048828125,28.832435607910156,104.08340454101562,127.33609771728516,346.6173095703125,323.8547058105469,303.7603759765625,147.4831085205078,148.97203063964844,54.56044006347656,364.7333679199219,46.48338317871094,24.30975914001465,136.47164916992188,381.1947021484375,441.4394226074219,238.72000122070312,521.6973266601562,50.30049514770508,38.04458999633789,34.437931060791016,90.59380340576172,65.4040756225586,125.95922088623047,83.4556884765625,91.84589385986328
2023-12-06,190.00355529785156,144.52000427246094,28.785295486450195,101.6731185913086,127.04194641113281,345.9564514160156,324.06317138671875,306.2110595703125,145.68780517578125,147.40652465820312,54.504638671875,361.0911865234375,45.42225646972656,24.05905532836914,136.3693389892578,378.98992919921875,439.6605529785156,239.3699951171875,521.0051879882812,49.75463104248047,37.47724533081055,34.2655029296875,89.82746124267578,65.23703002929688,126.0546646118164,83.57789611816406,90.62969207763672
2023-12-07,191.93006896972656,146.8800048828125,28.907865524291992,101.97671508789062,126.94387817382812,346.5406494140625,326.5743713378906,306.2674560546875,144.55294799804688,147.85919189453125,54.63485336303711,363.1963195800781,46.51332092285156,23.925350189208984,136.2298583984375,384.2852478027344,443.01531982421875,242.63999938964844,519.8107299804688,49.42719268798828,37.22101974487305,34.428348541259766,90.91800689697266,65.51543426513672,125.90189361572266,84.2670669555664,89.99873352050781
2023-12-08,193.35272216796875,147.4199981689453,29.19072151184082,103.09904479980469,128.62852478027344,347.77606201171875,332.459228515625,306.5491638183594,143.6414031982422,149.4906768798828,54.513938903808594,366.4077453613281,47.42171096801758,24.050701141357422,134.97451782226562,385.9978942871094,444.919921875,243.83999633789062,521.2327880859375,48.908477783203125,37.623653411865234,34.61036682128906,91.69416809082031,65.06072235107422,126.11196899414062,84.65322875976562,91.03204345703125
2023-12-11,190.8531951904297,145.88999938964844,29.087007522583008,103.18185424804688,128.6641845703125,349.2796630859375,333.340576171875,311.1125793457031,144.23670959472656,150.03762817382812,54.91387939453125,363.5389404296875,46.54426574707031,23.93370246887207,135.5975341796875,389.2951354980469,446.65045166015625,239.74000549316406,515.4588623046875,49.03166580200195,37.66941452026367,34.82110595703125,92.494873046875,65.68245697021484,126.94274139404297,84.8780517578125,91.09605407714844
2023-12-12,192.36477661132812,147.47999572753906,28.983293533325195,102.16990661621094,127.0152359008789,350.9271545410156,334.1460266113281,312.8684997558594,144.24603271484375,151.3767547607422,55.26732635498047,366.5545959472656,47.572444915771484,23.883563995361328,135.70913696289062,392.39556884765625,448.6904602050781,237.00999450683594,517.392822265625,49.07057189941406,37.15238571166992,35.07017517089844,93.10893249511719,65.8958969116211,127.48700714111328,85.14201354980469,89.66039276123047
2023-12-13,195.57562255859375,148.83999633789062,30.209001541137695,102.89665985107422,128.8959503173828,356.03192138671875,343.7361145019531,322.4460754394531,144.91574096679688,151.88595581054688,55.7416877746582,366.54473876953125,48.00267791748047,22.27907371520996,138.16404724121094,397.3857421875,454.87786865234375,239.2899932861328,520.5122680664062,49.942657470703125,37.66941452026367,35.635353088378906,93.9292984008789,67.0929946899414,129.8360595703125,86.25645446777344,90.4559555053711
2023-12-14,195.72381591796875,147.4199981689453,32.000423431396484,105.7485122680664,133.63784790039062,357.5546875,363.39007568359375,330.3428955078125,145.92034912109375,154.64907836914062,54.91387939453125,358.28118896484375,48.26420593261719,21.836162567138672,134.5188751220703,397.0412292480469,456.3377685546875,251.0500030517578,506.5089416503906,49.333168029785156,38.77666091918945,35.98979568481445,93.69841003417969,66.10933685302734,129.20582580566406,87.41487884521484,92.88835144042969
2023-12-15,195.1903076171875,149.97000122070312,31.679847717285156,105.37133026123047,133.12088012695312,357.6823425292969,360.58514404296875,332.3992919921875,144.32972717285156,155.8184814453125,54.504638671875,362.98089599609375,48.803253173828125,22.253997802734375,133.86795043945312,398.9606018066406,455.58642578125,253.5,503.5508728027344,49.51796340942383,38.570770263671875,35.779048919677734,94.17000579833984,66.10933685302734,128.1077117919922,87.59573364257812,92.26652526855469
2023-12-18,193.53054809570312,154.07000732421875,31.51957130432129,105.70252227783203,133.41500854492188,358.0183410644531,356.6903076171875,329.4039306640625,144.59019470214844,156.7615203857422,54.89528274536133,364.8607482910156,49.98815155029297,22.61333656311035,135.92300415039062,401.4735107421875,458.1491394042969,252.0800018310547,499.21807861328125,50.24092483520508,38.885807037353516,35.89841842651367,94.45160675048828,66.7975082397461,128.31678771972656,88.13925170898438,92.95236206054688
2023-12-19,194.56790161132812,153.7899932861328,31.594995498657227,107.16523742675781,135.16204833984375,360.437255859375,362.4234619140625,330.5870361328125,145.5389862060547,158.85504150390625,54.71855926513672,365.4580078125,49.51598358154297,23.532583236694336,135.92300415039062,403.5248107910156,460.9350891113281,257.2200012207031,496.8383483886719,50.422481536865234,39.35236358642578,36.167972564697266,94.81099700927734,66.92840576171875,129.1800079345703,88.82968139648438,94.17770385742188
2023-12-20,192.48330688476562,152.1199951171875,31.09528160095215,107.3492431640625,133.92308044433594,355.92572021484375,357.75164794921875,327.3851013183594,142.5716552734375,157.06329345703125,53.58382034301758,362.8731384277344,48.02562713623047,23.08967399597168,133.82144165039062,397.5285949707031,454.5478210449219,247.13999938964844,489.1492919921875,49.83243179321289,38.987430572509766,35.522979736328125,93.37834930419922,65.62873840332031,127.3096694946289,87.20889282226562,92.60486602783203
2023-12-21,192.33511352539062,153.83999633789062,31.302709579467773,107.47803497314453,134.3331298828125,358.8822326660156,360.6419372558594,327.6761474609375,144.0320587158203,157.95916748046875,53.9372673034668,365.7321472167969,48.903072357177734,23.65793228149414,134.1468963623047,402.154052734375,458.8577575683594,254.5,492.8942565917969,50.18581008911133,39.139869689941406,35.869544982910156,94.42698669433594,66.08689880371094,128.863525390625,88.53587341308594,93.02550506591797
2023-12-22,191.2681427001953,153.4199981689453,31.51957130432129,108.24160766601562,134.63613891601562,358.8054504394531,360.7177429199219,327.31939697265625,144.6088104248047,157.86485290527344,54.24420166015625,366.7503967285156,48.74336242675781,23.733144760131836,135.0953826904297,402.75567626953125,459.77996826171875,252.5399932861328,493.3019714355469,50.785579681396484,39.25535583496094,35.946556091308594,94.5500717163086,66.591796875,129.50613403320312,87.88462829589844,93.19010925292969
2023-12-26,190.7247772216797,153.41000366210938,31.92500114440918,109.49272918701172,135.84835815429688,360.2932434082031,361.62750244140625,327.9954528808594,145.2413330078125,158.7984619140625,54.467437744140625,366.8287048339844,49.19156265258789,23.74150276184082,135.70913696289062,405.2211608886719,461.7213439941406,256.6099853515625,493.03656005859375,50.70777130126953,39.59256362915039,36.09096145629883,94.94393157958984,66.87230682373047,129.79391479492188,88.25678253173828,93.40042877197266
2023-12-27,190.82354736328125,153.33999633789062,31.906137466430664,109.00514221191406,135.40272521972656,361.4547119140625,364.34722900390625,327.2630920410156,145.43667602539062,159.75091552734375,54.6069450378418,366.2510986328125,49.32931900024414,23.908634185791016,135.82070922851562,406.04608154296875,462.55621337890625,261.44000244140625,495.6531677246094,51.1843376159668,39.41703414916992,36.206485748291016,94.93901062011719,67.18087768554688,130.34060668945312,88.56036376953125,92.96150970458984
2023-12-28,191.2483673095703,153.3800048828125,31.943851470947266,107.17444610595703,133.4952392578125,361.90594482421875,366.1761474609375,326.1644592285156,145.65060424804688,160.59967041015625,54.64414978027344,367.4357604980469,49.43412780761719,24.05905532836914,135.51385498046875,405.8487243652344,462.73089599609375,253.17999267578125,497.65374755859375,51.08384323120117,38.81650924682617,36.312381744384766,95.05225372314453,67.20890045166016,130.67633056640625,88.10008239746094,91.61729431152344
2023-12-29,190.21099853515625,151.94000244140625,31.745851516723633,106.77886199951172,132.95152282714844,361.7522277832031,365.5696716308594,325.4038391113281,145.79946899414062,160.4110870361328,54.81156921386719,368.17987060546875,49.43412780761719,24.05905532836914,136.26705932617188,404.09234619140625,461.3912658691406,248.47999572753906,499.1421813964844,51.109771728515625,38.72874450683594,36.19685363769531,94.76175689697266,67.34917449951172,130.8106231689453,87.55655670166016,91.4252700805664
2024-01-02,183.40402221679688,149.92999267578125,31.962711334228516,108.17718505859375,133.2367706298828,361.9634704589844,367.9671630859375,324.0235900878906,148.80397033691406,162.27828979492188,55.639373779296875,363.1179504394531,48.08253479003906,24.844589233398438,138.3128662109375,397.254150390625,458.8092041015625,248.4199981689453,511.3442077636719,51.64146423339844,39.14448928833008,36.350887298583984,92.28047943115234,68.10651397705078,133.11260986328125,86.74371337890625,93.60160827636719
2024-01-03,182.03077697753906,148.47000122070312,31.613842010498047,110.32989501953125,135.7770538330078,359.1989440917969,361.7980651855469,317.6197509765625,149.7341766357422,161.57102966308594,55.769588470458984,362.85357666015625,47.484596252441406,24.844589233398438,137.4759063720703,393.0506286621094,455.0622863769531,238.4499969482422,513.89453125,51.64469528198242,39.78196334838867,36.042823791503906,91.34014892578125,67.57356262207031,132.89199829101562,84.9907455444336,94.38801574707031
2024-01-04,179.71893310546875,144.57000732421875,31.868423461914062,107.15605163574219,134.2885284423828,359.51580810546875,362.8973083496094,317.9295654296875,149.41790771484375,162.64321899414062,55.58356475830078,360.2491760253906,47.912841796875,24.30975914001465,138.2291259765625,391.0278625488281,453.5964050292969,237.92999267578125,517.1085205078125,51.14543533325195,39.084442138671875,36.18722152709961,90.67058563232422,67.48007202148438,133.5537872314453,84.39334106445312,93.56501770019531
2024-01-05,178.99774169921875,145.24000549316406,32.46241760253906,107.2020492553711,134.0567626953125,359.61181640625,366.2045593261719,322.0141296386719,149.88302612304688,163.45925903320312,55.49985885620117,360.0631103515625,49.009883880615234,24.627315521240234,137.08535766601562,391.4915771484375,454.2177734375,237.49000549316406,509.4859313964844,50.805030822753906,39.11677169799805,36.34125900268555,90.64596557617188,67.3304672241211,133.438720703125,84.52554321289062,93.8485107421875
2024-01-08,183.32501220703125,149.10000610351562,32.20785140991211,105.33454895019531,133.2545623779297,361.72357177734375,368.4978332519531,326.69964599609375,150.25509643554688,163.2220001220703,55.90910339355469,366.85809326171875,52.16028594970703,24.71923828125,138.26634216308594,399.5829162597656,460.70208740234375,240.4499969482422,508.6705017089844,51.30429458618164,38.6640739440918,36.57229995727539,92.92050170898438,67.8260269165039,134.61849975585938,85.96514129638672,92.2848129272461
2024-01-09,182.9100341796875,151.3699951171875,31.7081356048584,103.73382568359375,129.8674774169922,360.1300964355469,363.6459045410156,325.0657958984375,150.34811401367188,161.93157958984375,55.80679702758789,367.9350891113281,53.045711517333984,24.568815231323242,138.83358764648438,400.372314453125,460.0032043457031,234.9600067138672,510.42449951171875,51.647945404052734,38.045082092285156,36.34125900268555,93.06819152832031,68.00366973876953,134.5993194580078,85.6468734741211,91.14177703857422
2024-01-10,183.94737243652344,153.72999572753906,31.679847717285156,102.28028869628906,128.79788208007812,361.8290710449219,361.9591369628906,335.02838134765625,150.5713653564453,162.2731475830078,55.99281311035156,374.7691955566406,54.253562927246094,24.226192474365234,139.4287109375,403.0858154296875,462.6047668457031,233.94000244140625,509.73248291015625,52.289852142333984,37.67091751098633,36.39902114868164,93.86083221435547,67.8634262084961,135.21316528320312,86.3323974609375,90.24563598632812
2024-01-11,183.3546142578125,155.17999267578125,31.255571365356445,102.11470031738281,129.49314880371094,362.040283203125,359.8648681640625,334.77484130859375,149.90162658691406,161.58999633789062,55.63007354736328,376.59033203125,54.72472381591797,23.733144760131836,139.958740234375,403.9245910644531,462.4007873535156,227.22000122070312,511.66650390625,52.231502532958984,37.76792907714844,36.264244079589844,94.33837127685547,67.85407257080078,135.1172637939453,86.21977233886719,90.22733306884766
2024-01-12,183.6806640625,154.6199951171875,30.925567626953125,102.75865936279297,131.2668914794922,360.830810546875,357.9696350097656,334.0049133300781,151.0550537109375,160.4039306640625,56.1695442199707,380.35003662109375,54.612918853759766,23.983848571777344,140.0424346923828,404.1318054199219,462.7212219238281,218.88999938964844,494.4396667480469,52.29958724975586,38.192901611328125,36.19685363769531,94.64362335205078,68.0691146850586,134.78155517578125,85.18169403076172,91.39781188964844
2024-01-16,181.418212890625,153.16000366210938,30.284425735473633,99.9436264038086,128.075927734375,358.6710205078125,360.52825927734375,336.5589599609375,149.3155975341797,159.3981475830078,55.79749298095703,382.11236572265625,56.281959533691406,23.666288375854492,139.28921508789062,404.09234619140625,461.02239990234375,219.91000366210938,492.2021789550781,52.46491622924805,37.28288650512695,35.946556091308594,94.87992095947266,67.69511413574219,133.97584533691406,85.0837631225586,89.33119201660156
2024-01-17,180.47964477539062,151.7100067138672,29.982717514038086,98.95926666259766,127.56781768798828,357.768798828125,357.4294738769531,333.9955749511719,149.23187255859375,158.54417419433594,55.79749298095703,381.3291320800781,55.95354461669922,23.524227142333984,139.4287109375,401.8129577636719,458.45977783203125,215.5500030517578,497.6916198730469,52.21852493286133,36.973388671875,35.87917709350586,94.4122314453125,67.64836883544922,133.707275390625,84.3394775390625,88.68193817138672
2024-01-18,186.3579864501953,153.5,29.916717529296875,98.3705062866211,126.40910339355469,359.7749938964844,357.17364501953125,336.061279296875,149.95742797851562,158.85728454589844,55.95561218261719,385.63720703125,57.00567626953125,23.474084854125977,138.62490844726562,407.516357421875,462.53680419921875,211.8800048828125,489.5380859375,52.92203903198242,36.91333770751953,35.936927795410156,96.32734680175781,67.564208984375,133.68809509277344,84.81935119628906,88.51734924316406
2024-01-19,189.25270080566406,155.33999633789062,30.37871551513672,99.23526763916016,126.7834701538086,363.6195068359375,362.1866149902344,340.296142578125,150.39459228515625,161.59947204589844,55.64867401123047,390.3368225097656,59.38544464111328,23.632862091064453,138.0915069580078,415.5977783203125,468.30279541015625,212.19000244140625,477.4214172363281,52.643226623535156,37.0334358215332,36.51454544067383,98.54771423339844,67.36785888671875,133.7648468017578,85.63709259033203,88.65451049804688
2024-01-22,191.55462646484375,154.77999877929688,30.68985366821289,99.41004180908203,127.00629425048828,365.0312805175781,365.7497253417969,334.9250793457031,151.12948608398438,161.40972900390625,55.40684127807617,388.22198486328125,59.54815673828125,23.65793228149414,138.3628692626953,416.1405334472656,469.29296875,208.8000030517578,486.3619384765625,52.64646911621094,37.17201614379883,36.68781661987305,98.98095703125,67.04059600830078,134.34991455078125,85.2600326538086,88.5356216430664
2024-01-23,192.82913208007812,156.02000427246094,30.897279739379883,99.34565734863281,126.6497802734375,364.0420837402344,360.8314514160156,329.3757629394531,148.6551513671875,160.3469696044922,55.66727066040039,390.56207275390625,59.76676940917969,23.75821304321289,144.08978271484375,417.8673400878906,470.66162109375,209.13999938964844,488.7606201171875,52.779396057128906,37.250553131103516,36.74557876586914,99.3797378540039,67.7699203491211,134.25401306152344,85.05437469482422,89.53238677978516
2024-01-24,192.1573028564453,156.8699951171875,31.09528160095215,100.89116668701172,129.1722412109375,363.1297302246094,359.533203125,326.0799255371094,147.864501953125,161.77976989746094,54.79297637939453,394.1455078125,61.25312423706055,23.674646377563477,142.3492431640625,420.1861877441406,471.1761169433594,207.8300018310547,486.58941650390625,52.03374099731445,37.78178024291992,36.88998794555664,100.0640640258789,66.93775939941406,133.02626037597656,84.73119354248047,91.0777587890625
2024-01-25,191.83126831054688,157.75,31.481853485107422,103.08065795898438,132.42562866210938,365.42510986328125,362.660400390625,329.55419921875,148.42257690429688,164.09498596191406,55.02549743652344,396.4072570800781,61.50767517089844,23.301416397094727,145.6244354248047,420.6993103027344,473.73883056640625,182.6300048828125,467.788818359375,52.792354583740234,38.631736755371094,37.07289505004883,100.4825210571289,67.58292388916016,132.82484436035156,83.68331909179688,93.39127349853516
2024-01-26,190.10232543945312,159.1199951171875,31.51957130432129,103.24626159667969,132.9336700439453,366.0109558105469,358.0074768066406,333.61993408203125,148.3668212890625,163.46873474121094,55.2208251953125,395.48687744140625,60.92271041870117,23.301416397094727,146.11105346679688,418.19293212890625,473.1369934082031,183.25,477.08013916015625,53.255958557128906,38.91814041137695,37.20766830444336,99.32557678222656,67.91017150878906,133.5825958251953,84.06526184082031,94.18683624267578
2024-01-29,189.42063903808594,161.25999450683594,31.689279556274414,102.66666412353516,132.88021850585938,368.1431579589844,360.63250732421875,333.9955749511719,148.23655700683594,163.89569091796875,55.555660247802734,401.1558532714844,62.354164123535156,23.30989646911621,146.1297607421875,422.4754638671875,476.8839111328125,190.92999267578125,478.3505859375,53.50558853149414,38.862709045410156,37.30393981933594,100.23638153076172,68.3028793334961,134.52256774902344,85.29432678222656,94.30570983886719
2024-01-30,185.7750701904297,159.0,32.80184555053711,104.92057037353516,133.80718994140625,369.2763977050781,366.612060546875,335.31011962890625,147.687744140625,167.254638671875,55.71377944946289,400.0494689941406,62.66261672973633,22.91970443725586,147.37432861328125,419.6631774902344,476.5151062011719,191.58999633789062,477.46881103515625,53.68390655517578,39.26458740234375,37.775657653808594,99.40926361083984,68.68622589111328,134.82949829101562,85.24535369873047,95.87854766845703
2024-01-31,182.17892456054688,155.1999969482422,32.0664176940918,102.91506958007812,131.40953063964844,366.2799072265625,363.9018249511719,331.4226989746094,147.8086700439453,165.44236755371094,55.332435607910156,389.26959228515625,61.41783905029297,22.970600128173828,147.0467987060547,411.443603515625,468.7396240234375,187.2899932861328,485.1767883300781,53.57367706298828,38.53011703491211,37.31355667114258,97.32182312011719,68.18132781982422,134.64727783203125,83.69312286376953,94.01309967041016
2024-02-01,184.60931396484375,159.27999877929688,31.63271141052246,102.46429443359375,131.81951904296875,369.8623352050781,363.7501220703125,338.09893798828125,147.3063507080078,164.8445587158203,56.71829605102539,395.340087890625,62.91516876220703,23.14872932434082,148.9557342529297,416.2884826660156,474.8746032714844,188.86000061035156,480.81561279296875,54.56571960449219,38.52549362182617,37.3713264465332,98.54771423339844,69.57449340820312,136.39292907714844,85.30410766601562,93.6290283203125
2024-02-02,183.61148071289062,171.80999755859375,31.557273864746094,101.77433013916016,135.6968231201172,371.13018798828125,367.5502014160156,335.4322509765625,145.6785125732422,165.79342651367188,56.30905532836914,402.6244812011719,66.0426254272461,22.843364715576172,147.93577575683594,423.3240051269531,479.873779296875,187.91000366210938,483.7452392578125,54.974212646484375,38.5809326171875,37.525352478027344,99.56681823730469,69.35009002685547,136.19151306152344,86.82696533203125,93.2449951171875
2024-02-05,185.41941833496094,170.30999755859375,31.104713439941406,101.16715240478516,135.7770538330078,368.402587890625,362.963623046875,333.4697570800781,144.925048828125,165.57518005371094,55.843997955322266,397.1709899902344,69.208984375,22.537992477416992,148.048095703125,422.771484375,478.1264953613281,181.05999755859375,476.8525695800781,54.67919158935547,38.48392105102539,37.30393981933594,99.79328155517578,68.91999816894531,136.61351013183594,85.60279846191406,92.86092376708984
2024-02-06,187.01991271972656,169.14999389648438,31.151857376098633,102.59307861328125,135.79486083984375,369.84307861328125,364.8304748535156,334.5119934082031,147.0272979736328,166.14451599121094,55.75098419189453,397.0142822265625,68.1019515991211,23.326862335205078,148.7499237060547,421.9228515625,479.5145568847656,185.10000610351562,484.1623229980469,55.052024841308594,38.608642578125,37.380958557128906,99.33541870117188,69.07893371582031,138.1002197265625,86.12184143066406,93.50101470947266
2024-02-07,187.1286163330078,170.52999877929688,31.283851623535156,103.32905578613281,135.5987548828125,371.3702392578125,366.4130554199219,340.5589904785156,146.952880859375,166.4575958251953,55.79749298095703,405.3953552246094,69.97461700439453,23.377758026123047,148.89962768554688,426.2645568847656,483.51397705078125,187.5800018310547,492.4297180175781,54.91261291503906,38.687171936035156,37.660133361816406,100.64993286132812,69.01346588134766,138.4743194580078,87.08647918701172,93.47357940673828
2024-02-08,186.05174255371094,169.83999633789062,31.22728157043457,104.7825698852539,137.31903076171875,372.0233154296875,364.8778381347656,341.5261535644531,145.48312377929688,165.85983276367188,55.64867401123047,405.4541320800781,69.51744079589844,23.386241912841797,148.45042419433594,427.0539245605469,483.7275390625,189.55999755859375,493.0933837890625,54.90937423706055,39.084442138671875,37.51573181152344,100.96500396728516,68.99478149414062,138.23451232910156,87.46841430664062,95.07384490966797
2024-02-09,186.8134307861328,174.4499969482422,31.180143356323242,102.26190185546875,134.627197265625,371.418212890625,364.1387023925781,340.9909973144531,145.81805419921875,166.05908203125,55.39754867553711,411.75946044921875,72.0050277709961,23.377758026123047,147.30880737304688,431.2574462890625,486.5232238769531,193.57000732421875,491.3204345703125,54.88019561767578,38.48392105102539,37.62162399291992,102.32379913330078,68.3589859008789,138.12901306152344,88.09028625488281,93.06208038330078
2024-02-12,185.1317596435547,172.33999633789062,31.698707580566406,102.20671844482422,135.55421447753906,372.7532653808594,372.0799865722656,343.1506042480469,146.83197021484375,166.7991943359375,55.52775573730469,406.580078125,72.11981201171875,23.462581634521484,147.0187225341797,429.5701599121094,486.3096618652344,188.1300048828125,490.77056884765625,55.21087646484375,38.90890121459961,37.794898986816406,101.54595184326172,68.84517669677734,138.3112335205078,88.01683807373047,94.34229278564453
2024-02-13,183.0445098876953,168.63999938964844,30.878427505493164,100.98316955566406,134.2350616455078,367.6725769042969,358.9172668457031,335.770263671875,145.54827880859375,165.34744262695312,55.20222091674805,397.8270263671875,72.00003051757812,22.87729263305664,146.23268127441406,422.8701171875,479.6116638183594,184.02000427246094,490.02154541015625,54.83481216430664,38.51625061035156,37.284690856933594,99.82280731201172,68.10651397705078,137.02598571777344,86.26384735107422,93.53012084960938
2024-02-14,182.1641082763672,170.97999572753906,31.236713409423828,101.30516052246094,134.60047912597656,369.08441162109375,358.24444580078125,336.3711853027344,144.86923217773438,167.02691650390625,55.14641571044922,401.67218017578125,73.76889038085938,22.99604606628418,145.63380432128906,427.4782409667969,483.9701843261719,188.7100067138672,490.1069030761719,54.65974426269531,38.479305267333984,37.6408805847168,100.8665542602539,67.97561645507812,138.2153778076172,87.17461395263672,93.0686264038086
2024-02-15,181.8772430419922,169.8000030517578,32.12298583984375,102.8431625366211,139.1779022216797,372.8876647949219,365.23797607421875,339.0472717285156,146.89707946777344,170.67051696777344,55.24872589111328,398.7980041503906,72.5290756225586,23.335346221923828,146.92514038085938,428.751220703125,487.3094482421875,200.4499969482422,493.84234619140625,54.88343811035156,39.550994873046875,38.2858772277832,100.65484619140625,68.41506958007812,139.22244262695312,88.18331146240234,95.73593139648438
2024-02-16,180.34396362304688,169.50999450683594,32.141845703125,102.44476318359375,139.33106994628906,371.4948425292969,364.3092956542969,340.2397766113281,146.72836303710938,169.87347412109375,55.23942565917969,396.345703125,72.48414611816406,23.42865753173828,147.39303588867188,424.86334228515625,484.8827209472656,199.9499969482422,494.47760009765625,55.23032760620117,39.527896881103516,38.151100158691406,99.72927856445312,68.51793670654297,139.6732635498047,87.65938568115234,95.73593139648438
2024-02-20,179.60205078125,167.0800018310547,32.01927947998047,101.49044799804688,138.7633819580078,371.0138854980469,364.3851318359375,340.44635009765625,147.95619201660156,170.53770446777344,56.45787048339844,395.10003662109375,69.32878875732422,23.403207778930664,148.3288116455078,421.65643310546875,482.2131652832031,193.75999450683594,494.0130310058594,57.01341247558594,39.16758728027344,38.045204162597656,98.715087890625,69.2378921508789,139.2032928466797,86.83186340332031,94.83145141601562
2024-02-21,180.35386657714844,168.58999633789062,31.774139404296875,104.57575225830078,140.0609130859375,371.360107421875,367.938720703125,341.9111633300781,148.7247314453125,171.64784240722656,56.96013641357422,394.50164794921875,67.35228729248047,23.471065521240234,150.09739685058594,419.9690856933594,482.6499938964844,194.77000427246094,494.8757629394531,56.313148498535156,39.902061462402344,38.160728454589844,98.09477996826172,69.49034881591797,139.5102081298828,87.47332000732422,96.76961517333984
2024-02-22,182.38172912597656,174.5800018310547,31.689279556274414,103.9735107421875,140.0518798828125,375.6792297363281,370.0235595703125,348.68121337890625,150.38369750976562,173.70687866210938,56.87643051147461,403.7909240722656,78.3986587524414,23.36927604675293,150.2471466064453,432.26397705078125,492.638671875,197.41000366210938,499.1706848144531,56.86752700805664,39.97135925292969,38.60355758666992,101.30470275878906,69.70540618896484,141.15040588378906,89.17244720458984,96.6865463256836
2024-02-23,180.5517120361328,174.99000549316406,31.98155975341797,103.31568908691406,139.35809326171875,376.3910827636719,370.5731506347656,349.26336669921875,151.68649291992188,174.57981872558594,56.92293167114258,402.505859375,78.67715454101562,23.54741096496582,150.6869659423828,430.99102783203125,492.9784851074219,191.97000122070312,499.872314453125,56.91615295410156,39.70805358886719,38.79609298706055,101.06838989257812,69.92045593261719,141.82177734375,88.77091979980469,95.83745574951172
2024-02-26,179.20635986328125,174.72999572753906,31.689279556274414,104.15879821777344,139.1688690185547,375.8428649902344,369.78662109375,348.92535400390625,150.7023468017578,173.98204040527344,56.4671745300293,399.75933837890625,78.95167541503906,23.055423736572266,149.92898559570312,430.76409912109375,491.17291259765625,199.39999389648438,498.0519714355469,57.966552734375,39.84663391113281,38.60355758666992,101.16685485839844,69.63996887207031,141.09283447265625,89.04512023925781,96.21585845947266
2024-02-27,180.66049194335938,173.5399932861328,32.32099533081055,103.40834045410156,137.10540771484375,374.83282470703125,370.3457336425781,352.6437072753906,150.8804473876953,174.0674285888672,56.1230354309082,399.70050048828125,78.56135559082031,22.809432983398438,149.06808471679688,431.8001708984375,492.0853576660156,199.72999572753906,486.76959228515625,57.95682907104492,39.67571258544922,38.70945358276367,101.2554702758789,69.64929962158203,140.74754333496094,89.33892822265625,96.01280975341797
2024-02-28,179.46353149414062,173.16000366210938,32.349281311035156,103.80673217773438,137.2676239013672,374.7749938964844,375.2320251464844,354.5685729980469,151.4146728515625,174.94985961914062,56.17884063720703,399.93585205078125,77.52519989013672,22.936670303344727,149.76988220214844,429.50103759765625,491.43499755859375,202.0399932861328,472.41546630859375,57.98601150512695,39.59718704223633,38.853858947753906,100.77792358398438,69.72409057617188,140.04734802246094,89.69147491455078,96.28045654296875
2024-02-29,178.80079650878906,176.75999450683594,32.776546478271484,104.2699966430664,136.97027587890625,375.1117248535156,371.2905578613281,357.38555908203125,151.25537109375,176.54391479492188,55.82539749145508,405.74285888671875,78.97163391113281,22.529508590698242,148.73118591308594,433.18157958984375,493.20172119140625,201.8800048828125,467.97845458984375,57.00368881225586,39.791194915771484,38.834598541259766,101.9004135131836,69.61188507080078,138.90594482421875,90.29866790771484,96.46503448486328
2024-03-01,177.7225341796875,178.22000122070312,32.61513137817383,105.8450698852539,137.69113159179688,376.41986083984375,370.3839416503906,360.99127197265625,151.9489288330078,175.81332397460938,55.36963653564453,407.5673522949219,82.13300323486328,22.554956436157227,148.64698791503906,439.7039794921875,497.8320007324219,202.63999938964844,464.11968994140625,57.14957809448242,40.25313949584961,38.786476135253906,103.76136779785156,69.6212387084961,140.36387634277344,90.59735870361328,97.68330383300781
2024-03-04,173.21170043945312,177.5800018310547,33.374732971191406,103.43612670898438,134.14996337890625,375.381103515625,374.344482421875,357.16021728515625,149.8119659423828,177.13221740722656,55.63007354736328,406.9984436035156,85.08576202392578,21.961179733276367,149.3113555908203,438.13507080078125,497.2981262207031,188.13999938964844,456.8572998046875,57.67477035522461,39.82353591918945,38.88273620605469,103.76136779785156,69.6773452758789,140.15283203125,89.37321472167969,96.3173828125
2024-03-05,168.28543090820312,174.1199951171875,33.60260772705078,103.04700469970703,134.78970336914062,371.4948425292969,373.0656433105469,355.35736083984375,149.93380737304688,178.90660095214844,55.36033248901367,394.962646484375,85.81550598144531,22.122350692749023,149.0867919921875,430.2707214355469,492.32806396484375,180.74000549316406,448.5898742675781,58.39449691772461,40.119171142578125,38.892364501953125,101.21116638183594,69.84564971923828,139.1073760986328,88.26167297363281,97.49873352050781
2024-03-06,167.29617309570312,173.50999450683594,33.6310920715332,103.76042175292969,133.65438842773438,372.4471130371094,371.7868347167969,356.52874755859375,149.3433380126953,179.83645629882812,55.388240814208984,394.41339111328125,88.54676818847656,23.06390953063965,149.32073974609375,432.9744567871094,494.8227844238281,176.5399932861328,448.0684814453125,58.90997314453125,40.24390411376953,39.09453582763672,102.0136489868164,70.43472290039062,140.0569305419922,87.94828796386719,98.54163360595703
2024-03-07,167.17747497558594,176.82000732421875,33.83048629760742,104.45530700683594,134.5914764404297,373.6688232421875,370.6988830566406,355.68798828125,148.90283203125,178.2613983154297,55.28592300415039,401.3287353515625,92.50891876220703,22.724607467651367,150.30328369140625,439.5461730957031,499.734619140625,178.64999389648438,453.92767333984375,58.70573043823242,40.585731506347656,39.03676986694336,103.62352752685547,70.83678436279297,140.70919799804688,88.61911010742188,99.09541320800781
2024-03-08,168.8888397216797,175.35000610351562,33.802001953125,104.6961898803711,135.051025390625,373.2262878417969,369.3245544433594,352.665283203125,149.51202392578125,178.59349060058594,55.36033248901367,398.4644775390625,87.37679290771484,23.089351654052734,150.05062866210938,433.2013244628906,496.7351379394531,175.33999633789062,453.6135559082031,58.4723014831543,40.72893142700195,39.10415267944336,102.08258056640625,70.27576446533203,140.45016479492188,88.2910385131836,100.02755737304688
2024-03-11,170.88705444335938,171.9600067138672,34.07735061645508,106.7808609008789,136.9612579345703,373.639892578125,368.532470703125,350.9366149902344,151.11474609375,178.65988159179688,56.0300178527832,396.7969970703125,85.62581634521484,24.064842224121094,151.17356872558594,431.5929870605469,496.3080139160156,177.77000427246094,465.58758544921875,58.99750518798828,41.14929962158203,39.171539306640625,101.80194854736328,70.65911102294922,140.3734588623047,88.05111694335938,100.61824798583984
2024-03-12,171.3618621826172,175.38999938964844,34.143821716308594,106.5677490234375,136.8621368408203,375.9197082519531,370.4602355957031,353.7893371582031,152.53001403808594,180.13059997558594,56.2718505859375,407.3515930175781,91.75422668457031,23.759471893310547,151.52914428710938,437.7798767089844,501.64691162109375,177.5399932861328,465.7779846191406,59.72694778442383,41.08462142944336,39.335201263427734,103.88939666748047,71.02377319335938,141.0256805419922,88.81009674072266,99.97218322753906
2024-03-13,169.28453063964844,176.55999755859375,34.25775909423828,108.9118423461914,138.66424560546875,376.33343505859375,374.40179443359375,357.9927978515625,150.992919921875,181.59188842773438,56.8485221862793,407.17498779296875,90.73099517822266,23.937602996826172,151.8753662109375,434.4150695800781,500.86065673828125,169.47999572753906,464.4930419921875,59.60050964355469,41.74057388305664,39.62399673461914,102.76689910888672,71.20143127441406,140.47897338867188,88.62401580810547,101.08895874023438
2024-03-14,171.13436889648438,178.75,33.88745880126953,110.97796630859375,140.29518127441406,375.2271423339844,370.8705749511719,354.4789123535156,149.2214813232422,178.3562469482422,56.721954345703125,417.1017761230469,87.79207611083984,23.86125946044922,151.12677001953125,433.31982421875,499.87054443359375,162.5,465.44482421875,59.549766540527344,42.170169830322266,39.30632019042969,102.78659057617188,70.64976501464844,139.98019409179688,88.06090545654297,102.87944030761719
2024-03-15,170.75843811035156,174.4199981689453,33.6215934753418,111.2188720703125,140.16004943847656,373.1665954589844,369.5345764160156,352.552001953125,148.25608825683594,180.56710815429688,56.14067077636719,408.4698181152344,87.68526458740234,23.700096130371094,151.01446533203125,428.1689758300781,496.4381408691406,163.57000732421875,467.1771545410156,59.21795654296875,42.29489517211914,39.26781463623047,101.23577880859375,70.62171936035156,139.42391967773438,87.18441772460938,102.69483947753906
2024-03-18,171.8465576171875,174.47999572753906,34.1912956237793,111.42269134521484,140.0338897705078,373.87042236328125,366.82421875,351.3050537109375,146.9252166748047,182.80641174316406,56.37506103515625,409.35260009765625,88.30219268798828,23.513477325439453,150.8553924560547,432.2525634765625,499.3885192871094,173.8000030517578,463.5887451171875,59.393619537353516,42.44111633300781,39.492958068847656,101.73335266113281,71.0757064819336,139.40753173828125,87.850341796875,103.64546966552734
2024-03-19,174.18112182617188,175.89999389648438,34.21028137207031,113.05335998535156,141.1241455078125,376.9271240234375,370.91839599609375,358.3895263671875,146.40969848632812,183.87857055664062,56.468814849853516,413.3644714355469,89.24356842041016,23.437137603759766,151.43556213378906,433.32952880859375,502.1637268066406,171.32000732421875,469.55670166015625,59.403377532958984,42.9254150390625,39.686222076416016,102.2610092163086,71.33943176269531,140.3316650390625,88.61096954345703,104.37457275390625
2024-03-20,176.74319458007812,178.14999389648438,34.8939208984375,112.95144653320312,139.25897216796875,380.87091064453125,378.371826171875,363.112548828125,145.98789978027344,186.28866577148438,56.956336975097656,417.1116027832031,90.21589660644531,23.49651527404785,151.58529663085938,438.4674377441406,506.8084411621094,175.66000366210938,470.4228820800781,59.774227142333984,42.86487579345703,40.15971374511719,103.40507507324219,71.55609130859375,140.0139923095703,89.93101501464844,104.28229522705078
2024-03-21,169.5219268798828,178.14999389648438,35.61553192138672,114.43386840820312,139.5382843017578,383.5322265625,394.82489013671875,373.30474853515625,145.97854614257812,188.87904357910156,56.69382858276367,421.1725769042969,91.27703857421875,23.462581634521484,151.46363830566406,440.5423583984375,508.48321533203125,172.82000732421875,468.0052490234375,59.96940231323242,43.12099075317383,40.48826217651367,103.47903442382812,71.59375762939453,140.19686889648438,90.45611572265625,104.74375915527344
2024-03-22,170.42213439941406,178.8699951171875,35.178768157958984,113.98912811279297,139.35809326171875,380.4273681640625,388.2494201660156,368.6573181152344,145.4911651611328,186.5638427734375,56.71257781982422,420.55450439453125,94.1261215209961,23.208110809326172,151.2764892578125,441.0462341308594,507.51922607421875,170.8300018310547,466.46331787109375,59.403377532958984,43.027862548828125,40.02443313598633,103.5135726928711,71.24526977539062,140.0043487548828,89.66603088378906,104.74375915527344
2024-03-25,169.00750732421875,179.7100067138672,34.99837112426758,116.95398712158203,140.98899841308594,378.9039001464844,386.4552307128906,362.2624206542969,145.4818115234375,184.8559112548828,56.62819290161133,414.78680419921875,94.837890625,23.267488479614258,149.90090942382812,439.4455871582031,506.1170349121094,172.6300048828125,462.47509765625,59.11061096191406,43.4283332824707,39.86981964111328,102.8281021118164,71.04745483398438,139.8118438720703,89.37159729003906,105.81436157226562
2024-03-26,167.87985229492188,178.3000030517578,35.21675109863281,116.73163604736328,139.90774536132812,378.807373046875,387.63861083984375,358.88067626953125,145.99732971191406,185.71934509277344,56.759456634521484,413.5999450683594,92.4011001586914,23.403207778930664,150.23780822753906,438.0227966308594,505.18218994140625,177.6699981689453,468.59539794921875,59.05205154418945,43.093055725097656,40.005104064941406,102.40402221679688,71.08513641357422,140.32200622558594,89.48445892333984,105.02064514160156
2024-03-27,171.44100952148438,179.8300018310547,35.900386810302734,117.5191650390625,140.8809051513672,383.34906005859375,396.2945861816406,364.510498046875,148.04989624023438,189.3155517578125,57.21885299682617,413.3841247558594,90.09410095214844,23.564374923706055,152.16546630859375,439.5147705078125,509.4277648925781,179.8300018310547,469.3472900390625,59.25699996948242,43.4935302734375,40.47859573364258,102.92674255371094,71.82923126220703,142.18951416015625,90.51991271972656,106.10969543457031
2024-03-28,169.63075256347656,180.3800048828125,36.00482940673828,117.92682647705078,142.1333770751953,383.54193115234375,398.6231994628906,362.3474426269531,148.26548767089844,190.0556182861328,57.35948944091797,412.6877136230469,90.19992065429688,23.53892707824707,151.82858276367188,438.7045593261719,509.3302917480469,175.7899932861328,470.8702697753906,58.72024154663086,43.9638557434082,40.700843811035156,102.70482635498047,71.92341613769531,142.20877075195312,90.24018096923828,107.28182983398438
2024-04-01,168.1963653564453,180.97000122070312,35.62503433227539,119.22396087646484,143.3407745361328,381.1987609863281,394.63397216796875,347.6400451660156,147.88119506835938,188.76519775390625,56.89071273803711,416.4642333984375,90.20690155029297,23.513477325439453,150.26585388183594,439.6333312988281,508.4442443847656,175.22000122070312,466.11114501953125,58.55434036254883,44.289825439453125,40.47859573364258,102.9908447265625,71.34888458251953,140.99586486816406,89.56788635253906,107.9740219116211
2024-04-02,167.0192108154297,180.69000244140625,35.416141510009766,121.06771850585938,143.97154235839844,377.6311340332031,391.4273681640625,342.8887023925781,147.8343505859375,188.6892852783203,56.3938102722168,413.3939208984375,89.29747009277344,23.36927604675293,150.25650024414062,435.8392028808594,505.2115478515625,166.6300048828125,436.0714111328125,57.734580993652344,44.9091682434082,40.26600646972656,101.99964141845703,70.98151397705078,138.8010711669922,88.2478256225586,110.0875473022461
2024-04-03,167.8204803466797,182.41000366210938,35.549072265625,121.95716094970703,144.56622314453125,377.2742919921875,395.10162353515625,339.96044921875,144.58204650878906,188.15792846679688,56.09379196166992,412.4228515625,88.81031799316406,23.089351654052734,146.12039184570312,436.8173828125,505.7663879394531,168.3800048828125,437.59429931640625,57.99808120727539,45.21650314331055,40.246681213378906,102.27086639404297,70.1997299194336,138.64703369140625,88.3116226196289,110.10601806640625
2024-04-04,166.9994354248047,180.0,35.05533981323242,122.06835174560547,144.79147338867188,372.2215881347656,387.7054443359375,337.8634338378906,142.93246459960938,186.72634887695312,55.59688949584961,409.9019470214844,85.75659942626953,22.605852127075195,145.4653778076172,430.1382141113281,499.593017578125,171.11000061035156,433.44427490234375,58.06639099121094,45.18856430053711,39.79251480102539,100.65338134765625,69.89834594726562,136.64479064941406,87.27617645263672,110.49364471435547
2024-04-05,167.75123596191406,185.07000732421875,35.235740661621094,123.7082748413086,145.61146545410156,374.9599609375,389.44232177734375,338.04296875,142.82936096191406,188.44422912597656,55.79377365112305,417.39599609375,87.85597229003906,22.614336013793945,146.07357788085938,435.2068786621094,504.812255859375,164.89999389648438,433.7869567871094,58.407955169677734,45.672855377197266,40.169376373291016,101.80731964111328,70.01136016845703,137.86732482910156,87.76200866699219,112.01648712158203
2024-04-08,166.63340759277344,185.19000244140625,35.606040954589844,122.68913269042969,145.3140869140625,375.1914978027344,391.7995910644531,341.9913635253906,142.0795440673828,189.42724609375,55.56875991821289,416.48382568359375,86.98248291015625,22.54647445678711,146.0174560546875,435.3352966308594,505.0946044921875,172.97999572753906,434.034423828125,58.33963394165039,45.38414001464844,40.34331512451172,101.68897247314453,69.90775299072266,137.42449951171875,88.59622955322266,111.25968170166016
2024-04-09,167.84024047851562,185.6699981689453,35.824424743652344,122.5316162109375,145.9718780517578,374.9407653808594,391.9618225097656,341.396240234375,142.73562622070312,188.1579132080078,55.99066162109375,418.1415710449219,85.20653533935547,22.71612548828125,146.59765625,436.94580078125,505.6788635253906,176.8800048828125,437.57525634765625,58.349403381347656,45.39811325073242,40.111392974853516,102.20182800292969,70.24684143066406,137.91546630859375,89.01336669921875,111.84112548828125
2024-04-10,165.9706573486328,185.9499969482422,34.79896926879883,123.0597152709961,146.57554626464844,370.765625,382.46600341796875,331.137939453125,140.77674865722656,186.55455017089844,55.2406120300293,415.17926025390625,86.8886489868164,22.325929641723633,147.140380859375,433.1319885253906,500.61541748046875,171.75999450683594,428.3710632324219,59.159400939941406,45.53782272338867,39.512290954589844,100.94927978515625,69.9925308227539,136.29823303222656,87.6393051147461,112.78251647949219
2024-04-11,173.15235900878906,189.0500030517578,34.514122009277344,123.15235900878906,145.8727569580078,370.79443359375,379.3357849121094,328.1246337890625,139.45521545410156,186.51634216308594,55.36249923706055,419.76007080078125,90.45945739746094,22.3428955078125,145.830322265625,440.04827880859375,504.3935546875,174.60000610351562,420.4422607421875,58.64216613769531,45.505226135253906,39.232059478759766,102.9661865234375,69.8229751586914,135.7399139404297,88.3459701538086,112.40412139892578
2024-04-12,174.64608764648438,186.1300048828125,33.98240280151367,121.55876159667969,143.232666015625,366.2913818359375,371.7104797363281,323.87396240234375,138.26490783691406,174.45289611816406,54.64058303833008,413.84521484375,88.03366088867188,21.93573570251465,145.35302734375,433.03314208984375,497.43133544921875,171.0500030517578,418.043701171875,58.69096374511719,44.76479721069336,38.71025466918945,101.29939270019531,69.11656188964844,133.71844482421875,86.91304779052734,111.09353637695312
2024-04-15,170.82769775390625,183.6199951171875,34.13432312011719,120.6785888671875,141.9981689453125,363.8228759765625,382.5805358886719,319.2076416015625,138.3304901123047,174.54833984375,54.50932312011719,405.74285888671875,85.85240936279297,21.978147506713867,145.4653778076172,425.9092712402344,491.19952392578125,161.47999572753906,424.1639404296875,58.48603057861328,44.345706939697266,38.51699447631836,99.37617492675781,68.83399200439453,133.44888305664062,85.46539306640625,110.45670318603516
2024-04-16,167.55340576171875,183.32000732421875,32.928466796875,120.0114974975586,140.81781005859375,364.46893310546875,378.7440490722656,316.2793884277344,135.3874969482422,172.5536651611328,54.434322357177734,406.6648864746094,87.26399993896484,21.791532516479492,145.93325805664062,425.9488220214844,490.30364990234375,157.11000061035156,446.3034973144531,58.398193359375,43.959197998046875,38.25608825683594,99.4945297241211,68.86225128173828,133.49697875976562,84.97957611083984,109.54303741455078
2024-04-17,166.1882781982422,181.27999877929688,33.450687408447266,118.89966583251953,140.92591857910156,363.9579772949219,385.47216796875,314.39019775390625,135.6874237060547,171.86648559570312,54.85622024536133,403.9772644042969,83.88983154296875,21.5625057220459,146.87835693359375,420.7516784667969,487.40185546875,155.4499969482422,455.9169616699219,58.212772369384766,43.833465576171875,38.352718353271484,98.05950927734375,69.11656188964844,133.2659912109375,84.56735229492188,109.48763275146484
2024-04-18,165.23863220214844,179.22000122070312,33.96341323852539,118.41788482666016,141.9801483154297,364.33404541015625,384.708740234375,314.4468994140625,136.59657287597656,172.98312377929688,55.23124694824219,396.5517883300781,84.52471923828125,21.53705596923828,148.13755798339844,418.3506774902344,486.3989562988281,149.92999267578125,469.4234619140625,57.83217239379883,43.698421478271484,38.488006591796875,96.94009399414062,69.43681335449219,133.25634765625,84.04227447509766,109.38611602783203
2024-04-19,163.22064208984375,174.6300048828125,35.10280990600586,119.87250518798828,144.1697540283203,366.41583251953125,385.5581359863281,316.7799987792969,138.6304473876953,177.32559204101562,56.41255569458008,391.50006103515625,76.06836700439453,22.054489135742188,148.9381103515625,409.6953430175781,482.15350341796875,147.0500030517578,476.99053955078125,58.095664978027344,44.224632263183594,39.01947021484375,94.94291687011719,70.11498260498047,133.75689697265625,83.30616760253906,110.64128875732422
2024-04-22,164.05152893066406,177.22999572753906,35.824424743652344,119.82620239257812,145.89979553222656,368.8953857421875,398.2987365722656,317.48846435546875,139.76451110839844,180.7709503173828,56.768821716308594,393.30499267578125,79.38063049316406,22.275033950805664,151.1984405517578,413.8155212402344,486.59368896484375,142.0500030517578,467.5674133300781,58.69096374511719,44.513343811035156,39.492958068847656,95.79109954833984,70.78372192382812,134.26708984375,83.67422485351562,111.26890563964844
2024-04-23,165.10015869140625,179.5399932861328,36.432098388671875,120.2987060546875,146.73779296875,371.4519348144531,404.6451721191406,320.2183532714844,140.1768798828125,183.3764190673828,56.853206634521484,399.78875732421875,82.2806167602539,22.325929641723633,152.10260009765625,419.9908752441406,492.3678894042969,144.67999267578125,462.7606201171875,57.66626739501953,44.76015090942383,39.744205474853516,97.21131896972656,70.98151397705078,136.01907348632812,84.6703872680664,111.70268249511719
2024-04-24,167.19729614257812,176.58999633789062,36.3846321105957,119.77986907958984,147.3865203857422,370.8924560546875,403.72900390625,314.5602722167969,139.2115478515625,184.27357482910156,57.70637512207031,401.2503662109375,79.53936004638672,22.283517837524414,153.13858032226562,421.41363525390625,492.1341857910156,162.1300048828125,463.8266906738281,58.427467346191406,44.792747497558594,39.73453903198242,97.6551284790039,71.51840209960938,135.5955352783203,85.48011016845703,111.72113800048828
2024-04-25,168.05789184570312,173.6699981689453,35.99533462524414,120.54886627197266,148.92735290527344,367.4964904785156,400.87548828125,313.5873718261719,137.6088104248047,184.55032348632812,57.88451385498047,391.421630859375,82.4892578125,21.426782608032227,153.09152221679688,419.3782653808594,490.2646484375,170.17999267578125,470.0707092285156,58.75928497314453,44.99763870239258,39.502628326416016,97.44309997558594,71.34888458251953,134.69065856933594,85.55371856689453,111.97956085205078
2024-04-26,167.47425842285156,179.6199951171875,35.91937255859375,120.6693344116211,149.47698974609375,368.83734130859375,408.0521545410156,316.5250244140625,136.9714813232422,184.66488647460938,57.88451385498047,398.56268310546875,87.58345794677734,21.545536041259766,151.90481567382812,425.8499755859375,494.909423828125,168.2899932861328,471.489013671875,58.71048355102539,44.58319854736328,39.44465255737305,98.54278564453125,71.19815826416016,134.7291717529297,86.32416534423828,108.86927795410156
2024-04-29,171.6289825439453,180.9600067138672,35.65351867675781,120.6507797241211,149.87344360351562,370.27490234375,411.1443176269531,318.1402282714844,137.6088104248047,184.4644012451172,58.16577911376953,394.5703125,87.60539245605469,21.749116897583008,152.2532958984375,427.5791015625,496.6620788574219,194.0500030517578,465.473388671875,58.78856658935547,44.885887145996094,39.386661529541016,98.96688079833984,71.42420959472656,135.18157958984375,88.33124542236328,110.41979217529297
2024-04-30,168.49313354492188,175.0,35.140785217285156,116.38880920410156,145.3140869140625,364.8047180175781,407.2314147949219,315.7031555175781,135.5187225341797,182.9946746826172,57.91264724731445,381.89697265625,86.25274658203125,21.73215675354004,153.70367431640625,419.5166015625,488.79437255859375,183.27999877929688,460.4001159667969,57.920005798339844,43.54941177368164,39.00014877319336,96.78722381591797,71.11338806152344,135.0853271484375,86.18183898925781,109.15538787841797
2024-05-01,167.47425842285156,179.0,35.08382034301758,115.20286560058594,143.8363800048828,365.5379333496094,407.46051025390625,313.5778503417969,141.69528198242188,183.1092071533203,58.062660217285156,387.3999328613281,82.89754486083984,23.055423736572266,153.89202880859375,416.48333740234375,487.2071533203125,179.99000549316406,460.7903747558594,57.432044982910156,42.855560302734375,39.00014877319336,95.7960205078125,70.66128540039062,135.3260040283203,85.64205169677734,107.08800506591797
2024-05-02,171.16404724121094,184.72000122070312,35.017356872558594,113.26646423339844,144.8275146484375,368.7603454589844,412.8240051269531,316.9406433105469,140.5143280029297,182.9183349609375,58.1189079284668,390.24456787109375,85.66874694824219,23.49651527404785,154.3064422607422,421.7989807128906,491.7641906738281,180.00999450683594,469.22357177734375,58.271331787109375,43.10236358642578,39.096778869628906,97.17678833007812,71.25468444824219,135.229736328125,86.72164916992188,107.28182983398438
2024-05-03,181.40240478515625,186.2100067138672,35.3686637878418,113.24793243408203,144.39501953125,373.14031982421875,418.1778259277344,323.8551025390625,139.90509033203125,181.82077026367188,58.287662506103516,398.8961486816406,88.63561248779297,23.589820861816406,154.890380859375,430.2764587402344,497.8597412109375,181.19000244140625,468.7286682128906,58.3786735534668,43.10702133178711,39.183738708496094,99.88409423828125,71.4713134765625,135.566650390625,87.30562591552734,107.06031799316406
2024-05-06,179.7504425048828,188.6999969482422,35.78644561767578,114.47093963623047,146.24221801757812,374.7611999511719,423.41729736328125,323.32611083984375,139.25839233398438,183.24282836914062,58.4564208984375,405.644775390625,91.98082733154297,23.88671112060547,154.87152099609375,434.989501953125,503.0010681152344,184.75999450683594,470.565673828125,58.427467346191406,43.446964263916016,39.686222076416016,101.05775451660156,71.50899505615234,136.1153564453125,88.2380142211914,107.75253295898438
2024-05-07,180.43296813964844,188.75999450683594,35.928871154785156,114.46165466308594,146.57554626464844,375.04083251953125,423.5412902832031,321.81475830078125,139.38961791992188,183.00421142578125,58.709564208984375,401.5249938964844,90.39756774902344,23.555892944335938,156.11471557617188,435.0586242675781,503.55615234375,177.80999755859375,476.82867431640625,59.159400939941406,43.40504837036133,39.82150650024414,100.72736358642578,72.290771484375,137.2416534423828,87.60496520996094,107.21722412109375
2024-05-08,180.7693328857422,188.0,35.80543518066406,114.01692199707031,146.4584503173828,376.7194519042969,426.5475158691406,320.05780029296875,139.6051788330078,186.72634887695312,58.92519760131836,402.7020263671875,90.25581359863281,23.980016708374023,155.46485900878906,434.8017578125,503.604736328125,174.72000122070312,478.9703369140625,58.84710693359375,43.35382843017578,39.966453552246094,101.01338195800781,72.07412719726562,136.76991271972656,87.27617645263672,107.19876098632812
2024-05-09,182.57962036132812,189.5,36.34664535522461,114.32268524169922,149.0805206298828,380.1156005859375,434.7644958496094,328.1907653808594,140.44871520996094,188.49195861816406,58.95332717895508,404.4481201171875,88.59368133544922,24.264162063598633,156.37841796875,435.7502746582031,506.5065002441406,171.97000122070312,482.6063232421875,59.187904357910156,43.935916900634766,40.26600646972656,100.98377990722656,72.6957778930664,137.94432067871094,87.86994934082031,109.31229400634766
2024-05-10,181.32159423828125,187.47999572753906,36.508060455322266,113.67000579833984,149.41395568847656,381.2538757324219,433.9723815917969,327.2367248535156,140.50494384765625,189.70404052734375,59.309600830078125,406.8218994140625,89.72273254394531,24.11778450012207,157.14129638671875,436.7778625488281,507.15899658203125,168.47000122070312,488.1078796386719,59.22707748413086,43.69376754760742,40.420623779296875,101.35856628417969,73.11021423339844,138.22348022460938,87.39886474609375,108.86927795410156
2024-05-13,184.5210723876953,186.57000732421875,36.28017807006836,113.37162780761719,148.25155639648438,380.5592956542969,432.85577392578125,322.0697937011719,141.73277282714844,189.66586303710938,59.609615325927734,405.8213195800781,90.24282836914062,24.488033294677734,156.2183380126953,437.7856750488281,507.22705078125,171.88999938964844,487.08941650390625,59.15852737426758,43.57735061645508,40.256343841552734,101.83690643310547,72.90300750732422,138.08872985839844,87.28599548339844,108.82313537597656
2024-05-14,185.66021728515625,187.07000732421875,36.54604721069336,112.85880279541016,147.42257690429688,381.6398620605469,437.54168701171875,321.6352844238281,141.8827362060547,192.3190460205078,59.15959548950195,408.6070861816406,91.19818115234375,24.43636703491211,156.11471557617188,440.60162353515625,509.5542907714844,177.5500030517578,489.1263427734375,58.61992263793945,43.63323211669922,40.45927429199219,102.73934173583984,72.76171112060547,138.67593383789062,87.68347930908203,109.4837417602539
2024-05-15,187.92860412597656,185.99000549316406,36.944828033447266,112.54177856445312,146.9180145263672,385.2095031738281,444.8138122558594,329.3526306152344,143.09176635742188,192.89169311523438,59.18770980834961,415.7511901855469,94.4665298461914,24.81522560119629,156.8210906982422,447.4882507324219,515.8641357421875,173.99000549316406,492.6195983886719,58.59054183959961,43.73101806640625,40.75882339477539,105.05213928222656,72.8088150024414,140.73594665527344,87.81597900390625,110.3304214477539
2024-05-16,188.04745483398438,183.6300048828125,37.23918151855469,111.7305908203125,146.61764526367188,385.1419677734375,443.3154602050781,323.7417297363281,144.6007843017578,193.2352752685547,59.36585235595703,413.6973571777344,94.19599914550781,24.901330947875977,158.092529296875,446.5793151855469,514.802734375,174.83999633789062,496.1603698730469,62.68395233154297,43.60994338989258,40.75882339477539,104.68721008300781,73.84490203857422,140.57229614257812,87.24674224853516,109.66981506347656
2024-05-17,188.07716369628906,184.6999969482422,37.305641174316406,113.48350524902344,148.05569458007812,386.4308166503906,446.36944580078125,325.13970947265625,144.9381866455078,195.449462890625,59.09395217895508,412.930908203125,92.3192367553711,24.660236358642578,157.8853302001953,446.3619384765625,515.5427856445312,177.4600067138672,499.35858154296875,63.310691833496094,44.219974517822266,41.05838394165039,104.45545196533203,73.66593170166016,140.84182739257812,87.69329833984375,111.31668090820312
2024-05-20,189.23611450195312,183.5399932861328,36.859371185302734,112.71893310546875,146.6631317138672,384.6434020996094,441.8076171875,319.103759765625,142.9257049560547,186.65951538085938,58.66268539428711,417.9720153808594,94.61627197265625,24.56552505493164,157.57452392578125,449.47430419921875,516.1367797851562,174.9499969482422,492.3149108886719,62.85042190551758,43.93125534057617,40.4979248046875,105.683349609375,73.15730285644531,140.54342651367188,87.04061889648438,110.41416931152344
2024-05-21,190.53375244140625,183.14999389648438,37.6474609375,112.27139282226562,145.5982666015625,385.3003845214844,448.9366149902344,317.5262756347656,142.89736938476562,190.41983032226562,58.9814567565918,421.60791015625,95.2212142944336,24.591354370117188,158.5540313720703,450.3536376953125,517.402587890625,186.60000610351562,498.3305358886719,63.800331115722656,43.71704864501953,40.75882339477539,105.85594177246094,73.59058380126953,140.78407287597656,87.6000747680664,109.65121459960938
2024-05-22,189.0974578857422,183.1300048828125,37.75190353393555,110.20144653320312,143.41387939453125,383.2520446777344,441.2731628417969,312.2742919921875,145.03268432617188,189.26502990722656,59.065834045410156,423.0622863769531,94.78596496582031,25.48684310913086,158.04544067382812,450.2647705078125,515.9127807617188,180.11000061035156,496.23651123046875,63.89826583862305,42.878849029541016,40.52690887451172,106.09264373779297,73.29859924316406,141.03436279296875,86.68730163574219,107.44609832763672
2024-05-23,185.11541748046875,181.0500030517578,37.19169235229492,109.69793701171875,142.84046936035156,377.4548034667969,437.2362976074219,308.7792663574219,141.44227600097656,187.93841552734375,58.21266174316406,419.6033630371094,103.61969757080078,24.703290939331055,155.86044311523438,448.2392883300781,512.1444091796875,173.74000549316406,491.9342956542969,63.49674987792969,42.48767852783203,39.966453552246094,105.22965240478516,72.43204498291016,139.49417114257812,85.28382110595703,105.61314392089844
2024-05-24,188.18612670898438,180.75,37.69493103027344,109.32498168945312,143.5777130126953,377.4355163574219,440.1279296875,307.0885009765625,138.86288452148438,191.5555419921875,58.12827682495117,422.7085266113281,106.28507232666016,24.86688804626465,155.7097625732422,452.47802734375,515.5330810546875,179.24000549316406,483.69140625,64.02555847167969,42.5482177734375,40.20802307128906,106.11730194091797,72.62042999267578,139.02247619628906,86.14258575439453,105.52941131591797
2024-05-28,188.19606018066406,182.14999389648438,37.334129333496094,110.91939544677734,144.7518310546875,375.4644775390625,438.82049560546875,310.489013671875,136.41578674316406,190.40074157714844,57.95951843261719,422.86578369140625,113.70423126220703,24.36748504638672,153.61891174316406,454.187255859375,515.893310546875,176.75,479.417724609375,63.692623138427734,42.98594665527344,39.76352310180664,106.5660629272461,72.05529022216797,137.337890625,85.93157958984375,106.86921691894531
2024-05-29,188.49319458007812,182.02000427246094,36.76442337036133,107.46015167236328,142.8040313720703,371.580322265625,436.3010559082031,307.85357666015625,136.47244262695312,189.0741424560547,57.84701919555664,421.7357177734375,114.62663269042969,23.95418357849121,152.24383544921875,450.98602294921875,512.28076171875,176.19000244140625,461.3709716796875,63.57509994506836,42.22690963745117,39.44465255737305,105.89045715332031,71.53723907470703,136.2693634033203,85.36724853515625,105.72480010986328
2024-05-30,189.48374938964844,179.32000732421875,36.6789665222168,105.90303039550781,144.0418701171875,368.5850524902344,432.2780456542969,313.1040344238281,137.26609802246094,190.23849487304688,58.100154876708984,407.48687744140625,110.30909729003906,24.281383514404297,153.11976623535156,446.15447998046875,508.88238525390625,178.7899932861328,458.4488525390625,63.545719146728516,42.347984313964844,39.657230377197266,103.47411346435547,71.72561645507812,136.3367462158203,85.8727035522461,106.05974578857422
2024-05-31,190.4346923828125,176.44000244140625,37.97028350830078,108.60702514648438,147.71893310546875,374.4305419921875,438.3172302246094,318.51617431640625,138.5794219970703,193.38796997070312,59.00020217895508,407.93890380859375,109.44361114501953,24.677459716796875,154.9656982421875,445.3244934082031,513.517333984375,178.0800018310547,471.50799560546875,64.39771270751953,43.400390625,40.23701858520508,103.63684844970703,72.84648132324219,138.32937622070312,86.35360717773438,109.10224914550781
2024-06-03,192.19790649414062,178.33999633789062,37.865840911865234,106.17343139648438,143.31378173828125,373.18426513671875,436.83868408203125,311.9912109375,139.59042358398438,192.61492919921875,59.00020217895508,406.3567810058594,114.80133056640625,25.237136840820312,155.06932067871094,447.7155456542969,513.9360961914062,176.2899932861328,473.478271484375,64.45645904541016,42.264156341552734,39.98577880859375,103.89820098876953,72.81822967529297,139.3016357421875,86.31433868408203,106.48774719238281
2024-06-04,192.51487731933594,179.33999633789062,37.675941467285156,104.68157196044922,142.10325622558594,374.411376953125,437.1459045410156,312.22894287109375,139.64707946777344,190.07626342773438,59.94712829589844,408.86260986328125,116.23584747314453,25.392126083374023,157.29197692871094,448.9407958984375,514.510498046875,174.77000427246094,481.1404724121094,65.22029876708984,41.85903549194336,39.80217742919922,104.11519622802734,73.44930267333984,139.70596313476562,86.40267944335938,104.83158874511719
2024-06-05,194.02052307128906,181.27999877929688,37.941802978515625,104.64427947998047,141.05654907226562,375.39678955078125,443.2715148925781,314.1313171386719,137.9180450439453,188.26290893554688,59.92837142944336,416.66510009765625,122.22848510742188,25.443784713745117,156.3878631591797,457.9913330078125,520.6256713867188,175.0,478.88470458984375,65.70014190673828,41.85437774658203,39.91814041137695,106.42798614501953,73.28916931152344,140.3412628173828,86.90813446044922,105.25028228759766
2024-06-06,192.64361572265625,185.0,37.69493103027344,104.6163101196289,141.92120361328125,376.1698303222656,439.83428955078125,314.93023681640625,138.34323120117188,187.92886352539062,60.14402389526367,417.1662292480469,120.78897857666016,24.798006057739258,158.66705322265625,457.8331604003906,520.6158447265625,177.94000244140625,477.74249267578125,65.75890350341797,42.073238372802734,39.89881134033203,106.07292938232422,73.51522827148438,140.8033447265625,87.54116821289062,106.04114532470703
2024-06-07,195.03089904785156,184.3000030517578,38.000614166259766,104.42982482910156,142.0577392578125,375.35821533203125,436.7714538574219,311.0589904785156,138.96682739257812,190.83021545410156,59.91901397705078,416.50787353515625,120.67916870117188,24.608577728271484,157.3390655517578,457.4281005859375,519.9829711914062,177.47999572753906,467.05340576171875,64.51520538330078,41.90559387207031,40.0824089050293,106.31949615478516,73.14788055419922,140.9573516845703,87.18293762207031,104.90601348876953
2024-06-10,191.29647827148438,187.05999755859375,37.895530700683594,105.64195251464844,142.65843200683594,376.13116455078125,435.46563720703125,316.3189697265625,139.01406860351562,190.50572204589844,59.61899185180664,420.4582214355469,121.57960510253906,24.169445037841797,157.6122283935547,459.27581787109375,521.589599609375,173.7899932861328,471.1557922363281,65.57284545898438,42.222251892089844,39.92779541015625,106.59071350097656,73.09137725830078,141.47718811035156,87.46265411376953,105.21306610107422
2024-06-11,205.19398498535156,187.22999572753906,37.12177658081055,105.94964599609375,142.43092346191406,374.85565185546875,426.5557556152344,319.3246765136719,138.6644744873047,185.49517822265625,59.58148956298828,425.18487548828125,120.71105194091797,24.1350040435791,157.734619140625,462.42767333984375,522.845703125,170.66000366210938,472.3170471191406,65.34759521484375,42.138431549072266,39.473628997802734,108.5730972290039,73.05369567871094,140.88998413085938,87.23200988769531,104.36636352539062
2024-06-12,211.05812072753906,186.88999938964844,37.64716720581055,104.60699462890625,140.36483764648438,374.5852355957031,430.8090515136719,327.33349609375,137.3889617919922,182.79428100585938,58.95332717895508,433.41973876953125,124.99398803710938,23.816415786743164,155.56846618652344,468.4844055175781,527.139892578125,177.2899932861328,469.3187561035156,64.9363021850586,41.686729431152344,39.43498992919922,110.97465515136719,72.25309753417969,140.59156799316406,88.13986206054688,103.21263885498047
2024-06-13,212.21707153320312,183.8300018310547,37.503875732421875,103.39484405517578,139.10879516601562,373.8027038574219,428.5528259277344,330.89080810546875,137.42672729492188,184.8271026611328,59.056461334228516,433.9306640625,129.39674377441406,23.80780792236328,156.72689819335938,471.0237121582031,528.2013549804688,182.47000122070312,473.344970703125,65.3182144165039,41.30487823486328,39.4059944152832,111.8524398803711,72.3472671508789,140.4760284423828,88.20855712890625,102.38455200195312
2024-06-14,210.4835968017578,183.66000366210938,37.484771728515625,101.99623107910156,138.86306762695312,373.3968200683594,428.65838623046875,329.9015808105469,137.51174926757812,184.941650390625,59.098968505859375,434.903564453125,131.6630096435547,23.704483032226562,157.08477783203125,473.4642333984375,528.5226440429688,178.00999450683594,473.1736755371094,65.63159942626953,40.99753952026367,39.280372619628906,112.27159881591797,72.47914123535156,140.42791748046875,87.51172637939453,101.51924896240234
2024-06-17,214.62411499023438,184.05999755859375,37.74269485473633,102.13609313964844,139.4273681640625,375.44512939453125,432.23004150390625,332.4316711425781,137.89913940429688,186.08689880371094,59.16511154174805,440.6030578613281,130.7644805908203,23.230911254882812,157.7534637451172,479.2640380859375,532.7290649414062,187.44000244140625,467.6391906738281,66.0233154296875,41.104644775390625,39.62824249267578,113.972900390625,73.16674041748047,140.28350830078125,89.04772186279297,100.8214340209961
2024-06-18,212.26658630371094,182.80999755859375,38.20122528076172,102.01488494873047,139.5548095703125,375.9862365722656,439.19091796875,336.5882263183594,137.61570739746094,188.0147705078125,59.174556732177734,438.6082458496094,135.35690307617188,23.60115623474121,158.7517852783203,479.4122314453125,534.0827026367188,184.86000061035156,459.8202209472656,66.1995849609375,41.276939392089844,39.879486083984375,114.11592102050781,73.26092529296875,140.46641540527344,88.74835205078125,101.77047729492188
2024-06-20,207.7001190185547,186.10000610351562,38.20122528076172,103.80511474609375,142.56741333007812,378.81719970703125,439.7862548828125,336.17926025390625,139.62820434570312,189.60861206054688,58.749385833740234,437.9793395996094,130.56480407714844,23.88530158996582,157.91355895996094,475.7169189453125,532.6317138671875,181.57000732421875,463.13702392578125,66.60108184814453,42.03598403930664,40.092071533203125,112.83377075195312,73.10079956054688,140.928466796875,88.86123657226562,103.96627807617188
2024-06-21,205.5308074951172,189.0800018310547,37.72359085083008,103.8144302368164,141.32962036132812,378.9566955566406,432.23004150390625,338.4239807128906,140.54469299316406,187.34671020507812,59.30683517456055,441.9886779785156,126.36172485351562,23.88530158996582,158.46922302246094,474.4423522949219,531.9176635742188,183.00999450683594,461.2922668457031,66.50315856933594,41.79383087158203,39.93746566772461,112.63652801513672,73.15730285644531,141.32315063476562,89.61205291748047,103.0544662475586
2024-06-24,206.1746826171875,185.57000732421875,38.229888916015625,107.38555908203125,144.99752807617188,381.5130615234375,443.6651916503906,333.74432373046875,140.894287109375,189.80899047851562,60.44063186645508,439.9152526855469,117.91563415527344,24.419147491455078,158.64816284179688,469.04095458984375,530.1885986328125,182.5800018310547,468.3561706542969,67.47264099121094,42.84765625,40.34782791137695,109.87506866455078,73.9374008178711,142.1475067138672,89.22945404052734,106.1155776977539
2024-06-25,207.0959014892578,186.33999633789062,37.61851501464844,107.21772003173828,144.2239227294922,378.64678955078125,439.1429748535156,321.7976989746094,139.07073974609375,189.03598022460938,60.31779861450195,443.138427734375,125.88251495361328,24.100563049316406,157.14129638671875,474.40478515625,532.2302856445312,187.35000610351562,463.11798095703125,66.0233154296875,42.946231842041016,40.04708480834961,111.89059448242188,73.46290588378906,141.7029571533203,88.87043762207031,106.41331481933594
2024-06-26,211.2364044189453,193.61000061035156,37.25550842285156,105.9310073852539,141.9394073486328,378.85980224609375,437.6835632324219,325.1267395019531,138.72116088867188,188.42514038085938,60.51621627807617,444.3274841308594,126.1920166015625,23.60976791381836,157.70639038085938,475.38446044921875,532.8945922851562,196.3699951171875,462.6782531738281,66.87528228759766,42.52376174926758,39.79485321044922,111.76215362548828,73.31105041503906,141.20042419433594,90.15892028808594,106.4505386352539
2024-06-27,212.07839965820312,197.85000610351562,37.49432373046875,106.26667022705078,142.27618408203125,379.16973876953125,428.1783142089844,324.8128356933594,137.75746154785156,190.08578491210938,60.38394546508789,445.00555419921875,123.78598022460938,23.936965942382812,156.92465209960938,476.61163330078125,533.7346801757812,197.4199981689453,464.97235107421875,66.47376251220703,42.622344970703125,39.7463493347168,111.81648254394531,72.99788665771484,140.96849060058594,90.709716796875,106.90644073486328
2024-06-28,208.63125610351562,193.25,37.991065979003906,106.64895629882812,142.36717224121094,378.75323486328125,434.28472900390625,327.4285583496094,138.09759521484375,193.03485107421875,60.13829040527344,439.2077331542969,123.33671569824219,24.09195327758789,155.32362365722656,474.1375427246094,531.6343383789062,197.8800048828125,486.7852478027344,66.30729675292969,42.78664016723633,39.88216781616211,111.75719451904297,72.67522430419922,140.85250854492188,89.70154571533203,107.11114501953125
2024-07-01,214.703369140625,197.1999969482422,38.22032928466797,106.63031005859375,142.45822143554688,379.0727844238281,445.1725769042969,319.771728515625,138.36215209960938,196.07936096191406,59.788700103759766,448.8182678222656,124.09546661376953,24.298599243164062,153.25160217285156,476.91839599609375,532.7284545898438,209.86000061035156,472.8200378417969,66.08206176757812,42.81010437011719,39.969478607177734,112.60194396972656,72.16275024414062,140.06005859375,90.00646209716797,106.96226501464844
2024-07-02,218.1901397705078,200.0,39.099178314208984,106.40653991699219,142.66754150390625,380.844970703125,447.0448303222656,318.6112365722656,137.97474670410156,199.3052215576172,59.66587448120117,451.3241271972656,122.4681396484375,23.96279525756836,154.36289978027344,481.9259033203125,536.3135986328125,231.25999450683594,476.2515869140625,66.65985107421875,42.77724838256836,40.435142517089844,113.16510772705078,72.66572570800781,139.54788208007812,91.75721740722656,106.23652648925781
2024-07-03,219.4580535888672,197.58999633789062,39.07052230834961,107.0125961303711,142.6311492919922,380.39947509765625,449.2626953125,317.3462219238281,137.65350341796875,199.1715850830078,59.8359375,452.7882995605469,128.0689239501953,23.850860595703125,154.2970428466797,485.94378662109375,538.70703125,246.38999938964844,468.27008056640625,66.8263168334961,42.96501159667969,40.309024810791016,114.6915512084961,72.54236602783203,138.48484802246094,92.34244537353516,106.77617645263672
2024-07-05,224.2028045654297,200.0,38.60243225097656,104.9426498413086,140.44676208496094,381.24200439453125,446.2190856933594,318.24029541015625,138.39993286132812,196.532470703125,60.242210388183594,459.460693359375,125.62295532226562,24.152223587036133,155.5967559814453,491.0105895996094,541.8134765625,251.52000427246094,466.4730529785156,68.58901977539062,42.29375457763672,40.299320220947266,115.04228973388672,73.4344253540039,139.55755615234375,93.09486389160156,105.48287200927734
2024-07-08,225.66885375976562,199.2899932861328,38.80304718017578,104.64427947998047,140.46498107910156,381.0094909667969,446.2863464355469,323.0151672363281,137.45506286621094,196.8971405029297,59.48635482788086,458.1635437011719,127.9890365600586,24.04890251159668,156.83050537109375,492.1783142089844,542.4386596679688,252.94000244140625,467.744384765625,68.23648834228516,42.03558349609375,40.19260787963867,115.82775115966797,73.32054138183594,139.4029083251953,93.13912963867188,104.37567901611328
2024-07-09,226.52072143554688,199.33999633789062,39.5672607421875,103.6745834350586,139.23626708984375,380.50604248046875,453.9769287109375,320.62774658203125,138.93846130371094,199.2579345703125,59.23124694824219,451.5796203613281,131.16383361816406,23.868080139160156,156.02053833007812,492.6038513183594,542.966064453125,262.3299865722656,470.3921203613281,68.4519271850586,41.66474533081055,40.5030517578125,115.73389434814453,73.1307373046875,140.07940673828125,93.4489517211914,103.22193145751953
2024-07-10,230.7801055908203,199.7899932861328,39.872947692871094,104.92401123046875,141.19309997558594,384.6892395019531,459.79534912109375,327.37152099609375,141.18719482421875,199.42111206054688,59.363521575927734,458.1734313964844,134.68800354003906,24.410537719726562,157.09420776367188,497.74005126953125,548.3389892578125,263.260009765625,478.8228454589844,68.95137023925781,41.9463996887207,40.65827560424805,117.41348266601562,73.45342254638672,141.4033660888672,94.15220642089844,104.1337661743164
2024-07-11,225.4212188720703,195.0500030517578,39.939815521240234,106.28530883789062,141.3114013671875,385.0476379394531,460.1217956542969,336.5121765136719,141.44227600097656,199.08522033691406,59.61863708496094,446.82342529296875,127.19036102294922,24.677459716796875,155.90750122070312,486.82452392578125,543.61083984375,241.02999877929688,482.1014709472656,68.35399627685547,42.3829460144043,40.978416442871094,114.47419738769531,73.17818450927734,142.39874267578125,92.9571762084961,105.37123107910156
2024-07-12,228.36314392089844,194.49000549316406,39.729652404785156,105.4927749633789,141.61175537109375,387.6524963378906,460.745849609375,342.2001037597656,141.61236572265625,196.67642211914062,60.18552780151367,445.6933288574219,129.02732849121094,24.901330947875977,156.91526794433594,489.68450927734375,547.0397338867188,248.22999572753906,488.9550476074219,67.80561065673828,42.49091339111328,41.11423110961914,115.49677276611328,73.50084686279297,143.28785705566406,94.17188262939453,105.38983917236328
2024-07-15,232.1867218017578,192.72000122070312,40.016231536865234,106.82611083984375,143.84165954589844,389.62799072265625,472.60345458984375,340.9541015625,141.00765991210938,201.58038330078125,59.911529541015625,446.09625244140625,128.22865295410156,25.056320190429688,155.00338745117188,491.000732421875,548.5441284179688,252.63999938964844,492.6256408691406,68.16793823242188,43.13399887084961,41.71571731567383,115.7042465209961,73.07379913330078,142.78533935546875,94.06369018554688,107.19487762451172
2024-07-16,232.60275268554688,193.02000427246094,42.156044006347656,107.40421295166016,143.59591674804688,396.6968994140625,482.9631652832031,351.0934753417969,142.68002319335938,205.0064239501953,60.72407150268555,441.733154296875,126.1520767211914,25.400733947753906,157.2354736328125,491.1887512207031,551.7970581054688,256.55999755859375,524.6471557617188,68.54006958007812,43.326454162597656,42.191078186035156,115.31893157958984,73.77606201171875,144.8244171142578,95.75049591064453,107.9671401977539
2024-07-17,226.71884155273438,187.92999267578125,42.012752532958984,108.23403930664062,146.74505615234375,398.8950500488281,482.15667724609375,353.728271484375,147.94277954101562,208.12538146972656,61.61220932006836,435.8371276855469,117.79583740234375,25.85708999633789,159.58058166503906,476.7698974609375,544.0602416992188,248.5,547.9799194335938,69.55852508544922,43.7583122253418,42.51123046875,110.83342742919922,74.72506713867188,145.48155212402344,94.15220642089844,109.45582580566406
2024-07-18,222.06321716308594,183.75,41.08613967895508,108.72822570800781,147.41856384277344,393.8499450683594,466.8233947753906,348.201904296875,146.84677124023438,201.51319885253906,61.593318939208984,432.74169921875,120.89073944091797,25.581552505493164,158.63877868652344,474.5136413574219,539.8792114257812,249.22999572753906,539.4344482421875,69.35287475585938,43.83811569213867,41.99705123901367,110.84333038330078,74.35496520996094,142.17649841308594,93.19322204589844,110.5351333618164
2024-07-19,222.19195556640625,183.1300048828125,40.98106002807617,106.62098693847656,144.8519287109375,390.3855285644531,465.594482421875,345.61480712890625,146.15704345703125,201.32125854492188,61.68780517578125,429.53814697265625,117.73595428466797,25.805423736572266,159.13812255859375,470.3077087402344,536.2940673828125,239.1999969482422,540.380859375,69.28431701660156,43.35931396484375,41.570194244384766,109.10936737060547,74.10821533203125,142.90127563476562,92.36211395263672,107.99503326416016
2024-07-22,221.8452911376953,182.5500030517578,40.407894134521484,104.72819519042969,142.88600158691406,391.548095703125,467.620361328125,345.5101623535156,145.73187255859375,201.80111694335938,61.19649124145508,435.2672119140625,123.33671569824219,25.48684310913086,159.41287231445312,477.3142395019531,541.8232421875,251.50999450683594,533.8807983398438,68.92198944091797,43.08705520629883,41.80302429199219,111.6929931640625,74.15567016601562,143.72271728515625,93.38009643554688,107.25070190429688
2024-07-23,222.8853759765625,186.41000366210938,40.51297378540039,103.33891296386719,140.24649047851562,390.9086608886719,472.5265808105469,342.0574645996094,143.94613647460938,201.8490753173828,61.37601089477539,437.1440734863281,122.38827514648438,25.400733947753906,157.86846923828125,475.63189697265625,540.9733276367188,246.3800048828125,530.2198486328125,69.18640899658203,42.40172576904297,41.880638122558594,111.24838256835938,73.88995361328125,143.63575744628906,92.96207427978516,105.52010345458984
2024-07-24,216.47645568847656,180.8300018310547,40.30281448364258,103.59066009521484,141.13848876953125,386.2390441894531,467.2939147949219,333.20208740234375,147.6593475341797,200.1792449951172,62.179107666015625,421.4703369140625,114.06200408935547,25.81403350830078,159.17601013183594,458.57086181640625,528.7135009765625,215.99000549316406,535.0469970703125,69.13741302490234,42.406410217285156,41.308258056640625,106.64434051513672,73.82351684570312,144.83404541015625,89.16058349609375,107.00879669189453
2024-07-25,215.43638610839844,179.85000610351562,39.81562805175781,103.525390625,143.38658142089844,387.0332946777344,472.1041564941406,336.0365905761719,150.833984375,200.25601196289062,62.424774169921875,411.15228271484375,112.09524536132812,25.98624038696289,158.13375854492188,453.51385498046875,525.958740234375,220.25,534.9800415039062,68.56945037841797,43.13869094848633,41.46348571777344,105.50318908691406,73.73809814453125,144.10928344726562,88.8114242553711,109.26042938232422
2024-07-26,215.90194702148438,182.5,39.80607604980469,103.36688232421875,143.6595916748047,393.31121826171875,479.13226318359375,341.9528503417969,151.77882385253906,203.6820831298828,63.35071563720703,417.90325927734375,112.87394714355469,26.8681697845459,160.2277069091797,458.16510009765625,531.8492431640625,219.8000030517578,544.5770263671875,68.33441925048828,43.27482223510742,42.113468170166016,106.8419189453125,74.4878158569336,144.9210662841797,89.8048324584961,109.16738891601562
2024-07-29,216.17930603027344,183.1999969482422,39.25202178955078,101.7444839477539,142.53102111816406,392.8656311035156,473.0738525390625,344.00732421875,149.8135528564453,202.3480987548828,63.1428337097168,419.33795166015625,111.40637969970703,26.824508666992188,161.004638671875,459.08544921875,532.1619873046875,232.10000610351562,541.7380981445312,68.17772674560547,42.90398406982422,42.05526351928711,106.36769104003906,74.51629638671875,145.00802612304688,91.30477142333984,108.02295684814453
2024-07-30,216.73399353027344,181.7100067138672,39.43351745605469,102.48109436035156,145.23419189453125,394.7064514160156,485.5075378417969,345.9286804199219,152.43080139160156,206.5131378173828,63.945945739746094,415.59393310546875,103.55931091308594,27.409549713134766,153.20689392089844,452.7815246582031,529.4656982421875,222.6199951171875,550.895263671875,67.75663757324219,43.57054901123047,42.54032897949219,103.6951675415039,74.01332092285156,145.13365173339844,90.7982406616211,109.9489517211914
2024-07-31,219.98304748535156,186.97999572753906,38.50690841674805,103.68389129638672,146.0533447265625,395.75262451171875,488.7335205078125,350.1803894042969,149.14273071289062,204.21951293945312,63.057804107666016,411.1031799316406,116.82743835449219,26.667335510253906,152.31625366210938,466.18096923828125,538.0718994140625,232.07000732421875,550.7327880859375,67.21802520751953,43.75361633300781,42.43361282348633,108.08679962158203,73.88046264648438,144.6021270751953,92.20474243164062,110.33972930908203
2024-08-01,216.2981719970703,184.07000732421875,37.73314666748047,101.06382751464844,138.90858459472656,390.6567687988281,480.1788330078125,341.0682678222656,151.8922119140625,199.5746307373047,64.21049499511719,409.8846435546875,109.0302963256836,26.763385772705078,156.9873504638672,454.8894348144531,530.452392578125,216.86000061035156,547.4924926757812,68.34419250488281,42.59417724609375,41.832130432128906,104.05577850341797,74.56375122070312,146.08074951171875,89.94253540039062,108.81382751464844
2024-08-02,217.7840118408203,167.89999389648438,35.89902877807617,98.62091827392578,135.20423889160156,384.7469177246094,451.8742370605469,338.0721130371094,155.08575439453125,191.11029052734375,65.50491333007812,401.4139099121094,107.09347534179688,26.5712833404541,161.14674377441406,444.0926513671875,520.576171875,207.6699981689453,563.799560546875,67.04175567626953,41.495758056640625,40.803794860839844,101.13130950927734,75.21855926513672,145.79083251953125,86.63280487060547,108.74869537353516
2024-08-05,207.29400634765625,161.02000427246094,35.0106201171875,97.50201416015625,131.66372680664062,374.748779296875,440.7175598144531,332.91680908203125,152.3551788330078,187.04124450683594,64.34275817871094,388.3050231933594,100.28470611572266,25.968778610229492,159.23284912109375,430.8515319824219,505.4150695800781,198.8800048828125,544.806396484375,66.18978118896484,40.580413818359375,39.62023162841797,97.76223754882812,73.73809814453125,141.89622497558594,84.18373107910156,106.78546905517578
2024-08-06,205.2732391357422,161.92999267578125,35.268550872802734,98.64888763427734,130.36215209960938,377.8005065917969,451.47100830078125,336.6263122558594,150.200927734375,192.2619171142578,64.2955322265625,392.687744140625,104.07845306396484,25.602039337158203,159.26124572753906,434.9683532714844,510.0748291015625,200.63999938964844,543.2674560546875,66.33667755126953,40.82919692993164,40.26051712036133,99.09109497070312,74.25057220458984,142.5533905029297,85.11320495605469,106.2179183959961
2024-08-07,207.83880615234375,162.77000427246094,35.63154983520508,99.70252227783203,129.61585998535156,375.6788635253906,454.1497802734375,325.67840576171875,150.13478088378906,192.31947326660156,64.68290710449219,391.5282287597656,98.74724578857422,25.19163703918457,161.08987426757812,430.25775146484375,506.6654968261719,191.75999450683594,541.0977172851562,65.52387237548828,40.99349594116211,40.309024810791016,97.485595703125,74.32648468017578,141.103759765625,83.62800598144531,107.63218688964844
2024-08-08,211.2958221435547,165.8000030517578,36.50083923339844,100.9519271850586,131.50900268554688,382.21832275390625,466.40093994140625,331.328369140625,151.38198852539062,195.8319091796875,64.93801879882812,395.71441650390625,104.79727172851562,25.113048553466797,161.89523315429688,443.41973876953125,518.3782958984375,198.83999633789062,541.2506103515625,66.25834655761719,41.87598419189453,40.959014892578125,101.12637329101562,75.00028228759766,144.22525024414062,85.45252990722656,109.68842315673828
2024-08-09,214.19821166992188,166.94000244140625,36.567710876464844,101.26895904541016,131.96408081054688,382.8286437988281,470.7120056152344,331.61370849609375,151.7599334716797,197.50173950195312,64.8907699584961,398.9867248535156,104.57762908935547,24.92967987060547,161.58258056640625,445.7354431152344,520.6641235351562,200.0,534.1007690429688,66.54231262207031,41.96986389160156,41.13364028930664,101.58084869384766,75.1141586303711,144.9403839111328,85.73775482177734,110.58163452148438
2024-08-12,215.7254180908203,166.8000030517578,36.4626350402832,103.3350830078125,131.9913787841797,381.4916687011719,466.1417541503906,328.9219055175781,151.06076049804688,197.87600708007812,64.40889739990234,399.7630310058594,108.84060668945312,24.842363357543945,158.0485076904297,446.6953430175781,520.9376831054688,197.49000549316406,540.342529296875,67.27677917480469,42.1764030456543,40.920204162597656,102.41075897216797,74.73457336425781,144.38954162597656,85.3984375,110.72120666503906
2024-08-13,219.4344024658203,170.22999572753906,36.73965835571289,101.74793243408203,131.19952392578125,385.3863220214844,472.324951171875,332.973876953125,149.65292358398438,199.55545043945312,64.68290710449219,406.8383483886719,115.94889068603516,25.19163703918457,158.5032958984375,457.7790832519531,529.5046997070312,207.8300018310547,548.8975830078125,66.7186050415039,41.76802062988281,41.25974655151367,105.55754089355469,75.07621002197266,146.1387176513672,87.53768920898438,109.66053009033203
2024-08-14,219.8806610107422,170.10000610351562,37.07400894165039,102.67768859863281,131.67282104492188,387.61456298828125,478.8154296875,338.2908935546875,149.7379913330078,201.7626953125,64.7962875366211,409.6389465332031,117.88571166992188,25.217832565307617,159.93399047851562,457.9276123046875,531.17529296875,201.3800048828125,554.087890625,67.23760223388672,42.01211166381836,41.764225006103516,106.13551330566406,75.41786193847656,146.6605682373047,87.07050323486328,110.67469024658203
2024-08-15,222.8557586669922,177.58999633789062,37.28416442871094,104.46208190917969,133.6114501953125,393.2241516113281,479.1226806640625,342.4855041503906,150.31434631347656,203.01988220214844,64.86241912841797,414.4824523925781,122.6578369140625,25.069387435913086,159.1002197265625,469.4962463378906,540.2797241210938,214.13999938964844,554.0305786132812,71.66397857666016,42.514373779296875,42.152278900146484,109.18841552734375,76.196044921875,147.5786590576172,89.84909057617188,111.359375
2024-08-16,224.17471313476562,177.05999755859375,37.580299377441406,104.41512298583984,134.0392303466797,394.3750305175781,484.1537170410156,344.3782958984375,150.59776306152344,205.34231567382812,65.36318969726562,411.9622802734375,124.375,24.711380004882812,159.07177734375,470.09991455078125,541.4910278320312,216.1199951171875,552.1856689453125,72.13341522216797,42.467437744140625,42.46271514892578,109.37120056152344,76.40483093261719,147.7332763671875,90.06055450439453,110.83413696289062
2024-08-19,224.01605224609375,178.22000122070312,37.895530700683594,104.94104766845703,135.1344451904297,396.6729736328125,484.5570068359375,345.33892822265625,150.8245391845703,206.7626190185547,65.17422485351562,414.9746398925781,129.78610229492188,25.147977828979492,159.5739288330078,476.2751159667969,546.6683959960938,222.72000122070312,553.2372436523438,72.39857482910156,42.75377655029297,42.6955451965332,111.17428588867188,76.66107177734375,148.63204956054688,91.16708374023438,111.1717758178711
2024-08-20,224.63092041015625,178.8800048828125,36.95936584472656,103.16604614257812,133.16490173339844,396.13970947265625,477.5096435546875,349.3338317871094,151.32530212402344,205.87013244628906,65.5521469116211,418.1937561035156,127.04061889648438,25.23529815673828,161.45941162109375,475.275634765625,545.7796020507812,221.10000610351562,555.0247802734375,73.20388793945312,41.627197265625,42.559730529785156,110.78402709960938,77.0406494140625,149.23118591308594,91.08348083496094,107.46699523925781
2024-08-21,224.52182006835938,180.11000061035156,37.016685485839844,102.9500503540039,133.74473571777344,396.556640625,476.66473388671875,352.36810302734375,152.52523803710938,205.9468994140625,65.7316665649414,417.5440673828125,128.28855895996094,25.348812103271484,161.2225341796875,477.49237060546875,547.6551513671875,223.27000427246094,552.5585327148438,73.89131927490234,41.697608947753906,42.4918212890625,111.43611145019531,77.5626220703125,149.48243713378906,92.23424530029297,106.78231048583984
2024-08-22,222.66734313964844,176.1300048828125,37.484771728515625,103.27874755859375,134.12203979492188,395.0925598144531,477.9033203125,347.51708984375,153.39450073242188,207.89505004882812,65.50491333007812,409.0876159667969,123.536376953125,25.130516052246094,161.21307373046875,469.9218444824219,543.3568115234375,210.66000366210938,553.1798095703125,74.22523498535156,41.805572509765625,42.73435592651367,108.87226104736328,77.44873809814453,149.5791015625,90.64086151123047,107.6076889038086
2024-08-23,224.95819091796875,177.0399932861328,37.991065979003906,104.62174224853516,135.8614959716797,399.3102722167969,489.1080017089844,357.24749755859375,155.07632446289062,209.50732421875,65.93952178955078,410.3084411621094,129.15711975097656,25.23529815673828,160.2845458984375,475.018310546875,549.1302490234375,220.32000732421875,558.7142944335938,74.34307098388672,42.429893493652344,43.10300827026367,110.63583374023438,77.6670150756836,150.22657775878906,92.39161682128906,109.09896850585938
2024-08-26,225.29534912109375,175.5,38.13435363769531,106.65030670166016,136.67141723632812,400.1732177734375,487.6197814941406,355.8398132324219,155.52981567382812,210.3326416015625,66.93159484863281,407.0596618652344,126.25190734863281,25.252758026123047,161.40257263183594,470.4067077636719,547.8212280273438,213.2100067138672,561.2186279296875,74.66716766357422,42.81010437011719,43.238826751708984,109.24768829345703,78.2174301147461,150.14926147460938,91.67361450195312,111.43438720703125
2024-08-27,226.1383056640625,173.1199951171875,37.895530700683594,105.58907318115234,135.24485778808594,400.3381042480469,487.0341491699219,354.9552307128906,155.12998962402344,211.3019256591797,67.55519104003906,407.4042663574219,128.08889770507812,25.16543960571289,160.3603515625,471.8119812011719,548.5734252929688,209.2100067138672,561.4290161132812,74.76537322998047,42.411109924316406,43.46195602416992,109.90966033935547,78.40723419189453,150.38119506835938,91.43263244628906,110.37454986572266
2024-08-28,224.611083984375,170.8000030517578,38.16301727294922,105.32609558105469,134.3705596923828,398.8351745605469,483.2607421875,354.48919677734375,156.05345153808594,212.36717224121094,67.79139709472656,404.2146301269531,125.40331268310547,25.104318618774414,160.18032836914062,466.4580993652344,545.3887939453125,205.75,562.56640625,74.71626281738281,42.138851165771484,43.568668365478516,108.39307403564453,78.0750961303711,150.55516052246094,90.54743957519531,109.28655242919922
2024-08-29,227.88369750976562,172.1199951171875,38.3731689453125,107.4110107421875,135.67745971679688,401.32696533203125,489.7608947753906,351.25469970703125,156.3485565185547,213.25006103515625,68.07483673095703,406.6954345703125,117.3965072631836,25.078123092651367,161.09938049316406,465.7752685546875,545.4376831054688,206.27999877929688,565.462646484375,75.05016326904297,42.68806457519531,43.95672607421875,107.41496276855469,77.68598175048828,150.8740692138672,90.6556167602539,110.79661560058594
2024-08-30,227.10025024414062,178.5,38.92723083496094,106.86631774902344,136.16522216796875,403.5571594238281,492.8031921386719,352.6326599121094,157.90037536621094,215.73562622070312,68.47166442871094,410.6529541015625,119.17357635498047,25.331348419189453,162.53004455566406,471.3270263671875,550.6443481445312,214.11000061035156,564.1531372070312,75.84566497802734,42.84765625,44.37388229370117,108.84262084960938,78.30284881591797,151.9177703857422,92.02277374267578,110.618408203125
2024-09-03,220.92193603515625,176.25,38.87946319580078,103.16604614257812,133.1372833251953,397.7783203125,470.7923889160156,349.0346374511719,159.13795471191406,211.4170684814453,68.98186492919922,403.0726623535156,107.82228088378906,24.711380004882812,165.35354614257812,457.01708984375,539.3125,210.60000610351562,572.2589111328125,75.78672790527344,41.7821044921875,44.04403305053711,103.84336853027344,78.853271484375,151.6278533935547,90.75889587402344,108.30174255371094
2024-09-04,219.01785278320312,173.3300018310547,38.688411712646484,101.95453643798828,130.75360107421875,397.94317626953125,473.8636779785156,348.9676208496094,159.32835388183594,210.48619079589844,68.55670166015625,402.5410461425781,106.03523254394531,24.789968490600586,166.6610565185547,455.8295593261719,538.2088012695312,219.41000366210938,577.516357421875,75.85547637939453,41.20473098754883,44.0925407409668,103.57659912109375,79.223388671875,151.36695861816406,90.99494934082031,106.9792709350586
2024-09-05,220.53518676757812,177.88999938964844,38.34451675415039,100.91207885742188,129.7043914794922,396.0427551269531,471.1980895996094,346.26904296875,157.07211303710938,208.85472106933594,67.24339294433594,402.0389709472656,107.0335922241211,24.894752502441406,166.25364685058594,456.255126953125,536.8997192382812,230.1699981689453,569.2097778320312,75.58049011230469,40.885528564453125,43.60747528076172,103.41852569580078,78.9197006225586,149.28915405273438,92.02770233154297,106.14453125
2024-09-06,218.98812866210938,171.38999938964844,37.267642974853516,99.56907653808594,127.5231704711914,392.174072265625,463.2108154296875,344.5465393066406,156.49134826660156,203.89320373535156,67.21504974365234,395.45306396484375,102.66079711914062,24.938411712646484,166.36732482910156,444.0332946777344,527.8635864257812,210.72999572753906,570.5383911132812,75.2662353515625,40.373878479003906,42.967193603515625,100.7361068725586,78.75836181640625,148.77699279785156,89.70154571533203,105.64743041992188
2024-09-09,219.077392578125,175.39999389648438,37.95029830932617,99.17464447021484,129.12457275390625,396.61480712890625,471.8644714355469,349.7809753417969,158.61436462402344,208.06777954101562,67.88587188720703,399.4105224609375,106.2947998046875,25.680625915527344,166.8126678466797,449.7433776855469,533.7737426757812,216.27000427246094,567.8809814453125,75.95367431640625,40.6649055480957,43.60747528076172,102.38605499267578,79.36573028564453,149.8206787109375,91.00970458984375,107.87030792236328
2024-09-10,218.28402709960938,179.5500030517578,37.76762008666992,97.67200469970703,127.21947479248047,395.8487854003906,451.1575622558594,354.9006652832031,159.34739685058594,197.27142333984375,67.60242462158203,407.7586669921875,107.92211151123047,25.968778610229492,168.45181274414062,453.8998107910156,536.0986938476562,226.1699981689453,572.5935668945312,77.3973388671875,39.965484619140625,43.161216735839844,103.9174575805664,79.34675598144531,150.50682067871094,92.05228424072266,103.9404067993164
2024-09-11,220.8128662109375,184.52000427246094,37.4984016418457,96.32901000976562,126.8973388671875,396.8280944824219,455.0594177246094,354.5369873046875,156.91024780273438,198.8740692138672,67.15835571289062,416.461181640625,116.71762084960938,25.898921966552734,164.78504943847656,463.7564392089844,541.5985107421875,228.1300048828125,563.7230834960938,77.42678833007812,39.59465026855469,42.95748519897461,107.46436309814453,78.60652923583984,150.06228637695312,92.971923828125,102.90869903564453
2024-09-12,220.92193603515625,187.0,37.286865234375,96.63893127441406,128.1213836669922,399.44598388671875,457.8506164550781,358.307373046875,156.7388916015625,198.26950073242188,67.30007934570312,420.3596496582031,118.9541244506836,25.46232795715332,164.3586883544922,468.30865478515625,546.1605224609375,229.80999755859375,562.45166015625,78.23209381103516,39.95140838623047,43.05449676513672,108.35356140136719,79.09053039550781,150.60345458984375,94.0194320678711,104.32495880126953
2024-09-13,220.6541748046875,186.49000549316406,37.161869049072266,97.20242309570312,129.40989685058594,402.3257751464844,462.6120300292969,363.6279602050781,157.57666015625,196.0814208984375,67.93270111083984,423.8937683105469,118.91417694091797,25.558378219604492,164.93667602539062,470.4067077636719,549.0130004882812,230.2899932861328,568.0914306640625,79.1552505493164,40.176719665527344,43.18061065673828,108.89696502685547,79.65042877197266,150.91273498535156,94.65872955322266,104.24992370605469
2024-09-16,214.5254669189453,184.88999938964844,37.594547271728516,99.12769317626953,130.77200317382812,404.6915283203125,468.57110595703125,365.56097412109375,158.97610473632812,199.47866821289062,68.58909606933594,424.632080078125,116.5978012084961,26.256935119628906,167.93067932128906,468.3284912109375,549.8237915039062,226.77999877929688,565.1367797851562,79.115966796875,40.636741638183594,43.74329376220703,108.48200225830078,79.96361541748047,151.95645141601562,94.49645233154297,105.71308135986328
2024-09-17,214.99156188964844,186.8800048828125,38.0272216796875,101.70097351074219,131.98684692382812,404.57525634765625,468.7931823730469,366.7380065917969,159.05227661132812,200.8126220703125,68.30370330810547,428.3828430175781,115.40966796875,26.047365188598633,166.64212036132812,468.575927734375,550.0484619140625,227.8699951171875,554.412353515625,77.19108581542969,41.185951232910156,43.97612762451172,108.26957702636719,79.20439910888672,150.39085388183594,94.97840118408203,107.09181213378906
2024-09-18,218.8592071533203,186.42999267578125,38.09452438354492,102.01087951660156,132.49305725097656,403.53778076171875,468.0108947753906,367.4748229980469,158.17642211914062,199.1619873046875,68.25614929199219,424.1103210449219,113.19313049316406,25.97751235961914,164.78504943847656,466.5471496582031,548.417236328125,227.1999969482422,556.9928588867188,77.61338806152344,41.265743255615234,43.84030532836914,107.28158569335938,78.90071868896484,150.13961791992188,94.79151916503906,107.46699523925781
2024-09-19,226.9713134765625,189.8699951171875,39.29639434814453,103.82345581054688,133.44100952148438,408.5990295410156,486.6026611328125,373.5323181152344,156.91024780273438,201.99301147460938,67.1811752319336,431.8678283691406,117.68611145019531,25.898921966552734,162.53004455566406,478.3434143066406,557.775634765625,243.9199981689453,553.5586547851562,76.6411361694336,41.758628845214844,44.32537078857422,110.4678726196289,78.43570709228516,150.68077087402344,96.95046997070312,108.79884338378906
2024-09-20,226.30691528320312,191.60000610351562,38.7194938659668,103.1848373413086,134.07603454589844,408.99591064453125,481.3872985839844,373.0729064941406,156.28192138671875,202.57843017578125,68.15150451660156,428.50091552734375,115.81902313232422,25.689359664916992,165.06930541992188,477.4330139160156,556.8114013671875,238.25,551.5728759765625,77.64282989501953,41.66474533081055,44.29627227783203,109.92941284179688,78.81531524658203,150.06228637695312,96.72915649414062,108.1141586303711
2024-09-23,224.5912322998047,193.8800048828125,38.334896087646484,103.01579284667969,135.7878875732422,409.52099609375,480.4022216796875,375.0824890136719,155.38702392578125,202.91433715820312,68.23710632324219,426.76837158203125,116.07862091064453,25.593305587768555,164.6429443359375,478.69854736328125,558.2027587890625,250.0,550.0476684570312,78.89009094238281,42.1792106628418,44.24271774291992,109.90912628173828,79.27230834960938,149.76837158203125,97.90448760986328,110.07442474365234
2024-09-24,225.48377990722656,193.9600067138672,37.931068420410156,102.28323364257812,135.70506286621094,410.51287841796875,480.9913330078125,383.40789794921875,154.96815490722656,203.05825805664062,67.8565902709961,422.495849609375,120.68142700195312,25.759212493896484,164.14077758789062,481.0075988769531,559.7999267578125,254.27000427246094,551.7552490234375,79.2239990234375,42.07509231567383,43.87273025512695,110.6613540649414,79.08148193359375,149.4676971435547,98.761962890625,109.78366088867188
2024-09-25,224.49209594726562,192.52999877929688,37.738765716552734,99.29674530029297,132.50225830078125,407.5858154296875,474.34661865234375,379.8385009765625,152.89279174804688,201.71473693847656,67.97074127197266,425.39013671875,123.31731414794922,25.261493682861328,163.21224975585938,481.4535217285156,558.5653076171875,257.0199890136719,552.8295288085938,79.94090270996094,41.25157165527344,43.60984420776367,110.97807312011719,78.88114166259766,148.01268005371094,98.40714263916016,107.64519500732422
2024-09-26,225.6325225830078,191.16000366210938,37.99837875366211,96.0848388671875,130.67996215820312,410.0169982910156,479.9289855957031,379.618408203125,153.64486694335938,201.32125854492188,67.92317962646484,424.60260009765625,123.84648132324219,25.296419143676758,164.1123504638672,485.07073974609375,560.7798461914062,254.22000122070312,551.390625,78.48743438720703,40.44225311279297,43.83378219604492,112.44789123535156,79.06240844726562,148.50738525390625,98.8260269165039,105.79750061035156
2024-09-27,225.90028381347656,187.97000122070312,37.88300323486328,98.34818267822266,133.9011688232422,411.3103332519531,481.464599609375,382.3265686035156,153.6543731689453,202.0122528076172,68.29420471191406,421.36370849609375,121.21060180664062,25.401203155517578,164.4345245361328,482.37518310546875,559.9664916992188,260.4599914550781,558.143798828125,78.3499526977539,41.26576614379883,43.96036148071289,111.39873504638672,79.20551300048828,148.42979431152344,98.97386169433594,108.6300277709961
2024-09-30,231.0670928955078,186.3300018310547,38.1522216796875,98.87411499023438,135.53939819335938,411.4757080078125,478.1808166503906,387.7524108886719,154.28269958496094,202.35769653320312,68.36079406738281,423.6082458496094,121.25053405761719,25.27022361755371,164.10287475585938,483.6832580566406,562.2103881835938,261.6300048828125,560.8585815429688,79.30255889892578,41.554473876953125,44.12587356567383,111.7253646850586,79.18643951416016,149.3997802734375,98.74224853515625,109.94310760498047
2024-10-01,224.33340454101562,185.1300048828125,37.70992660522461,102.71525573730469,137.7758331298828,409.9001770019531,473.40972900390625,391.4366455078125,154.21607971191406,198.69174194335938,68.21809387207031,414.147705078125,116.81746673583984,25.034460067749023,163.95126342773438,476.9444274902344,557.173828125,258.0199890136719,559.5347900390625,79.813232421875,42.50104522705078,43.892208099365234,109.00349426269531,78.9193115234375,148.61410522460938,98.34307098388672,112.48487091064453
2024-10-02,224.898681640625,184.75999450683594,37.71954345703125,103.64501190185547,138.92628479003906,410.2989807128906,475.1675109863281,393.5514831542969,153.43539428710938,198.93167114257812,67.55218505859375,410.6430969238281,118.66458129882812,24.982070922851562,162.89007568359375,477.61834716796875,557.4089965820312,249.02000427246094,568.1776733398438,78.98829650878906,42.936466217041016,43.940887451171875,109.81014251708984,78.25146484375,148.31336975097656,97.51023864746094,113.97615814208984
2024-10-03,223.7978973388672,181.9600067138672,37.738765716552734,105.57965850830078,139.20236206054688,408.422119140625,469.4789123535156,393.857666015625,152.79757690429688,196.95472717285156,67.0860366821289,410.062255859375,122.65834045410156,24.746309280395508,161.1846466064453,477.2615661621094,556.3900146484375,240.66000366210938,568.5997314453125,78.98829650878906,43.693721771240234,43.707210540771484,110.26544189453125,77.46914672851562,146.9747772216797,96.38175201416016,114.97037506103516
2024-10-04,224.91851806640625,186.50999450683594,38.56565856933594,107.57067108154297,138.7329864501953,411.7576599121094,478.2291259765625,390.7763671875,152.59764099121094,203.94537353515625,66.75308227539062,409.5897216796875,124.72510528564453,24.95587730407715,160.009765625,482.9400329589844,561.4461059570312,250.0800018310547,567.1129760742188,79.4891586303711,44.10074996948242,44.44718551635742,111.49275970458984,77.72673797607422,147.0911865234375,97.6580810546875,117.0806884765625
2024-10-07,219.85092163085938,180.8000030517578,38.42143630981445,107.7397232055664,139.08273315429688,408.06231689453125,477.7075500488281,390.4892578125,151.87411499023438,203.6653289794922,65.64956665039062,403.1711120605469,127.52074432373047,25.49725914001465,158.3422088623047,477.7669372558594,556.370361328125,240.8300018310547,559.7841186523438,77.68214416503906,44.256935119628906,43.901939392089844,110.72569274902344,76.95396423339844,146.44126892089844,96.1402587890625,117.587158203125
2024-10-08,223.8970489501953,182.72000122070312,38.39258575439453,104.0582504272461,136.90151977539062,409.21954345703125,479.5909118652344,396.3457336425781,152.0264434814453,203.49156188964844,65.81129455566406,408.2607116699219,132.6826629638672,25.479787826538086,159.32762145996094,484.9022216796875,561.63232421875,244.5,557.8848876953125,78.28119659423828,43.10211944580078,44.15509033203125,112.7943115234375,77.3355712890625,147.23666381835938,97.07659149169922,114.46388244628906
2024-10-09,227.63575744628906,185.1699981689453,38.642578125,104.21790313720703,137.72979736328125,413.3525695800781,487.9065246582031,398.15435791015625,152.94036865234375,206.06961059570312,66.18228912353516,410.9679260253906,132.44305419921875,26.361717224121094,160.37928771972656,488.7176208496094,565.5224609375,241.0500030517578,567.1320190429688,78.95883178710938,43.362422943115234,44.56401824951172,114.05625915527344,77.80307006835938,148.74017333984375,97.77143096923828,114.51078033447266
2024-10-10,227.13992309570312,186.64999389648438,38.43104553222656,105.05374908447266,138.62255859375,412.9732971191406,486.49639892578125,392.3074645996094,152.8070831298828,205.5095672607422,65.87788391113281,409.37310791015625,134.59970092773438,25.6195011138916,160.07611083984375,488.1626281738281,564.5327758789062,238.77000427246094,573.3480834960938,78.18299102783203,43.65585708618164,44.427711486816406,114.02657318115234,77.45960998535156,148.18728637695312,97.28849029541016,115.49559020996094
2024-10-11,225.6623077392578,188.82000732421875,40.33481216430664,103.76709747314453,139.3588104248047,416.93121337890625,498.6462707519531,394.16387939453125,153.7115020751953,214.6341094970703,66.18228912353516,409.8456726074219,134.5897216796875,25.46232795715332,162.1036834716797,488.92578125,567.913330078125,217.8000030517578,573.683837890625,78.66421508789062,43.925636291503906,45.284523010253906,114.22452545166016,77.88892364501953,149.27366638183594,96.87454223632812,115.9364242553711
2024-10-14,229.38119506835938,187.5399932861328,40.29635238647461,102.80917358398438,139.69015502929688,419.03179931640625,504.8757629394531,397.5323791503906,153.84478759765625,213.85198974609375,66.91480255126953,412.621826171875,137.8546142578125,25.392471313476562,163.44908142089844,493.028564453125,572.5579223632812,219.16000366210938,580.734375,78.85079956054688,43.90670394897461,45.56687927246094,115.7141342163086,78.20376586914062,150.09820556640625,97.29833984375,116.37725067138672
2024-10-15,231.9100341796875,187.69000244140625,40.51749801635742,98.8083724975586,135.96273803710938,415.7740173339844,504.5184631347656,397.6854248046875,156.22479248046875,214.7306671142578,66.91480255126953,412.22802734375,131.39471435546875,25.70682144165039,164.4534454345703,486.4383850097656,568.1093139648438,219.57000732421875,533.6251831054688,80.1864242553711,42.4915771484375,45.66425323486328,113.17042541503906,78.69987487792969,148.26487731933594,97.51023864746094,112.87879180908203
2024-10-16,229.85719299316406,186.88999938964844,41.1520881652832,98.76142120361328,136.88308715820312,418.86651611328125,511.7425842285156,400.5849914550781,156.3961639404297,215.9376220703125,67.13359069824219,409.6487731933594,135.5082550048828,25.907655715942383,163.32595825195312,486.497802734375,570.5785522460938,221.3300018310547,548.0620727539062,79.7641372680664,42.69508743286133,46.22896957397461,113.52179718017578,78.64263153076172,148.68197631835938,98.02275848388672,113.16956329345703
2024-10-17,230.22412109375,187.52999877929688,40.95978927612305,99.69117736816406,139.15634155273438,420.54888916015625,510.9120178222656,397.7045593261719,156.57705688476562,216.69073486328125,66.4962158203125,410.2394714355469,136.71636962890625,25.558378219604492,163.23118591308594,486.834716796875,570.62744140625,220.88999938964844,542.9683837890625,79.44004821777344,42.89860534667969,46.35554504394531,113.86820983886719,78.28963470458984,147.81866455078125,97.93405151367188,112.87879180908203
2024-10-18,233.0504913330078,188.99000549316406,40.69057083129883,99.2403793334961,138.74220275878906,420.87872314453125,510.42919921875,397.1304626464844,157.19581604003906,217.60801696777344,67.00993347167969,411.6570739746094,137.78469848632812,25.514720916748047,163.23785400390625,490.0257873535156,572.822509765625,220.6999969482422,546.4025268554688,79.8525161743164,42.75661849975586,46.36528015136719,114.27401733398438,78.46134948730469,148.53648376464844,98.31843566894531,112.5599136352539
2024-10-21,234.51820373535156,189.07000732421875,40.152130126953125,98.60176086425781,138.86183166503906,417.6975402832031,500.094970703125,388.9007568359375,155.0157470703125,215.31964111328125,66.06813049316406,412.2674560546875,143.4857940673828,25.261493682861328,161.57955932617188,490.9672546386719,571.8817138671875,218.85000610351562,548.1867065429688,79.36148071289062,42.62882995605469,45.99529266357422,114.8084945678711,77.80307006835938,146.79046630859375,97.55460357666016,112.62555694580078
2024-10-22,233.90333557128906,189.6999969482422,40.67134094238281,98.61116027832031,138.89866638183594,417.63916015625,500.57794189453125,384.5466613769531,155.6060028076172,216.40106201171875,66.06813049316406,420.8616943359375,143.36598205566406,25.182905197143555,161.7320556640625,491.5024108886719,571.5780029296875,217.97000122070312,546.6422729492188,80.54978942871094,42.72821807861328,45.90766525268555,114.68972778320312,78.24192810058594,146.5770721435547,97.16036224365234,113.20706939697266
2024-10-23,228.84567260742188,184.7100067138672,40.70979690551758,98.15096282958984,138.49368286132812,413.6020202636719,499.5155334472656,382.4318542480469,157.90037536621094,215.71554565429688,64.69825744628906,417.9969177246094,139.34228515625,25.200368881225586,161.61767578125,483.9706726074219,566.3552856445312,213.64999389648438,541.6350708007812,81.77738189697266,42.505775451660156,45.86872100830078,113.04669189453125,78.08928680419922,145.88836669921875,95.63268280029297,112.80375671386719
2024-10-24,228.65724182128906,186.3800048828125,41.00786209106445,98.01948547363281,138.46609497070312,412.2595520019531,506.5659484863281,385.34088134765625,155.8154296875,217.23146057128906,64.02283477783203,418.1249084472656,140.19094848632812,25.00826644897461,161.65579223632812,487.8951416015625,567.5801391601562,260.4800109863281,537.9609985351562,81.551513671875,42.50104522705078,45.90766525268555,113.37828063964844,77.98432922363281,144.92807006835938,98.64861297607422,112.16598510742188
2024-10-25,229.4902801513672,187.8300018310547,40.277122497558594,98.19791412353516,138.79745483398438,409.69134521484375,495.0727844238281,381.7332458496094,153.1593475341797,214.6533966064453,63.66134262084961,421.4916687011719,141.31918334960938,24.842363357543945,160.32156372070312,490.86810302734375,567.3840942382812,269.19000244140625,541.558349609375,81.031005859375,42.486846923828125,45.401363372802734,113.9671859741211,77.3355712890625,144.13265991210938,98.95906829833984,112.07218933105469
2024-10-28,231.46376037597656,188.38999938964844,40.97901916503906,96.9770278930664,138.54891967773438,412.54168701171875,505.6773986816406,385.5418701171875,153.84478759765625,217.73355102539062,63.42350769042969,419.9560241699219,140.30078125,25.200368881225586,161.35084533691406,490.94744873046875,569.1381225585938,262.510009765625,542.2106323242188,81.26670837402344,42.21706771850586,45.96607971191406,113.93255615234375,77.47868347167969,144.3460693359375,99.1906967163086,111.51880645751953
2024-10-29,231.73153686523438,190.8300018310547,40.89248275756836,96.0942153930664,136.68983459472656,411.01434326171875,506.35345458984375,378.05859375,152.4072265625,215.22308349609375,62.36756134033203,425.2326354980469,141.02963256835938,24.851089477539062,159.3208465576172,495.6646423339844,570.0592041015625,259.5199890136719,539.227294921875,80.23552703857422,41.573402404785156,45.683719635009766,115.46668243408203,76.71543884277344,143.9483642578125,98.67324829101562,109.99937438964844
2024-10-30,228.19114685058594,192.72999572753906,40.68095016479492,96.71406555175781,136.2572784423828,410.2847900390625,506.4693603515625,375.618408203125,152.9022979736328,216.6810760498047,62.710025787353516,425.8035888671875,139.12258911132812,24.90348243713379,158.3582763671875,491.91864013671875,568.3346557617188,257.54998779296875,540.0235595703125,79.93109130859375,41.66805648803711,45.888187408447266,113.63067626953125,76.59141540527344,143.6767578125,98.53526306152344,109.44600677490234
2024-10-31,224.03590393066406,186.39999389648438,40.209815979003906,102.87490844726562,136.9659423828125,406.3156433105469,500.0853271484375,376.79541015625,152.18829345703125,214.27685546875,62.12973403930664,400.03076171875,132.55287170410156,24.711380004882812,157.4242706298828,479.5012512207031,557.1934204101562,249.85000610351562,541.5006713867188,80.48104095458984,41.928367614746094,45.255313873291016,109.98336029052734,76.43876647949219,142.46426391601562,97.0273208618164,109.53042602539062
2024-11-01,221.06077575683594,197.92999267578125,40.152130126953125,101.27835083007812,140.8773956298828,408.99090576171875,501.59197998046875,375.68536376953125,152.44534301757812,215.26171875,61.84434509277344,403.9881591796875,135.1887664794922,24.52800941467285,157.34803771972656,483.049072265625,559.545166015625,248.97999572753906,544.4361572265625,80.71674346923828,41.663326263427734,45.41109848022461,110.80982208251953,76.46737670898438,143.3081817626953,98.60426330566406,107.81401824951172
2024-11-04,220.16824340820312,195.77999877929688,39.73868942260742,102.23628234863281,141.70570373535156,406.685302734375,493.9814453125,378.53704833984375,150.64601135253906,212.21055603027344,61.939476013183594,402.10791015625,135.83773803710938,24.239858627319336,157.32896423339844,481.641845703125,558.3399047851562,242.83999633789062,535.044921875,80.97207641601562,42.392189025878906,45.06058120727539,110.72569274902344,76.67727661132812,142.3672637939453,98.26423645019531,111.24681854248047
2024-11-05,221.59628295898438,199.5,40.26750946044922,102.56499481201172,141.19032287597656,410.81982421875,508.9418640136719,382.8624572753906,150.75076293945312,213.86163330078125,62.18681335449219,405.0612487792969,139.69171142578125,24.440690994262695,157.97705078125,487.78607177734375,565.0912475585938,251.44000244140625,543.9276733398438,82.18003845214844,42.67616271972656,45.479251861572266,112.28457641601562,77.16384887695312,143.41488647460938,100.00381469726562,111.57508087158203
2024-11-06,220.8723602294922,207.08999633789062,43.66159439086914,106.7160415649414,145.1570281982422,425.3439636230469,575.6017456054688,371.6471252441406,150.30331420898438,238.55101013183594,60.5981330871582,413.6456604003906,145.38284301757812,23.890581130981445,153.48817443847656,501.035888671875,579.1426391601562,288.5299987792969,572.3792724609375,81.94434356689453,44.28059005737305,48.244422912597656,115.48153686523438,75.90448760986328,143.5991668701172,103.20208740234375,113.48844909667969
2024-11-07,225.59286499023438,210.0500030517578,43.04623794555664,105.56090545654297,144.2826690673828,425.49957275390625,562.2639770507812,382.24041748046875,149.20848083496094,228.2388153076172,60.560081481933594,418.81396484375,148.64776611328125,23.9778995513916,155.73736572265625,508.9243469238281,583.6206665039062,296.9100036621094,580.7824096679688,82.34699249267578,44.07707595825195,47.46550369262695,117.49571228027344,76.18116760253906,144.6370849609375,104.52771759033203,113.62913513183594
2024-11-08,225.32484436035156,208.17999267578125,43.39237594604492,105.53251647949219,144.42991638183594,428.1456604003906,569.111572265625,388.4222717285156,148.0089569091797,228.8181610107422,60.80742263793945,415.96893310546875,147.399658203125,23.694133758544922,159.83547973632812,509.51898193359375,586.1486206054688,321.2200012207031,590.7202758789062,83.30941772460938,44.370521545410156,47.89391326904297,117.36705017089844,77.10660552978516,145.67495727539062,106.01103973388672,113.59162139892578
2024-11-11,222.61447143554688,206.83999633789062,44.3057975769043,105.96754455566406,144.03419494628906,430.9667663574219,581.7444458007812,390.70941162109375,147.599609375,231.048583984375,60.27469253540039,411.5094299316406,145.03338623046875,23.268491744995117,158.234375,509.2217712402344,586.7072143554688,350.0,599.7756958007812,82.70053100585938,44.62136459350586,48.57546615600586,116.71875762939453,76.83946228027344,144.8213653564453,108.14979553222656,112.99134826660156
2024-11-12,222.61447143554688,208.91000366210938,44.094268798828125,104.63408660888672,142.92054748535156,427.4452209472656,572.3278198242188,385.7236633300781,145.3147735595703,231.30931091308594,60.12248229980469,416.45135498046875,148.0586395263672,23.22415542602539,158.05328369140625,508.3000183105469,584.8846435546875,328.489990234375,589.6266479492188,83.46656036376953,44.38472366333008,48.429420471191406,116.86721801757812,76.92532348632812,142.80377197265625,106.70588684082031,112.87879180908203
2024-11-13,223.49807739257812,214.10000610351562,44.1038818359375,105.75003051757812,146.07736206054688,427.853759765625,573.9019165039062,392.5275573730469,145.88600158691406,232.8542022705078,59.932220458984375,418.5875549316406,146.04180908203125,23.694133758544922,158.758544921875,507.64599609375,585.168701171875,330.239990234375,581.1851196289062,83.9674072265625,44.730220794677734,48.4586296081543,116.4614028930664,77.15431213378906,142.42544555664062,107.6175765991211,113.92927551269531
2024-11-14,226.5757293701172,211.47999572753906,44.13273239135742,106.79032135009766,148.91201782226562,425.8011169433594,568.4838256835938,388.25006103515625,144.5817108154297,233.53973388671875,59.50413513183594,420.2513122558594,146.53102111816406,23.073406219482422,159.2350616455078,504.1179504394531,581.4060668945312,311.17999267578125,568.9835205078125,82.95587921142578,44.90060043334961,48.332054138183594,116.06548309326172,76.96349334716797,140.1847686767578,106.08988952636719,114.00492858886719
2024-11-15,223.37892150878906,202.61000061035156,44.95000457763672,106.22289276123047,148.5623016357422,422.95489501953125,573.2452392578125,390.6040954589844,146.60951232910156,236.8612823486328,58.73358154296875,408.54620361328125,141.75848388671875,21.991561889648438,161.57955932617188,492.10693359375,573.9591674804688,320.7200012207031,568.1009521484375,82.73981475830078,44.83434295654297,48.555992126464844,113.18525695800781,76.28612518310547,137.58514404296875,105.18314361572266,112.82288360595703
2024-11-18,226.37716674804688,201.6999969482422,44.92116165161133,107.58472442626953,149.46412658691406,422.6434020996094,567.8850708007812,392.76678466796875,147.34255981445312,236.59091186523438,58.84772872924805,409.2944030761719,139.93133544921875,22.044771194458008,162.73275756835938,495.5259094238281,576.310791015625,338.739990234375,565.6260986328125,82.57286834716797,45.4306755065918,48.70204162597656,113.55148315429688,76.82038116455078,137.68215942382812,106.1539535522461,113.76850891113281
2024-11-19,226.63531494140625,204.61000061035156,44.62309265136719,106.95108795166016,148.38565063476562,421.3293151855469,561.5009765625,389.28350830078125,145.6575164794922,234.71771240234375,59.54218673706055,411.2928466796875,146.78062438964844,22.257591247558594,162.74224853515625,498.93499755859375,578.4175415039062,346.0,553.4913940429688,85.04769134521484,45.14197540283203,48.380733489990234,114.48187255859375,76.92532348632812,136.9740447998047,106.2328109741211,112.17985534667969
2024-11-20,227.35011291503906,202.8800048828125,44.28657150268555,107.27263641357422,149.99407958984375,422.7407531738281,562.0322265625,382.77630615234375,145.76222229003906,232.48728942871094,59.92271423339844,409.0285949707031,145.6623992919922,22.115711212158203,162.8661651611328,498.6476135253906,578.6134033203125,342.0299987792969,576.0339965820312,85.61730194091797,45.59632873535156,48.23468780517578,114.38289642333984,76.53416442871094,138.5939483642578,105.7646484375,113.7779769897461
2024-11-21,226.87356567382812,198.3800048828125,44.671165466308594,105.82569885253906,150.2729949951172,427.2962341308594,575.7273559570312,392.7763366699219,148.0375213623047,236.3302001953125,60.655208587646484,407.26287841796875,146.44119262695312,22.284191131591797,164.63885498046875,500.4413146972656,581.7196655273438,339.6400146484375,573.1466674804688,86.80561065673828,45.96549606323242,48.848087310791016,115.5458755493164,77.36418914794922,139.70944213867188,105.951904296875,115.30043029785156
2024-11-22,228.21383666992188,197.1199951171875,45.19038391113281,105.683837890625,150.9517059326172,431.3748474121094,582.1693725585938,401.9151611328125,147.72335815429688,239.9897003173828,60.80742263793945,411.3367919921875,141.72853088378906,22.745304107666016,168.00308227539062,501.24407958984375,583.5225830078125,352.55999755859375,566.7963256835938,88.8188705444336,46.03648376464844,49.393333435058594,115.60525512695312,78.0797348022461,139.83555603027344,107.47957611083984,115.16803741455078
2024-11-25,231.19223022460938,201.4499969482422,45.6711311340332,100.34052276611328,149.0922393798828,435.6578369140625,582.4107055664062,410.2118225097656,148.30409240722656,241.6697540283203,61.245018005371094,413.1024475097656,135.8077850341797,23.206418991088867,169.06097412109375,502.0368347167969,585.5020141601562,338.5899963378906,581.1468505859375,87.89572143554688,45.12778091430664,49.714637756347656,115.60030364990234,78.5090560913086,141.02867126464844,108.57852172851562,113.44700622558594
2024-11-26,233.36643981933594,207.86000061035156,45.9114990234375,100.98362731933594,151.1097412109375,436.94281005859375,584.7963256835938,411.02520751953125,148.28489685058594,241.3607940673828,61.40674591064453,422.1775207519531,136.70639038085938,22.851716995239258,170.89083862304688,504.732421875,588.5591430664062,338.2300109863281,582.0677490234375,89.67327880859375,45.066253662109375,49.8120002746582,116.17932891845703,78.83342742919922,141.78526306152344,108.9727783203125,111.5557632446289
2024-11-27,233.2373809814453,205.74000549316406,45.93072509765625,101.56051635742188,150.7192840576172,435.83306884765625,584.7286376953125,410.9482421875,149.12937927246094,241.1869659423828,61.29258346557617,417.2454833984375,135.12884521484375,22.904924392700195,170.93850708007812,500.7584533691406,586.7758178710938,332.8900146484375,583.593017578125,90.23304748535156,45.018924713134766,49.909366607666016,114.60559844970703,78.99564361572266,142.5418701171875,108.43561553955078,111.2625961303711
2024-11-29,235.62010192871094,207.88999938964844,45.68073654174805,102.45894622802734,150.5519256591797,438.1206359863281,587.7613525390625,412.814453125,148.75511169433594,241.11936950683594,61.42198944091797,417.70904541015625,138.03431701660156,23.24188804626465,170.8431854248047,505.1585388183594,590.4209594726562,345.1600036621094,585.3388061523438,90.84195709228516,45.21296691894531,49.98726272583008,115.66959381103516,79.39632415771484,142.98806762695312,109.54934692382812,111.5462875366211
2024-12-02,237.8638153076172,210.7100067138672,45.228843688964844,100.37835693359375,150.812255859375,436.8064270019531,584.0147705078125,410.7269592285156,148.5535888671875,237.76890563964844,61.00982666015625,425.126953125,138.4137420654297,22.896055221557617,171.2624969482422,510.6585693359375,591.4791870117188,357.0899963378906,583.727294921875,90.97941589355469,44.73495101928711,49.490699768066406,116.76824188232422,79.30093383789062,142.73585510253906,110.50538635253906,111.44227600097656
2024-12-03,240.90176391601562,213.44000244140625,45.017303466796875,100.29325866699219,150.54263305664062,435.9791259765625,584.3740234375,413.0260925292969,146.21205139160156,236.38816833496094,60.885215759277344,425.34393310546875,140.0411834716797,22.665496826171875,167.18348693847656,512.2244262695312,591.7534790039062,351.4200134277344,580.5711669921875,91.83383178710938,44.730220794677734,49.12070846557617,117.18889617919922,78.89068603515625,142.41575622558594,110.42160034179688,111.27205657958984
2024-12-04,241.25917053222656,218.16000366210938,44.58462905883789,97.89112854003906,147.19557189941406,438.9480285644531,581.1031494140625,411.6505432128906,144.3983154296875,235.0170440673828,59.629554748535156,431.4795227050781,144.91357421875,22.37286949157715,166.88804626464844,518.5570678710938,595.427978515625,357.92999267578125,585.90478515625,92.7569808959961,43.65113067626953,48.93571472167969,119.33174896240234,78.6712417602539,142.3381805419922,111.44661712646484,108.06636810302734
2024-12-05,241.28895568847656,220.5500030517578,45.19038391113281,98.77063751220703,148.13461303710938,436.7383728027344,579.249267578125,410.3229675292969,143.4866485595703,237.02542114257812,60.31010055541992,436.6088562011719,144.8436737060547,22.78964614868164,167.7648468017578,517.1200561523438,594.4481201171875,369.489990234375,555.381103515625,93.59174346923828,43.821510314941406,49.081764221191406,118.72798156738281,78.98609161376953,140.7473602294922,112.35830688476562,108.5391845703125
2024-12-06,241.09039306640625,227.02999877929688,45.200042724609375,97.61686706542969,144.33201599121094,435.2586975097656,582.0445556640625,414.9693603515625,143.28512573242188,238.84068298339844,59.936279296875,437.5459899902344,142.2275848388672,22.816247940063477,165.6586151123047,521.7481079101562,595.574951171875,389.2200012207031,527.2269897460938,93.98458099365234,43.078453063964844,49.07202911376953,119.18821716308594,78.59492492675781,139.95196533203125,114.7237319946289,107.39498138427734
2024-12-09,244.9722442626953,226.08999633789062,44.38788986206055,97.56013488769531,146.04270935058594,433.2437438964844,576.6480712890625,412.862548828125,143.56341552734375,235.41294860839844,60.00337219238281,439.9626770019531,138.60296630859375,23.14434814453125,162.77085876464844,517.6849365234375,592.5079956054688,389.7900085449219,539.8414916992188,92.14810180664062,43.00746154785156,48.40020751953125,118.41126251220703,78.47089385986328,140.35935974121094,114.35906219482422,106.76140594482422
2024-12-10,245.98486328125,225.0399932861328,44.23320007324219,96.80355072021484,145.9683380126953,431.8907775878906,567.825439453125,406.5231018066406,143.20835876464844,234.49563598632812,60.30052185058594,437.3092041015625,134.8685760498047,22.674365997314453,164.19090270996094,515.9208374023438,590.6658935546875,400.989990234375,544.2420654296875,92.85519409179688,42.714019775390625,48.39047622680664,116.76824188232422,78.84298706054688,139.77735900878906,114.54633331298828,106.54391479492188
2024-12-11,244.714111328125,230.25999450683594,44.55226135253906,96.6427993774414,145.23382568359375,430.7421875,575.1339721679688,405.35919189453125,140.72286987304688,235.14256286621094,60.041717529296875,442.8923645019531,139.10223388671875,22.37286949157715,162.6183624267578,525.1571655273438,595.2321166992188,424.7699890136719,513.7555541992188,93.25784301757812,42.78501892089844,48.48783874511719,118.46074676513672,78.24192810058594,137.87615966796875,116.55696105957031,105.83470153808594
2024-12-12,246.1735076904297,228.97000122070312,44.55226135253906,95.43225860595703,143.83924865722656,428.5616760253906,574.2118530273438,398.663818359375,140.33900451660156,233.21145629882812,61.19194412231445,443.4546203613281,137.1351776123047,22.49701690673828,162.82806396484375,521.7678833007812,592.1651611328125,418.1000061035156,496.64410400390625,92.40343475341797,42.43951416015625,48.27363586425781,117.797607421875,78.47089385986328,136.78004455566406,115.591064453125,105.74012756347656
2024-12-13,246.34230041503906,227.4600067138672,44.15584945678711,95.53628540039062,143.05824279785156,427.68560791015625,568.2620239257812,401.12646484375,140.7036590576172,231.67620849609375,60.50181198120117,441.1956787109375,134.04978942871094,22.6832332611084,163.0281982421875,525.7616577148438,592.0474243164062,436.2300109863281,501.1891784667969,92.7656478881836,42.22653579711914,48.23468780517578,118.3023910522461,78.27053833007812,136.76063537597656,116.04937744140625,104.81340789794922
2024-12-16,249.2313232421875,232.92999267578125,43.96248245239258,94.1650161743164,138.86514282226562,426.7122802734375,569.087158203125,395.0948486328125,138.04544067382812,231.32861328125,59.955448150634766,445.45703125,131.80313110351562,22.390602111816406,163.10443115234375,533.3330078125,594.5755615234375,463.0199890136719,480.0238037109375,93.37588500976562,41.298892974853516,48.14706039428711,119.48516845703125,77.86030578613281,135.13104248046875,117.62139129638672,102.57228088378906
2024-12-17,251.65371704101562,231.14999389648438,43.55640411376953,92.9261245727539,137.7030029296875,423.98675537109375,557.77978515625,392.94000244140625,140.5021209716797,230.150634765625,60.77019119262695,448.2880859375,130.19554138183594,23.436975479125977,162.33245849609375,530.9842529296875,592.1258544921875,479.8599853515625,467.5248718261719,93.9172134399414,40.991268157958984,47.80628204345703,118.76261901855469,77.72673797607422,135.03407287597656,117.99099731445312,102.13729858398438
2024-12-18,246.26287841796875,220.52000427246094,42.05780029296875,90.64694213867188,133.95616149902344,412.9385070800781,534.068115234375,378.84698486328125,138.9091339111328,222.4358367919922,60.243003845214844,431.4499206542969,128.71774291992188,22.958127975463867,161.1411590576172,511.82806396484375,574.4783935546875,440.1300048828125,481.1986083984375,92.07667541503906,39.77965545654297,46.37501525878906,114.93220520019531,76.54371643066406,133.20074462890625,112.67369842529297,100.63374328613281
2024-12-19,247.9903106689453,223.2899932861328,41.9417724609375,90.01332092285156,131.23204040527344,413.24029541015625,537.6981201171875,370.3815612792969,137.78634643554688,224.9366455078125,59.859596252441406,431.0947570800781,130.48509216308594,22.851716995239258,161.2460174560547,509.5487365722656,574.302001953125,436.1700134277344,471.1166687011719,91.92903900146484,39.43415451049805,46.54053497314453,115.05593872070312,75.99990844726562,132.1919403076172,112.52092742919922,99.77322387695312
2024-12-20,252.65647888183594,224.9199981689453,42.70558166503906,89.95658111572266,132.81259155273438,418.348876953125,549.4519653320312,377.67340087890625,138.6404266357422,229.4167938232422,59.955448150634766,430.670654296875,134.49911499023438,23.374906539916992,160.16903686523438,513.9982299804688,581.199951171875,421.05999755859375,481.59344482421875,90.78730010986328,39.822242736816406,47.23182678222656,116.773193359375,76.26703643798828,133.8603515625,112.80675506591797,100.11365509033203
2024-12-23,253.4308624267578,225.05999755859375,42.43486404418945,91.14815521240234,132.9241485595703,418.6905212402344,553.9944458007812,377.529052734375,139.4081573486328,230.1796112060547,59.79249954223633,429.3389587402344,139.46168518066406,23.685270309448242,160.2167205810547,519.0060424804688,584.6802978515625,430.6000061035156,487.5732727050781,88.92706298828125,40.05609893798828,47.34524917602539,118.01044464111328,75.8652114868164,135.1972198486328,113.1489028930664,100.52027130126953
2024-12-24,256.3397521972656,229.0500030517578,42.90862274169922,91.83854675292969,133.73301696777344,422.2146301269531,565.6513061523438,381.0787658691406,139.96475219726562,233.964599609375,60.233421325683594,433.363525390625,140.01089477539062,23.711872100830078,161.0077362060547,526.043701171875,591.1790771484375,462.2799987792969,487.3421936035156,91.22037506103516,40.394954681396484,47.90259552001953,119.2298583984375,76.3650894165039,135.7526092529297,115.76569366455078,100.61482238769531
2024-12-26,257.15386962890625,227.0500030517578,43.07298278808594,91.6304931640625,133.86318969726562,422.9077453613281,564.1371459960938,380.1167907714844,139.7056121826172,234.76602172851562,59.97461700439453,432.1601257324219,139.7213134765625,23.55225372314453,162.17042541503906,525.6864013671875,591.2184448242188,454.1300048828125,492.20501708984375,91.32864379882812,40.36154556274414,48.01993942260742,119.30915832519531,76.60540008544922,136.02548217773438,115.33615112304688,100.69993591308594
2024-12-27,253.74855041503906,223.75,42.86994552612305,91.65885162353516,133.8817901611328,419.7742004394531,559.235595703125,377.9234924316406,139.197021484375,232.86386108398438,59.859596252441406,424.68304443359375,136.80567932128906,23.60546112060547,161.5700225830078,518.6983642578125,584.9949951171875,431.6600036621094,491.0880126953125,90.21644592285156,40.356773376464844,47.66792678833008,117.72293090820312,76.23051452636719,135.39208984375,113.43033599853516,100.69047546386719
2024-12-30,250.38294982910156,221.3000030517578,42.45419692993164,91.81961822509766,133.0171356201172,415.6446838378906,556.6829833984375,374.6239013671875,137.55601501464844,231.0775909423828,59.45701599121094,419.0604553222656,137.2849578857422,23.428110122680664,159.24459838867188,511.7996826171875,578.3192749023438,417.4100036621094,488.9791564941406,89.14360809326172,40.35200881958008,47.20835876464844,116.2259292602539,75.33650207519531,133.7258758544922,111.60845184326172,100.0096206665039
2024-12-31,248.6157989501953,219.38999938964844,42.49287414550781,93.7867202758789,134.6627655029297,415.3812255859375,555.7803344726562,374.20062255859375,138.78436279296875,231.4541473388672,59.67747497558594,415.7756652832031,134.08973693847656,23.525650024414062,159.7783203125,507.45208740234375,576.21533203125,403.8399963378906,487.1110534667969,88.92706298828125,40.88175582885742,47.25725173950195,115.25933074951172,75.56720733642578,134.04742431640625,110.76911163330078,101.72120666503906
2025-01-02,242.09310913085938,220.22000122070312,42.82160568237305,94.64732360839844,136.40138244628906,413.7215881347656,558.0612182617188,373.6907958984375,138.20860290527344,231.73414611816406,59.27489471435547,412.8953552246094,138.10372924804688,23.596593856811523,158.1867218017578,506.4595031738281,574.7994995117188,379.2799987792969,485.81109619140625,88.58258819580078,41.35901641845703,47.139915466308594,114.98670196533203,75.33650207519531,134.08642578125,109.31258392333984,101.475341796875
2025-01-03,241.60667419433594,224.19000244140625,43.32435989379883,95.60248565673828,137.46127319335938,417.001708984375,563.0694580078125,374.3834228515625,138.37173461914062,234.90118408203125,59.18863296508789,417.6005859375,144.25454711914062,23.578855514526367,157.3766326904297,514.747802734375,581.9865112304688,410.44000244140625,493.9864501953125,89.35029602050781,41.74559020996094,47.511478424072266,116.86042785644531,75.29805755615234,135.40184020996094,111.52452087402344,101.99544525146484
2025-01-06,243.23484802246094,227.61000061035156,43.894805908203125,94.56221771240234,136.9127197265625,416.9722900390625,566.233642578125,374.5661926269531,137.8631134033203,233.75596618652344,58.28762435913086,422.0394592285156,149.2071533203125,23.844884872436523,153.05935668945312,520.663818359375,585.3390502929688,411.04998779296875,494.631591796875,89.99005889892578,41.554691314697266,47.36480712890625,118.34751892089844,74.50979614257812,135.46029663085938,111.96395111083984,101.88196563720703
2025-01-07,240.46493530273438,222.11000061035156,44.55226135253906,96.15100860595703,139.07899475097656,415.2152099609375,563.0597534179688,369.6216125488281,140.32940673828125,236.00759887695312,58.31637954711914,416.63385009765625,139.93099975585938,24.057708740234375,153.72647094726562,511.3728942871094,578.722412109375,394.3599853515625,495.1901550292969,89.37981414794922,41.96990203857422,47.25725173950195,115.97313690185547,74.250244140625,136.13262939453125,109.79644012451172,102.83704376220703
2025-01-08,240.95140075683594,222.1300048828125,44.677947998046875,96.10372924804688,139.73912048339844,415.99615478515625,562.9627685546875,372.4786682128906,136.52920532226562,235.96881103515625,59.15029525756836,418.79412841796875,139.90106201171875,23.818283081054688,154.4888916015625,511.46234130859375,579.56787109375,394.94000244140625,505.07952880859375,90.35423278808594,42.012855529785156,47.413700103759766,115.93347930908203,74.38482666015625,136.83419799804688,110.10749816894531,101.11601257324219
2025-01-10,235.14356994628906,218.94000244140625,43.61441421508789,96.38744354248047,142.3795623779297,409.35791015625,543.531494140625,375.06640625,136.32766723632812,232.80479431152344,58.53683853149414,413.2603454589844,135.70733642578125,23.694133758544922,151.11509704589844,503.4419860839844,570.7192993164062,394.739990234375,501.3914489746094,91.53533172607422,42.18466567993164,46.26966857910156,113.40542602539062,73.38507080078125,136.06442260742188,109.02623748779297,100.74722290039062
2025-01-13,232.7112274169922,218.4600067138672,43.566078186035156,98.57205200195312,144.43426513671875,412.9015808105469,546.394775390625,374.3834228515625,138.6404266357422,237.01698303222656,59.0927848815918,411.5242614746094,133.0313262939453,23.76507568359375,151.38197326660156,501.823974609375,571.604248046875,403.30999755859375,521.08349609375,90.0884780883789,43.072364807128906,46.60212326049805,112.60240173339844,73.51004791259766,137.83782958984375,109.64339447021484,103.34769439697266
2025-01-14,231.5992889404297,217.75999450683594,44.262203216552734,99.18675231933594,145.87533569335938,415.0394287109375,554.7224731445312,377.8465576171875,138.9091339111328,240.1809539794922,59.466609954833984,410.02490234375,131.56349182128906,23.41924285888672,152.2397003173828,501.3475341796875,572.3906860351562,396.3599853515625,523.5870971679688,89.36013793945312,43.53530502319336,47.17902755737305,112.8998031616211,73.5292739868164,136.4152069091797,109.43109130859375,103.75431060791016
2025-01-15,236.15621948242188,223.35000610351562,45.53844451904297,99.75419616699219,147.2048797607422,421.96087646484375,588.10107421875,390.6505126953125,139.12025451660156,244.91720581054688,59.20780563354492,420.5203552246094,136.03683471679688,23.25075912475586,152.1539306640625,512.8816528320312,582.802490234375,428.2200012207031,523.2789916992188,89.90147399902344,44.179595947265625,48.381717681884766,115.14530944824219,73.27934265136719,136.97059631347656,112.21574401855469,105.44699096679688
2025-01-16,226.61544799804688,220.66000366210938,45.093692779541016,99.87714385986328,148.18112182617188,421.2969665527344,594.9631958007812,393.7673034667969,141.80726623535156,246.7806854248047,59.66790008544922,418.8138732910156,133.3708038330078,23.490182876586914,152.9640350341797,509.2884521484375,581.6817016601562,413.82000732421875,491.665771484375,89.86211395263672,44.499359130859375,48.70439910888672,114.25801849365234,73.8272705078125,137.5162811279297,111.60845184326172,105.26731872558594
2025-01-17,228.32305908203125,225.94000244140625,44.987335205078125,100.10411071777344,150.12423706054688,424.541259765625,607.5322875976562,393.8154296875,141.09710693359375,251.52664184570312,60.10880661010742,423.20343017578125,137.50462341308594,23.32169532775879,153.564453125,517.8844604492188,587.521728515625,426.5,490.86651611328125,90.49202728271484,44.84298324584961,49.115074157714844,116.0474853515625,74.250244140625,136.59059143066406,113.173583984375,106.21294403076172
2025-01-21,221.0359344482422,230.7100067138672,45.1130256652832,98.61933135986328,147.1212158203125,429.7952575683594,616.073486328125,402.5212707519531,142.17193603515625,255.28262329101562,59.83083724975586,422.6806335449219,140.61997985839844,23.62319564819336,154.12673950195312,520.9218139648438,592.8995971679688,424.07000732421875,505.53204345703125,91.61408233642578,44.6139030456543,49.5257568359375,117.01409149169922,74.5963134765625,138.85118103027344,114.00305938720703,105.40916442871094
2025-01-22,222.21737670898438,235.00999450683594,44.27186965942383,97.46554565429688,145.41978454589844,430.94757080078125,614.1226196289062,394.5080261230469,139.4081573486328,255.09828186035156,59.21739196777344,440.1402893066406,146.85069274902344,23.064538955688477,157.00494384765625,527.582275390625,596.2326049804688,415.1099853515625,500.4573059082031,91.76171112060547,43.80256652832031,49.291080474853516,119.6561508178711,74.23101806640625,138.5393829345703,113.57351684570312,103.57463836669922
2025-01-23,222.04859924316406,235.4199981689453,44.85197830200195,98.34506225585938,145.0478973388672,434.9516906738281,620.6935424804688,398.63494873046875,140.72286987304688,258.11663818359375,58.977760314941406,440.643310546875,147.00047302246094,23.445844650268555,158.34873962402344,528.7039184570312,599.48681640625,412.3800048828125,510.1349182128906,92.33256530761719,44.00300979614258,49.57464599609375,119.86930847167969,74.50017547607422,140.39073181152344,114.25979614257812,104.16094207763672
2025-01-24,221.17494201660156,234.85000610351562,44.9776725769043,96.30233001708984,144.71319580078125,433.72113037109375,618.1699829101562,398.7407531738281,140.8955841064453,257.0393371582031,59.35158157348633,438.029296875,142.40728759765625,23.51795768737793,157.36781311035156,525.716064453125,597.73681640625,406.5799865722656,512.7734375,93.26760864257812,43.57825469970703,49.7213134765625,118.62014770507812,74.88469696044922,140.61483764648438,113.56363677978516,102.75193786621094
2025-01-27,228.20391845703125,235.4199981689453,45.528770446777344,97.11564636230469,146.18215942382812,436.6509094238281,614.6564331054688,408.7164306640625,146.7206573486328,258.01959228515625,61.220703125,428.6583557128906,118.24340057373047,24.21204948425293,162.67990112304688,510.4101257324219,589.2815551757812,397.1499938964844,523.375244140625,95.86603546142578,43.12486267089844,50.268890380859375,112.80563354492188,76.91303253173828,143.77186584472656,114.21043395996094,104.1798324584961
2025-01-28,236.5434112548828,238.14999389648438,45.28705978393555,95.87673950195312,145.23382568359375,437.9106750488281,619.0435180664062,402.9060974121094,144.31195068359375,259.2716369628906,59.77333068847656,441.1266784667969,128.79763793945312,24.11289405822754,159.35267639160156,517.9539184570312,594.3449096679688,398.0899963378906,522.3737182617188,95.75775909423828,42.71442413330078,50.180885314941406,115.81451416015625,75.71141815185547,142.76828002929688,114.34867858886719,102.16565704345703
2025-01-29,237.63548278808594,237.07000732421875,45.200042724609375,96.0469741821289,144.75038146972656,436.70953369140625,618.6358642578125,397.7018127441406,145.0508575439453,258.72808837890625,60.223838806152344,436.3227844238281,123.5155258178711,23.995710372924805,159.39100646972656,516.9812622070312,591.6805419921875,389.1000061035156,518.1561279296875,95.96446990966797,42.809871673583984,50.14176940917969,114.87268829345703,75.89405059814453,141.93028259277344,114.02281951904297,102.76139831542969
2025-01-30,235.87823486328125,234.63999938964844,45.171043395996094,95.95240020751953,145.33612060546875,438.3110046386719,626.7113037109375,398.7407531738281,146.70147705078125,260.3294677734375,61.39323425292969,409.35406494140625,124.464111328125,24.257118225097656,160.52244567871094,519.1847534179688,594.8561401367188,400.2799987792969,525.3493041992188,97.09635925292969,43.0294075012207,50.62089157104492,115.08583068847656,76.64386749267578,143.5672607421875,115.13864135742188,103.61246490478516
2025-01-31,234.2996826171875,237.67999267578125,44.76496505737305,93.46517181396484,138.7070770263672,434.9614562988281,621.567138671875,396.3165283203125,146.010498046875,259.4268798828125,60.84687423706055,409.42315673828125,119.89093780517578,23.90557098388672,159.160888671875,518.4303588867188,591.6903076171875,404.6000061035156,522.3834228515625,96.61407470703125,41.826725006103516,50.327552795410156,114.41168212890625,75.92289733886719,143.10928344726562,114.6301040649414,101.02143859863281
2025-02-03,226.3672332763672,237.4199981689453,44.677947998046875,93.13418579101562,138.84654235839844,433.8676452636719,613.773193359375,393.218994140625,145.74180603027344,258.9512939453125,60.72226333618164,405.3393859863281,116.48603057861328,23.617116928100586,161.81690979003906,514.2813110351562,587.7084350585938,383.67999267578125,527.8626098632812,97.97233581542969,42.089210510253906,50.12221145629883,112.87007141113281,76.22088623046875,143.66470336914062,113.11434936523438,101.2673110961914
2025-02-04,231.1227264404297,242.05999755859375,45.161373138427734,95.12017822265625,142.4539337158203,435.0981750488281,615.5299682617188,395.8451843261719,147.29644775390625,260.04803466796875,60.070472717285156,406.76971435546875,118.47305297851562,23.31964874267578,161.2128448486328,520.59423828125,591.6510620117188,392.2099914550781,525.2337646484375,99.18295288085938,42.972137451171875,50.00487518310547,114.49595642089844,75.57682800292969,143.27493286132812,114.44742584228516,103.98125457763672
2025-02-05,230.79510498046875,236.1699981689453,45.54811096191406,94.77027130126953,142.2401123046875,438.1646728515625,626.4686279296875,398.08660888671875,148.44802856445312,262.4646911621094,60.50181198120117,407.6772155761719,124.64383697509766,23.833454132080078,162.05662536621094,522.9566650390625,594.0499877929688,378.1700134277344,519.8027954101562,100.84634399414062,43.06282043457031,50.53289031982422,116.08714294433594,76.04785919189453,144.64883422851562,113.1489028930664,103.9056167602539
2025-02-06,231.5397186279297,238.8300018310547,46.157222747802734,94.51492309570312,141.22666931152344,436.88525390625,638.8629150390625,398.4136657714844,147.31565856933594,268.7441101074219,60.73185348510742,410.1728515625,128.48806762695312,23.28359031677246,161.93202209472656,525.6864013671875,596.1146850585938,374.32000732421875,510.3948974609375,101.23019409179688,42.270572662353516,50.95335006713867,116.40438842773438,76.3939208984375,143.35289001464844,113.59819793701172,102.53446197509766
2025-02-07,225.989990234375,229.14999389648438,45.828495025634766,93.02069091796875,141.89608764648438,432.7445373535156,636.6112670898438,391.8818054199219,146.94137573242188,267.6764831542969,61.19194412231445,404.185302734375,129.64634704589844,23.202463150024414,161.05941772460938,519.0557250976562,590.6580810546875,361.6199951171875,507.4964904785156,99.5569839477539,42.26580047607422,50.66978454589844,115.40804290771484,76.27857208251953,142.6805419921875,111.37639617919922,102.96944427490234
2025-02-10,226.25833129882812,233.13999938964844,45.12269592285156,94.07989501953125,144.82476806640625,434.36572265625,631.399169921875,398.2501220703125,148.0161895751953,263.0567626953125,61.872493743896484,406.6217346191406,133.3708038330078,23.31964874267578,160.63754272460938,525.3388671875,594.6693115234375,350.7300109863281,513.6015014648438,101.29910278320312,43.196449279785156,50.268890380859375,117.09341430664062,76.74960327148438,142.55389404296875,111.75657653808594,104.93635559082031
2025-02-11,231.1979522705078,232.75999450683594,45.23871612548828,96.1888427734375,146.37741088867188,435.66448974609375,628.2058715820312,400.5299987792969,149.82992553710938,266.89031982421875,64.79597473144531,405.8523254394531,132.60195922851562,23.013164520263672,162.4593505859375,524.0882568359375,595.12158203125,328.5,514.1310424804688,100.85618591308594,43.54484558105469,50.395999908447266,117.14793395996094,77.48979949951172,142.29080200195312,110.48768615722656,105.5982894897461
2025-02-12,235.4219512939453,228.92999267578125,44.677947998046875,93.05851745605469,144.015869140625,433.2427062988281,629.9141235351562,391.6605529785156,148.99502563476562,267.3368225097656,65.85993957519531,403.48492431640625,130.94442749023438,22.95907974243164,162.6031951904297,524.3959350585938,593.2044067382812,336.510009765625,507.8527526855469,101.97823333740234,42.49488830566406,50.220001220703125,116.89512634277344,77.43213653564453,142.08619689941406,110.46793365478516,102.42117309570312
2025-02-13,240.05348205566406,230.3699951171875,44.793968200683594,91.63994598388672,144.92703247070312,436.78765869140625,629.8656005859375,396.7494201660156,150.9047393798828,268.18121337890625,66.6171646118164,404.9645080566406,135.08824157714844,23.112323760986328,163.9839630126953,531.9398193359375,599.4671630859375,355.94000244140625,511.4925842285156,103.39556121826172,42.81464385986328,50.55244445800781,118.55075073242188,78.26844024658203,142.64158630371094,112.12688446044922,103.16536712646484
2025-02-14,243.104736328125,228.67999267578125,45.403079986572266,91.77342224121094,146.02688598632812,435.35205078125,641.1243896484375,393.9308166503906,149.84910583496094,268.4432678222656,66.01331329345703,402.8832092285156,138.64292907714844,23.013164520263672,156.18841552734375,534.1732177734375,599.4376831054688,355.8399963378906,504.10693359375,102.40145874023438,42.986454010009766,50.65022659301758,118.95225524902344,77.48979949951172,141.09228515625,112.07750701904297,103.27032470703125
2025-02-18,242.9755096435547,226.64999389648438,44.987335205078125,92.90795135498047,146.7977294921875,435.4790344238281,652.4221801757812,387.97613525390625,149.92649841308594,271.7043151855469,66.18584442138672,404.0767822265625,139.19210815429688,23.040206909179688,158.62391662597656,535.3842163085938,601.1975708007812,354.1099853515625,482.1712341308594,102.14556121826172,43.573482513427734,51.01201629638672,120.037841796875,77.7685775756836,140.81948852539062,111.7664566040039,105.08308410644531
2025-02-19,243.373046875,226.6300048828125,44.48457717895508,94.92914581298828,147.80357360839844,436.21148681640625,648.5009765625,380.3957824707031,152.73175048828125,271.02490234375,67.16352844238281,409.1370544433594,139.02236938476562,23.337675094604492,159.6403350830078,535.5330810546875,602.6134033203125,360.55999755859375,492.0990905761719,102.36209106445312,43.9171028137207,51.03156661987305,120.0477523803711,78.39341735839844,142.65133666992188,111.70226287841797,105.23573303222656
2025-02-20,244.3271942138672,222.8800048828125,43.79811477661133,97.24588775634766,149.27003479003906,432.03167724609375,623.3723754882812,379.63580322265625,154.46328735351562,258.94158935546875,67.134765625,411.3016357421875,139.90106201171875,23.346689224243164,160.3306884765625,533.2599487304688,600.1062622070312,354.3999938964844,483.7986145019531,95.67903900146484,44.31800079345703,50.24932861328125,119.66607666015625,78.08580017089844,143.45034790039062,110.73947143554688,106.85767364501953
2025-02-21,244.0489044189453,216.5800018310547,43.32435989379883,93.3751220703125,147.51217651367188,424.6170959472656,607.2022705078125,370.65087890625,156.99766540527344,256.45703125,68.39042663574219,403.4735412597656,134.22950744628906,23.70725440979004,163.2264404296875,522.1923217773438,589.8419799804688,337.79998779296875,449.13287353515625,93.28730010986328,43.39689636230469,49.623531341552734,116.42420959472656,78.99903106689453,142.6805419921875,107.82645416259766,105.60782623291016
2025-02-24,245.5894317626953,212.7100067138672,42.985965728759766,94.21409606933594,148.42401123046875,424.98876953125,607.7264404296875,367.88043212890625,158.39064025878906,253.6424102783203,67.66195678710938,399.3124084472656,130.08572387695312,24.022750854492188,163.523681640625,516.0281982421875,587.157958984375,330.5299987792969,444.4144592285156,92.19477844238281,43.40644454956055,49.83864974975586,114.75868225097656,79.23934936523438,143.840087890625,107.42160034179688,106.16119384765625
2025-02-25,245.52980041503906,212.8000030517578,42.48320388793945,92.5551986694336,147.04212951660156,426.5536193847656,596.82666015625,378.3371887207031,160.66384887695312,249.81846618652344,68.52461242675781,393.2831726074219,126.44115447998047,24.103879928588867,165.54689025878906,509.52667236328125,584.2379760742188,302.79998779296875,452.9460754394531,96.1514663696289,42.78123474121094,49.82887649536133,113.27157592773438,80.36406707763672,145.07757568359375,106.85873413085938,104.6919174194336
2025-02-26,238.89065551757812,214.35000610351562,42.48320388793945,91.64947509765625,145.83888244628906,424.802978515625,599.6026000976562,375.6340026855469,157.752197265625,251.1675567626953,67.86324310302734,395.09197998046875,131.084228515625,23.815425872802734,164.25241088867188,510.7575378417969,584.5327758789062,290.79998779296875,446.40771484375,94.68492889404297,42.537837982177734,49.7213134765625,114.50586700439453,78.82598876953125,144.03497314453125,106.41931915283203,104.4343032836914
2025-02-27,235.84933471679688,208.74000549316406,42.65724182128906,92.83168029785156,147.2771453857422,422.8567199707031,590.1199340820312,375.4319152832031,158.3809814453125,251.4198455810547,67.93034362792969,387.97552490234375,119.97083282470703,23.526973724365234,164.89486694335938,496.5730895996094,575.2025756835938,281.95001220703125,451.1934814453125,95.2656478881836,42.76691818237305,49.9951057434082,110.33706665039062,78.8163833618164,143.45034790039062,104.88379669189453,105.09262084960938
2025-02-28,240.361572265625,212.27999877929688,44.57159423828125,94.52871704101562,149.1102294921875,428.7444152832031,606.984619140625,381.52130126953125,159.62881469726562,256.8549499511719,68.25623321533203,392.3837585449219,124.73370361328125,23.824440002441406,166.68792724609375,504.4147033691406,584.178955078125,292.9800109863281,457.3563537597656,97.05699157714844,43.43030548095703,51.021793365478516,111.79440307617188,79.86418151855469,145.11654663085938,106.62667846679688,106.21844482421875
2025-03-03,236.57489013671875,205.02000427246094,44.04949951171875,88.31260681152344,143.91177368164062,422.6023864746094,590.3734741210938,374.8739929199219,161.8149871826172,252.9436492919922,69.32018280029297,383.98236083984375,113.88990020751953,23.662185668945312,168.36593627929688,493.3768615722656,573.944091796875,284.6499938964844,449.739501953125,96.05303955078125,41.91263198852539,50.5915641784668,108.39392852783203,80.28715515136719,145.74990844726562,104.66162109375,102.81236267089844
2025-03-04,234.48770141601562,203.8000030517578,41.25531005859375,86.41535949707031,142.88711547851562,416.2254638671875,566.8466796875,367.1685485839844,160.01576232910156,242.8790740966797,67.27854919433594,384.1009521484375,115.8170166015625,23.211477279663086,166.05506896972656,491.887939453125,567.1504516601562,272.0400085449219,457.0193176269531,93.47429656982422,41.50696563720703,48.81195831298828,108.3096694946289,78.922119140625,144.3955078125,102.81507873535156,102.60244750976562
2025-03-05,234.29888916015625,208.36000061035156,40.887916564941406,84.73738861083984,141.76849365234375,421.0179443359375,578.4832153320312,371.6610107421875,159.72555541992188,244.12136840820312,67.17311096191406,396.3669738769531,117.12507629394531,23.38274574279785,167.42625427246094,498.30023193359375,573.24609375,279.1000061035156,458.33856201171875,94.4684066772461,40.900848388671875,49.095516204833984,109.83146667480469,79.24895477294922,145.84735107421875,104.38020324707031,100.598876953125
2025-03-06,233.8914031982422,200.6999969482422,40.08543014526367,84.47045135498047,143.78016662597656,416.5483093261719,553.7079467773438,367.2166748046875,160.41236877441406,239.27833557128906,67.53733825683594,392.2849426269531,110.40510559082031,23.653169631958008,167.4741973876953,484.5923156738281,563.0703735351562,263.45001220703125,469.6434020996094,93.1495132446289,41.02492904663086,48.2839469909668,106.78291320800781,79.39315795898438,145.44784545898438,101.7337875366211,102.67878723144531
2025-03-07,237.60853576660156,199.25,40.2800178527832,86.40583038330078,146.96693420410156,418.8564147949219,545.9047241210938,362.47406005859375,161.24427795410156,235.14381408691406,68.46710968017578,388.7464599609375,112.5219497680664,24.094863891601562,168.71112060546875,488.1557922363281,566.2262573242188,262.6700134277344,475.18994140625,90.2754898071289,41.72650146484375,48.02971267700195,108.32948303222656,79.65270233154297,145.4575958251953,101.5461654663086,104.0145034790039
2025-03-10,226.08938598632812,194.5399932861328,38.75249099731445,88.57003021240234,148.12318420410156,410.279052734375,518.5836181640625,360.4057922363281,162.2212677001953,225.38014221191406,68.48628234863281,375.7490234375,106.8204574584961,24.01373863220215,169.00836181640625,469.2366027832031,551.1445922851562,222.14999389648438,464.3976135253906,86.43692016601562,42.036712646484375,46.95413589477539,103.7244644165039,79.47966766357422,143.88880920410156,97.92216491699219,106.6668701171875
2025-03-11,219.48997497558594,196.58999633789062,38.5384407043457,90.96304321289062,144.84243774414062,405.6333923339844,518.3593139648438,354.1625671386719,160.44139099121094,222.390869140625,68.0932846069336,376.0356750488281,108.59780883789062,23.427818298339844,165.99752807617188,468.1149597167969,546.5628051757812,230.5800018310547,470.0258483886719,86.06290435791016,41.702632904052734,46.5532341003418,103.30313110351562,78.3165054321289,142.3200225830078,96.96431732177734,104.14808654785156
2025-03-12,215.65357971191406,198.88999938964844,38.830326080322266,93.19397735595703,143.51695251464844,404.8607482910156,522.5340576171875,350.863037109375,157.52972412109375,221.18736267089844,67.0389175415039,378.82293701171875,115.57803344726562,23.175416946411133,161.44296264648438,473.3956298828125,549.4633178710938,248.08999633789062,465.25830078125,83.8581771850586,41.893531799316406,46.62167739868164,104.92901611328125,76.61502838134766,140.89743041992188,97.52717590332031,104.11946105957031
2025-03-13,208.398193359375,193.88999938964844,38.59681701660156,91.7066879272461,144.40061950683594,399.8041687011719,511.9021301269531,336.1675109863281,157.66514587402344,218.55718994140625,66.73219299316406,374.3751525878906,115.41825103759766,23.076263427734375,161.65391540527344,464.8790588378906,542.138671875,240.67999267578125,465.6547546386719,83.16919708251953,41.6071891784668,46.36745071411133,102.93632507324219,76.25933837890625,140.1471405029297,95.09307098388672,103.68057250976562
2025-03-14,212.18490600585938,197.9499969482422,39.783817291259766,94.3380355834961,147.60617065429688,406.2397155761719,528.0938110351562,340.097900390625,157.4910430908203,225.59364318847656,66.78047180175781,384.05157470703125,121.49972534179688,23.18443489074707,161.05941772460938,476.11541748046875,553.3369750976562,249.97999572753906,472.5498352050781,84.00580596923828,42.83850860595703,47.443031311035156,106.0492935180664,76.43238067626953,141.21896362304688,97.11737823486328,106.76227569580078
2025-03-17,212.69178771972656,195.74000549316406,40.318939208984375,94.72893524169922,149.20425415039062,410.005126953125,537.7796630859375,342.827880859375,157.52001953125,227.03973388671875,67.70744323730469,384.1899719238281,119.36272430419922,23.48189926147461,162.77577209472656,479.202392578125,557.6038208007812,238.00999450683594,482.578125,86.08257293701172,43.5209846496582,48.00038528442383,106.7878646850586,77.54747009277344,143.01185607910156,97.27043914794922,108.53688049316406
2025-03-18,211.38978576660156,192.82000732421875,40.52325439453125,95.84439849853516,151.1689453125,407.3839111328125,538.2088623046875,338.4134216308594,158.88397216796875,228.0491180419922,66.99290466308594,379.0700378417969,115.2684555053711,23.71626853942871,160.81011962890625,471.03326416015625,551.5770874023438,225.30999755859375,487.20068359375,84.24202728271484,43.59257125854492,47.941707611083984,105.1619873046875,76.66307830810547,143.08004760742188,95.53743743896484,108.42237854003906
2025-03-19,213.9241943359375,195.5399932861328,41.06810760498047,96.60710906982422,154.21470642089844,411.1885986328125,543.632080078125,342.14056396484375,157.66514587402344,232.06719970703125,66.8963394165039,383.32012939453125,117.35552215576172,23.62612533569336,161.634765625,477.3363342285156,557.5841674804688,235.86000061035156,486.6204833984375,84.97036743164062,44.303688049316406,48.4697265625,106.53012084960938,76.66307830810547,143.1580352783203,97.36918640136719,110.11111450195312
2025-03-20,212.7911834716797,194.9499969482422,41.33080291748047,97.54143524169922,154.89154052734375,410.89520263671875,548.8406982421875,344.1734924316406,157.6941680908203,231.97012329101562,67.3115463256836,382.3515625,118.3641128540039,23.60810089111328,160.65670776367188,475.7183532714844,555.9718627929688,236.25999450683594,494.4535827636719,84.45856475830078,44.46595001220703,48.53817367553711,105.77169799804688,76.2881851196289,143.24569702148438,97.13713073730469,110.57862091064453
2025-03-21,216.93568420410156,196.2100067138672,41.321075439453125,97.16961669921875,154.87274169921875,411.1900634765625,551.2402954101562,339.9429626464844,158.28424072265625,234.5129852294922,66.30732727050781,386.72027587890625,117.5352783203125,23.689228057861328,159.83209228515625,477.28668212890625,556.1552124023438,248.7100067138672,499.8206481933594,84.85829162597656,44.15572738647461,48.36216735839844,106.0592041015625,76.25933837890625,142.84620666503906,97.4876708984375,110.19697570800781
2025-03-24,219.38064575195312,203.25999450683594,41.904842376708984,97.42703247070312,155.1265411376953,416.9422302246094,565.832275390625,352.16021728515625,157.95533752441406,240.75357055664062,66.57769775390625,388.51910400390625,121.24009704589844,23.563030242919922,158.83486938476562,487.76043701171875,566.115234375,278.3900146484375,499.4822692871094,86.34857940673828,44.658836364746094,49.2149658203125,108.06781768798828,76.73094177246094,143.93685913085938,101.14244842529297,110.48320770263672
2025-03-25,222.38218688964844,205.7100067138672,42.109161376953125,97.770263671875,155.99139404296875,417.265625,571.5286254882812,349.4689636230469,155.75950622558594,243.73313903808594,66.4425048828125,390.5749816894531,120.52111053466797,23.031192779541016,156.15008544921875,490.5438537597656,567.4759521484375,288.1400146484375,496.5133972167969,83.65421295166016,44.84161376953125,49.48974609375,108.42534637451172,76.03514099121094,142.09791564941406,101.94945526123047,111.23692321777344
2025-03-26,220.17576599121094,201.1300048828125,41.66160583496094,98.38995361328125,157.89968872070312,415.70751953125,559.8043212890625,350.5726013183594,156.43663024902344,243.63609313964844,67.61087036132812,385.4452209472656,113.60079956054688,22.72471046447754,159.7266082763672,481.5175476074219,560.7012939453125,272.05999755859375,501.126220703125,84.09833526611328,45.10614776611328,49.34254455566406,106.00706481933594,77.2141342163086,141.57949829101562,100.61763763427734,112.83980560302734
2025-03-27,222.48158264160156,201.36000061035156,41.40864181518555,98.02766418457031,156.65882873535156,414.4435119628906,545.1732177734375,351.1534423828125,157.8005828857422,240.8118133544922,68.30610656738281,386.04815673828125,111.27405548095703,22.5444278717041,161.76898193359375,478.7738342285156,559.2122802734375,273.1300048828125,498.7279357910156,84.51285552978516,44.668460845947266,49.24440383911133,105.02882385253906,78.09354400634766,141.80445861816406,100.6820068359375,112.47724151611328
2025-03-28,216.56793212890625,192.72000122070312,40.13407897949219,97.59864807128906,156.1324005126953,407.2704772949219,529.7618408203125,346.7196044921875,158.3616180419922,235.69705200195312,67.94884490966797,374.40478515625,109.51651763916016,22.72471046447754,161.11697387695312,466.16876220703125,547.9507446289062,263.54998779296875,499.0373840332031,84.03911590576172,44.456825256347656,48.2924919128418,102.4814453125,77.70699310302734,141.36428833007812,97.55302429199219,112.3246078491211
2025-03-31,220.77207946777344,190.25999450683594,40.60109329223633,100.1251220703125,157.26043701171875,411.44488525390625,532.8538208007812,354.7934265136719,160.42201232910156,238.07489013671875,69.15583038330078,371.0343933105469,108.22832489013672,22.841896057128906,163.40863037109375,466.14892578125,551.6289672851562,259.1600036621094,506.4933776855469,86.64466857910156,44.94742202758789,48.88130569458008,102.53109741210938,78.92462921142578,142.82176208496094,97.76097106933594,113.46949768066406
2025-04-01,221.8256072998047,192.1699981689453,40.36758804321289,100.47789001464844,158.4073028564453,411.1607971191406,534.9607543945312,353.8543395996094,148.2433319091797,236.48318481445312,69.39723205566406,377.7555236816406,109.99585723876953,22.12076187133789,163.54286193847656,469.90655517578125,553.1870727539062,268.4599914550781,505.88409423828125,87.67110443115234,45.21196365356445,48.82242202758789,103.2809066772461,79.04059600830078,140.21005249023438,98.7808609008789,113.57445526123047
2025-04-02,222.52133178710938,196.00999450683594,40.71784591674805,101.15477752685547,156.48960876464844,413.5517272949219,549.2503662109375,359.05303955078125,150.28440856933594,238.57955932617188,68.87580871582031,377.7060852050781,110.26547241210938,22.264991760253906,162.52647399902344,473.336181640625,556.6878051757812,282.760009765625,505.96148681640625,88.5889663696289,45.27448654174805,49.22477722167969,104.0456314086914,78.80867004394531,141.14910888671875,100.65725708007812,113.22145080566406
2025-04-03,201.94784545898438,178.41000366210938,36.21310043334961,90.81050109863281,146.76011657714844,397.0794372558594,498.6561584472656,344.55108642578125,154.59869384765625,221.9541015625,70.66216278076172,368.78082275390625,101.65754699707031,21.895408630371094,165.29759216308594,447.99676513671875,529.2538452148438,267.2799987792969,522.6334228515625,86.12158966064453,41.72005844116211,46.80083084106445,96.9447250366211,79.26286315917969,140.004638671875,94.57752990722656,107.26792907714844
2025-04-04,187.22840881347656,171.0,33.45965576171875,82.26810455322266,134.68991088867188,375.5213623046875,459.2303161621094,342.6052551269531,148.2336883544922,205.3434295654297,67.52397918701172,355.664794921875,94.17801666259766,20.705537796020508,157.01303100585938,420.17218017578125,498.2696838378906,239.42999267578125,507.7505187988281,82.10468292236328,37.88185501098633,43.37590408325195,90.55886840820312,75.82254028320312,132.3260498046875,90.49795532226562,99.54936981201172
2025-04-07,180.3507080078125,175.25999450683594,34.617469787597656,81.67700958251953,131.74757385253906,371.94476318359375,454.0606689453125,330.6106872558594,145.6992645263672,209.40577697753906,66.01765441894531,353.707763671875,97.50334167480469,20.39905548095703,153.6378631591797,421.1861877441406,497.3822021484375,233.2899932861328,507.4120788574219,82.73633575439453,37.63655471801758,43.26795196533203,91.10013580322266,74.94313049316406,131.5337371826172,89.4285659790039,98.21366119384766
2025-04-08,171.365966796875,170.66000366210938,34.082340240478516,78.80730438232422,128.7206268310547,368.916748046875,450.8515930175781,324.5407409667969,145.0995330810547,211.77871704101562,66.06593322753906,350.446044921875,96.16523742675781,19.686935424804688,151.87356567382812,413.60125732421875,489.591796875,221.86000061035156,534.8569946289062,80.72295379638672,36.76598358154297,43.10111618041992,89.24794006347656,73.78346252441406,130.07627868652344,87.30461883544922,96.1432876586914
2025-04-09,197.6343994140625,191.10000610351562,36.14499282836914,87.24481964111328,137.27503967285156,397.9220886230469,504.1574401855469,344.04766845703125,146.037841796875,228.83859252929688,67.54328155517578,385.95916748046875,114.16999816894531,20.272857666015625,155.6418914794922,463.2461242675781,541.0084228515625,272.20001220703125,559.4395141601562,88.43106079101562,39.61337661743164,46.34940719604492,101.23009490966797,76.64396667480469,135.7300567626953,96.81038665771484,100.94234466552734
2025-04-10,189.25592041015625,181.22000122070312,34.88016128540039,79.40794372558594,126.88752746582031,387.7310791015625,477.7532043457031,342.3341979980469,143.8323211669922,221.77833557128906,68.32543182373047,376.92523193359375,107.4194564819336,19.461584091186523,156.8308563232422,443.54327392578125,517.3018798828125,252.39999389648438,574.8155517578125,89.4278793334961,37.02571105957031,45.05401611328125,96.51766967773438,76.6826171875,131.944580078125,93.02788543701172,95.34185028076172
2025-04-11,196.93865966796875,184.8699951171875,34.97745895385742,82.36345672607422,127.49855041503906,393.8359069824219,482.2791442871094,342.5664978027344,146.77301025390625,230.65493774414062,68.97236633300781,383.94287109375,110.7747573852539,19.750036239624023,160.04302978515625,451.7146911621094,526.531982421875,252.30999755859375,579.718505859375,91.58930969238281,37.94437789916992,45.79985046386719,98.49401092529297,77.64900207519531,133.88131713867188,93.92894744873047,98.40447998046875
2025-04-14,201.28196716308594,182.1199951171875,35.677974700927734,82.420654296875,127.20713806152344,397.2753601074219,491.5845031738281,345.79986572265625,149.3170928955078,229.20965576171875,69.95726776123047,383.3102722167969,110.55506134033203,19.939334869384766,162.1717071533203,454.7765197753906,531.64013671875,252.35000610351562,567.7174072265625,93.49413299560547,38.07905197143555,46.270896911621094,99.39279174804688,78.97294616699219,135.51486206054688,94.20125579833984,98.64299011230469
2025-04-15,200.90426635742188,179.58999633789062,36.96226501464844,81.72467803955078,126.4738998413086,395.59979248046875,495.3983459472656,342.8085021972656,148.6012725830078,227.6570281982422,69.38758087158203,381.2544250488281,112.04297637939453,20.2277889251709,161.5388641357422,455.2834777832031,530.151123046875,254.11000061035156,564.3617553710938,92.74405670166016,38.02133560180664,46.3886604309082,99.75528717041016,78.30615234375,134.6834259033203,93.52296447753906,98.36631774902344
2025-04-16,193.0823974609375,174.3300018310547,36.320125579833984,82.33485412597656,127.24474334716797,388.7991943359375,486.7757568359375,334.9476623535156,148.8817901611328,224.2196502685547,69.2137680053711,367.2982177734375,104.3437728881836,19.867219924926758,159.54443359375,441.5550537109375,518.3668212890625,241.5500030517578,565.763916015625,90.00031280517578,38.3339729309082,45.66245651245117,96.28925323486328,77.46539306640625,133.31399536132812,91.21585083007812,99.40626525878906
2025-04-17,195.77581787109375,172.61000061035156,36.39795684814453,84.83272552490234,129.604248046875,383.6883850097656,496.958984375,343.72821044921875,152.32546997070312,226.5144805908203,70.48834991455078,363.5126647949219,101.34796142578125,19.957361221313477,163.61000061035156,441.4755554199219,519.1065063476562,241.3699951171875,439.1478576660156,92.00382995605469,39.19973373413086,45.78022384643555,95.76786804199219,79.117919921875,132.53146362304688,91.79014587402344,102.01092529296875
2025-04-21,191.9791717529297,167.32000732421875,35.92121505737305,83.46939086914062,125.71248626708984,374.1392517089844,489.0289001464844,335.8286437988281,151.79345703125,223.61419677734375,70.26626586914062,354.95318603515625,96.77438354492188,19.867219924926758,159.92141723632812,430.55047607421875,506.7503967285156,227.5,411.3161315917969,91.20440673828125,38.17525100708008,44.79887008666992,93.29496002197266,78.36412811279297,129.6752471923828,89.33943939208984,100.51300811767578
2025-04-22,198.51895141601562,173.17999267578125,37.28334045410156,85.57637786865234,129.06845092773438,384.1883850097656,507.20074462890625,343.1183166503906,152.59632873535156,230.0592498779297,71.35738372802734,362.56378173828125,98.75160217285156,20.308916091918945,161.97654724121094,441.8533630371094,519.9348754882812,237.97000122070312,413.10516357421875,93.61256408691406,39.146827697753906,46.28071212768555,95.5692367553711,79.4754638671875,132.11085510253906,92.16641998291016,103.32756042480469
2025-04-23,203.3492431640625,180.60000610351562,37.70170974731445,85.73845672607422,128.485595703125,388.1492004394531,516.2914428710938,345.0448303222656,150.3037567138672,235.22506713867188,70.77802276611328,370.0459899902344,102.5662612915039,20.182714462280273,159.90213012695312,451.87371826171875,527.9915161132812,250.74000549316406,413.8594665527344,93.72113037109375,39.07468032836914,46.83027267456055,98.34007263183594,79.0212631225586,132.76622009277344,94.22601318359375,102.44026184082031
2025-04-24,207.09622192382812,186.5399932861328,38.50926208496094,87.52130126953125,130.73233032226562,393.1197509765625,531.95654296875,348.1620178222656,149.8684539794922,238.89678955078125,70.02486419677734,382.80615234375,106.28104400634766,20.534269332885742,153.92015075683594,464.588134765625,539.105224609375,259.510009765625,410.2717590332031,94.58963775634766,39.699951171875,47.35039520263672,102.00970458984375,78.32546997070312,134.38999938964844,96.10240936279297,103.64241027832031
2025-04-25,208.00062561035156,188.99000549316406,38.61627960205078,87.44503784179688,130.41268920898438,393.158935546875,531.4589233398438,346.1677551269531,149.52989196777344,237.83238220214844,69.43585968017578,387.30340576171875,110.85466003417969,20.660465240478516,155.35775756835938,469.767333984375,543.0003051757812,284.95001220703125,404.8465881347656,93.84942626953125,39.627803802490234,47.12467956542969,103.51927185058594,78.12252044677734,135.03555297851562,97.83028411865234,103.58516693115234
2025-04-28,208.85537719726562,187.6999969482422,38.70384216308594,88.59861755371094,131.70057678222656,394.3844909667969,532.9611206054688,345.5288391113281,150.27474975585938,237.51011657714844,69.31998443603516,386.6214294433594,108.57783508300781,20.777650833129883,156.1585693359375,469.6182556152344,543.2073974609375,285.8800048828125,406.1617431640625,93.97773742675781,39.906768798828125,47.27187728881836,103.35043334960938,77.86161041259766,135.57357788085938,97.86494445800781,103.64241027832031
2025-04-29,209.91883850097656,187.38999938964844,38.90816116333008,87.5975570678711,130.9485321044922,397.2668762207031,535.4191284179688,347.5424499511719,150.81643676757812,238.87725830078125,69.86071014404297,389.468017578125,108.867431640625,21.444700241088867,156.5541534423828,472.7198181152344,546.6292724609375,292.0299987792969,395.7466125488281,94.78704071044922,39.79133987426758,47.7625617980957,103.83210754394531,78.50907897949219,136.23870849609375,98.55807495117188,103.38481140136719
2025-04-30,211.2009735107422,184.4199981689453,38.801143646240234,84.9662094116211,127.90277862548828,398.37469482421875,534.0828857421875,348.98486328125,151.203369140625,238.87725830078125,70.0538330078125,390.673828125,108.76756286621094,22.003578186035156,156.85325622558594,472.6601867675781,546.84619140625,282.1600036621094,397.8838195800781,95.98125457763672,38.71875762939453,47.85087585449219,104.26411437988281,79.07925415039062,137.40274047851562,97.66194152832031,100.7801513671875
2025-05-01,212.01596069335938,190.1999969482422,39.08329391479492,86.4249038696289,128.0907745361328,399.4336242675781,540.2084350585938,346.86480712890625,149.41383361816406,241.09397888183594,68.83718872070312,420.4641418457031,111.45380401611328,21.570898056030273,154.35433959960938,478.8334655761719,550.7216796875,280.5199890136719,387.4783020019531,96.13917541503906,38.86305236816406,47.841064453125,105.79354095458984,78.39311981201172,133.6563720703125,98.20159149169922,100.92326354980469
2025-05-02,204.0946807861328,189.97999572753906,39.958946228027344,87.14948272705078,130.19651794433594,404.943359375,552.1765747070312,352.8862609863281,151.0195770263672,246.58203125,69.1847915649414,430.2295227050781,114.33976745605469,21.814281463623047,154.87533569335938,485.94122314453125,558.896728515625,287.2099914550781,386.7433776855469,97.46167755126953,39.43060302734375,48.83222961425781,107.56130981445312,78.81832122802734,135.5050811767578,99.72647857666016,101.3335189819336
2025-05-05,197.6741485595703,186.35000610351562,40.00759506225586,83.52657318115234,127.37635040283203,404.1787109375,545.7974853515625,350.18536376953125,149.93618774414062,246.630859375,69.23307800292969,431.10919189453125,113.66072082519531,21.516815185546875,153.24478149414062,483.058349609375,555.6918334960938,280.260009765625,391.47222900390625,98.03411865234375,38.71875762939453,48.51820373535156,106.99027252197266,78.75067901611328,135.12359619140625,98.66698455810547,98.52849578857422
2025-05-06,197.2964630126953,185.00999450683594,39.73516845703125,83.545654296875,127.47036743164062,400.2375183105469,535.8483276367188,347.9103088378906,149.42347717285156,243.3985595703125,69.25238800048828,428.2823486328125,113.38111877441406,20.62441062927246,153.65000915527344,478.5650939941406,551.0470581054688,275.3500061035156,381.5115661621094,97.2643051147461,38.72837448120117,48.24342346191406,106.1014175415039,78.61537170410156,131.39682006835938,97.8055191040039,99.90238189697266
2025-05-07,195.05029296875,188.7100067138672,39.82273483276367,83.62191772460938,127.64895629882812,402.9923400878906,538.3453979492188,351.17279052734375,152.16102600097656,243.5352783203125,69.90898895263672,428.3218688964844,116.89618682861328,20.543283462524414,153.6885986328125,480.4438781738281,553.3645629882812,276.2200012207031,378.17523193359375,97.54064178466797,38.7428092956543,48.528018951416016,107.1640625,78.74102020263672,132.404296875,98.5679702758789,99.8069839477539
2025-05-08,196.28271484375,192.0800018310547,40.474609375,84.68019104003906,128.8240203857422,405.7669372558594,551.7864990234375,353.2154235839844,150.57460021972656,247.5194854736328,68.72130584716797,433.0859680175781,117.20574951171875,20.705537796020508,153.0710906982422,485.4044189453125,557.2202758789062,284.82000732421875,372.8468017578125,96.1589126586914,39.25264358520508,48.93037414550781,108.1869888305664,78.64437866210938,131.21095275878906,99.73143005371094,101.199951171875
2025-05-09,197.3163604736328,193.05999755859375,40.65947341918945,84.46089935302734,130.18711853027344,404.3355407714844,553.1519775390625,351.134033203125,149.18167114257812,247.13865661621094,68.09368133544922,433.6394348144531,116.48675537109375,20.466697692871094,152.11590576171875,485.0863037109375,556.5103149414062,298.260009765625,368.0986022949219,95.68896484375,39.64704513549805,48.93037414550781,108.05292510986328,78.190185546875,129.78280639648438,100.21167755126953,102.38301086425781
2025-05-12,209.776123046875,208.63999938964844,42.18699264526367,87.9693832397461,133.12942504882812,415.9140319824219,576.7958374023438,364.5710754394531,149.10427856445312,253.94503784179688,67.13774108886719,444.0472717285156,122.82787322998047,21.210777282714844,155.24195861816406,504.84881591796875,574.9015502929688,318.3800048828125,366.27081298828125,95.7186508178711,40.68115234375,49.921539306640625,113.06824493408203,78.30615234375,132.9912109375,105.19230651855469,104.14808654785156
2025-05-13,211.9058380126953,211.3699951171875,43.08210754394531,89.78083038330078,133.815673828125,413.247314453125,588.9591674804688,361.676513671875,143.5904998779297,256.8355712890625,66.58734893798828,443.9286804199219,129.74818420410156,21.008682250976562,153.14828491210938,512.5430908203125,578.6981811523438,334.07000732421875,301.1205749511719,94.85791015625,41.25351333618164,50.127628326416016,115.5113525390625,77.2527847290039,128.99050903320312,106.5835189819336,104.4343032836914
2025-05-14,211.30873107910156,210.25,43.52967071533203,88.25540924072266,133.17645263671875,412.30615234375,596.5574951171875,360.9117126464844,141.5784454345703,259.40380859375,66.78047180175781,447.6846008300781,135.15060424804688,20.227859497070312,152.46324157714844,515.6148681640625,579.4376831054688,347.67999267578125,297.86163330078125,95.79779052734375,41.0034065246582,49.990234375,116.26117706298828,76.83723449707031,125.95820617675781,106.99444580078125,103.49930572509766
2025-05-15,210.43296813964844,205.1699981689453,43.17940902709961,88.62722778320312,133.73106384277344,415.1788024902344,600.7518920898438,366.5459899902344,144.72227478027344,261.2103576660156,69.14617156982422,448.6946105957031,134.6413116455078,20.76065444946289,156.6988983154297,516.1814575195312,582.2678833007812,342.82000732421875,265.3106384277344,95.32291412353516,41.17655563354492,50.32389450073242,116.4200668334961,78.41244506835938,127.61132049560547,106.75680541992188,104.54884338378906
2025-05-16,210.24388122558594,205.58999633789062,43.481014251708984,88.1219253540039,133.58065795898438,418.50677490234375,603.8048706054688,368.6273498535156,146.38607788085938,261.27874755859375,69.52275085449219,449.82342529296875,135.21051025390625,20.97193717956543,157.53829956054688,518.4281005859375,585.9559936523438,349.9800109863281,282.2920837402344,97.19275665283203,41.11403274536133,50.62812042236328,116.63855743408203,79.3111801147461,130.18385314941406,107.76679229736328,104.1733169555664
2025-05-19,207.7758026123047,206.16000366210938,43.5588493347168,86.92967224121094,131.7728271484375,419.96868896484375,597.2402954101562,367.27203369140625,147.5081787109375,258.6616516113281,69.45516967773438,454.37841796875,135.38027954101562,21.12809944152832,158.97589111328125,518.9252319335938,586.596923828125,342.0899963378906,305.4819641113281,97.07405090332031,40.580142974853516,50.657554626464844,116.46973419189453,79.5431137084961,131.4359130859375,107.51428985595703,102.51716613769531
2025-05-20,205.86505126953125,204.07000732421875,43.481014251708984,86.23737335205078,130.61199951171875,418.9189147949219,591.6025390625,365.0163879394531,148.63995361328125,259.4428405761719,69.22342681884766,453.6852722167969,134.1919403076172,21.60577964782715,159.8153076171875,517.1954345703125,584.624755859375,343.82000732421875,310.9844665527344,96.75746154785156,40.204978942871094,50.38277816772461,116.03275299072266,79.8233642578125,131.7587127685547,106.954833984375,101.05359649658203
2025-05-21,201.11798095703125,201.1199951171875,42.07997131347656,83.79515838623047,128.9849395751953,410.8538513183594,578.86376953125,359.0046081542969,148.1756134033203,254.91177368164062,69.37791442871094,448.1401062011719,131.6155548095703,21.164844512939453,159.6126708984375,510.0081481933594,574.7733154296875,334.6199951171875,292.99737548828125,95.40205383300781,39.46427536010742,49.352352142333984,113.85282135009766,78.89564514160156,128.70684814453125,104.78632354736328,99.81149291992188
2025-05-22,200.39149475097656,203.10000610351562,42.13835144042969,82.81442260742188,128.72801208496094,410.9225158691406,583.516357421875,354.44488525390625,147.62425231933594,254.5504913330078,68.69233703613281,450.4076843261719,132.64410400390625,21.164844512939453,159.22674560546875,510.9624938964844,575.0001831054688,341.0400085449219,286.895263671875,94.90738677978516,39.31036376953125,49.29347229003906,113.88262176513672,78.56707000732422,127.6993408203125,105.23685455322266,99.14710998535156
2025-05-23,194.33078002929688,200.99000549316406,42.03132629394531,81.91061401367188,129.91738891601562,408.47943115234375,583.8186645507812,351.134033203125,147.94346618652344,254.58953857421875,69.30066680908203,445.7734680175781,131.1062774658203,21.422056198120117,160.02755737304688,506.2306213378906,571.0752563476562,339.3399963378906,285.8315124511719,95.3130111694336,39.43540954589844,49.1168327331543,112.62629699707031,78.85697937011719,127.4939193725586,104.29122924804688,99.20487976074219
2025-05-27,199.2470245361328,206.02000427246094,43.02373123168945,82.25675201416016,131.1448211669922,415.85772705078125,600.5859375,358.57861328125,149.51422119140625,259.06201171875,69.31031799316406,456.18060302734375,135.31036376953125,21.68845558166504,161.86074829101562,518.1397705078125,582.9483032226562,362.8900146484375,285.2802429199219,96.539794921875,39.77690505981445,49.98042297363281,115.30279541015625,79.57209777832031,129.27420043945312,107.37071228027344,99.67668151855469
2025-05-28,199.45602416992188,204.72000122070312,42.86806106567383,81.3240966796875,129.42262268066406,413.4735107421875,593.4752807617188,356.31329345703125,148.7141876220703,257.30426025390625,68.7020034790039,452.8831787109375,134.621337890625,21.29344940185547,161.47482299804688,515.8433837890625,579.5757446289062,356.8999938964844,288.28778076171875,96.20343017578125,39.27188491821289,49.646766662597656,114.82609558105469,79.03092956542969,128.60902404785156,106.38549041748047,98.31903839111328
2025-05-29,198.98826599121094,205.6999969482422,43.04319381713867,82.30482482910156,131.22096252441406,414.4938049316406,589.9832763671875,356.53594970703125,149.836181640625,258.16357421875,69.03030395507812,454.1903076171875,138.99522399902344,21.541479110717773,162.63259887695312,516.857421875,581.8635864257812,358.42999267578125,288.3458251953125,96.06491088867188,39.56528091430664,49.90190887451172,115.01976013183594,79.34984588623047,129.46981811523438,106.43003845214844,98.87750244140625
2025-05-30,199.88394165039062,205.00999450683594,42.9361686706543,82.064453125,130.06964111328125,414.8764953613281,588.6011352539062,356.53594970703125,151.42645263671875,257.80230712890625,69.61931610107422,455.85382080078125,134.94090270996094,21.578222274780273,163.91583251953125,516.0422973632812,581.2127075195312,346.4599914550781,291.96258544921875,97.66764068603516,39.21416473388672,50.009864807128906,114.66222381591797,80.04563903808594,129.7436981201172,105.85076904296875,98.50199127197266
2025-06-02,200.72984313964844,206.64999389648438,42.88751983642578,83.3817138671875,131.1543426513672,415.72027587890625,586.9052734375,356.21649169921875,151.61180114746094,258.4468078613281,69.52275085449219,457.44805908203125,137.18772888183594,21.550661087036133,161.8800506591797,520.1180419921875,584.4866943359375,342.69000244140625,294.6800231933594,98.70645904541016,39.72880935668945,50.02948760986328,115.67520904541016,80.09396362304688,129.82196044921875,106.09832763671875,99.22415161132812
2025-06-03,202.2923126220703,205.7100067138672,43.442100524902344,84.52590942382812,132.78140258789062,417.9769592285156,591.9144287109375,361.173095703125,150.65570068359375,260.01898193359375,68.711669921875,458.43829345703125,141.02235412597656,21.449617385864258,160.98275756835938,524.183837890625,587.8197631835938,344.2699890136719,291.2953186035156,98.91421508789062,40.200164794921875,50.127628326416016,117.41320037841797,80.01665496826172,130.12518310546875,106.66273498535156,99.94630432128906
2025-06-04,201.84446716308594,207.22999572753906,43.159950256347656,82.64134216308594,130.70713806152344,416.9271240234375,587.3856201171875,360.5148010253906,149.4849395751953,258.01715087890625,68.91443634033203,459.3294372558594,141.7213897705078,21.486360549926758,160.11439514160156,525.6452026367188,587.6619873046875,332.04998779296875,290.4830322265625,98.29092407226562,39.41617202758789,49.84303283691406,117.58700561523438,79.45614624023438,130.37950134277344,106.38053131103516,98.50199127197266
2025-06-05,199.66500854492188,207.91000366210938,43.17940902709961,82.064453125,130.25994873046875,415.97540283203125,593.9240112304688,359.7160339355469,149.9142303466797,255.80043029785156,68.47025299072266,463.1022033691406,139.79409790039062,21.238332748413086,157.0751495361328,521.688720703125,584.8218994140625,284.70001220703125,286.0925598144531,96.91574096679688,39.37769317626953,49.70564270019531,117.25431060791016,78.69269561767578,130.20343017578125,103.6971206665039,98.04944610595703
2025-06-06,202.93917846679688,213.57000732421875,44.01128387451172,83.86246490478516,133.40940856933594,420.3023376464844,601.8837280273438,357.8165588378906,151.25082397460938,259.49169921875,68.89511108398438,465.7757263183594,141.52166748046875,21.449617385864258,158.25225830078125,526.7883911132812,590.8274536132812,295.1400146484375,293.22943115234375,96.43097686767578,40.118404388427734,50.32389450073242,118.36164855957031,78.94396209716797,131.44569396972656,105.04376983642578,100.39884948730469
2025-06-09,200.48104858398438,216.97999572753906,43.91341018676758,84.6509017944336,133.93270874023438,420.2825927734375,601.4132080078125,355.74169921875,151.44595336914062,260.4779357910156,69.30066680908203,468.1225891113281,142.43040466308594,22.019155502319336,156.8435821533203,527.5638427734375,591.3599243164062,308.5799865722656,293.2004699707031,96.41118621826172,40.19536209106445,50.04911422729492,118.942626953125,78.83766174316406,131.22073364257812,105.88542175292969,101.07286071777344
2025-06-10,201.69520568847656,217.61000061035156,44.12872314453125,87.6700210571289,136.39710998535156,421.509033203125,602.7365112304688,358.38153076171875,152.63621520996094,262.2942810058594,69.86071014404297,466.3104553222656,143.75852966308594,22.322296142578125,157.11375427246094,531.0530395507812,594.7128295898438,326.0899963378906,293.7806396484375,96.2825698852539,40.91201400756836,50.10799789428711,119.60802459716797,79.01161193847656,132.71730041503906,107.15287017822266,103.23932647705078
2025-06-11,197.8238983154297,213.1999969482422,43.776397705078125,89.7564926147461,137.7577362060547,421.49932861328125,611.8530883789062,351.12445068359375,151.4752197265625,261.8548583984375,69.59033966064453,467.99383544921875,142.64002990722656,22.487648010253906,156.409423828125,529.263671875,593.0166015625,326.42999267578125,300.3276062011719,94.7787857055664,41.50362014770508,50.04911422729492,119.34484100341797,78.74102020263672,132.78578186035156,106.30625915527344,105.25172424316406
2025-06-12,198.2418670654297,213.24000549316406,43.66874313354492,91.04490661621094,137.9385223388672,422.3724670410156,612.7744750976562,353.7545471191406,152.84109497070312,261.9427490234375,69.7544937133789,474.1825866699219,144.80712890625,22.818349838256836,157.44178771972656,530.5062255859375,595.3734741210938,319.1099853515625,308.0060119628906,93.8191146850586,41.64791488647461,50.04911422729492,120.45219421386719,79.20488739013672,133.82264709472656,105.80622863769531,105.65614318847656
2025-06-13,195.50509643554688,212.10000610351562,43.15004348754883,93.2275161743164,138.8329315185547,414.8373718261719,601.432861328125,345.47467041015625,153.27037048339844,258.7300109863281,69.06404113769531,470.3109130859375,141.78115844726562,22.54276466369629,154.64378356933594,523.8458862304688,588.7172241210938,325.30999755859375,303.19976806640625,93.43327331542969,42.37419128417969,49.028507232666016,118.76386260986328,78.23849487304688,133.15750122070312,104.83088684082031,107.95741271972656
2025-06-16,197.46563720703125,216.10000610351562,43.463218688964844,91.34297943115234,138.94708251953125,418.2419128417969,615.4603881835938,344.4031982421875,151.4362030029297,264.0129699707031,68.57781982421875,474.45001220703125,144.49754333496094,22.41415786743164,155.22268676757812,531.132568359375,594.3182983398438,329.1300048828125,299.6352233886719,93.28487396240234,42.24913787841797,49.58787536621094,120.6855697631836,78.48976135253906,132.74667358398438,105.95970153808594,108.30404663085938
2025-06-17,194.69898986816406,214.82000732421875,43.28705596923828,91.82372283935547,141.63031005859375,415.1316833496094,612.3137817382812,339.7469787597656,148.66543579101562,263.19268798828125,67.7026138305664,473.36077880859375,143.92828369140625,22.04671287536621,152.94569396972656,525.9533081054688,589.2398681640625,316.3500061035156,300.81365966796875,93.24530029296875,42.64353942871094,49.303287506103516,119.83148956298828,77.82295989990234,130.55557250976562,104.13282012939453,109.76760864257812
2025-06-18,195.63449096679688,212.52000427246094,44.099361419677734,90.18916320800781,141.00233459472656,414.86676025390625,622.70458984375,338.0423278808594,147.05564880371094,267.5284729003906,67.30390167236328,475.53924560546875,145.2864990234375,21.936477661132812,152.46324157714844,525.8638916015625,589.1510009765625,322.04998779296875,299.1872253417969,94.07633972167969,42.36457061767578,49.283660888671875,119.9754867553711,77.72630310058594,130.33059692382812,104.18231964111328,108.98768615722656
2025-06-20,200.03323364257812,209.69000244140625,44.52998352050781,91.04490661621094,142.29638671875,414.98382568359375,628.1549072265625,340.5652160644531,146.13858032226562,268.5440673828125,66.944091796875,472.7270202636719,143.65866088867188,22.019155502319336,153.4859619140625,523.7167358398438,587.7674560546875,322.1600036621094,294.1325988769531,95.09536743164062,42.797454833984375,49.421051025390625,119.44415283203125,78.29647827148438,129.70457458496094,104.30607604980469,110.44161224365234
2025-06-23,200.53082275390625,208.47000122070312,45.312931060791016,88.17961883544922,139.73684692382812,418.88018798828125,634.1149291992188,347.71514892578125,147.6312713623047,271.7372741699219,67.81930541992188,481.24285888671875,143.9782257080078,22.074270248413086,155.36740112304688,529.1017456054688,593.572998046875,348.67999267578125,292.8372802734375,96.82670593261719,41.71517562866211,50.04339599609375,120.80602264404297,79.20333099365234,129.89132690429688,106.37351989746094,107.59150695800781
2025-06-24,199.3365936279297,212.77000427246094,45.665252685546875,85.94893646240234,136.58740234375,423.8687438964844,649.0443725585938,351.08551025390625,148.4800567626953,274.6571044921875,68.27635192871094,485.3125915527344,147.70326232910156,22.331483840942383,154.72097778320312,537.1928100585938,600.13037109375,340.4700012207031,297.6484069824219,96.95532989501953,41.17210006713867,50.791778564453125,122.9746322631836,79.13522338867188,131.48348999023438,106.96393585205078,104.31774139404297
2025-06-25,200.59051513671875,211.99000549316406,45.8511962890625,85.57393646240234,136.28289794921875,422.9536437988281,656.6512451171875,352.4881896972656,148.56787109375,277.3913269042969,67.71233367919922,487.4514465332031,154.10475158691406,22.285551071166992,153.3798370361328,538.5661010742188,600.4666137695312,327.54998779296875,294.1423034667969,96.22321319580078,40.9926872253418,50.6243782043457,124.02413177490234,78.07463073730469,131.60142517089844,105.7037353515625,104.34662628173828
2025-06-26,200.03323364257812,217.1199951171875,46.44819641113281,87.39118194580078,137.43421936035156,426.9583435058594,673.6000366210938,354.0857238769531,148.304443359375,281.97125244140625,67.55674743652344,492.5807800292969,154.81381225585938,22.267179489135742,153.0518035888672,543.6018676757812,605.1646728515625,325.7799987792969,294.7266540527344,94.99642944335938,41.579402923583984,50.99856948852539,124.879638671875,78.00651550292969,131.91595458984375,106.67617797851562,105.90648651123047
2025-06-27,200.1128387451172,223.3000030517578,46.115447998046875,86.69891357421875,136.81573486328125,430.962890625,677.1780395507812,359.1900329589844,148.6947021484375,280.3697509765625,68.39305114746094,491.0855407714844,157.5401611328125,22.221250534057617,154.23855590820312,545.4629516601562,608.1713256835938,323.6300048828125,301.04736328125,96.23310089111328,41.361202239990234,51.146278381347656,124.73042297363281,78.37627410888672,131.6309356689453,108.4523696899414,105.31912994384766
2025-06-30,204.1831512451172,219.38999938964844,46.31118392944336,86.28545379638672,136.24485778808594,433.5703125,693.7837524414062,357.1444396972656,149.02642822265625,283.1040344238281,68.80148315429688,492.5411682128906,157.77984619140625,22.267179489135742,153.717529296875,548.9959106445312,611.0790405273438,317.6600036621094,303.8327941894531,96.73766326904297,41.12360763549805,51.5697021484375,125.95399475097656,78.7849349975586,132.4761505126953,107.82723236083984,103.79779052734375
2025-07-01,206.82041931152344,220.4600067138672,47.12348937988281,88.44884490966797,138.50942993164062,437.7421875,692.5192260742188,363.49554443359375,152.119140625,283.5923156738281,69.69615173339844,487.233642578125,153.09609985351562,23.002071380615234,155.5507354736328,544.3682250976562,610.8812866210938,300.7099914550781,317.6332092285156,97.19275665283203,41.438785552978516,51.85527420043945,124.82989501953125,79.7676773071289,134.36322021484375,108.28864288330078,105.184326171875
2025-07-02,211.41819763183594,219.9199981689453,47.671546936035156,90.80453491210938,140.80252075195312,437.5650939941406,701.7631225585938,362.219482421875,151.7678985595703,285.14495849609375,68.95708465576172,486.2830505371094,157.0408477783203,23.25928497314453,155.53143310546875,548.159912109375,613.6505737304688,315.6499938964844,299.5378112792969,96.56947326660156,42.15157699584961,51.81588363647461,126.14797973632812,80.0011978149414,133.036376953125,109.15689849853516,106.92713928222656
2025-07-03,212.52285766601562,223.41000366210938,47.88685989379883,90.07378387451172,141.17361450195312,440.89080810546875,709.3993530273438,362.0538635253906,152.20693969726562,290.443603515625,69.38496398925781,493.95721435546875,159.1280517578125,23.31439971923828,155.1744384765625,553.553955078125,618.487060546875,315.3500061035156,300.5019836425781,97.31147766113281,42.20006561279297,52.377174377441406,127.80925750732422,79.9622802734375,133.17398071289062,109.75227355957031,108.03443908691406
2025-07-07,208.94015502929688,223.47000122070312,47.62260818481445,88.98728942871094,140.2506561279297,436.86651611328125,696.9009399414062,358.1184997558594,151.4849853515625,286.4892578125,69.05433654785156,492.84814453125,158.02951049804688,23.1857967376709,154.8560333251953,549.3840942382812,613.8780517578125,293.94000244140625,295.7882080078125,98.29092407226562,41.79275894165039,51.87496566772461,126.79458618164062,79.89417266845703,132.05355834960938,108.35810852050781,106.98490142822266
2025-07-08,208.99989318847656,219.36000061035156,46.144805908203125,92.1025619506836,145.80740356445312,435.27252197265625,683.5204467773438,357.9821472167969,151.99229431152344,277.47174072265625,68.30553436279297,491.7588806152344,159.7871856689453,23.534868240356445,152.3378143310547,549.6925659179688,613.5418090820312,297.80999755859375,299.6741943359375,96.05502319335938,42.91770553588867,51.41214370727539,127.47601318359375,79.15467071533203,132.653076171875,107.99095916748047,109.95055389404297
2025-07-09,210.12445068359375,222.5399932861328,45.8414192199707,90.89106750488281,145.59808349609375,437.3781433105469,682.8145751953125,361.43048095703125,152.47036743164062,277.8446350097656,67.56646728515625,498.5814514160156,162.66334533691406,23.47974967956543,151.98085021972656,553.5838623046875,617.2210083007812,295.8800048828125,295.00909423828125,95.77800750732422,42.699501037597656,51.599246978759766,128.2419891357422,78.63898468017578,133.1641387939453,108.6309814453125,109.57503509521484
2025-07-10,211.3883514404297,222.25999450683594,45.96864318847656,91.69873046875,146.69229125976562,439.3263244628906,695.126708984375,363.6319274902344,153.8459930419922,282.7802429199219,67.84847259521484,496.57135009765625,163.88174438476562,23.681846618652344,152.91673278808594,552.7876586914062,618.961669921875,309.8699951171875,291.69781494140625,93.84880065917969,43.02437973022461,51.904510498046875,127.8192138671875,78.92115020751953,133.9799346923828,109.83164978027344,110.6630859375
2025-07-11,210.14434814453125,225.02000427246094,45.73375701904297,91.92948913574219,147.77699279785156,436.4433898925781,691.0390625,360.485595703125,153.07522583007812,281.4751281738281,67.94572448730469,498.393310546875,164.7006378173828,23.562423706054688,151.52735900878906,551.543701171875,616.7858276367188,313.510009765625,296.1680908203125,93.39369201660156,43.21833419799805,51.3629150390625,127.25715637207031,78.62925720214844,132.86929321289062,109.86141967773438,111.14452362060547
2025-07-14,207.61656188964844,225.69000244140625,46.06650924682617,90.54492950439453,144.2945098876953,437.4371643066406,699.2243041992188,360.5245361328125,152.9971923828125,283.2806396484375,67.55674743652344,498.09625244140625,163.85177612304688,23.286842346191406,148.35304260253906,553.5440673828125,617.9627685546875,316.8999938964844,292.7398681640625,94.75898742675781,42.74314498901367,51.746952056884766,127.1527099609375,78.69735717773438,132.71206665039062,110.26826477050781,109.69058227539062
2025-07-15,208.10423278808594,226.35000610351562,45.16613006591797,88.98728942871094,143.381103515625,433.0783386230469,688.6470947265625,349.35162353515625,151.38742065429688,281.1710205078125,67.44976806640625,500.8688659667969,170.4729461669922,22.60706901550293,147.31103515625,554.0515747070312,615.3220825195312,310.7799987792969,284.10125732421875,94.37313842773438,42.12733459472656,50.8607063293457,128.28179931640625,77.90921783447266,130.32376098632812,108.69052124023438,108.71807861328125
2025-07-16,209.14918518066406,223.19000244140625,45.048683166503906,87.9873275756836,142.64842224121094,435.2528076171875,694.8326416015625,348.14373779296875,160.76315307617188,280.4546813964844,67.36224365234375,500.67083740234375,171.14205932617188,22.60706901550293,148.32411193847656,554.6187744140625,617.3792114257812,321.6700134277344,284.8608703613281,94.13570404052734,41.76366424560547,51.215206146240234,128.6796875,78.1816635131836,131.94541931152344,108.88897705078125,108.06332397460938
2025-07-17,209.0098419189453,223.8800048828125,46.017578125,89.23726654052734,144.03759765625,438.0668640136719,691.9114379882812,349.7412414550781,159.0070343017578,284.4581298828125,68.6458969116211,506.6913146972656,172.7698974609375,22.579509735107422,150.14764404296875,559.1072387695312,621.1574096679688,319.4100036621094,280.5561828613281,94.07633972167969,42.02065658569336,51.70756530761719,129.8485565185547,78.92115020751953,130.44171142578125,109.26109313964844,107.51448822021484
2025-07-18,210.16424560546875,226.1300048828125,46.31118392944336,88.1123046875,142.7626190185547,436.3157653808594,694.28369140625,350.0919189453125,159.70948791503906,285.8023376464844,67.92627716064453,505.05743408203125,172.18067932128906,22.47846221923828,150.6693115234375,558.56982421875,620.7024536132812,329.6499938964844,275.2775573730469,94.03677368164062,41.68123245239258,51.73710250854492,129.76402282714844,78.70709228515625,129.57679748535156,110.22857666015625,103.76890563964844
2025-07-21,211.4580078125,229.3000030517578,46.467769622802734,87.49695587158203,142.42005920410156,436.4930114746094,692.0682983398438,354.6117858886719,160.3533935546875,285.5080261230469,68.14021301269531,505.06732177734375,171.15206909179688,22.285551071166992,150.601318359375,561.4658813476562,621.87939453125,328.489990234375,274.7808837890625,94.650146484375,41.24967575073242,51.58939743041992,129.93313598632812,78.69735717773438,128.8396759033203,110.74952697753906,104.03851318359375
2025-07-22,213.3687744140625,227.47000122070312,46.751590728759766,89.4007339477539,142.7626190185547,437.98919677734375,686.5885620117188,361.4012451171875,163.83636474609375,285.9593811035156,67.74150848388672,500.3242492675781,166.80783081054688,23.09393310546875,153.79733276367188,558.559814453125,621.9683837890625,332.1099853515625,277.6929016113281,94.82823181152344,41.44363784790039,51.87496566772461,128.72943115234375,79.41738891601562,131.23779296875,111.87081146240234,104.51032257080078
2025-07-23,213.11997985839844,228.2899932861328,47.11369705200195,91.38143920898438,145.69320678710938,443.1568908691406,703.3609619140625,366.60296630859375,164.97784423828125,291.1893615722656,67.25527954101562,500.9183349609375,170.55284118652344,23.29602813720703,153.75845336914062,561.1076049804688,627.259765625,332.55999755859375,284.88037109375,94.6600570678711,42.09339141845703,52.288543701171875,129.465576171875,79.44657897949219,133.93075561523438,112.40167999267578,105.84870910644531
2025-07-24,212.7318572998047,232.22999572753906,47.358367919921875,91.9391098022461,148.27178955078125,440.1054992675781,704.9881591796875,363.4273681640625,165.4266357421875,290.9832458496094,67.1969223022461,505.8793029785156,173.50892639160156,23.286842346191406,154.2733154296875,562.3018798828125,627.4674682617188,305.29998779296875,271.313720703125,95.57025146484375,42.39402389526367,52.25900650024414,130.0126953125,79.1644058227539,133.42950439453125,110.54114532470703,106.6767807006836
2025-07-25,212.8512725830078,231.44000244140625,47.417091369628906,91.29489135742188,147.32977294921875,441.9855041503906,714.5948486328125,365.61907958984375,164.19735717773438,293.0144348144531,67.26500701904297,508.681640625,173.26922607421875,23.165363311767578,153.77789306640625,563.6553955078125,630.1180419921875,316.05999755859375,273.7290344238281,96.43097686767578,42.2340087890625,52.623348236083984,130.31112670898438,79.30062866210938,134.13714599609375,111.56816101074219,106.30126190185547
2025-07-28,213.0204620361328,232.7899932861328,47.2017822265625,93.28520965576172,148.69993591308594,441.3162536621094,709.3699951171875,367.4601745605469,162.16806030273438,292.6807861328125,66.2147445678711,507.4834899902344,176.51490783691406,22.71681785583496,152.62188720703125,565.4168090820312,629.9598999023438,325.5899963378906,274.7613830566406,96.56947326660156,42.71405029296875,52.25900650024414,131.35067749023438,78.4832992553711,132.96759033203125,112.21810913085938,107.30265808105469
2025-07-29,210.2538299560547,231.00999450683594,46.92774963378906,94.2178726196289,149.41357421875,439.4853210449219,717.53564453125,367.5672912597656,164.01197814941406,291.464111328125,67.46920776367188,507.55279541015625,175.2765350341797,22.707473754882812,152.13616943359375,564.5410766601562,628.2982788085938,321.20001220703125,254.26043701171875,97.28179931640625,43.13105392456055,51.993133544921875,131.35565185546875,78.9990005493164,132.12234497070312,111.44412994384766,108.68917846679688
2025-07-30,208.04449462890625,230.19000244140625,46.937538146972656,92.94868469238281,146.11187744140625,437.79229736328125,716.3298950195312,362.4434814453125,163.1826934814453,294.0054931640625,66.85657501220703,508.2162170410156,179.0315704345703,22.249588012695312,148.51272583007812,565.2974853515625,627.507080078125,319.0400085449219,259.100830078125,96.54969024658203,42.5152473449707,51.89466094970703,131.64910888671875,78.29843139648438,131.88645935058594,110.7396011352539,107.7455825805664
2025-07-31,206.57164001464844,234.11000061035156,46.262245178222656,91.66988372802734,144.28500366210938,434.416015625,709.3111572265625,357.9919128417969,160.72412109375,290.6790771484375,66.02024841308594,528.27783203125,177.6334228515625,21.7636661529541,146.17156982421875,562.3018798828125,625.1531372070312,308.2699890136719,243.0506591796875,96.93553924560547,42.2873420715332,51.5697021484375,130.68417358398438,77.62704467773438,128.19100952148438,109.86141967773438,107.4952163696289
2025-08-01,201.40658569335938,214.75,44.68657302856445,89.18920135498047,144.05662536621094,428.8938903808594,695.5678100585938,363.98260498046875,163.25100708007812,283.93804931640625,66.96353912353516,518.9797973632812,173.4889373779297,21.950559616088867,146.346435546875,551.2252197265625,614.9066162109375,302.6300048828125,231.56817626953125,97.44010162353516,41.50182342529297,50.614532470703125,127.86396789550781,77.99678802490234,128.87899780273438,107.21200561523438,105.5694808959961
2025-08-04,202.37193298339844,211.64999389648438,44.872520446777344,89.2757339477539,143.71409606933594,434.8884582519531,711.7030639648438,370.9571533203125,166.87054443359375,288.7362365722656,67.06078338623047,530.39697265625,179.7605743408203,21.98793601989746,146.45327758789062,561.3961181640625,624.2530517578125,309.260009765625,234.6944580078125,98.52836608886719,41.40969467163086,51.116729736328125,130.46034240722656,78.37627410888672,130.7267303466797,108.47222137451172,103.38375854492188
2025-08-05,201.94400024414062,213.75,44.588706970214844,89.61226654052734,145.61708068847656,434.2289733886719,706.6840209960938,375.42828369140625,166.577880859375,285.9005126953125,67.1483154296875,522.584228515625,178.02288818359375,23.12798309326172,146.21043395996094,557.5845947265625,621.088134765625,308.7200012207031,244.45309448242188,98.2513427734375,41.46302795410156,50.909942626953125,129.38101196289062,78.29843139648438,130.22549438476562,108.61114501953125,103.25858306884766
2025-08-06,212.22430419921875,222.30999755859375,44.451683044433594,89.52572631835938,145.3697052001953,435.0459899902344,710.4384765625,376.7822570800781,166.4315185546875,285.8808898925781,67.59563446044922,519.8016967773438,179.18133544921875,22.36172103881836,148.4932861328125,564.6007690429688,625.8455200195312,319.9100036621094,239.36924743652344,102.2581787109375,41.0799674987793,51.156124114990234,130.83836364746094,79.41738891601562,128.26963806152344,110.86859893798828,102.5556869506836
2025-08-07,218.97169494628906,223.1300048828125,43.962345123291016,89.03536224365234,145.73129272460938,432.83123779296875,705.537109375,376.1686096191406,167.34861755371094,281.5536804199219,68.49030303955078,515.7418212890625,180.52955627441406,22.642061233520508,149.1053009033203,566.5115966796875,625.3212890625,322.2699890136719,238.28819274902344,102.02073669433594,40.91995620727539,50.584983825683594,130.95773315429688,80.0206527709961,126.79537963867188,110.8338623046875,102.01647186279297
2025-08-08,228.24685668945312,222.69000244140625,45.02910614013672,90.2949447631836,147.49154663085938,434.9967346191406,707.0369262695312,377.8050842285156,169.10472106933594,283.3395080566406,68.40277099609375,516.9300537109375,182.4569854736328,22.96912384033203,149.12472534179688,571.7960815429688,630.197265625,329.6499938964844,244.34596252441406,102.6242446899414,41.18179702758789,51.05765151977539,132.26588439941406,80.25418090820312,127.92562866210938,111.0273666381836,102.83492279052734
2025-08-11,226.3438720703125,221.3000030517578,45.17591094970703,89.92955780029297,146.0072021484375,433.1167297363281,705.0469970703125,377.4933776855469,169.58279418945312,284.1244812011719,68.80148315429688,516.662841796875,181.81784057617188,22.96912384033203,150.552734375,570.1041870117188,628.9510498046875,339.0299987792969,245.78733825683594,102.82210540771484,40.85206985473633,51.037960052490234,131.37057495117188,80.18607330322266,128.05340576171875,111.31513214111328,101.90093231201172
2025-08-12,228.80479431152344,221.47000122070312,46.48735046386719,90.94874572753906,146.94918823242188,437.7135314941406,728.710693359375,385.7440490722656,168.56813049316406,287.35272216796875,68.76258850097656,524.0596313476562,182.9163818359375,23.034536361694336,150.6595916748047,577.2697143554688,635.6468505859375,340.8399963378906,254.7473907470703,102.51542663574219,41.050872802734375,51.658329010009766,133.4049072265625,80.40013122558594,128.93797302246094,112.49596405029297,102.18978118896484
2025-08-13,232.47125244140625,224.55999755859375,46.23289108276367,92.18909454345703,148.309814453125,442.3793029785156,729.9948120117188,396.6344909667969,170.1681671142578,285.0762939453125,68.51947021484375,515.4844360351562,181.3484649658203,23.511112213134766,150.970458984375,577.558349609375,637.82275390625,339.3800048828125,264.7203063964844,99.91344451904297,41.52606964111328,51.953739166259766,133.4546356201172,80.40013122558594,131.0019073486328,114.0389633178711,103.60520935058594
2025-08-14,231.9232940673828,230.97999572753906,46.692867279052734,91.96795654296875,147.63427734375,442.1233215332031,732.4552612304688,389.9521484375,170.46084594726562,288.6381530761719,67.63453674316406,517.36572265625,181.77789306640625,23.464391708374023,149.34817504882812,577.110595703125,637.8821411132812,335.5799865722656,264.40863037109375,99.77493286132812,41.487274169921875,52.19992446899414,133.16615295410156,79.68009948730469,131.66043090820312,113.90996551513672,103.39337158203125
2025-08-15,230.73764038085938,231.02999877929688,45.93928146362305,91.6602783203125,148.95684814453125,442.7497863769531,716.3004760742188,389.0364685058594,172.33404541015625,285.0370178222656,67.99433898925781,515.0783081054688,180.20997619628906,23.49242401123047,149.950439453125,574.5728149414062,636.388671875,330.55999755859375,296.0804138183594,99.16507720947266,41.487274169921875,51.658329010009766,132.15646362304688,79.80659484863281,133.87179565429688,113.6370849609375,103.49056243896484
2025-08-18,230.0402374267578,231.49000549316406,46.89838790893555,91.12708282470703,147.7864990234375,442.2769775390625,716.5357666015625,384.4776916503906,171.95355224609375,286.0574645996094,67.22610473632812,512.0383911132812,181.7678985595703,23.42700958251953,151.27159118652344,574.3438110351562,636.2501831054688,335.1600036621094,300.4435729980469,99.85922241210938,41.23998260498047,51.69771957397461,132.43995666503906,79.6995620727539,133.55728149414062,114.09355163574219,103.7140884399414
2025-08-19,229.71144104003906,228.00999450683594,47.05497741699219,90.89441680908203,146.237548828125,442.5133972167969,707.1448364257812,396.6539611816406,173.46575927734375,285.203857421875,68.19856262207031,504.7801818847656,175.40638732910156,23.660627365112305,153.8750457763672,566.5513916015625,632.7984008789062,329.30999755859375,296.3044128417969,100.44430541992188,41.2545280456543,51.79618835449219,130.12709045410156,80.51689147949219,134.412353515625,114.0389633178711,104.39437103271484
2025-08-20,225.17819213867188,223.80999755859375,47.31922149658203,91.98988342285156,147.41128540039062,442.5822448730469,706.4585571289062,391.3353576660156,174.4804229736328,286.7541809082031,68.75286102294922,500.76983642578125,175.1667022705078,23.716693878173828,154.95333862304688,563.1875610351562,631.1170043945312,323.8999938964844,292.0191650390625,101.71361541748047,41.59880065917969,52.062068939208984,129.24671936035156,80.97421264648438,135.1396484375,112.91271209716797,105.47309875488281
2025-08-21,224.07229614257812,221.9499969482422,47.231136322021484,91.88323974609375,149.6529541015625,441.1935729980469,701.822021484375,387.4000244140625,174.56822204589844,285.9986267089844,68.71397399902344,500.1251525878906,174.7472381591797,24.053102493286133,154.1956024169922,560.5802001953125,628.5850830078125,320.1099853515625,295.4376220703125,97.14210510253906,41.8848876953125,51.89466094970703,128.7791748046875,80.24445343017578,134.68753051757812,112.242919921875,106.15339660644531
2025-08-22,226.9217529296875,228.83999633789062,48.42512893676758,93.8221206665039,152.18324279785156,449.75250244140625,727.2501220703125,402.09918212890625,174.91944885253906,290.6790771484375,68.19856262207031,503.0907287597656,177.75323486328125,24.18392562866211,154.1373291015625,569.2284545898438,638.2381591796875,340.010009765625,299.4014892578125,96.02153778076172,42.73830032348633,52.75136947631836,130.5250244140625,80.24445343017578,135.79815673828125,115.65144348144531,108.14566040039062
2025-08-25,226.32395935058594,227.94000244140625,48.42512893676758,95.17932891845703,152.20248413085938,446.23638916015625,724.211181640625,398.3099365234375,174.0609130859375,289.3642578125,67.0316162109375,500.1449890136719,179.5708465576172,23.49242401123047,151.68931579589844,567.5863647460938,635.42919921875,346.6000061035156,296.90826416015625,95.26789093017578,42.84982681274414,52.446102142333984,130.23153686523438,78.87250518798828,133.86196899414062,115.41825103759766,108.59268951416016
2025-08-26,228.46604919433594,228.7100067138672,49.178714752197266,94.08386993408203,151.39434814453125,447.6349792480469,734.1707763671875,396.985107421875,173.4515838623047,292.9653625488281,66.83712768554688,497.9430847167969,181.52822875976562,23.286842346191406,151.51446533203125,569.8654174804688,638.0897827148438,351.6700134277344,292.5937805175781,95.24806213378906,42.78193664550781,52.84983444213867,130.82843017578125,78.35679626464844,134.69737243652344,115.9491195678711,108.34972381591797
2025-08-27,229.64170837402344,229.1199951171875,49.305946350097656,94.90788269042969,153.2030792236328,449.15167236328125,734.87646484375,397.6670227050781,173.74639892578125,293.6619873046875,66.93437194824219,502.604736328125,181.35845947265625,23.42700958251953,152.47618103027344,570.7412109375,639.5436401367188,349.6000061035156,295.9537658691406,95.27780151367188,43.26197814941406,52.95815658569336,131.53469848632812,78.59032440185547,134.61874389648438,115.97393798828125,109.57424926757812
2025-08-28,231.70408630371094,231.60000610351562,49.41360092163086,95.44107055664062,153.28004455566406,449.90020751953125,736.3958740234375,396.8974914550781,172.42947387695312,295.41845703125,66.47731018066406,505.4810791015625,179.9303436279297,22.98781394958496,151.20358276367188,574.31396484375,641.80859375,345.9800109863281,294.4053039550781,95.30755615234375,43.591705322265625,53.0270881652832,132.57424926757812,78.0940933227539,134.08799743652344,116.1723861694336,110.1573486328125
2025-08-29,231.28562927246094,229.0,49.658267974853516,95.94518280029297,154.5115203857422,449.2108154296875,734.4544677734375,396.2350769042969,174.11985778808594,295.7618713378906,67.08995056152344,502.55511474609375,173.94830322265625,23.1373291015625,152.5538787841797,567.6660766601562,637.98095703125,333.8699951171875,301.7875671386719,96.1702880859375,43.82929611206055,53.16495132446289,130.5399169921875,78.60005950927734,135.0708465576172,114.97667694091797,111.07086181640625
2025-09-02,228.8745574951172,225.33999633789062,49.3450927734375,95.96456909179688,155.69488525390625,446.7682189941406,720.2630615234375,395.7869567871094,174.99453735351562,294.07415771484375,67.15802764892578,500.9979248046875,170.55284118652344,23.342910766601562,153.47674560546875,562.9088745117188,633.2533569335938,329.3599853515625,300.7454833984375,97.03302001953125,43.892333984375,52.77105712890625,129.2218475341797,78.47357177734375,135.1986083984375,114.11834716796875,111.45960235595703
2025-09-03,237.59234619140625,225.99000549316406,48.992767333984375,91.75721740722656,152.06781005859375,446.4234924316406,719.9772338867188,397.1507263183594,174.93557739257812,293.8876953125,67.08995056152344,501.22607421875,170.39306640625,23.165363311767578,153.65159606933594,567.3375854492188,636.685302734375,334.0899963378906,299.8494567871094,98.60975646972656,42.90800476074219,52.68244171142578,129.99281311035156,78.4151840209961,134.5597686767578,114.57976531982422,108.7579116821289
2025-09-04,238.8975067138672,235.67999267578125,49.54082107543945,92.84297943115234,151.71185302734375,450.15631103515625,738.0515747070312,403.3028259277344,175.6824951171875,298.1168212890625,66.37034606933594,503.8246765136719,171.4316864013672,22.931745529174805,154.64247131347656,572.4728393554688,642.0064697265625,338.5299987792969,302.2842712402344,100.08731079101562,43.194095611572266,53.23387908935547,130.6344451904297,78.46383666992188,135.0708465576172,116.67350006103516,109.2341079711914
2025-09-05,238.80784606933594,232.3300018310547,48.979881286621094,90.10916900634766,147.8345947265625,448.12744140625,727.5164794921875,410.4148864746094,175.35816955566406,288.85400390625,66.08833312988281,490.9605407714844,166.79783630371094,23.24946403503418,155.4487762451172,573.2988891601562,640.1469116210938,350.8399963378906,307.16363525390625,99.67081451416016,42.360084533691406,52.25900650024414,130.7438507080078,78.6876220703125,135.53277587890625,116.64868927001953,106.15339660644531
2025-09-08,237.0045166015625,235.83999633789062,48.674800872802734,88.6065444946289,148.16172790527344,449.3191223144531,731.1036987304688,411.384765625,175.06333923339844,287.4115905761719,65.57292175292969,494.1344299316406,168.0861358642578,22.94108772277832,154.4676055908203,576.0953979492188,641.7196655273438,346.3999938964844,311.8968200683594,101.42603302001953,42.26310348510742,52.298397064208984,131.7237091064453,78.3957290649414,135.483642578125,117.10017395019531,106.75592803955078
2025-09-09,233.4875030517578,238.24000549316406,49.49162292480469,89.052490234375,148.97950744628906,451.10186767578125,752.85400390625,406.8784484863281,173.9134979248047,292.2588806152344,65.99108123779297,494.34271240234375,170.53286743164062,23.09060287475586,154.90476989746094,577.7276000976562,643.203125,346.9700012207031,338.8451232910156,101.43595123291016,42.466758728027344,52.52488327026367,131.97738647460938,78.5514144897461,136.2109375,116.93645477294922,107.53339385986328
2025-09-10,225.955322265625,230.3300018310547,49.334163665771484,91.43729400634766,151.8080291748047,449.05316162109375,758.4320678710938,404.81146240234375,172.7636260986328,294.8984069824219,65.95218658447266,496.2867126464844,177.09414672851562,22.959779739379883,152.8550262451172,577.9166259765625,645.0625610351562,347.7900085449219,337.7348327636719,99.5716552734375,43.208641052246094,52.347633361816406,134.3698272705078,77.7827377319336,134.97256469726562,115.53732299804688,109.33129119873047
2025-09-11,229.1833953857422,229.9499969482422,49.9443244934082,91.25310516357422,152.2506103515625,454.95294189453125,773.362548828125,414.7938537597656,175.42697143554688,299.82415771484375,65.75769805908203,496.9215087890625,176.94430541992188,23.23077392578125,154.09849548339844,581.2804565429688,650.423095703125,368.80999755859375,344.38665771484375,101.7929458618164,43.21833419799805,53.2043342590332,134.82244873046875,78.4151840209961,137.321533203125,117.78485870361328,108.98143005371094
2025-09-12,233.2085418701172,228.14999389648438,49.77701950073242,89.60506439208984,151.15382385253906,452.39208984375,768.76025390625,414.0787353515625,174.99453735351562,301.1488037109375,65.16448974609375,505.73895263671875,177.593505859375,22.30565643310547,153.3893280029297,583.8479614257812,650.2054443359375,395.94000244140625,343.31536865234375,102.62592315673828,42.96133804321289,52.977848052978516,134.73291015625,78.15247344970703,135.73916625976562,118.3951187133789,109.00086975097656
2025-09-15,235.828857421875,231.42999267578125,49.786861419677734,89.50812530517578,151.3462371826172,453.1307678222656,775.3631591796875,414.0982971191406,174.3459014892578,303.1014099121094,64.88031768798828,511.1543884277344,177.52357482910156,22.39910125732422,152.34988403320312,588.843994140625,653.6671752929688,410.0400085449219,340.9534606933594,102.82426452636719,42.815879821777344,52.859683990478516,135.94656372070312,77.2573013305664,134.57943725585938,119.42213439941406,109.18551635742188
2025-09-16,237.27349853515625,234.0500030517578,49.855751037597656,91.65058135986328,153.49169921875,451.8602294921875,774.1510009765625,412.8639831542969,173.42208862304688,303.385986328125,64.90970611572266,504.885986328125,174.65724182128906,22.33368682861328,153.53504943847656,588.3463134765625,652.7671508789062,421.6199951171875,333.005126953125,102.55651092529297,43.53351593017578,52.741519927978516,135.4740447998047,77.60758209228516,134.57943725585938,120.15644073486328,111.44988250732422
2025-09-17,238.11044311523438,231.6199951171875,50.58400344848633,90.95258331298828,154.02084350585938,454.30291748046875,782.715087890625,408.504638671875,174.14935302734375,305.8979187011719,65.69364929199219,505.85797119140625,170.0730743408203,22.473857879638672,155.74990844726562,587.172119140625,651.9561767578125,425.8599853515625,334.7986755371094,103.39942169189453,43.63534164428711,53.25357437133789,135.00648498535156,78.07463073730469,134.84478759765625,119.85379028320312,112.0427017211914
2025-09-18,237.0045166015625,231.22999572753906,51.30241394042969,90.62297058105469,152.8182373046875,455.6521911621094,792.658935546875,408.974853515625,171.1616973876953,307.3501892089844,65.12528991699219,504.3008117675781,176.01551818847656,22.567304611206055,152.82591247558594,592.466552734375,655.0023803710938,416.8500061035156,328.14404296875,102.73501586914062,43.49957275390625,53.30281066894531,137.33924865722656,77.39351654052734,135.1101531982422,119.31298828125,110.72100830078125
2025-09-19,244.59645080566406,231.47999572753906,51.42050552368164,89.11065673828125,150.28794860839844,457.2601318359375,793.3389282226562,407.2213134765625,173.15673828125,308.87103271484375,65.09588623046875,513.7034912109375,176.4449462890625,22.455167770385742,151.5824432373047,596.4771728515625,658.2465209960938,426.07000732421875,329.97674560546875,101.47562408447266,42.922550201416016,53.42097473144531,138.73194885253906,77.23783874511719,134.93324279785156,119.76448822021484,109.64227294921875
2025-09-22,255.13751220703125,227.6300048828125,51.095741271972656,89.19791412353516,150.13400268554688,457.9812316894531,793.8908081054688,403.60650634765625,171.21083068847656,306.57501220703125,64.88031768798828,510.2518310546875,183.37612915039062,22.464515686035156,148.6973114013672,600.0083618164062,661.3607177734375,434.2099914550781,334.49481201171875,101.9615249633789,42.8731575012207,53.3498420715332,140.77285766601562,76.37669372558594,134.89869689941406,119.37432861328125,108.86479949951172
2025-09-23,253.4936065673828,220.7100067138672,50.87923812866211,90.61328125,151.45205688476562,457.1910400390625,794.6398315429688,402.5386962890625,173.54002380371094,306.8693542480469,65.37027740478516,505.0744323730469,178.2027130126953,22.548614501953125,148.14358520507812,596.02294921875,657.7606201171875,425.8500061035156,340.7574157714844,101.6640396118164,43.611595153808594,53.11273193359375,139.55767822265625,76.7587661743164,135.20477294921875,118.25105285644531,110.74044036865234
2025-09-24,251.3813934326172,220.2100067138672,50.87923812866211,92.70726776123047,153.14535522460938,455.36376953125,780.9511108398438,401.4219055175781,173.6481475830078,307.53662109375,65.11549377441406,505.9869079589844,176.74456787109375,22.5112361907959,148.0658721923828,593.9305419921875,655.6678466796875,442.7900085449219,344.7952880859375,101.87228393554688,44.17886734008789,52.96453857421875,138.69607543945312,76.92532348632812,134.6617431640625,119.08605194091797,111.33326721191406
2025-09-25,255.9246063232422,218.14999389648438,51.02685546875,93.8511962890625,154.626953125,453.7933044433594,783.247314453125,399.1492004394531,174.6702117919922,307.5660400390625,64.65493774414062,502.892333984375,177.46365356445312,22.0533504486084,147.80357360839844,591.3699340820312,652.6429443359375,423.3900146484375,338.6698913574219,102.18961334228516,44.574981689453125,52.82622528076172,138.45205688476562,76.19054412841797,132.43038940429688,117.4061279296875,112.3342514038086
2025-09-26,254.51980590820312,219.77999877929688,51.38113784790039,95.47016143798828,154.0882110595703,456.6082763671875,790.885009765625,401.73541259765625,176.6161346435547,310.1270446777344,64.35115814208984,507.28619384765625,177.96302795410156,22.202863693237305,148.14358520507812,593.801025390625,656.3820190429688,440.3999938964844,337.2193603515625,102.29869842529297,44.98576736450195,53.21153259277344,138.87039184570312,76.37669372558594,133.78302001953125,119.1407241821289,113.91834259033203
2025-09-29,253.4936065673828,222.1699981689453,51.587806701660156,92.9205322265625,150.18211364746094,457.3589782714844,792.4717407226562,398.512451171875,178.49325561523438,309.76397705078125,64.71372985839844,510.4005126953125,181.6183624267578,22.286964416503906,149.14414978027344,596.5509643554688,658.2266845703125,443.2099914550781,338.2974548339844,102.21936798095703,44.159305572509766,53.478275299072266,139.61244201660156,76.52364349365234,134.1779327392578,119.66259002685547,111.00283813476562
2025-09-30,253.69285583496094,219.57000732421875,50.7709846496582,91.69903564453125,149.40280151367188,458.05035400390625,784.814208984375,396.93524169921875,182.22784423828125,309.50885009765625,64.98810577392578,513.7232666015625,186.3423309326172,23.81014060974121,149.2607421875,598.1849975585938,660.7061157226562,444.7200012207031,338.4150695800781,102.19952392578125,43.68983459472656,53.221405029296875,140.3744354248047,76.77836608886719,137.40650939941406,119.10592651367188,109.57424926757812
2025-10-01,254.5098419189453,220.6300048828125,49.87543487548828,92.54246520996094,148.71974182128906,458.5640869140625,774.1312866210938,388.9316711425781,182.8470001220703,304.8774719238281,65.4388656616211,515.4688110351562,187.0015106201172,25.42676544189453,148.8041534423828,601.0545043945312,662.95751953125,459.4599914550781,341.3552551269531,101.10870361328125,43.68983459472656,52.74718475341797,141.74899291992188,76.66080474853516,141.6520233154297,119.8514633178711,108.83564758300781
2025-10-02,256.1836853027344,222.41000366210938,49.67860794067383,90.52603149414062,147.55560302734375,459.4035949707031,768.090087890625,386.962646484375,182.7781982421875,301.7767639160156,64.77252197265625,511.53131103515625,188.64939880371094,25.305282592773438,147.70645141601562,603.5255126953125,663.7210693359375,436.0,346.6672058105469,100.85088348388672,43.249717712402344,52.707672119140625,142.51596069335938,76.35710144042969,141.3755645751953,118.98664855957031,108.15536499023438
2025-10-03,257.0704040527344,219.50999450683594,49.83606719970703,91.28219604492188,147.72879028320312,461.774169921875,778.5365600585938,387.0115966796875,185.3924102783203,304.2102355957031,65.31147766113281,513.1281127929688,187.38099670410156,25.576278686523438,147.92015075683594,600.9848022460938,663.7112426757812,429.8299865722656,353.01800537109375,101.21778869628906,43.479557037353516,53.07321548461914,141.79879760742188,76.44526672363281,142.98492431640625,118.22123718261719,110.06988525390625
2025-10-06,255.74526977539062,220.89999389648438,49.59003829956055,92.00927734375,148.18096923828125,461.11236572265625,785.238037109375,381.3983154296875,184.92066955566406,304.8511047363281,64.77252197265625,524.256591796875,185.3036651611328,24.69788360595703,146.11328125,605.498291015625,666.0914916992188,453.25,351.6164855957031,101.84252166748047,43.69472885131836,53.0534553527832,143.23312377929688,75.88684844970703,142.29379272460938,119.23515319824219,110.9833984375
2025-10-07,255.53607177734375,221.77999877929688,49.49162292480469,92.31949615478516,149.0372314453125,460.2530212402344,778.2113037109375,378.9296875,185.63809204101562,303.3819885253906,65.44866180419922,519.7040405273438,184.80429077148438,24.54836654663086,148.18243408203125,602.3099975585938,663.6219482421875,433.0899963378906,356.40899658203125,102.37802124023438,43.76319122314453,53.12261199951172,142.27691650390625,76.59222412109375,142.40237426757812,117.14767456054688,111.04170989990234
2025-10-08,257.1102294921875,225.22000122070312,49.04876708984375,90.88471984863281,147.91159057617188,460.3517761230469,765.2616577148438,375.9712219238281,186.42431640625,299.7732238769531,64.79212188720703,520.5668334960938,188.86911010742188,23.997034072875977,146.38528442382812,609.2147216796875,667.5791625976562,438.69000244140625,362.544189453125,102.04086303710938,43.5088996887207,52.865745544433594,144.77203369140625,76.21014404296875,142.6788330078125,117.49559020996094,110.8084716796875
2025-10-09,253.10504150390625,227.74000549316406,48.99956512451172,89.13973236083984,145.89120483398438,457.8133239746094,768.6616821289062,369.9954833984375,187.7904052734375,301.2522277832031,65.03710174560547,518.1369018554688,192.32470703125,23.58587074279785,146.27842712402344,608.4774169921875,665.6452026367188,435.5400085449219,360.358642578125,100.92029571533203,42.91717529296875,52.67802810668945,144.5279998779297,76.45507049560547,142.36289978027344,116.90910339355469,109.729736328125
2025-10-10,244.3673095703125,216.3699951171875,47.87765884399414,84.96146392822266,143.2550506591797,449.28924560546875,753.28759765625,368.0950012207031,187.4365997314453,296.67724609375,65.69364929199219,506.790283203125,182.92669677734375,23.156015396118164,145.4138641357422,587.3545532226562,647.6542358398438,413.489990234375,347.4316101074219,100.98970031738281,41.67504119873047,51.53199768066406,138.6462860107422,76.51384735107422,140.3092498779297,113.6933822631836,107.61113739013672
2025-10-13,246.74851989746094,220.07000732421875,48.084327697753906,86.0666275024414,146.17982482910156,455.0279235839844,775.3829345703125,371.6412658691406,187.61349487304688,303.6580810546875,65.45846557617188,509.8550720214844,188.08013916015625,23.109294891357422,143.27671813964844,599.8190307617188,657.5919189453125,435.8999938964844,351.5086975097656,101.26737213134766,42.2423095703125,52.025978088378906,142.02293395996094,76.25911712646484,140.15127563476562,116.23316192626953,109.07861328125
2025-10-14,246.8581085205078,216.38999938964844,49.294795989990234,85.47526550292969,146.61277770996094,457.03302001953125,759.594970703125,379.8211364746094,187.56436157226562,297.85052490234375,66.15421295166016,509.3789978027344,179.80067443847656,22.913055419921875,144.8990020751953,595.8236694335938,656.78857421875,429.239990234375,352.75335693359375,106.31486511230469,42.2374267578125,52.598995208740234,140.20013427734375,77.48373413085938,140.5363311767578,116.4767074584961,109.127197265625
2025-10-15,248.42233276367188,215.57000732421875,51.45003128051758,85.05839538574219,146.34336853027344,457.03302001953125,756.805908203125,380.3893127441406,187.8788604736328,301.40997314453125,65.73284149169922,509.2401428222656,179.60093688964844,22.791574478149414,143.20870971679688,600.0282592773438,659.7044677734375,435.1499938964844,353.9490051269531,108.11968231201172,42.212974548339844,52.598995208740234,141.58963012695312,77.62090301513672,140.75355529785156,116.64568328857422,108.46635437011719
2025-10-16,246.53929138183594,214.47000122070312,49.639244079589844,84.25377655029297,145.95852661132812,453.9216613769531,747.1084594726562,379.4978942871094,188.81248474121094,294.360107421875,66.23259735107422,507.43499755859375,181.57839965820312,22.642061233520508,145.32643127441406,597.806396484375,655.211669921875,428.75,349.5583801269531,105.58106231689453,41.70438003540039,51.136810302734375,141.6942138671875,77.08206939697266,140.5166015625,115.51744079589844,107.52367401123047
2025-10-17,251.36146545410156,213.0399932861328,50.46590805053711,83.83692169189453,147.276611328125,456.268310546875,739.89453125,383.91595458984375,189.89356994628906,293.3938293457031,67.0655288696289,509.3889465332031,182.9866180419922,22.903711318969727,147.0749969482422,601.7320556640625,658.9308471679688,439.30999755859375,349.4897766113281,106.83053588867188,42.04670333862305,51.5517578125,141.9432373046875,78.11074829101562,141.45455932617188,116.51148986816406,109.07861328125
2025-10-20,261.27484130859375,216.47999572753906,51.21384048461914,84.39918518066406,148.62353515625,461.44580078125,752.2626953125,380.9673156738281,190.3849334716797,298.1265869140625,67.0655288696289,512.57275390625,182.4073486328125,23.071914672851562,147.6190185546875,609.3142700195312,665.7840576171875,447.42999267578125,357.2126770019531,106.15621185302734,42.491722106933594,52.15441131591797,143.52696228027344,78.04216766357422,142.95529174804688,117.43594360351562,109.52565002441406
2025-10-21,261.8028869628906,222.02999877929688,50.70209503173828,83.76905822753906,147.9596710205078,463.6195373535156,747.985595703125,382.9363708496094,188.57662963867188,292.9303894042969,69.7896957397461,513.4356079101562,180.9292449951172,23.2214298248291,147.28871154785156,609.1549682617188,665.7740478515625,442.6000061035156,358.08489990234375,105.33314514160156,42.39391326904297,52.09513473510742,143.60166931152344,77.67967987060547,143.29098510742188,118.87232971191406,109.53536987304688
2025-10-22,257.498779296875,217.9499969482422,50.28876495361328,84.73848724365234,149.67221069335938,460.2206115722656,733.8138427734375,381.0456848144531,189.61837768554688,289.99212646484375,69.38792419433594,516.2921142578125,180.05035400390625,23.099946975708008,147.85214233398438,603.286376953125,662.3128051757812,438.9700012207031,354.2822265625,106.2454605102539,42.93673324584961,51.79874801635742,142.18228149414062,78.12053680419922,144.11048889160156,117.94290161132812,111.47903442382812
2025-10-23,258.6246337890625,221.08999633789062,50.93828582763672,87.32688903808594,150.6246795654297,461.71258544921875,739.9043579101562,377.1859436035156,189.15646362304688,290.4161071777344,68.53541564941406,516.3118896484375,181.92796325683594,23.053224563598633,147.86187744140625,608.35791015625,666.2402954101562,448.9800109863281,353.26300048828125,105.96780395507812,43.5088996887207,51.90742111206055,143.9751739501953,77.73846435546875,144.189453125,118.47471618652344,112.71327209472656
2025-10-24,261.8527526855469,224.2100067138672,51.73542785644531,85.33953857421875,149.66258239746094,466.5738525390625,772.52490234375,378.80230712890625,187.12208557128906,296.2334899902344,68.31002807617188,519.3369750976562,186.02273559570312,23.1373291015625,149.1697540283203,614.8541259765625,671.6851806640625,433.7200012207031,355.2721252441406,105.28355407714844,43.06877517700195,52.470558166503906,146.21133422851562,77.48373413085938,144.17958068847656,118.12183380126953,112.13988494873047
2025-10-27,267.8206787109375,226.97000122070312,52.17828369140625,85.9793701171875,149.39320373535156,469.6763610839844,778.54638671875,377.4210510253906,187.02381896972656,299.8915710449219,68.65299987792969,527.1825561523438,191.24609375,23.146671295166016,148.43609619140625,625.80419921875,679.6094970703125,452.4200134277344,358.6827392578125,103.59774780273438,43.171470642089844,52.68791198730469,148.91067504882812,77.6111068725586,144.51527404785156,119.82164764404297,112.67440032958984
2025-10-28,268.0099792480469,229.25,52.030662536621094,84.13743591308594,148.2867889404297,471.45489501953125,780.6160278320312,377.8912658691406,183.7118377685547,301.0845947265625,68.75099182128906,537.6463623046875,200.77392578125,22.89436912536621,148.0741424560547,630.6165161132812,681.41455078125,460.54998779296875,360.5056457519531,102.30860137939453,42.72156524658203,52.35200500488281,150.3848114013672,76.83714294433594,143.60693359375,119.8514633178711,111.79002380371094
2025-10-29,268.7073974609375,230.3000030517578,51.745269775390625,85.38801574707031,149.22003173828125,470.6841735839844,771.7167358398438,370.3383483886719,183.38751220703125,301.2325134277344,66.97733306884766,537.130615234375,206.77627563476562,22.698129653930664,145.53074645996094,633.4562377929688,681.7418212890625,461.510009765625,348.1764831542969,101.60453796386719,43.039432525634766,51.46284103393555,151.46554565429688,75.02471923828125,142.1555633544922,118.86238861083984,113.17003631591797
2025-10-30,270.401123046875,222.86000061035156,52.1881217956543,85.44618225097656,147.69992065429688,469.3404846191406,778.7138671875,371.81756591796875,185.7953338623047,305.10748291015625,67.59468078613281,521.4695434570312,202.63156127929688,22.698129653930664,146.3231201171875,623.7716064453125,674.2439575195312,440.1000061035156,337.8760681152344,101.37645721435547,42.785133361816406,51.60115432739258,149.60292053222656,74.94634246826172,142.4715118408203,116.17848205566406,111.45960235595703
2025-10-31,269.37493896484375,244.22000122070312,52.60145568847656,86.1441650390625,151.74070739746094,469.9925537109375,777.9353637695312,371.8567810058594,185.61843872070312,306.7639465332031,67.51628875732422,513.5843505859375,202.23207092285156,23.034536361694336,147.09591674804688,626.7805786132812,676.4556274414062,456.55999755859375,334.7496337890625,100.33522033691406,43.09811782836914,51.739463806152344,149.74732971191406,74.73080444335938,142.42214965820312,119.25006103515625,111.13890075683594
2025-11-03,268.05975341796875,254.0,52.70970916748047,85.863037109375,148.2001953125,467.8188171386719,774.14111328125,370.6420593261719,183.05337524414062,305.01873779296875,66.60497283935547,512.8107299804688,206.61648559570312,23.043882369995117,144.79708862304688,629.779541015625,677.7251586914062,468.3699951171875,327.13458251953125,100.74179077148438,43.103004455566406,51.522117614746094,150.3599090576172,74.14299011230469,142.61959838867188,120.36836242675781,110.55579376220703
2025-11-04,269.046142578125,249.32000732421875,52.69002914428711,85.22321319580078,147.57484436035156,465.2795104980469,779.3742065429688,375.2756652832031,183.64305114746094,304.9201354980469,67.28111267089844,510.1328430175781,198.43690490722656,22.707473754882812,143.965576171875,616.996337890625,669.6917114257812,444.260009765625,324.23358154296875,101.41612243652344,42.638427734375,51.78886795043945,146.390625,74.44670104980469,143.26138305664062,118.37034606933594,110.92510223388672
2025-11-05,269.14581298828125,250.1999969482422,51.617332458496094,85.0196304321289,146.87252807617188,467.4631042480469,781.6015014648438,366.2239074707031,182.7978515625,307.31610107421875,67.13412475585938,503.0213317871094,194.9613494873047,22.99715805053711,142.61563110351562,621.01171875,672.012451171875,462.07000732421875,321.2052001953125,100.622802734375,42.75090789794922,51.966697692871094,146.96337890625,74.39772033691406,143.8142852783203,119.81169891357422,110.47805786132812
2025-11-06,268.7771301269531,243.0399932861328,52.44399642944336,83.04197692871094,147.14190673828125,463.6788024902344,776.1713256835938,361.55108642578125,183.75115966796875,309.0317687988281,67.6730728149414,493.04339599609375,187.84043884277344,23.2214298248291,142.9482421875,609.4439086914062,664.8021850585938,445.9100036621094,315.1484069824219,100.83104705810547,43.16657638549805,51.778987884521484,144.0100555419922,74.06462097167969,144.09071350097656,117.04329681396484,111.27495574951172
2025-11-07,267.48193359375,244.41000366210938,52.35542297363281,84.17621612548828,149.14306640625,464.2518615722656,774.9492797851562,363.5495300292969,183.35806274414062,309.8106689453125,69.1331558227539,492.76568603515625,187.91030883789062,23.230937957763672,143.77972412109375,607.5208740234375,665.4567260742188,429.5199890136719,317.7455749511719,101.73344421386719,43.78764724731445,52.144527435302734,143.5120086669922,75.15206909179688,144.28819274902344,117.2271957397461,113.91834259033203
2025-11-10,268.6986083984375,248.39999389648438,52.57193374633789,85.53343200683594,149.74916076660156,468.1646423339844,785.6519165039062,362.88336181640625,185.16636657714844,312.45318603515625,69.10374450683594,501.8707580566406,198.7964630126953,23.192901611328125,142.33193969726562,620.9617919921875,675.8407592773438,445.2300109863281,315.1679992675781,101.56487274169922,44.18376159667969,52.332244873046875,147.18251037597656,74.87776947021484,145.4137420654297,118.76795959472656,114.89017486572266
2025-11-11,274.5028381347656,249.10000610351562,52.77859878540039,87.91824340820312,150.31680297851562,473.6878967285156,798.572021484375,366.6157531738281,190.49305725097656,311.2009582519531,70.17186737060547,504.5289306640625,192.91395568847656,24.257930755615234,145.30575561523438,619.307861328125,677.3878784179688,439.6199951171875,320.9209899902344,102.57635498046875,44.76081085205078,52.56935119628906,145.92747497558594,75.85746002197266,148.77066040039062,119.06120300292969,116.40623474121094
2025-11-12,272.7276306152344,244.1999969482422,53.2509765625,86.3477554321289,147.50750732421875,476.9979248046875,826.81689453125,363.56915283203125,191.0434112548828,315.92388916015625,70.0738754272461,506.9688415527344,193.55313110351562,24.600261688232422,144.78729248046875,618.8196411132812,677.7647705078125,430.6000061035156,332.2994689941406,102.57635498046875,44.134857177734375,53.0238151550293,146.38067626953125,75.74968719482422,150.883544921875,118.26100158691406,114.7929916381836
2025-11-13,272.2090759277344,237.5800018310547,52.030662536621094,86.68705749511719,149.68182373046875,469.07366943359375,793.8316650390625,360.57147216796875,191.88861083984375,305.1469421386719,69.64271545410156,499.1828918457031,186.62197875976562,24.524188995361328,144.73838806152344,606.1858520507812,666.5179443359375,401.989990234375,325.889892578125,101.68386840820312,44.24733352661133,52.34212112426758,142.73011779785156,75.74968719482422,150.8045654296875,115.30870056152344,115.44412231445312
2025-11-14,271.6705322265625,234.69000244140625,51.7747917175293,88.57745361328125,151.64447021484375,466.1687316894531,779.4530639648438,354.977783203125,192.55690002441406,299.3591003417969,69.73090362548828,506.01666259765625,189.92774963378906,23.83001708984375,144.45469665527344,606.6441040039062,666.408935546875,404.3500061035156,315.4424133300781,101.62437438964844,45.00043869018555,51.818504333496094,143.50704956054688,75.69091033935547,149.90609741210938,114.75700378417969,116.94403076171875
2025-11-17,266.73394775390625,232.8699951171875,50.6627311706543,86.80650329589844,148.9506378173828,460.754150390625,764.325439453125,350.7359924316406,196.14405822753906,296.1644592285156,69.26054382324219,503.34857177734375,186.36231994628906,23.849037170410156,142.64498901367188,601.4630126953125,660.2003173828125,408.9200134277344,314.129150390625,102.09043884277344,44.17886734008789,50.830543518066406,141.2609405517578,75.21085357666016,149.77774047851562,113.678466796875,115.36568450927734
2025-11-18,266.7140197753906,222.5500030517578,50.820194244384766,87.74579620361328,149.44679260253906,455.7940368652344,765.0546264648438,329.62506103515625,196.5568389892578,295.2178955078125,69.7896957397461,489.76043701171875,181.1289825439453,24.200876235961914,143.78952026367188,594.1398315429688,654.6563110351562,401.25,307.3275146484375,100.54347229003906,44.53097152709961,50.75150680541992,138.96502685546875,75.5341567993164,150.65646362304688,111.58104705810547,116.68914794921875
2025-11-19,267.8309631347656,222.69000244140625,51.194156646728516,86.08245086669922,147.57894897460938,456.2485656738281,774.6043090820312,327.68536376953125,199.02362060546875,299.02386474609375,69.6819076538086,483.14483642578125,186.28240966796875,23.658851623535156,143.78952026367188,597.6868286132812,657.1853637695312,403.989990234375,302.9270324707031,99.76997375488281,43.953914642333984,50.93922424316406,139.93118286132812,74.95613861083984,150.39976501464844,111.58601379394531,115.04218292236328
2025-11-20,265.5272521972656,217.13999938964844,50.19035339355469,85.58345031738281,146.2266845703125,452.63226318359375,762.4923095703125,325.60858154296875,199.573974609375,294.20233154296875,69.77989959716797,475.41387939453125,180.40989685058594,23.202409744262695,144.96337890625,583.5385131835938,647.1683349609375,395.2300109863281,305.3282165527344,106.21571350097656,43.45510482788086,50.4946403503418,135.53857421875,75.4949722290039,149.50128173828125,109.92100524902344,114.71866607666016
2025-11-21,270.7530212402344,220.69000244140625,50.741458892822266,85.48561096191406,145.90567016601562,457.6242980957031,762.817626953125,336.32568359375,200.38967895507812,293.84735107421875,71.48495483398438,469.1436462402344,178.6521453857422,23.810998916625977,147.63394165039062,587.9224853515625,653.6149291992188,391.0899963378906,313.59014892578125,104.4406509399414,43.72896194458008,51.04789352416992,136.0615234375,76.31790924072266,152.65086364746094,112.07807159423828,114.77749633789062
2025-11-24,275.1710205078125,226.27999877929688,51.1055908203125,85.67151641845703,145.68191528320312,459.4743347167969,779.2559814453125,329.7229919433594,202.502685546875,293.8276672363281,71.1321792602539,471.0118103027344,182.31747436523438,23.98216438293457,143.77972412109375,602.9575805664062,663.235107421875,417.7799987792969,312.6885070800781,103.19116973876953,43.60670471191406,51.2652473449707,139.3036651611328,75.43619537353516,153.29263305664062,113.5740966796875,113.68932342529297
2025-11-25,276.2181396484375,229.6699981689453,51.646854400634766,84.75179290771484,144.49505615234375,466.14227294921875,790.69775390625,343.91778564453125,204.40159606933594,298.7576599121094,71.15178680419922,473.9829406738281,177.593505859375,24.457624435424805,145.25685119628906,606.6740112304688,669.4734497070312,419.3999938964844,319.7742919921875,106.10662078857422,43.332847595214844,51.90742111206055,139.6772003173828,76.47466278076172,156.75814819335938,116.00453186035156,112.2580337524414
2025-11-26,276.79656982421875,229.16000366210938,52.148765563964844,85.21165466308594,145.4484405517578,469.2783203125,804.1895141601562,348.2281799316406,205.28182983398438,303.33270263671875,71.4163589477539,482.4393310546875,180.03036499023438,24.44811248779297,145.02206420898438,612.034423828125,674.09521484375,426.5799865722656,323.13592529296875,108.18910217285156,43.66049575805664,52.31248474121094,141.33065795898438,77.3073959350586,156.41258239746094,116.79975891113281,112.5129165649414
2025-11-28,278.093017578125,233.22000122070312,52.798282623291016,86.77714538574219,147.02444458007812,472.0780944824219,814.0741577148438,349.64862060546875,204.64886474609375,308.6965026855469,71.65154266357422,488.9082946777344,176.7745361328125,24.476640701293945,144.9340362548828,616.996337890625,677.7747192382812,430.1700134277344,323.1947326660156,109.58732604980469,44.23265838623047,52.68791198730469,142.5458526611328,77.758056640625,155.65234375,117.5254135131836,113.64030456542969
2025-12-01,282.33148193359375,233.8800048828125,52.39479064941406,88.31328582763672,148.39610290527344,468.2593688964844,799.1140747070312,350.0502624511719,203.08619689941406,304.59478759765625,71.00025177001953,483.6714782714844,179.69081115722656,24.02971076965332,144.22972106933594,614.923828125,674.6803588867188,430.1400146484375,316.7655029296875,110.59881591796875,44.65811538696289,52.25320816040039,142.610595703125,77.67967987060547,153.32223510742188,117.5949935913086,114.33634185791016
2025-12-02,285.4131164550781,234.4199981689453,52.345584869384766,87.36420440673828,146.1683349609375,470.1786193847656,807.3839721679688,346.8175048828125,203.1653289794922,303.5693359375,69.73715209960938,486.91094970703125,181.22886657714844,23.915599822998047,142.68411254882812,619.736328125,675.9300537109375,429.239990234375,318.06903076171875,111.4714584350586,44.081058502197266,52.20381164550781,144.07977294921875,77.17023468017578,152.40403747558594,117.51546478271484,113.11091613769531
2025-12-03,283.378662109375,232.3800048828125,53.231292724609375,89.82984924316406,147.47193908691406,474.2842102050781,828.5388793945312,350.6184387207031,203.07630920410156,307.7598571777344,69.87529754638672,474.7182922363281,179.3612518310547,24.314983367919922,143.51560974121094,621.2507934570312,678.2706298828125,446.739990234375,332.9365234375,113.45476531982422,44.90752029418945,52.90525817871094,144.4234161376953,77.22901916503906,153.1149139404297,118.78286743164062,115.48333740234375
2025-12-04,279.93804931640625,229.11000061035156,53.3001823425293,91.11160278320312,148.1237335205078,473.9478454589844,829.7867431640625,346.2408142089844,200.25758361816406,311.6742248535156,69.52005004882812,477.8087158203125,183.15660095214844,24.4386043548584,142.1949920654297,620.6729125976562,678.7664794921875,454.5299987792969,326.8405456542969,113.88117218017578,45.098243713378906,53.013938903808594,144.96128845214844,76.85674285888672,151.94985961914062,118.36040496826172,114.83631134033203
2025-12-05,278.02325439453125,229.52999877929688,53.36943435668945,91.66930389404297,145.9251251220703,474.8976135253906,846.3561401367188,349.6324768066406,199.713623046875,310.6290588378906,69.07598876953125,480.11407470703125,182.1877899169922,24.752408981323242,140.3265838623047,623.20361328125,680.0557861328125,455.0,324.31201171875,114.14891815185547,44.91240692138672,53.033695220947266,146.02207946777344,76.86653900146484,151.3179473876953,119.0164794921875,114.24811553955078
2025-12-08,277.1356506347656,226.88999938964844,53.319969177246094,90.87677001953125,144.67018127441406,473.0376892089844,858.3696899414062,344.99847412109375,199.4070281982422,310.79669189453125,69.32269287109375,487.9245300292969,185.323974609375,24.505168914794922,135.32785034179688,622.008056640625,678.0127563476562,439.5799865722656,319.2998046875,112.61185455322266,44.42338180541992,52.83610153198242,147.04803466796875,76.22972869873047,149.5111541748047,117.28683471679688,113.69912719726562
2025-12-09,276.4275817871094,227.9199981689453,52.963844299316406,91.41490936279297,144.45614624023438,471.3262023925781,868.164794921875,340.423583984375,197.7652587890625,296.30255126953125,69.164794921875,488.9181823730469,184.7446746826172,24.086763381958008,136.5897674560547,622.7752075195312,677.427490234375,445.1700134277344,319.28009033203125,114.09932708740234,44.69723892211914,52.638511657714844,147.43649291992188,76.40608215332031,148.05979919433594,117.27690124511719,115.92448425292969
2025-12-10,278.02325439453125,231.77999877929688,53.4980354309082,94.71222686767578,147.2968292236328,476.2034606933594,880.7032470703125,346.2013244628906,204.2730255126953,305.7680969238281,69.2832260131836,475.5430908203125,183.55612182617188,24.514678955078125,136.775634765625,625.3258666992188,681.92041015625,451.45001220703125,323.9864196777344,112.23503112792969,45.166709899902344,53.24116897583008,148.1436767578125,76.63141632080078,150.212158203125,118.99658966064453,117.1891098022461
2025-12-11,277.2752380371094,230.27999877929688,53.97286605834961,94.6241683959961,146.6255645751953,482.6537780761719,902.2840576171875,352.4424743652344,207.70494079589844,312.9363098144531,68.19773864746094,480.422119140625,180.70957946777344,24.533695220947266,137.69515991210938,623.3032836914062,683.5072021484375,446.8900146484375,332.23480224609375,114.55548858642578,44.951534271240234,54.20936965942383,147.38668823242188,77.19963073730469,151.63392639160156,119.46378326416016,117.1891098022461
2025-12-12,277.52459716796875,226.19000244140625,54.54662322998047,93.47940826416016,145.91539001464844,480.2101745605469,879.435546875,354.60174560546875,209.25770568847656,314.0603332519531,69.58912658691406,475.51324462890625,174.80679321289062,24.58124351501465,139.7298583984375,611.3867797851562,676.1580810546875,458.9599914550781,337.276611328125,115.96153259277344,44.511409759521484,54.28840637207031,143.12356567382812,77.8070297241211,152.1078338623047,119.9806900024414,116.48326873779297
2025-12-15,273.3658752441406,222.5399932861328,54.73458480834961,92.3248519897461,145.73056030273438,479.9826965332031,881.0499267578125,351.97906494140625,211.8192901611328,315.5393371582031,70.03319549560547,471.82666015625,176.07522583007812,25.132776260375977,141.97000122070312,608.3179931640625,675.1365356445312,475.30999755859375,336.5464782714844,116.05097198486328,44.198429107666016,54.32792282104492,141.73904418945312,78.02257537841797,154.12197875976562,121.00454711914062,115.44412231445312
2025-12-16,273.8645324707031,222.55999755859375,54.220176696777344,88.8122787475586,142.76339721679688,476.8267822265625,870.7100830078125,347.7295837402344,207.00274658203125,311.1319274902344,69.44110870361328,473.38677978515625,177.5034942626953,24.276948928833008,142.0482635498047,609.5236206054688,673.2918701171875,489.8800048828125,329.7386169433594,114.68963623046875,42.84870910644531,53.98213577270508,141.99801635742188,77.66988372802734,152.11770629882812,121.20335388183594,112.42469024658203
2025-12-17,271.10205078125,221.27000427246094,53.962974548339844,92.91191101074219,145.4581756591797,474.67010498046875,863.95556640625,351.742431640625,208.0214385986328,310.5699157714844,69.73715209960938,473.1184387207031,170.73175048828125,23.810998916625977,144.59165954589844,598.2247924804688,665.8832397460938,467.260009765625,327.2029113769531,114.92813110351562,43.79742431640625,53.972259521484375,138.8404998779297,78.03237915039062,151.84124755859375,119.8017578125,115.10101318359375
2025-12-18,271.45111083984375,226.75999450683594,53.67609405517578,90.24079895019531,143.67788696289062,475.3724365234375,867.887451171875,350.00714111328125,206.0236053466797,308.6176452636719,69.43123626708984,480.92889404296875,173.9278564453125,23.810998916625977,142.35153198242188,606.8931884765625,670.9114990234375,483.3699951171875,323.759521484375,114.10337829589844,43.16168975830078,53.883338928222656,140.98204040527344,77.58171081542969,151.95973205566406,121.61090850830078,114.24811553955078
2025-12-19,272.9271240234375,227.35000610351562,54.675228118896484,89.95704650878906,143.73623657226562,477.0421142578125,884.9024658203125,340.1573791503906,204.10488891601562,312.7686767578125,69.13520050048828,482.8566589355469,180.76953125,23.953636169433594,141.31460571289062,614.8042602539062,676.9923095703125,481.20001220703125,323.0491027832031,113.6363525390625,43.16168975830078,54.17972946166992,144.0299835205078,77.18003845214844,152.9766845703125,121.12383270263672,114.3951644897461
2025-12-22,270.2344665527344,228.42999267578125,55.278663635253906,91.29750061035156,145.73056030273438,479.3323974609375,890.3695678710938,341.52789306640625,205.0444793701172,318.56634521484375,69.2832260131836,481.8630065917969,183.4662322998047,23.972654342651367,139.5831298828125,617.7513427734375,681.2098999023438,488.7300109863281,320.81927490234375,111.88748168945312,43.608524322509766,54.844970703125,144.80706787109375,76.91043090820312,153.98507690429688,121.85191345214844,115.82644653320312
2025-12-23,271.62066650390625,232.13999938964844,55.36769485473633,90.73001861572266,146.4212646484375,480.0957946777344,893.0535278320312,340.1278076171875,203.52137756347656,321.3665771484375,68.94770812988281,483.7807922363281,188.97952270507812,23.658851623535156,140.06246948242188,620.6444702148438,684.3233032226562,485.55999755859375,320.46405029296875,110.19824981689453,43.89457702636719,54.95402526855469,145.59515380859375,76.54505157470703,153.6776885986328,121.68260192871094,117.07147216796875
2025-12-24,273.0667419433594,232.3800048828125,55.64468002319336,89.82007598876953,146.41156005859375,482.85205078125,902.0364379882812,342.46453857421875,205.49942016601562,324.5612487792969,69.1845474243164,484.94342041015625,188.38023376464844,23.801490783691406,141.34396362304688,622.460205078125,686.7305297851562,485.3999938964844,323.2069396972656,110.90374755859375,43.76634979248047,55.25144958496094,145.94430541992188,77.14745330810547,154.4808349609375,122.10092163085938,116.87540435791016
2025-12-26,272.6578063964844,232.52000427246094,55.5655403137207,89.565673828125,145.944580078125,482.8719177246094,898.3323364257812,344.8702697753906,205.35105895996094,323.31890869140625,68.94770812988281,484.6353759765625,190.2978973388672,23.858543395996094,141.5885009765625,622.4203491210938,686.660888671875,475.19000244140625,327.40020751953125,111.03292846679688,43.598663330078125,55.142391204833984,146.17373657226562,77.2560806274414,154.72872924804688,121.56307983398438,116.76757049560547
2025-12-29,273.0168762207031,232.07000732421875,54.754364013671875,90.63216400146484,146.8882293701172,480.4527282714844,883.614990234375,342.572998046875,205.28182983398438,319.2171325683594,69.23388671875,484.02923583984375,187.99070739746094,23.77296257019043,141.42221069335938,619.4074096679688,684.2138671875,459.6400146484375,324.5487976074219,111.81793212890625,44.01294708251953,54.844970703125,145.51535034179688,77.30545806884766,154.49073791503906,120.36786651611328,118.1596450805664
2025-12-30,272.33868408203125,232.52999877929688,54.68511962890625,92.07046508789062,148.17236328125,479.4612731933594,875.929443359375,341.48846435546875,204.6389617919922,318.8917541503906,69.14506530761719,484.4068298339844,187.31153869628906,23.763450622558594,140.9135284423828,617.9707641601562,683.3783569335938,454.42999267578125,327.725830078125,111.21178436279297,44.348323822021484,54.706172943115234,145.0564727783203,77.17707824707031,154.36184692382812,119.87981414794922,118.61060333251953
2025-12-31,271.12200927734375,230.82000732421875,54.40813064575195,91.59103393554688,148.2696533203125,476.467041015625,870.5615234375,339.27001953125,204.67852783203125,317.70855712890625,68.9871826171875,480.5711669921875,186.27279663085938,23.67786979675293,140.18963623046875,612.8628540039062,678.3152465820312,449.7200012207031,325.70318603515625,110.70501708984375,44.101722717285156,54.29969024658203,143.61996459960938,76.71292877197266,153.4893035888672,118.9336166381836,117.97337341308594
2026-01-02,270.2743225097656,226.5,55.3479118347168,94.61438751220703,151.6648406982422,479.5009765625,905.5623168945312,340.96588134765625,205.0741424560547,320.92291259765625,68.20761108398438,469.95849609375,188.6199493408203,23.944128036499023,138.70272827148438,611.6756591796875,679.55859375,438.07000732421875,331.9092102050781,112.04647827148438,45.028934478759766,54.45832061767578,143.94915771484375,76.7228012084961,154.1932830810547,117.87783813476562,120.23795318603516
2026-01-05,266.5345153808594,233.05999755859375,56.277793884277344,97.06047058105469,159.39889526367188,485.5885314941406,939.3348999023438,339.2601318359375,202.0675048828125,329.363037109375,67.04318237304688,469.8691101074219,187.89083862304688,23.93461799621582,137.3136444091797,616.5341796875,684.0845336914062,451.6700134277344,337.4541931152344,111.99678802490234,46.2520637512207,55.648014068603516,144.26837158203125,76.38703155517578,153.72726440429688,119.82006072998047,122.8946533203125
2026-01-06,261.6477966308594,240.92999267578125,56.63391876220703,95.01554107666016,152.28744506835938,490.3871765136719,946.29736328125,344.3871765136719,202.542236328125,331.41326904296875,66.94449615478516,475.493408203125,187.0119171142578,24.18185806274414,136.86367797851562,621.951416015625,688.1529541015625,432.9599914550781,344.3114013671875,113.61647033691406,45.01906967163086,55.91569900512695,146.29344177246094,76.50554656982422,156.75143432617188,120.58698272705078,118.66941833496094
2026-01-07,259.623291015625,241.55999755859375,55.04124450683594,91.9139175415039,150.98387145996094,485.7768859863281,931.9861450195312,344.160400390625,205.21261596679688,323.8660583496094,66.64846801757812,480.422119140625,188.87962341308594,24.03921890258789,135.03439331054688,622.550048828125,685.9347534179688,431.4100036621094,337.13848876953125,112.00672912597656,44.51601028442383,55.13248062133789,146.17373657226562,75.66612243652344,158.3081512451172,120.41767120361328,116.15975952148438
2026-01-08,258.33685302734375,246.2899932861328,55.575435638427734,96.5908203125,154.92384338378906,488.324951171875,925.8555297851562,354.51300048828125,203.49169921875,326.63934326171875,68.45431518554688,475.09588623046875,184.8145751953125,24.048728942871094,138.44837951660156,619.0083618164062,685.8651123046875,435.79998779296875,342.2197265625,112.3545150756836,45.916690826416016,55.41999053955078,143.88931274414062,77.46347045898438,156.7811737060547,122.42960357666016,120.49283599853516
2026-01-09,258.6659240722656,247.3800048828125,55.24898147583008,95.40691375732422,157.70616149902344,490.793701171875,929.9656982421875,369.38134765625,202.14663696289062,326.0450744628906,69.57926177978516,476.2585144042969,184.63479614257812,24.229402542114258,138.78099060058594,625.173828125,690.4010009765625,445.010009765625,339.3880615234375,113.8052749633789,46.035057067871094,55.25144958496094,145.79466247558594,78.26338195800781,155.97805786132812,123.91366577148438,122.1594009399414
2026-01-12,259.54351806640625,246.47000122070312,54.59608840942383,93.44026184082031,157.92990112304688,491.6661376953125,940.4342651367188,369.6771240234375,207.41812133789062,321.3899841308594,69.56939697265625,474.1717529296875,184.71470642089844,24.02971076965332,140.33639526367188,625.6925659179688,691.4852294921875,448.9599914550781,335.96435546875,117.2235107421875,45.70954513549805,54.81522750854492,146.43310546875,79.18180847167969,156.04745483398438,124.02322387695312,121.59080505371094
2026-01-13,260.3413391113281,242.60000610351562,53.95308303833008,94.37955474853516,159.41831970214844,487.739990234375,929.1437377929688,374.40972900390625,211.3049774169922,307.9298095703125,70.29962921142578,467.70281982421875,185.58364868164062,23.915599822998047,141.09938049316406,624.7647705078125,690.1026000976562,447.20001220703125,329.47216796875,119.598388671875,46.360565185546875,53.76432800292969,146.1238555908203,80.10022735595703,155.4128875732422,123.71446228027344,124.05145263671875
2026-01-14,259.25433349609375,236.64999389648438,51.915252685546875,98.17587280273438,162.69679260253906,487.3830871582031,923.71630859375,370.6729736328125,216.15121459960938,304.9287414550781,70.49698638916016,456.4839782714844,182.91690063476562,24.324495315551758,143.1634521484375,618.0905151367188,686.7106323242188,439.20001220703125,330.4884338378906,119.28041076660156,47.40614700317383,53.685020446777344,144.3481903076172,81.20629119873047,156.5233917236328,121.76228332519531,127.63946533203125
2026-01-15,257.5090637207031,238.17999267578125,52.02406692504883,96.7962875366211,161.64613342285156,490.2583312988281,966.4916381835938,373.8379211425781,217.16001892089844,306.30548095703125,69.5496597290039,453.7811279296875,186.82212829589844,24.619277954101562,141.4809112548828,620.3153076171875,688.5806884765625,438.57000732421875,334.43505859375,118.44572448730469,46.9622688293457,53.90312576293945,145.10635375976562,81.34454345703125,155.6310272216797,122.21048736572266,126.59052276611328
2026-01-16,254.8363494873047,239.1199951171875,52.39997863769531,96.07225036621094,161.74339294433594,489.3845520019531,952.7647094726562,374.833740234375,216.260009765625,309.48480224609375,69.51018524169922,456.9609375,186.0031280517578,24.39105796813965,141.38307189941406,619.7965087890625,688.0037231445312,437.5,326.6010437011719,118.94255828857422,47.04117965698242,53.9725227355957,145.2659454345703,81.08777618408203,154.4213409423828,121.81208801269531,127.3355712890625
2026-01-20,246.0303192138672,231.0,51.53934097290039,93.45983123779297,160.8094940185547,480.91436767578125,934.3135986328125,369.8447265625,215.81495666503906,299.8477478027344,70.80289459228516,451.6546325683594,177.85308837890625,24.267440795898438,143.79930114746094,606.6276245117188,673.9981689453125,419.25,333.912109375,117.95882415771484,46.9524040222168,52.7431755065918,141.49514770507812,81.33466339111328,154.08421325683594,118.644775390625,127.89437103271484
2026-01-21,246.97775268554688,231.30999755859375,51.50966262817383,95.0546875,162.2006378173828,486.785888671875,943.8610229492188,379.2409973144531,215.6171417236328,299.15447998046875,71.05946350097656,441.31024169921875,183.09669494628906,24.619277954101562,142.87974548339844,614.8282470703125,681.77685546875,431.44000244140625,343.1076965332031,118.6047134399414,48.08675765991211,53.000938415527344,143.46034240722656,81.4136734008789,156.9199981689453,120.9156723022461,130.982421875
2026-01-22,247.67584228515625,234.33999633789062,51.88557434082031,94.79049682617188,162.13255310058594,489.6523132324219,945.4852905273438,375.6816711425781,216.0918731689453,300.729248046875,70.92131042480469,448.2959289550781,184.6148223876953,24.818973541259766,146.6654815673828,619.2976684570312,685.3379516601562,449.3599853515625,349.7380065917969,117.08439636230469,48.24458312988281,53.347938537597656,144.5277557373047,81.24578094482422,156.9497528076172,122.13080596923828,131.01182556152344
2026-01-23,247.36668395996094,239.16000366210938,51.163429260253906,96.22879791259766,162.19091796875,486.91485595703125,910.0587158203125,378.3831787109375,217.7237548828125,294.875732421875,71.91797637939453,463.0125732421875,187.44137573242188,24.79963493347168,147.92355346679688,621.2530517578125,685.5865478515625,449.05999755859375,351.50408935546875,116.98502349853516,48.52077102661133,52.614288330078125,144.73724365234375,81.87782287597656,156.1466064453125,122.63876342773438,132.315673828125
2026-01-26,254.7166748046875,238.4199981689453,51.460201263427734,96.3266372680664,162.94970703125,490.0192565917969,922.9140625,381.1044616699219,219.05894470214844,298.1640319824219,71.60220336914062,467.3152770996094,186.2428436279297,25.022008895874023,147.2733612060547,623.9866333007812,689.0680541992188,435.20001220703125,346.9457702636719,116.89559936523438,48.55036544799805,52.95137023925781,145.72483825683594,81.74943542480469,156.76136779785156,121.83200073242188,132.188232421875
2026-01-27,257.5688781738281,244.67999267578125,51.608585357666016,97.71601867675781,164.45761108398438,486.05194091796875,920.7946166992188,375.0210266113281,221.9765625,297.44097900390625,72.57913208007812,477.5503234863281,188.29034423828125,25.621456146240234,146.14039611816406,629.6432495117188,691.8134765625,430.8999938964844,278.92608642578125,116.20002746582031,48.994239807128906,52.544891357421875,147.69004821777344,82.12470245361328,154.13380432128906,122.20052337646484,134.1390838623047
2026-01-28,255.74388122558594,243.00999450683594,51.25246047973633,99.20323181152344,165.31370544433594,486.1214294433594,927.8165893554688,370.0320739746094,225.22056579589844,297.89654541015625,72.09559631347656,478.5937194824219,191.28668212890625,25.002674102783203,145.1552276611328,631.728271484375,691.7438354492188,431.4599914550781,290.094970703125,115.83236694335938,49.36907196044922,52.534976959228516,148.86717224121094,81.295166015625,153.00344848632812,121.28419494628906,134.8743438720703
2026-01-29,257.5788879394531,241.72999572753906,52.50879669189453,100.58282470703125,166.53948974609375,486.2007141113281,931.0947875976562,366.591064453125,224.79527282714844,303.49261474609375,72.4607162475586,430.76715087890625,192.27548217773438,25.234718322753906,147.67726135253906,627.9472045898438,690.3711547851562,416.55999755859375,288.3880615234375,116.66705322265625,49.822811126708984,53.09016799926758,146.51290893554688,81.1075210571289,152.51760864257812,120.70651245117188,137.74671936035156
2026-01-30,258.775634765625,239.3000030517578,52.62750244140625,101.98197937011719,172.0943603515625,485.0303955078125,926.4299926757812,369.33203125,224.75572204589844,302.9676818847656,73.82250213623047,427.577392578125,190.8971710205078,25.563446044921875,149.51954650878906,620.405029296875,688.3120727539062,430.4100036621094,283.099609375,118.3861083984375,50.355464935302734,52.981109619140625,143.5301971435547,82.47035217285156,153.4298095703125,120.68658447265625,138.61920166015625
2026-02-02,269.2770690917969,242.9600067138672,53.44856643676758,99.5946044921875,169.30233764648438,489.989501953125,937.2451782226562,372.8125,228.21730041503906,305.1961669921875,74.33563995361328,420.7010192871094,185.38388061523438,25.776151657104492,150.91848754882812,624.6650390625,691.7339477539062,421.80999755859375,281.77752685546875,123.27496337890625,49.36907196044922,53.566043853759766,144.9068145751953,83.4480209350586,154.37176513671875,121.4833984375,135.67819213867188
2026-02-03,268.7485046386719,238.6199951171875,53.864051818847656,102.6473159790039,173.20339965820312,488.2835998535156,929.9756469726562,375.75067138671875,230.54151916503906,311.8420715332031,75.87504577636719,408.6176452636719,180.12030029296875,24.91565704345703,153.01690673828125,615.0676879882812,685.885009765625,421.9599914550781,280.3863220214844,126.9018783569336,50.9670295715332,53.07033920288086,141.73455810546875,84.80096435546875,152.79522705078125,120.5073013305664,140.90338134765625
2026-02-04,275.73944091796875,232.99000549316406,54.78404235839844,105.26950073242188,176.30673217773438,490.70367431640625,904.5322265625,381.7650451660156,231.89646911621094,314.23895263671875,76.32897186279297,411.578857421875,173.97781372070312,25.892173767089844,154.54391479492188,604.322998046875,682.5626831054688,406.010009765625,272.2366027832031,127.1900405883789,52.11125183105469,53.49664306640625,137.7841796875,85.90702056884766,154.70887756347656,119.62085723876953,144.68746948242188
2026-02-05,275.1610107421875,222.69000244140625,54.34877395629883,102.71580505371094,174.36106872558594,484.911376953125,881.8619384765625,377.0028381347656,235.18002319335938,307.1968688964844,77.47366333007812,391.188232421875,171.67062377929688,25.611785888671875,156.25811767578125,595.6235961914062,674.0379638671875,397.2099914550781,264.9649658203125,126.13674926757812,51.49968719482422,52.8323974609375,135.3002471923828,85.837890625,153.52894592285156,117.04119110107422,143.20718383789062
2026-02-06,277.3650207519531,210.32000732421875,55.92166519165039,105.29885864257812,175.94679260253906,496.9322814941406,919.8339233398438,379.7438049316406,237.35589599609375,319.3199462890625,77.98680114746094,398.61114501953125,185.18414306640625,26.317584991455078,156.80979919433594,608.2138671875,686.96923828125,411.1099853515625,272.95684814453125,130.34991455078125,52.525535583496094,53.794071197509766,140.786865234375,86.84519958496094,156.37466430664062,117.51927185058594,146.1187744140625
2026-02-09,274.13079833984375,208.72000122070312,55.802955627441406,106.35556030273438,177.6395263671875,497.1207275390625,934.5611572265625,375.6520690917969,236.0207061767578,319.0228271484375,76.94078826904297,410.9925842285156,189.80848693847656,26.153221130371094,154.99710083007812,612.8728637695312,690.2816772460938,417.32000732421875,272.0195617675781,128.20359802246094,52.91022872924805,53.4768180847168,143.00148010253906,86.34154510498047,154.99642944335938,117.0810317993164,148.2362823486328
2026-02-10,273.19244384765625,206.9600067138672,54.79393768310547,105.18144989013672,177.30874633789062,497.7951354980469,939.879638671875,384.210205078125,235.73388671875,315.2392883300781,75.79609680175781,410.6646728515625,188.31031799316406,26.694656372070312,156.7211456298828,610.029541015625,688.4613037109375,425.2099914550781,269.5726623535156,125.89826202392578,52.85104751586914,53.09016799926758,142.20343017578125,86.06503295898438,154.0148162841797,117.85792541503906,148.6088104248047
2026-02-11,275.00921630859375,204.0800018310547,53.270503997802734,108.81143188476562,180.77203369140625,497.2298278808594,935.5218505859375,385.1961975097656,238.21633911132812,307.8505554199219,77.56246948242188,401.8207702636719,189.81849670410156,26.81067657470703,157.62750244140625,611.6657104492188,688.3021850585938,428.2699890136719,275.1866760253906,127.95516204833984,54.231998443603516,52.28712463378906,142.62240600585938,87.29946899414062,154.92701721191406,117.29019165039062,152.500732421875
2026-02-12,261.2637634277344,199.60000610351562,51.95481872558594,108.43963623046875,177.44496154785156,490.624267578125,895.8662719726562,384.74267578125,241.8658447265625,299.7487487792969,77.95719146728516,399.30670166015625,186.7122802734375,26.559295654296875,158.81956481933594,599.22509765625,677.668701171875,417.07000732421875,280.57379150390625,132.79434204101562,53.24560546875,51.24613952636719,138.87155151367188,88.0993881225586,154.67913818359375,115.66669464111328,147.9611358642578
2026-02-13,255.32435607910156,198.7899932861328,51.9844970703125,109.02669525146484,178.74855041503906,491.2292785644531,896.4506225585938,385.56097412109375,240.7779083251953,299.6595764160156,77.64141845703125,398.7900085449219,182.58729553222656,26.665651321411133,157.6964874267578,600.5020141601562,678.1461181640625,417.44000244140625,289.2760314941406,133.0427703857422,53.61056900024414,51.20648193359375,139.22068786621094,88.3956527709961,156.33499145507812,115.71649932861328,146.50057983398438
2026-02-17,263.4099426269531,201.14999389648438,52.172454833984375,106.43384552001953,177.36343383789062,491.79461669921875,907.2459106445312,377.6634521484375,240.6592254638672,304.1958312988281,78.50979614257812,394.3581237792969,184.7446746826172,26.462614059448242,157.18417358398438,599.8834838867188,679.2402954101562,410.6300048828125,285.23077392578125,128.03466796875,53.018733978271484,51.75176239013672,139.14088439941406,87.10195922851562,156.03753662109375,115.57705688476562,144.270263671875
2026-02-18,263.8791198730469,204.7899932861328,52.78578186035156,108.97783660888672,180.6248321533203,492.9352111816406,924.76611328125,378.1366882324219,242.30101013183594,305.8300476074219,78.44071960449219,397.08087158203125,187.75099182128906,26.462614059448242,154.53407287597656,604.3629760742188,682.662109375,411.32000732421875,284.3526916503906,125.81877899169922,54.03471755981445,52.13841247558594,140.56741333007812,86.9439468383789,156.33499145507812,116.55313873291016,148.7012939453125
2026-02-19,260.11578369140625,204.86000061035156,52.20213317871094,110.03291320800781,181.51876831054688,490.3367004394531,907.85009765625,373.2660217285156,244.19992065429688,305.10699462890625,77.86837768554688,396.8517761230469,187.6710968017578,25.969520568847656,156.20884704589844,602.04833984375,680.8616333007812,411.7099914550781,286.0595703125,124.07984924316406,54.42927932739258,51.70219039916992,139.86911010742188,86.57855987548828,155.928466796875,115.77625274658203,148.98748779296875
2026-02-20,264.1086730957031,210.11000061035156,52.489009857177734,108.98770904541016,180.6837615966797,492.6335754394531,913.3864135742188,376.884521484375,239.8284454345703,307.82086181640625,78.78610229492188,395.6267395019531,189.58877563476562,25.766483306884766,158.39593505859375,607.3757934570312,685.7855834960938,411.82000732421875,286.1286315917969,122.21173858642578,54.13336181640625,52.03927230834961,140.53749084472656,86.79581451416016,155.49220275878906,116.98143005371094,145.345947265625
2026-02-23,265.705810546875,205.27000427246094,50.520423889160156,108.34677124023438,181.64649963378906,484.6196594238281,883.7437744140625,371.6983642578125,243.14166259765625,294.8262023925781,79.49659729003906,382.918212890625,191.316650390625,26.16288948059082,162.72085571289062,599.9932250976562,678.7827758789062,399.8299865722656,278.5708923339844,125.01390075683594,54.399688720703125,50.29438400268555,138.1832275390625,87.86237335205078,157.1976318359375,114.53124237060547,148.78024291992188
2026-02-24,271.6552429199219,208.55999755859375,49.867523193359375,109.04686737060547,182.0688934326172,488.3734436035156,893.608154296875,379.083251953125,244.87173461914062,294.459716796875,79.65449523925781,387.4299621582031,192.61508178710938,26.240238189697266,162.8292236328125,606.4380493164062,683.7164916992188,409.3800048828125,270.29290771484375,125.94794464111328,54.35036849975586,50.542236328125,139.97885131835938,88.62278747558594,156.53330993652344,116.27426147460938,147.29994201660156
2026-02-25,273.74151611328125,210.63999938964844,51.133750915527344,108.47496795654297,180.96865844726562,491.3823547363281,912.53466796875,370.2983093261719,243.76808166503906,300.40240478515625,79.40779113769531,398.9831237792969,195.32176208496094,26.191896438598633,160.9672393798828,615.227294921875,689.4859008789062,417.3999938964844,280.40606689453125,124.95427703857422,54.12349319458008,51.42459487915039,142.66229248046875,87.9018783569336,156.49365234375,116.62286376953125,147.10256958007812
2026-02-26,272.4637756347656,207.9199981689453,51.73719024658203,109.15532684326172,180.90972900390625,491.42205810546875,920.0814819335938,369.82501220703125,242.0778045654297,303.20538330078125,79.43739318847656,400.0986022949219,184.66476440429688,26.201562881469727,161.3218994140625,607.8048095703125,685.6561889648438,408.5799865722656,282.8332214355469,123.6326904296875,54.301048278808594,52.0491828918457,140.6671600341797,87.75374603271484,156.0871124267578,116.5830307006836,146.5894012451172
2026-02-27,263.70941162109375,210.0,49.29376983642578,111.87682342529297,183.46383666992188,486.2581787109375,851.3180541992188,375.3760070800781,247.00942993164062,297.4310607910156,80.48339080810547,391.15484619140625,176.97415161132812,26.73332977294922,164.72073364257812,605.8594360351562,682.3637084960938,402.510009765625,289.3549499511719,127.14035034179688,55.15920639038086,50.988372802734375,138.42262268066406,88.8894271850586,158.84356689453125,116.39378356933594,150.4973907470703
2026-03-02,264.2484130859375,208.38999938964844,49.273983001708984,116.59011840820312,186.25372314453125,485.7815246582031,857.9190063476562,365.6051025390625,247.13868713378906,294.7172546386719,79.16108703613281,396.9413757324219,182.25770568847656,26.356258392333984,161.08546447753906,606.6575317382812,682.751708984375,403.32000732421875,290.9928283691406,126.29573059082031,56.26397705078125,50.8594856262207,139.2007293701172,87.6056137084961,157.18771362304688,114.95952606201172,152.19480895996094
2026-03-03,263.2801818847656,208.72999572753906,49.4322624206543,116.8662109375,185.4383544921875,482.1469421386719,858.795166015625,361.76971435546875,245.3390350341797,297.3914489746094,78.2927017211914,402.2996826171875,179.83065795898438,25.698802947998047,157.35165405273438,600.162841796875,676.7337036132812,392.42999267578125,285.34918212890625,127.1006088256836,55.75104522705078,50.770259857177734,137.1656951904297,86.6476821899414,155.4128875732422,113.90375518798828,149.83619689941406
2026-03-04,262.0523376464844,216.82000732421875,49.75871276855469,114.03626251220703,182.74671936035156,484.3515319824219,863.4446411132812,363.928955078125,243.8973388671875,296.52978515625,77.06907653808594,403.5645751953125,182.8170166015625,25.737478256225586,155.95272827148438,609.3112182617188,681.5082397460938,405.94000244140625,288.06243896484375,127.00123596191406,55.425537109375,51.057769775390625,139.5,86.07491302490234,155.7202606201172,115.9256591796875,147.85260009765625
2026-03-05,259.8263244628906,218.94000244140625,49.273983001708984,115.18994140625,186.54840087890625,476.50640869140625,831.7941284179688,356.603271484375,238.259765625,290.74554443359375,76.01319122314453,409.0224304199219,183.11663818359375,25.727807998657227,151.70663452148438,607.4755859375,677.70849609375,405.54998779296875,284.9150390625,122.52970886230469,55.71158981323242,50.79009246826172,139.83917236328125,84.3467025756836,152.60684204101562,116.08502960205078,148.78024291992188
2026-03-06,257.0013427734375,213.2100067138672,48.38858413696289,115.43644714355469,186.5877227783203,471.9284362792969,817.8157348632812,352.89605712890625,239.0253448486328,286.7144470214844,76.02306365966797,407.30938720703125,177.6033935546875,26.153221130371094,151.3519744873047,598.337158203125,668.82568359375,396.7300109863281,282.6556396484375,123.0166244506836,55.80036544799805,50.1357536315918,136.95620727539062,84.71208190917969,151.40708923339844,113.98344421386719,149.22434997558594
2026-03-09,259.41705322265625,213.49000549316406,47.652408599853516,115.39700317382812,186.09652709960938,474.55999755859375,828.3792114257812,348.59722900390625,241.20281982421875,287.1502685546875,76.77303314208984,407.757568359375,182.427490234375,25.92117691040039,152.9183807373047,606.3283081054688,674.6845703125,398.67999267578125,283.550537109375,123.55319213867188,55.553768157958984,49.89781951904297,139.42019653320312,84.89972686767578,152.95387268066406,114.13284301757812,148.46446228027344
2026-03-10,260.3653564453125,214.3300018310547,48.308998107910156,112.55719757080078,183.0021209716797,474.38128662109375,830.1513671875,352.1368103027344,242.31643676757812,285.97161865234375,76.85197448730469,404.122314453125,184.54490661621094,26.25957489013672,153.69667053222656,606.3383178710938,673.6002807617188,399.239990234375,280.736572265625,124.32826232910156,54.843563079833984,49.6301383972168,139.42019653320312,84.65283203125,151.853271484375,113.98344421386719,146.18479919433594
2026-03-11,260.34539794921875,212.64999389648438,48.269203186035156,115.39700317382812,188.40505981445312,471.5113525390625,820.1454467773438,345.9154357910156,241.6005401611328,284.77313232421875,76.60527801513672,403.245849609375,185.8134307861328,26.394933700561523,151.04656982421875,606.2584228515625,672.7548217773438,407.82000732421875,283.63006591796875,122.70858001708984,56.20479202270508,49.2137451171875,140.08856201171875,83.53689575195312,151.55581665039062,113.68463897705078,149.5894775390625
2026-03-12,255.3043975830078,209.52999877929688,46.886390686035156,118.58193969726562,193.49363708496094,464.2323303222656,784.0645141601562,336.40673828125,240.6559600830078,280.1874084472656,76.58554077148438,400.238037109375,182.9268035888672,25.969520568847656,148.26837158203125,595.85302734375,662.5390625,395.010009765625,275.47662353515625,124.53693389892578,56.727577209472656,48.410701751708984,137.50486755371094,83.20113372802734,148.8885955810547,111.07508850097656,151.5138702392578
2026-03-13,249.6744384765625,207.6699981689453,46.47850799560547,120.18919372558594,193.34629821777344,463.16973876953125,778.7777709960938,336.5059814453125,240.13894653320312,280.7321472167969,76.8438720703125,393.9534912109375,180.0401611328125,25.698802947998047,148.41615295410156,592.3213500976562,658.7890014648438,391.20001220703125,280.4880065917969,125.71939086914062,56.91499328613281,48.470184326171875,136.4674072265625,83.68502807617188,148.52171325683594,110.417724609375,154.06985473632812
2026-03-16,252.36964416503906,211.74000549316406,46.81675338745117,119.62714385986328,193.3659210205078,467.0326232910156,791.2826538085938,340.029541015625,241.7993927001953,283.4261474609375,77.32079315185547,398.33575439453125,183.0067138671875,25.727807998657227,149.86434936523438,598.9656982421875,665.493408203125,395.55999755859375,283.8686828613281,125.1927490234375,57.112274169921875,48.87666320800781,138.44259643554688,83.92205047607422,149.73138427734375,111.75236511230469,155.165283203125
2026-03-17,253.77711486816406,215.1999969482422,47.035614013671875,121.155517578125,194.4759979248047,467.6285095214844,803.498779296875,338.88812255859375,236.74844360351562,284.1492004394531,77.08233642578125,397.79791259765625,181.71820068359375,26.539960861206055,149.2338409423828,601.8887939453125,667.2440185546875,399.2699890136719,285.9368896484375,124.28851318359375,57.71397399902344,49.13443374633789,139.2007293701172,83.6455307006836,148.3730010986328,112.72846221923828,156.7245330810547
2026-03-18,249.49476623535156,209.8699951171875,46.58794021606445,121.92463684082031,195.1046905517578,459.7834167480469,801.9456787109375,328.4662780761719,235.92318725585938,284.9910583496094,75.48265838623047,390.2087097167969,180.1899871826172,26.414268493652344,144.53457641601562,593.4986572265625,657.9335327148438,392.7799987792969,282.71527099609375,121.2081298828125,57.63506317138672,48.54949951171875,137.62457275390625,81.61117553710938,145.89414978027344,110.12887573242188,155.5205535888672
2026-03-19,248.5165252685547,208.75999450683594,46.767005920410156,124.26155853271484,197.88473510742188,457.85687255859375,805.9480590820312,325.76654052734375,236.24136352539062,285.2188415527344,75.06536102294922,387.4498596191406,178.3521270751953,26.501285552978516,142.69229125976562,591.623046875,656.3121948242188,380.29998779296875,278.8473815917969,120.32376098632812,58.55241012573242,48.5693244934082,138.0934295654297,80.94951629638672,145.36865234375,109.26234436035156,156.0830841064453
2026-03-20,247.54823303222656,205.3699951171875,46.91623306274414,125.14900207519531,198.16961669921875,453.700927734375,809.9603881835938,318.3620910644531,234.02410888671875,283.8223571777344,74.2704849243164,380.3287353515625,172.4989471435547,26.07587242126465,142.14060974121094,580.6888427734375,646.9034423828125,367.9599914550781,274.0249328613281,118.50957489013672,58.50309371948242,48.65855407714844,134.96107482910156,80.27798461914062,144.0994873046875,107.31016540527344,157.5732421875
2026-03-23,251.04200744628906,210.13999938964844,47.27437210083008,125.41523742675781,201.5882110595703,459.75177001953125,827.6224975585938,328.4365234375,234.07382202148438,287.14031982421875,74.62818145751953,381.4541931152344,175.43553161621094,25.882503509521484,141.85491943359375,587.3545532226562,653.6959228515625,380.8500061035156,268.00927734375,120.2022933959961,59.203041076660156,49.0980110168457,136.78689575195312,80.62060546875,144.13433837890625,109.90100860595703,159.0140838623047
2026-03-24,251.1917266845703,207.24000549316406,47.89116668701172,127.54510498046875,203.14031982421875,458.9555969238281,832.052978515625,328.4464416503906,233.9246826171875,289.6065368652344,74.19100189208984,371.2355651855469,174.99603271484375,26.066204071044922,141.03721618652344,583.3389282226562,651.5015869140625,383.0299987792969,270.73370361328125,121.5265884399414,60.40437698364258,49.107975006103516,135.9878387451172,80.55108642578125,144.15423583984375,109.46187591552734,163.20826721191406
2026-03-25,252.16998291015625,211.7100067138672,48.498016357421875,127.13095092773438,201.52926635742188,461.9113464355469,838.1461791992188,330.0345458984375,238.5580291748047,292.59771728515625,74.76728057861328,369.5424499511719,178.47198486328125,26.37559700012207,141.78594970703125,587.1747436523438,655.1322021484375,385.95001220703125,269.0135192871094,122.5322494506836,60.13631057739258,49.16776657104492,136.5971221923828,80.94833374023438,145.59788513183594,110.50979614257812,161.11610412597656
2026-03-26,252.43951416015625,207.5399932861328,47.99065399169922,131.3906707763672,204.12266540527344,457.10455322265625,819.0303955078125,325.9848937988281,237.8719940185547,288.8736267089844,74.21087646484375,364.492919921875,171.04066467285156,26.655982971191406,140.30819702148438,573.1600952148438,643.432373046875,372.1099853515625,266.5277404785156,121.6560287475586,61.07950973510742,48.87877655029297,132.34219360351562,80.58087921142578,145.10008239746094,108.61357116699219,163.25759887695312
2026-03-27,248.35679626464844,199.33999633789062,46.72721862792969,131.93299865722656,207.42337036132812,449.2225646972656,799.3670654296875,319.25537109375,239.07505798339844,280.13787841796875,75.22432708740234,355.33001708984375,167.32498168945312,26.143552780151367,140.59390258789062,561.9624633789062,632.4606323242188,361.8299865722656,257.54901123046875,122.36298370361328,62.112064361572266,47.64310836791992,129.76527404785156,81.21646881103516,142.63095092773438,105.46983337402344,168.74459838867188
2026-03-30,246.19065856933594,200.9499969482422,46.985870361328125,131.0356903076172,206.9911346435547,449.88934326171875,804.0563354492188,321.09161376953125,241.10340881347656,281.0589904785156,75.78073120117188,357.51116943359375,164.97772216796875,26.84935188293457,142.57408142089844,557.6671752929688,630.3460693359375,355.2799987792969,260.3033142089844,122.97036743164062,61.516357421875,48.19118881225586,127.34815216064453,81.31578063964844,143.18850708007812,105.44987487792969,169.21829223632812
2026-03-31,253.33790588378906,208.27000427246094,48.498016357421875,130.1581268310547,203.24838256835938,460.96588134765625,842.2778930664062,326.4414978027344,243.04225158691406,291.3497314453125,75.56214904785156,368.67596435546875,174.1969757080078,27.149072647094727,142.29823303222656,576.54638671875,648.6688842773438,371.75,269.0533142089844,123.74702453613281,60.82136917114258,49.197662353515625,132.74171447753906,81.41510009765625,145.96624755859375,108.76327514648438,167.4320526123047
2026-04-01,255.1746368408203,210.57000732421875,49.01532745361328,126.58863830566406,193.92587280273438,463.2449035644531,856.435546875,327.1064758300781,242.7240753173828,292.5580749511719,75.59195709228516,367.8791809082031,175.54541015625,27.603492736816406,141.95343017578125,583.6685791015625,653.5562744140625,381.260009765625,272.424072265625,124.20504760742188,58.547767639160156,49.267417907714844,134.74932861328125,80.89867401123047,147.08132934570312,109.5816421508789,158.66867065429688
2026-04-02,255.464111328125,209.77000427246094,49.124759674072266,128.6987762451172,195.45834350585938,462.826904296875,859.2531127929688,319.23553466796875,241.65025329589844,291.7855224609375,76.22785186767578,371.9526672363281,177.18348693847656,27.38111686706543,140.997802734375,584.3378295898438,654.144775390625,360.5899963378906,275.6854553222656,125.25054931640625,58.82576370239258,49.35710144042969,135.8280487060547,81.32571411132812,146.16537475585938,107.93492126464844,158.57984924316406
2026-04-06,258.39886474609375,212.7899932861328,49.801246643066406,129.8031463623047,195.35028076171875,464.5286865234375,862.2498779296875,324.2181396484375,239.5920867919922,294.125,76.72463989257812,371.375,177.43319702148438,26.90736198425293,140.6529998779297,587.85400390625,657.23681640625,352.82000732421875,279.76214599609375,126.24626159667969,59.252685546875,49.70588302612305,136.61709594726562,82.09041595458984,145.6376953125,108.82315063476562,161.2246551513672
2026-04-07,253.0484161376953,213.77000427246094,50.02010726928711,129.93133544921875,197.98297119140625,463.6429443359375,860.3582763671875,316.3968200683594,237.04673767089844,296.0662536621094,75.42304992675781,370.78741455078125,177.89266967773438,26.201562881469727,139.2047882080078,587.9439086914062,657.5260009765625,346.6499938964844,305.982421875,121.9646987915039,59.729248046875,49.70588302612305,137.2663116455078,80.70005798339844,145.9264373779297,107.55567169189453,161.757568359375
2026-04-08,258.4388122558594,221.25,51.611839294433594,123.47272491455078,189.4856414794922,476.8592224121094,901.7756958007812,333.6573486328125,239.9202117919922,306.5888366699219,76.79419708251953,372.81915283203125,181.8680419921875,26.559295654296875,142.75140380859375,605.4246826171875,674.27294921875,343.25,304.2423400878906,126.71424865722656,57.63435363769531,51.02127456665039,141.52125549316406,82.20957946777344,149.0128173828125,110.599609375,154.16854858398438
2026-04-09,260.0259704589844,233.64999389648438,52.43754577636719,121.74714660644531,187.00030517578125,479.5860595703125,899.7545776367188,337.0518798828125,239.93014526367188,308.938232421875,77.67848205566406,371.56427001953125,183.69590759277344,26.317584991455078,144.48532104492188,609.5202026367188,678.162841796875,345.6199951171875,305.16705322265625,128.57623291015625,56.91950988769531,51.150821685791016,141.9008026123047,82.87496185302734,148.67431640625,112.51579284667969,153.0040283203125
2026-04-10,260.0159912109375,238.3800048828125,52.26842498779297,120.8399887084961,185.2222442626953,476.94873046875,903.8167114257812,334.8285827636719,237.09645080566406,308.4803161621094,76.97303771972656,369.3731384277344,188.41041564941406,26.027530670166016,143.007568359375,610.3992309570312,677.7140502929688,348.95001220703125,302.6016845703125,126.2263412475586,56.53230285644531,50.5927734375,142.45013427734375,81.80240631103516,146.66317749023438,112.66549682617188,150.50726318359375
2026-04-13,258.73828125,239.88999938964844,53.07423782348633,121.89505767822266,188.39523315429688,479.8149108886719,886.88134765625,338.6201477050781,236.59930419921875,312.2732238769531,75.91984558105469,382.8186340332031,189.08961486816406,26.43360710144043,141.4509735107422,616.7122802734375,684.3369750976562,352.4200134277344,311.22247314453125,124.03578186035156,56.70108413696289,51.47966766357422,145.43658447265625,80.9880599975586,147.32028198242188,113.69344329833984,150.63555908203125
2026-04-14,258.3689270019531,249.02000427246094,53.07423782348633,117.1324462890625,183.71923828125,483.1587829589844,905.638671875,340.1585693359375,238.72706604003906,309.7247009277344,75.4131088256836,391.5233459472656,196.28123474121094,26.211233139038086,142.2391357421875,627.909912109375,692.675537109375,364.20001220703125,312.40570068359375,124.51371765136719,55.54939270019531,51.599246978759766,147.76380920410156,80.90860748291016,148.17649841308594,116.20843505859375,147.28021240234375
2026-04-15,265.95538330078125,248.5,54.039222717285156,117.26062774658203,181.64649963378906,482.39251708984375,895.5431518554688,336.38690185546875,237.30523681640625,304.5579833984375,74.82688903808594,409.5602722167969,198.63848876953125,26.2885799407959,141.2539520263672,636.7003173828125,698.1414184570312,391.95001220703125,312.2664794921875,124.22496032714844,55.360748291015625,51.987884521484375,150.12100219726562,80.50143432617188,147.12115478515625,117.94497680664062,147.05322265625
2026-04-16,262.9307861328125,249.6999969482422,53.2334098815918,119.8736572265625,184.8292999267578,483.29815673828125,896.0509033203125,334.6399841308594,233.1988525390625,308.5599670410156,74.6977310180664,418.56378173828125,198.1190948486328,26.317584991455078,140.9879608154297,639.7669067382812,699.8569946289062,388.8999938964844,314.6031494140625,124.28469848632812,56.17488098144531,51.84837341308594,151.83895874023438,80.86888122558594,145.96624755859375,117.39606475830078,149.98422241210938
2026-04-17,269.7486267089844,250.55999755859375,53.631343841552734,114.42082214355469,180.7427215576172,492.05560302734375,921.8870849609375,346.79876708984375,232.84091186523438,308.8984375,75.25413513183594,421.0835876464844,201.44520568847656,26.646312713623047,144.75131225585938,648.1376953125,708.3152465820312,400.6199951171875,322.78643798828125,126.95321655273438,54.62604904174805,52.246978759765625,154.1661834716797,81.89178466796875,148.14663696289062,120.17053985595703,144.51698303222656
2026-04-20,272.5635681152344,248.27999877929688,53.671138763427734,114.8250961303711,180.01577758789062,492.16510009765625,937.6077880859375,348.376953125,229.37088012695312,315.5683898925781,74.99580383300781,416.38262939453125,201.82476806640625,26.60763931274414,142.34750366210938,646.0799560546875,706.8988037109375,392.5,321.6429748535156,127.37140655517578,54.675689697265625,52.44628143310547,154.37591552734375,81.822265625,146.77268981933594,119.6316146850586,145.7406768798828
2026-04-21,265.69586181640625,249.91000366210938,53.20356750488281,118.58193969726562,182.69760131835938,489.2081604003906,922.4844360351562,341.3595886230469,224.8667755126953,311.5962829589844,74.2208023071289,422.44805908203125,199.64732360839844,26.404600143432617,140.20968627929688,643.6226806640625,702.2708129882812,386.4200134277344,344.0450134277344,129.04420471191406,55.46996307373047,52.117431640625,154.50576782226562,81.27605438232422,145.27928161621094,118.73340606689453,146.41177368164062
2026-04-22,272.68341064453125,255.36000061035156,52.84542465209961,120.8892822265625,183.03160095214844,492.59326171875,930.7380981445312,336.9725036621094,224.80712890625,311.6161804199219,74.15125274658203,431.1726989746094,202.26426696777344,25.911508560180664,140.7318115234375,654.390869140625,709.3825073242188,387.510009765625,351.5123596191406,129.42257690429688,56.13516616821289,52.027748107910156,157.90171813964844,81.54419708251953,145.7372589111328,118.6934814453125,147.5367889404297
2026-04-23,272.9429016113281,255.0800018310547,52.198787689208984,122.63459014892578,184.2890167236328,490.8409423828125,927.2135620117188,337.6275939941406,229.3311004638672,310.29217529296875,75.7906723022461,414.07196044921875,199.4075927734375,25.785818099975586,143.54940795898438,650.7048950195312,706.6295776367188,373.7200012207031,352.54644775390625,131.4637908935547,56.57201385498047,51.619178771972656,155.65440368652344,82.9047622680664,145.59788513183594,117.50584411621094,148.5532684326172
2026-04-24,270.5771179199219,263.989990234375,51.78095626831055,120.06100463867188,181.9412078857422,490.0544128417969,922.8428344726562,333.3893737792969,226.19911193847656,306.8974609375,76.138427734375,422.90618896484375,208.0275421142578,26.10487937927246,147.08203125,663.1512451171875,712.10546875,376.29998779296875,352.9044189453125,129.3628387451172,56.46280288696289,51.24050521850586,160.02919006347656,82.65648651123047,143.5469207763672,118.45396423339844,146.9545440673828
2026-04-27,267.1332702636719,261.1199951171875,52.35795974731445,119.98212432861328,181.51876831054688,489.6760559082031,933.6950073242188,329.8260803222656,224.0514678955078,310.232421875,74.95606231689453,423.1053771972656,216.3578338623047,25.90184211730957,147.30039978027344,663.5008544921875,713.332275390625,378.6700134277344,352.67572021484375,127.04281616210938,56.363521575927734,51.629146575927734,160.37876892089844,81.77261352539062,142.83009338378906,117.60564422607422,146.24398803710938
2026-04-28,270.2277526855469,259.70001220703125,52.3878059387207,122.58528137207031,185.0355987548828,489.2679138183594,922.4844360351562,326.6101989746094,226.48745727539062,310.0532531738281,77.8473892211914,427.5174865722656,212.92184448242188,25.60211753845215,148.064697265625,656.8281860351562,709.8612060546875,376.0199890136719,364.6871032714844,127.04281616210938,57.29678726196289,51.669002532958984,157.66201782226562,82.50751495361328,143.20840454101562,116.77730560302734,148.58287048339844
2026-04-29,269.688720703125,263.0400085449219,52.60667037963867,126.46044921875,188.8274688720703,486.5299377441406,901.6263427734375,320.40673828125,226.0499725341797,307.86309814453125,78.36405944824219,422.7467956542969,209.00640869140625,25.38941192626953,145.37478637695312,660.84375,709.7515258789062,372.79998779296875,368.6345520019531,127.46102142333984,58.607337951660156,51.7387580871582,158.92050170898438,82.34861755371094,142.21279907226562,116.60763549804688,152.63890075683594
2026-04-30,270.86663818359375,265.05999755859375,53.18367004394531,124.02491760253906,189.89822387695312,494.4749755859375,919.7166748046875,326.3521423339844,228.5356903076172,311.82525634765625,78.25476837158203,406.1341552734375,199.33767700195312,25.8148250579834,146.00010681152344,667.0069580078125,716.8132934570312,381.6300048828125,368.37603759765625,131.36419677734375,59.222900390625,51.948028564453125,159.31004333496094,83.72903442382812,145.34898376464844,118.11463165283203,152.30337524414062
2026-05-01,279.6409912109375,268.260009765625,52.96480941772461,121.47105407714844,187.2655487060547,492.85211181640625,919.6569213867188,321.4687805175781,225.89088439941406,311.06866455078125,78.07592010498047,412.76727294921875,198.21897888183594,25.457090377807617,146.16883850097656,673.4099731445312,718.7982177734375,390.82000732421875,366.6856994628906,131.03562927246094,58.42862319946289,51.7387580871582,161.67721557617188,83.59000396728516,144.5226287841797,118.39407348632812,150.74412536621094
2026-05-04,276.3368225097656,272.04998779296875,51.92023468017578,123.16706085205078,188.88641357421875,487.4159851074219,899.3065795898438,310.0941162109375,222.91798400878906,306.270263671875,77.68842315673828,411.9505615234375,198.24893188476562,25.428085327148438,142.3572998046875,672.141357421875,716.1649780273438,392.510009765625,368.6445007324219,129.7710723876953,58.964759826660156,51.39994812011719,161.8570098876953,82.96434783935547,144.09449768066406,117.48589324951172,151.67176818847656
2026-05-05,283.67376708984375,273.54998779296875,52.84542465209961,121.59923553466797,189.24005126953125,490.8011474609375,914.8580322265625,313.07177734375,224.26026916503906,308.0124206542969,77.9765625,409.7196350097656,196.271240234375,25.5731143951416,143.82632446289062,680.8617553710938,721.9102172851562,389.3699951171875,361.8035583496094,130.22909545898438,59.024330139160156,51.409912109375,165.4327392578125,83.48075866699219,144.66200256347656,117.83518981933594,152.84616088867188
2026-05-06,286.99786376953125,274.989990234375,53.32294464111328,117.24091339111328,181.89207458496094,496.8644714355469,933.2369995117188,320.64495849609375,223.33558654785156,313.4877624511719,78.72174835205078,412.2891845703125,207.5880584716797,25.650461196899414,146.80410766601562,695.0062255859375,731.9443359375,398.7300109863281,365.1942138671875,129.52215576171875,56.59187316894531,51.65903854370117,169.82749938964844,83.65951538085938,144.7615509033203,119.6316146850586,146.73744201660156
2026-05-07,286.927978515625,271.1700134277344,52.47734069824219,113.27700805664062,179.27902221679688,493.7382507324219,921.8074340820312,320.238037109375,221.23764038085938,304.8964538574219,77.9268798828125,419.07171630859375,211.2537841796875,25.60211753845215,144.9777374267578,694.1771240234375,729.7001342773438,411.7900085449219,367.6402282714844,129.64163208007812,55.54939270019531,51.370052337646484,169.4879150390625,83.40131378173828,144.0845489501953,119.64159393310547,144.65513610839844
2026-05-08,292.7974853515625,272.67999267578125,51.04478454589844,112.2811050415039,178.41455078125,493.957275390625,932.370849609375,315.086669921875,220.05445861816406,300.74517822265625,77.91693878173828,413.44451904296875,214.94947814941406,25.238479614257812,145.33506774902344,710.44921875,735.724609375,428.3500061035156,377.8221130371094,130.1184844970703,55.30118179321289,51.061134338378906,175.31097412109375,83.59993743896484,142.85995483398438,119.96095275878906,142.67153930664062
2026-05-11,292.42779541015625,268.989990234375,50.28871154785156,114.78440856933594,181.4794921875,494.9329528808594,940.7140502929688,309.0816955566406,220.163818359375,298.6545715332031,78.15541076660156,410.99444580078125,219.18453979492188,25.36624526977539,142.29774475097656,712.5069580078125,737.4002685546875,445.0,382.25677490234375,127.28527069091797,56.76065444946289,51.0013427734375,177.66815185546875,82.79551696777344,142.41192626953125,119.13261413574219,147.71441650390625
2026-05-12,294.54595947265625,265.82000732421875,50.517520904541016,117.08903503417969,182.66812133789062,495.7095642089844,941.7495727539062,308.148681640625,222.97763061523438,303.5126953125,79.51661682128906,406.1241760253906,220.52297973632812,25.425214767456055,142.8436737060547,706.463623046875,736.2831420898438,433.45001220703125,394.138916015625,130.0386962890625,57.15779113769531,51.39994812011719,174.99134826660156,83.85814666748047,145.2095947265625,118.05475616455078,148.65196228027344
2026-05-13,298.6124572753906,270.1300048828125,49.58238220214844,116.62214660644531,182.71725463867188,494.96282958984375,951.2277221679688,300.2975769042969,229.1024169921875,298.9034729003906,79.7451400756836,403.57452392578125,225.56710815429688,25.5136661529541,141.18605041503906,713.9254760742188,740.4025268554688,445.2699890136719,398.8818054199219,131.156005859375,57.21736145019531,50.812007904052734,176.63938903808594,84.13621520996094,146.06581115722656,118.48390197753906,149.57962036132812
2026-05-14,297.9530334472656,267.2200012207031,49.59232711791992,118.18174743652344,183.345947265625,498.6067810058594,964.7083740234375,302.08416748046875,229.48025512695312,298.56500244140625,79.93392181396484,407.7774963378906,235.465576171875,25.307275772094727,141.65257263183594,718.9998168945312,746.2474975585938,443.29998779296875,396.82354736328125,132.14364624023438,57.654212951660156,51.1109619140625,179.28622436523438,84.39442443847656,145.9861602783203,118.43399810791016,150.77371215820312
2026-05-15,299.9713134765625,264.1400146484375,49.51274490356445,121.59896087646484,187.72723388671875,493.4725341796875,944.3082275390625,295.29510498046875,225.41363525390625,296.4743957519531,80.30155181884766,420.2170715332031,225.05770874023438,24.89449691772461,140.52101135253906,708.1517944335938,737.2706298828125,422.239990234375,391.61334228515625,131.1360626220703,59.014400482177734,50.92162322998047,176.05007934570312,84.0567626953125,144.462890625,116.29825592041016,156.90402221679688
2026-05-18,297.5833435058594,264.8599853515625,50.42798614501953,123.71484375,192.65863037109375,495.1062316894531,942.20751953125,297.5779724121094,227.61099243164062,299.3813171386719,80.67910766601562,421.83056640625,222.0612030029297,24.89449691772461,141.33493041992188,705.1051025390625,736.751953125,409.989990234375,388.9087829589844,133.02154541015625,60.146240234375,51.559391021728516,174.15234375,85.3080825805664,145.0801544189453,116.08867645263672,159.45748901367188
2026-05-19,298.7123718261719,259.3399963378906,50.43793487548828,124.28106689453125,195.54345703125,492.0878601074219,924.664794921875,300.1883850097656,228.684814453125,294.3738708496094,81.39449310302734,415.7352600097656,220.35317993164062,25.21882438659668,140.2530059814453,700.7599487304688,731.8446044921875,404.1099853515625,387.02947998046875,133.87948608398438,60.851158142089844,50.92162322998047,173.03367614746094,85.49677276611328,146.6731414794922,114.80123901367188,161.50424194335938
2026-05-20,301.98956298828125,265.010009765625,50.96519470214844,121.54928588867188,189.6746826171875,498.3238525390625,977.8106079101562,308.2677917480469,228.0087127685547,300.625732421875,81.02687072753906,419.36053466796875,223.20985412597656,25.346590042114258,141.3845672607422,712.3671875,739.3452758789062,417.260009765625,381.12322998046875,130.53749084472656,59.371822357177734,51.47966766357422,176.9290313720703,84.93069458007812,146.48397827148438,117.70545196533203,155.27456665039062
2026-05-21,304.7271728515625,268.4599914550781,51.223854064941406,119.75128173828125,189.35743713378906,501.182861328125,983.8340454101562,311.4439697265625,230.40492248535156,301.6411437988281,80.64929962158203,418.3025207519531,219.25445556640625,25.50383949279785,142.3374481201172,713.7256469726562,740.8114624023438,417.8500061035156,380.3078918457031,121.05020141601562,58.70662307739258,51.54942321777344,178.38729858398438,84.07662963867188,147.49948120117188,118.46393585205078,154.2909393310547
2026-05-22,308.55389404296875,266.32000732421875,51.532249450683594,119.66187286376953,189.7738037109375,504.1813659667969,992.3564453125,310.7392578125,233.0,305.0059814453125,80.95732116699219,417.7835388183594,215.07933044433594,25.454696655273438,143.3697509765625,716.7523193359375,743.7239990234375,426.010009765625,386.2638854980469,119.98275756835938,59.06404495239258,51.758689880371094,180.17515563964844,84.21566772460938,149.23184204101562,118.94298553466797,153.92332458496094
2026-05-26,308.0643005371094,265.2900085449219,51.93018341064453,115.79764556884766,183.11195373535156,503.314697265625,990.1561889648438,308.22808837890625,230.17999267578125,305.3643493652344,79.94385528564453,415.248291015625,214.60987854003906,25.40555763244629,141.9007110595703,729.4783935546875,748.6613159179688,433.5899963378906,374.71978759765625,118.28681945800781,57.43578338623047,51.669002532958984,184.9195098876953,83.05371856689453,147.85791015625,119.21244812011719,148.84619140625
2026-05-27,310.5821533203125,271.8500061035156,50.83586883544922,114.3671875,180.82192993164062,504.9384460449219,992.0975952148438,315.4836730957031,231.2899932861328,297.93780517578125,81.09642028808594,411.8946228027344,212.35250854492188,25.759366989135742,146.39715576171875,728.6492919921875,748.5316162109375,440.3599853515625,381.8292236328125,118.25688934326172,56.581947326660156,51.24050521850586,184.21034240722656,83.99717712402344,148.1366729736328,121.30827331542969,146.948486328125
2026-05-28,312.24072265625,274.0,50.50757598876953,114.22811126708984,181.4464874267578,505.1077880859375,1003.9454345703125,318.8186340332031,230.8000030517578,295.3992614746094,79.89418029785156,426.18768310546875,214.00057983398438,25.690570831298828,144.828857421875,734.79248046875,752.6609497070312,442.1000061035156,380.35760498046875,118.61603546142578,56.542232513427734,51.09103012084961,186.62747192382812,83.84821319580078,150.21751403808594,121.81725311279297,146.01454162597656
2026-05-29,311.7911071777344,270.6400146484375,51.333282470703125,113.22480773925781,180.8814239501953,508.8235168457031,1021.06005859375,314.7789611816406,225.3300018310547,297.9676818847656,78.50315856933594,449.3940124511719,210.8942108154297,25.729883193969727,142.4962615966797,737.49951171875,754.5361328125,435.7900085449219,378.15020751953125,115.47355651855469,55.886959075927734,51.39994812011719,190.79251098632812,82.33869171142578,148.81369018554688,120.62963104248047,144.32546997070312
2026-06-01,306.0460510253906,261.260009765625,51.24374771118164,114.814208984375,184.22225952148438,509.4809875488281,1048.5799560546875,308.3769836425781,223.50999450683594,295.2499084472656,78.13553619384766,459.6546936035156,224.09881591796875,25.18933868408203,139.24057006835938,741.9246826171875,756.5908203125,415.8800048828125,377.7027587890625,114.32630157470703,56.88972473144531,51.25047302246094,195.52685546875,81.46475219726562,147.1908416748047,117.9549560546875,148.41897583007812
2026-06-02,314.92840576171875,256.5199890136719,52.208736419677734,116.09566497802734,185.92738342285156,512.0809936523438,1064.5799560546875,309.2007751464844,222.88999938964844,299.6102600097656,77.90701293945312,440.48077392578125,222.56060791015625,25.110713958740234,139.77658081054688,745.3408813476562,757.6182250976562,423.739990234375,375.7738037109375,112.78997802734375,57.54499816894531,51.280364990234375,197.9739532470703,81.26612854003906,145.75717163085938,117.35614776611328,148.59780883789062
2026-06-03,309.9926452636719,250.02000427246094,52.129150390625,118.26122283935547,188.06869506835938,506.31317138671875,1041.02001953125,310.6400146484375,223.24000549316406,299.50079345703125,78.25476837158203,426.53704833984375,214.5,24.904325485229492,139.1512451171875,743.39306640625,752.3018798828125,423.70001220703125,374.8590087890625,116.61083221435547,58.28962707519531,50.69242477416992,195.9962921142578,81.59385681152344,146.90213012695312,116.49786376953125,151.5487060546875
2026-06-04,310.9618225097656,253.7899932861328,53.88999938964844,118.44002532958984,186.720458984375,514.7208862304688,1092.6099853515625,309.95001220703125,228.1699981689453,309.4957580566406,76.32720947265625,427.2456970214844,218.66000366210938,25.248308181762695,139.7368621826172,739.7969970703125,755.1445922851562,418.45001220703125,394.21844482421875,117.45880126953125,58.329341888427734,52.007816314697266,192.93994140625,81.47467803955078,151.4122314453125,117.02680969238281,151.0618438720703
2026-06-05,307.0751647949219,246.02999877929688,53.83000183105469,116.3638687133789,185.689453125,507.7476501464844,1038.6800537109375,310.7799987792969,232.77000427246094,310.9691162109375,78.97014617919922,415.8870849609375,205.10000610351562,25.5922908782959,145.4541778564453,704.2860107421875,735.65478515625,391.0,397.201416015625,118.59607696533203,57.25707244873047,52.117431640625,180.08526611328125,82.86503601074219,152.33815002441406,114.63157653808594,148.9554901123047
2026-06-08,301.2801818847656,245.22000122070312,53.630001068115234,118.1022720336914,187.60276794433594,506.9606628417969,1045.0,309.7099914550781,232.16000366210938,309.7147521972656,79.0297622680664,410.9663391113281,208.63999938964844,25.17951202392578,144.0248565673828,715.283935546875,737.3204345703125,408.95001220703125,404.2610778808594,119.54381561279297,57.912349700927734,51.7885856628418,183.9606475830078,82.4975814819336,151.97972106933594,115.1605224609375,150.77371215820312
2026-06-09,290.29962158203125,244.19000244140625,54.41999816894531,116.01618957519531,185.1442108154297,507.4587707519531,1032.010009765625,321.3299865722656,237.0,311.2976379394531,80.81820678710938,402.6520080566406,208.19000244140625,25.258136749267578,147.5684051513672,707.052978515625,735.1560668945312,396.67999267578125,410.6545715332031,118.59607696533203,56.97908020019531,52.27687454223633,180.55471801757812,83.5204849243164,153.8913116455078,115.63957214355469,147.95199584960938
2026-06-10,291.3287353515625,238.0,54.540000915527344,119.12545013427734,188.1579132080078,498.3338317871094,1001.2899780273438,318.9200134277344,238.49000549316406,307.75360107421875,83.05377197265625,396.61334228515625,200.4199981689453,25.15985679626465,147.94558715820312,692.9285278320312,723.56591796875,381.5899963378906,405.1460266113281,120.30199432373047,57.832923889160156,52.04767608642578,176.41964721679688,84.90090942382812,152.17886352539062,113.26429748535156,149.65098571777344
2026-06-11,295.375244140625,241.50999450683594,55.15999984741211,114.59566497802734,184.2123565673828,507.408935546875,1035.6400146484375,326.010009765625,238.3300018310547,312.0840759277344,82.00057983398438,389.6065673828125,204.8699951171875,25.720056533813477,147.2408447265625,716.332763671875,735.8642578125,399.1499938964844,403.2468566894531,120.21221160888672,56.71101379394531,52.436317443847656,182.99180603027344,84.68241882324219,153.4134063720703,116.06871795654297,145.6568603515625
2026-06-12,290.879150390625,238.5500030517578,56.02000045776367,116.2049331665039,185.60023498535156,511.09478759765625,1062.75,328.3900146484375,240.8699951171875,319.28167724609375,82.09000396728516,390.00579833984375,205.19000244140625,25.759366989135742,148.50143432617188,720.5481567382812,739.843994140625,406.42999267578125,406.20001220703125,120.75092315673828,57.137935638427734,53.153804779052734,184.5799102783203,85.22863006591797,153.13462829589844,116.36811828613281,146.064208984375
2026-06-15,296.1645812988281,246.02000427246094,55.869998931884766,111.51620483398438,178.8392333984375,516.4541625976562,1076.1700439453125,329.82000732421875,235.66000366210938,317.96759033203125,80.91000366210938,399.0088806152344,212.4499969482422,25.552978515625,149.3451385498047,743.1832885742188,752.890380859375,411.1499938964844,411.0400085449219,120.53144836425781,55.15225601196289,53.3730354309082,191.56158447265625,84.89098358154297,152.2186737060547,118.33419799804688,140.01339721679688
2026-06-16,298.9821472167969,246.0,56.84000015258789,110.602294921875,178.55174255371094,519.4427490234375,1090.6700439453125,337.0899963378906,235.17999267578125,329.6549377441406,80.27999877929688,393.0899963378906,207.41000366210938,25.5922908782959,151.360107421875,729.0587768554688,748.4019775390625,404.6600036621094,407.6499938964844,120.7409439086914,54.96361541748047,54.1602783203125,186.21795654296875,85.00021362304688,152.26846313476562,118.22441864013672,140.9473419189453
2026-06-17,295.6949768066406,237.5,56.529998779296875,110.47315979003906,176.04364013671875,514.3223266601562,1099.1400146484375,327.4800109863281,234.1999969482422,331.9645080566406,79.93000030517578,378.1980285644531,204.64999389648438,25.474353790283203,149.44439697265625,721.7168579101562,739.0560302734375,396.3800048828125,399.5299987792969,117.84786987304688,54.2785530090332,53.861324310302734,185.57872009277344,83.10337829589844,150.04824829101562,115.26032257080078,139.8345489501953
2026-06-18,297.7532043457031,244.38999938964844,56.20000076293945,107.02615356445312,172.1278076171875,514.9467163085938,1096.56005859375,334.2799987792969,228.38999938964844,323.761474609375,79.38999938964844,378.6871032714844,210.69000244140625,24.776559829711914,149.26573181152344,739.8070068359375,746.739990234375,400.489990234375,400.9599914550781,116.90013885498047,53.38500213623047,53.382999420166016,191.21200561523438,82.72599792480469,148.74398803710938,116.92700958251953,136.92340087890625
2026-06-22,296.75408935546875,232.7899932861328,57.369998931884766,108.97315979003906,173.54544067382812,516.5050048828125,1106.3699951171875,326.6199951171875,231.2899932861328,329.993408203125,79.52999877929688,366.6497802734375,208.64999389648438,24.64879608154297,146.58572387695312,737.9500122070312,744.3900146484375,405.04998779296875,406.67999267578125,116.90013885498047,54.060001373291016,53.70000076293945,192.14999389648438,82.18000030517578,150.05999755859375,114.94000244140625,137.57916259765625
2026-06-23,294.04638671875,234.11000061035156,57.90999984741211,109.24137878417969,174.4574737548828,516.0454711914062,1094.43994140625,324.45001220703125,239.0800018310547,332.6414794921875,80.30999755859375,373.23736572265625,200.0399932861328,24.294984817504883,149.74217224121094,713.6500244140625,733.5800170898438,381.6099853515625,409.25,119.1347885131836,54.459999084472656,53.880001068115234,184.19000244140625,83.72000122070312,152.17999267578125,113.76000213623047,138.83103942871094
2026-06-24,292.8274230957031,234.27000427246094,57.72999954223633,106.21158599853516,169.9666748046875,517.943359375,1076.9100341796875,342.8599853515625,241.0,331.95458984375,80.5999984741211,364.7733154296875,199.0,23.626678466796875,150.91342163085938,710.6199951171875,733.239990234375,375.5299987792969,405.79998779296875,118.71578979492188,53.56999969482422,53.720001220703125,183.0500030517578,84.44000244140625,153.35000610351562,115.06999969482422,136.01925659179688
2026-06-25,274.91290283203125,227.00999450683594,58.189998626708984,105.70497131347656,170.74984741210938,518.6825561523438,1065.0899658203125,345.0,244.8800048828125,333.6170654296875,80.41999816894531,352.1670227050781,195.74000549316406,23.263038635253906,147.399658203125,716.3800048828125,734.2999877929688,375.1199951171875,415.5299987792969,115.50347900390625,54.09000015258789,53.45000076293945,184.57000732421875,83.94000244140625,155.6300048828125,113.3499984741211,136.66506958007812
2026-06-26,283.53546142578125,232.69000244140625,57.880001068115234,105.25794219970703,169.58004760742188,517.1741943359375,1019.6099853515625,348.8599853515625,254.66000366210938,327.57427978515625,82.62999725341797,372.2691955566406,192.52999877929688,23.872379302978516,147.9158172607422,706.52001953125,728.989990234375,379.7099914550781,427.8900146484375,115.41370391845703,53.84000015258789,53.56999969482422,181.11000061035156,84.70999908447266,160.33999633789062,114.37000274658203,135.66156005859375
2026-06-29,281.4972229003906,240.13999938964844,57.880001068115234,103.50960540771484,167.012451171875,521.0997924804688,1020.2100219726562,350.80999755859375,258.510009765625,327.91278076171875,82.6500015258789,367.8774719238281,194.97000122070312,23.951004028320312,147.3500213623047,724.0800170898438,741.0,411.8399963378906,419.82000732421875,114.32630157470703,53.58000183105469,53.720001220703125,185.41000366210938,84.37000274658203,160.74000549316406,117.12000274658203,135.18466186523438
2026-06-30,289.11065673828125,238.33999633789062,56.97999954223633,103.27119445800781,164.32589721679688,521.8090209960938,1011.3699951171875,352.67999267578125,253.97000122070312,325.86199951171875,81.2699966430664,372.319091796875,200.08999633789062,23.66598892211914,145.55343627929688,736.4000244140625,746.77001953125,420.6000061035156,415.6300048828125,112.989501953125,53.11000061035156,53.61000061035156,190.52000427246094,83.06999969482422,158.66000366210938,117.27999877929688,135.8404083251953
2026-07-01,294.1263427734375,241.6999969482422,58.36000061035156,102.53610229492188,164.25650024414062,521.8190307617188,1019.6099853515625,350.8399963378906,253.97999572753906,332.5718078613281,81.29000091552734,383.5579528808594,197.5800018310547,23.46942710876465,146.33758544921875,725.1699829101562,745.760009765625,425.29998779296875,426.5400085449219,108.56010437011719,52.810001373291016,54.779998779296875,185.6199951171875,83.30000305175781,159.5399932861328,118.08999633789062,135.4032440185547
2026-07-02,308.3640441894531,242.6699981689453,58.72999954223633,104.03610229492188,167.7361297607422,527.29296875,1021.0,357.8999938964844,263.0400085449219,332.9700012207031,84.13999938964844,389.7562561035156,194.8300018310547,23.90186309814453,150.28810119628906,712.5999755859375,744.780029296875,393.45001220703125,425.3599853515625,111.57289123535156,53.220001220703125,55.619998931884766,180.58999633789062,84.98999786376953,163.74000549316406,117.12000274658203,136.20802307128906
2026-07-06,312.3905944824219,244.16000366210938,59.900001525878906,102.89371490478516,166.64566040039062,529.50048828125,1055.2900390625,350.6499938964844,259.3299865722656,337.7200012207031,82.95999908447266,386.0133056640625,195.5500030517578,23.312177658081055,148.2036590576172,722.8200073242188,751.280029296875,419.7699890136719,417.989990234375,110.38573455810547,53.130001068115234,56.13999938964844,183.57000732421875,84.0999984741211,161.9600067138672,118.01000213623047,135.5622100830078
2026-07-07,310.3923034667969,245.97999572753906,59.86000061035156,107.72151947021484,172.5045166015625,527.8623046875,1042.97998046875,345.2099914550781,267.239990234375,339.2200012207031,84.05000305175781,388.109375,196.92999267578125,23.656160354614258,151.6181640625,709.4299926757812,747.7100219726562,402.8999938964844,428.19000244140625,111.27361297607422,54.63999938964844,56.04999923706055,179.17999267578125,84.86000061035156,164.44000244140625,117.38999938964844,140.7784423828125
2026-07-08,313.1199645996094,243.6199951171875,58.29999923706055,109.98641204833984,174.44757080078125,522.1885986328125,1029.6400146484375,336.2099914550781,263.3999938964844,330.6199951171875,83.4000015258789,382.6197204589844,204.1199951171875,23.636505126953125,147.30039978027344,711.4400024414062,745.4000244140625,394.05999755859375,425.6000061035156,112.82987976074219,55.599998474121094,54.970001220703125,181.39999389648438,84.38999938964844,162.3000030517578,115.30000305175781,140.2220458984375
2026-07-09,315.947509765625,247.0399932861328,59.25,107.30429077148438,172.54417419433594,523.6070556640625,1055.969970703125,338.7300109863281,259.1000061035156,335.4700012207031,82.62999725341797,383.6377868652344,202.77999877929688,23.833066940307617,145.7618865966797,723.280029296875,751.7100219726562,406.54998779296875,431.67999267578125,111.94200897216797,54.81999969482422,55.540000915527344,185.35000610351562,83.19999694824219,162.1699981689453,116.8499984741211,136.57565307617188
2026-07-10,315.0483093261719,245.33999633789062,59.66999816894531,108.31754302978516,174.87384033203125,525.1952514648438,1055.1800537109375,343.29998779296875,256.9800109863281,336.4700012207031,83.48999786376953,384.37640380859375,210.9600067138672,23.75444221496582,145.95046997070312,725.510009765625,754.9500122070312,407.760009765625,424.6199951171875,113.62797546386719,55.08000183105469,55.709999084472656,185.77999877929688,84.12000274658203,160.83999633789062,117.23999786376953,137.9865264892578
2026-07-13,317.03656005859375,247.30999755859375,59.5,112.102294921875,180.6236572265625,523.8866577148438,1045.9100341796875,337.1099853515625,257.7699890136719,334.5299987792969,84.25,390.2553405761719,203.52999877929688,24.059110641479492,147.27061462402344,711.739990234375,749.1699829101562,394.760009765625,429.0899963378906,114.50586700439453,56.7400016784668,56.06999969482422,181.27999877929688,84.58999633789062,161.41000366210938,116.04000091552734,143.58029174804688
2026-07-14,314.58868408203125,247.49000549316406,60.619998931884766,111.12879180908203,180.18746948242188,524.1064453125,1140.0,337.739990234375,253.85000610351562,342.8900146484375,83.08000183105469,384.20672607421875,211.8000030517578,23.833066940307617,144.99758911132812,719.6900024414062,751.8300170898438,396.17999267578125,425.19000244140625,113.4284439086914,56.95000076293945,56.18000030517578,183.6199951171875,83.41999816894531,158.2899932861328,115.9000015258789,144.15655517578125
2026-07-15,327.2178039550781,254.9600067138672,61.59000015258789,110.72150421142578,180.02886962890625,525.3651123046875,1152.0699462890625,341.44000244140625,247.02000427246094,346.9100036621094,82.44999694824219,394.8866271972656,212.5,24.393266677856445,146.9530029296875,717.739990234375,754.8099975585938,394.4599914550781,418.5199890136719,112.26124572753906,56.5,56.560001373291016,181.5800018310547,83.47000122070312,158.2899932861328,117.0,143.58029174804688
2026-07-16,332.97283935546875,249.88999938964844,61.4900016784668,112.09236145019531,182.26930236816406,524.246337890625,1095.4599609375,348.0199890136719,249.97000122070312,343.1499938964844,84.91999816894531,400.3463439941406,207.39999389648438,24.707763671875,150.37742614746094,705.9400024414062,750.719970703125,391.05999755859375,423.3800048828125,114.67546081542969,57.02000045776367,56.75,177.52000427246094,85.80999755859375,161.8000030517578,117.33999633789062,145.0110321044922
2026-07-17,333.452392578125,247.22999572753906,61.27000045776367,113.9499740600586,185.75885009765625,520.3785400390625,1065.219970703125,338.8699951171875,253.0399932861328,341.1000061035156,81.55999755859375,393.08001708984375,202.80999755859375,24.61931037902832,148.86868286132812,695.3300170898438,743.2899780273438,380.8399963378906,426.0899963378906,113.96715545654297,57.68000030517578,56.2599983215332,175.58999633789062,85.19000244140625,161.08999633789062,115.44000244140625,146.41195678710938
2026-07-20,326.3085632324219,249.99000549316406,60.41999816894531,114.91354370117188,188.06869506835938,517.5109252929688,1055.030029296875,333.0400085449219,248.82000732421875,338.8699951171875,82.12000274658203,401.53411865234375,203.27999877929688,24.32447052001953,148.02499389648438,696.0599975585938,742.0900268554688,369.57000732421875,421.54998779296875,111.9320297241211,57.939998626708984,56.040000915527344,175.7100067138672,84.86000061035156,159.25,114.61000061035156,147.40553283691406
2026-07-21,327.45758056640625,247.5500030517578,61.220001220703125,116.72148895263672,189.41693115234375,521.0779418945312,1085.56005859375,331.6000061035156,250.61000061035156,345.2300109863281,81.97000122070312,397.00262451171875,207.2899932861328,24.51120376586914,147.00262451171875,708.969970703125,748.280029296875,378.92999267578125,436.3500061035156,110.12635803222656,58.5,56.11000061035156,180.77999877929688,84.05999755859375,160.25,114.87000274658203,150.73397827148438
2026-07-22,325.60919189453125,244.85000610351562,61.619998931884766,118.00293731689453,191.31039428710938,521.0379638671875,1098.199951171875,331.45001220703125,255.6300048828125,348.2099914550781,82.19999694824219,389.6065673828125,212.05999755859375,24.393266677856445,148.02499389648438,705.3499755859375,747.4099731445312,374.010009765625,431.30999755859375,109.06888580322266,59.20000076293945,56.04999923706055,180.27000427246094,84.37999725341797,159.42999267578125,114.0199966430664,153.4563446044922
2026-07-23,321.3828430175781,233.66000366210938,61.279998779296875,119.40359497070312,192.73794555664062,515.8323364257812,1074.719970703125,324.7099914550781,259.2699890136719,349.8999938964844,81.16999816894531,380.8630065917969,208.75999450683594,24.579999923706055,145.88099670410156,691.9600219726562,738.1799926757812,319.69000244140625,423.55999755859375,108.14111328125,59.380001068115234,55.83000183105469,178.4499969482422,83.20999908447266,161.44000244140625,108.76000213623047,155.88064575195312
2026-07-24,332.7330322265625,232.11000061035156,62.04999923706055,119.46320343017578,193.104736328125,518.3302612304688,1061.22998046875,332.9800109863281,263.3999938964844,353.2099914550781,82.25,380.9828186035156,206.83999633789062,24.540000915527344,147.41000366210938,684.22998046875,738.9299926757812,313.0299987792969,420.739990234375,109.20855712890625,59.619998931884766,56.310001373291016,175.8800048828125,84.12999725341797,162.57000732421875,109.41000366210938,155.93032836914062
2026-07-27,336.61968994140625,231.38999938964844,62.130001068115234,114.814208984375,188.35618591308594,520.8281860351562,1048.22998046875,336.0899963378906,265.95001220703125,356.20001220703125,84.06999969482422,388.368896484375,196.50999450683594,24.670000076293945,148.6300048828125,682.1199951171875,739.0900268554688,309.2200012207031,417.6400146484375,111.47312927246094,58.36000061035156,56.880001068115234,174.3000030517578,85.36000061035156,163.39999389648438,110.83999633789062,153.7742919921875
2026-07-28,339.78692626953125,230.86000061035156,62.619998931884766,113.34400939941406,185.95712280273438,526.4534912109375,1033.3399658203125,344.4700012207031,266.7300109863281,357.30999755859375,88.2699966430664,392.61090087890625,197.00999450683594,25.25,148.8800048828125,675.489990234375,740.8599853515625,307.44000244140625,428.7900085449219,112.82987976074219,57.56999969482422,57.599998474121094,171.08999633789062,87.05999755859375,167.25999450683594,112.4800033569336,152.055419921875
2026-07-29,337.8985900878906,226.64999389648438,61.06999969482422,117.27777099609375,190.20008850097656,514.9829711914062,980.75,338.2699890136719,265.5299987792969,344.7099914550781,89.08000183105469,389.8061828613281,190.00999450683594,25.149999618530273,146.10000610351562,661.72998046875,729.4600219726562,298.32000732421875,420.57000732421875,113.94721221923828,58.650001525878906,56.68000030517578,166.57000732421875,87.36000061035156,166.24000549316406,111.61000061035156,155.74154663085938
2026-07-30,333.1426696777344,235.5,61.72999954223633,118.24134826660156,190.6461944580078,521.0779418945312,1024.8599853515625,333.3500061035156,255.82000732421875,350.8500061035156,88.48999786376953,450.2524108886719,195.0399932861328,24.90999984741211,143.9600067138672,683.5499877929688,741.6900024414062,308.8500061035156,421.4700012207031,110.83465576171875,58.959999084472656,57.0,175.72999572753906,85.47000122070312,163.52000427246094,112.38999938964844,155.96014404296875
2026-07-31,308.6438293457031,271.5799865722656,61.95000076293945,119.68174743652344,195.12709045410156,523.8856201171875,1018.3800048828125,331.9599914550781,256.3500061035156,351.7900085449219,87.58999633789062,463.8468017578125,200.75,25.010000228881836,144.49000549316406,687.989990234375,747.030029296875,311.2099914550781,414.3999938964844,110.93441772460938,59.54999923706055,56.939998626708984,175.35000610351562,85.05000305175781,162.5500030517578,116.08999633789062,154.4399871826172
2026-08-03,303.1585693359375,284.0199890136719,62.47999954223633,118.37049102783203,191.5086669921875,530.7799072265625,1027.06005859375,340.0199890136719,254.41000366210938,352.6400146484375,86.86000061035156,486.73370361328125,206.63999938964844,25.030000686645508,144.97000122070312,700.0700073242188,757.6699829101562,322.0799865722656,415.3599853515625,110.44558715820312,58.790000915527344,57.380001068115234,178.0399932861328,84.86000061035156,162.24000549316406,118.20999908447266,154.0624237060547
2026-08-04,309.1134033203125,277.4200134277344,62.900001525878906,117.1585693359375,188.75271606445312,539.9822998046875,1052.97998046875,348.239990234375,254.92999267578125,357.5199890136719,86.55999755859375,491.884033203125,211.94000244140625,25.40999984741211,148.00999450683594,723.8499755859375,771.3300170898438,327.3500061035156,407.54998779296875,111.28358459472656,58.52000045776367,57.880001068115234,186.89999389648438,85.37000274658203,162.10000610351562,118.29000091552734,152.96951293945312
2026-08-05,310.7320251464844,272.6499938964844,63.25,114.27778625488281,184.7972412109375,542.3602905273438,1060.3800048828125,353.1400146484375,257.5899963378906,359.239990234375,86.83000183105469,486.5440673828125,219.22000122070312,25.809999465942383,146.8000030517578,717.2999877929688,769.7899780273438,321.54998779296875,412.75,112.07169342041016,57.310001373291016,58.0,185.91000366210938,85.33000183105469,164.16000366210938,118.63999938964844,150.6544952392578
2026-08-06,312.14080810546875,272.260009765625,63.0,115.98638916015625,187.59283447265625,537.744140625,1032.5799560546875,349.5199890136719,256.9800109863281,356.29998779296875,86.8499984741211,498.9207458496094,218.99000549316406,26.200000762939453,146.97000122070312,714.6500244140625,768.5599975585938,319.5299987792969,403.9700012207031,111.8023452758789,58.15999984741211,57.810001373291016,185.3300018310547,85.11000061035156,164.4499969482422,118.0999984741211,153.84384155273438
2026-08-07,313.05999755859375,274.4800109863281,63.16999816894531,116.83075714111328,184.94593811035156,539.1729736328125,1039.6099853515625,355.6199951171875,259.239990234375,357.5199890136719,87.05000305175781,499.0505065917969,223.9600067138672,26.760000228881836,145.7899932861328,723.030029296875,773.260009765625,328.5799865722656,407.0799865722656,111.58287048339844,57.5,57.599998474121094,187.97000122070312,85.12000274658203,165.67999267578125,119.86000061035156,152.055419921875
2026-08-10,308.260009765625,278.0899963378906,63.86000061035156,122.21484375,193.2237091064453,538.54345703125,1034.510009765625,350.7799987792969,261.80999755859375,359.7900085449219,86.87000274658203,505.109130859375,217.5500030517578,27.049999237060547,146.44000244140625,720.8699951171875,773.030029296875,330.8800048828125,408.739990234375,112.39093780517578,60.18000030517578,57.810001373291016,186.32000732421875,84.94999694824219,168.44000244140625,119.66999816894531,158.76199340820312
2026-08-11,304.9100036621094,272.2699890136719,64.0,125.085693359375,194.9585723876953,536.8348999023438,1034.4100341796875,354.4800109863281,259.79998779296875,362.0400085449219,86.4800033569336,502.86334228515625,217.5,26.6200008392334,145.2100067138672,718.4500122070312,770.5599975585938,332.80999755859375,402.19000244140625,112.989501953125,60.93000030517578,57.79999923706055,186.08999633789062,84.69000244140625,168.00999450683594,119.23999786376953,158.7719268798828
2026-08-12,302.25,267.2799987792969,64.80999755859375,126.45655822753906,194.8990936279297,536.7050170898438,1037.2099609375,343.42999267578125,260.8599853515625,365.17999267578125,86.70999908447266,491.5047302246094,224.08999633789062,26.309999465942383,144.0800018310547,723.7000122070312,772.489990234375,327.510009765625,405.5899963378906,115.7329330444336,61.029998779296875,57.91999816894531,188.86000061035156,85.08000183105469,168.44000244140625,117.88999938964844,158.7222442626953
2026-08-13,305.260009765625,265.1300048828125,64.08999633789062,123.6949691772461,195.98956298828125,537.46435546875,1042.6300048828125,341.70001220703125,262.0799865722656,363.1099853515625,87.41999816894531,495.9463806152344,225.3000030517578,26.799999237060547,144.25999450683594,732.0700073242188,777.8800048828125,339.9599914550781,399.05999755859375,115.4436264038086,61.060001373291016,58.2599983215332,190.77000427246094,86.0,168.3800048828125,118.44999694824219,157.58958435058594
2026-08-14,305.92999267578125,262.6499938964844,64.48999786376953,125.93999481201172,198.26966857910156,536.3552856445312,1039.4200439453125,338.8599853515625,260.3500061035156,362.8399963378906,87.70999908447266,494.4691467285156,225.16000366210938,26.790000915527344,144.5500030517578,731.0700073242188,776.3400268554688,342.2699890136719,401.7300109863281,114.99469757080078,61.90999984741211,58.15999984741211,190.00999450683594,86.08999633789062,167.3699951171875,118.19999694824219,159.07000732421875
2026-08-17,305.5899963378906,261.30999755859375,63.88999938964844,127.55999755859375,200.94630432128906,533.7474365234375,1051.31005859375,337.8800048828125,262.3699951171875,360.9599914550781,86.9800033569336,479.44744873046875,225.00999450683594,26.8700008392334,143.1199951171875,729.8699951171875,772.6699829101562,339.29998779296875,395.6199951171875,114.05694580078125,62.58000183105469,57.58000183105469,190.32000732421875,84.68000030517578,167.0500030517578,116.75,161.4600067138672
2026-08-18,310.0299987792969,259.45001220703125,64.2300033569336,129.72000122070312,203.9600067138672,532.468505859375,1040.469970703125,337.489990234375,271.1099853515625,363.25,88.81999969482422,480.72503662109375,219.74000549316406,27.25,143.4499969482422,717.510009765625,767.4500122070312,336.8699951171875,393.92999267578125,114.92486572265625,63.68000030517578,57.84000015258789,185.6199951171875,85.58000183105469,169.72999572753906,116.36000061035156,165.55999755859375
2026-08-19,316.8299865722656,265.8399963378906,63.16999816894531,130.5800018310547,205.75999450683594,533.827392578125,1021.6500244140625,344.29998779296875,273.4100036621094,357.260009765625,90.3499984741211,483.3999938964844,217.55999755859375,28.239999771118164,144.3800048828125,716.0800170898438,769.0599975585938,351.1199951171875,388.6099853515625,114.02702331542969,63.58000183105469,57.47999954223633,183.63999938964844,86.54000091552734,175.67999267578125,118.58999633789062,164.77000427246094
2026-08-20,311.29998779296875,260.1099853515625,61.86000061035156,134.88999938964844,205.77000427246094,527.072998046875,1001.9500122070312,334.489990234375,267.3699951171875,351.54998779296875,90.5,481.1499938964844,216.85000610351562,27.790000915527344,142.97000122070312,710.9299926757812,762.5999755859375,345.1300048828125,384.8500061035156,103.59199523925781,63.75,56.95000076293945,183.10000610351562,85.31999969482422,172.38999938964844,116.68000030517578,166.14999389648438
2026-08-21,309.3500061035156,258.6300048828125,61.689998626708984,134.8699951171875,205.27000427246094,532.219970703125,1039.280029296875,335.6099853515625,270.239990234375,351.5799865722656,91.0999984741211,483.239990234375,214.72000122070312,28.06999969482422,144.67999267578125,713.4400024414062,765.719970703125,362.8599853515625,390.1099853515625,103.69999694824219,63.63999938964844,57.47999954223633,183.30999755859375,85.98999786376953,174.6199951171875,118.0199966430664,165.11000061035156
