Date,AAPL,MSFT,NVDA,TSLA,AMZN,HD,JPM,BAC,GS,XOM,CVX,COP,JNJ,UNH,PFE,WMT,PG,KO
2022-08-25,0.0774632659757091,0.055819667298973676,0.063213845069182,0.10691317898976342,0.0820644557056684,0.08718206050949458,0.08112032322347694,0.055703886727555225,0.08185859086543064,0.05247641377649901,0.05786710910886326,0.041566288648537925,0.10195236558101009,0.15426894638389665,0.06545825236175794,0.08926015418947895,0.046679605356735585,0.05048597626188307
2022-08-26,0.07946628498235546,0.05639946013814007,0.06453341537175984,0.10680319922749956,0.07901196788302359,0.08940964341064933,0.081869487028864,0.05565447947540684,0.08194748365291349,0.053008453838712076,0.05795897373291771,0.04151125085049864,0.10319555756110094,0.15703024778482813,0.06620314531721835,0.09150079924783884,0.04491127254479364,0.04910630820364636
2022-08-29,0.07815418690554625,0.05661796088048028,0.06573394890842128,0.1088185809476351,0.08006920049400304,0.08803426514864555,0.08450072511461985,0.05615050122506048,0.08277605464141237,0.05284531052733536,0.0578493592754597,0.04221988536631289,0.10400777213980335,0.15840102584957963,0.06891066256830831,0.09224947512850412,0.04664724742783591,0.04867326824398147
2022-08-30,0.07879497402327788,0.05699348023437732,0.06554755388738231,0.10818596743143209,0.07893008771927576,0.0868289115687142,0.08053500181688301,0.05469266688389511,0.08258042355135867,0.05098982035396524,0.05566563111016773,0.04200358008898587,0.10352591187290669,0.16062864806766122,0.06932406289034572,0.08461046613706052,0.04745173366340044,0.0483887212997661
2022-08-31,0.07728957918961032,0.05782019765183982,0.06409888809458729,0.10873270606036026,0.08035803101446293,0.0881693452725278,0.07928636897425435,0.05466360851885116,0.08083804061183926,0.05078292234449232,0.05579432541993223,0.04276342545207622,0.1031718860338967,0.15834538344175214,0.06959974984213858,0.0835543021793942,0.04664804789590489,0.0496615473537839
2022-09-01,0.07750917664028613,0.05857608163836193,0.06402492630472381,0.11022133817461688,0.08334790328268843,0.09022003570016068,0.07849532240067822,0.055529853763492884,0.08102814173031969,0.05063086169129954,0.056016836059301627,0.04322352173319623,0.10308666986249163,0.1596723927452863,0.0699726893997933,0.08067532586225645,0.0463488307163825,0.05012034578094475
2022-09-02,0.07871853982437352,0.05900044881062962,0.06476488767480436,0.11055234766264403,0.08450529372803817,0.09014846358828302,0.07913091338632482,0.05500656662504863,0.08101327230055094,0.05170415761110488,0.05649649286394758,0.044654871846421924,0.1056199542254233,0.16227972149187994,0.07173764248829234,0.07596489770609381,0.04749410520355214,0.04993059760395893
2022-09-06,0.07687734146469712,0.05878554944758863,0.06395697918714505,0.11014352704478476,0.08356301148251988,0.09172248009195502,0.07884923220294533,0.05497749561975387,0.08094157342634811,0.05179518560610919,0.05588000182058549,0.04614064003155583,0.10420973452795244,0.16216033871309765,0.07321133040704425,0.07605387915239249,0.04914525105614437,0.05102106888422489
2022-09-07,0.07689213112443286,0.058014465486575295,0.0651951897308064,0.11027120107966522,0.08532673186096423,0.08898220918959823,0.07868185604410102,0.05552581291257064,0.08026314570926789,0.05165112947257652,0.05621838327059768,0.04542912715117099,0.10316484813908958,0.1624217855976238,0.07311052562677792,0.07707263770607989,0.05077697553193751,0.052526311507380984
2022-09-08,0.0752944664863892,0.059233292375353463,0.06588701539166662,0.11302505296311792,0.08743422755525866,0.09162847572188522,0.0803707809707176,0.056823320961333405,0.08209135142101055,0.0516158802991416,0.0564460216622715,0.04455871864215937,0.10765145536060135,0.162342970286007,0.07279073521109573,0.07681136706116844,0.05322869802332359,0.05238815711282034
2022-09-09,0.07251285038732061,0.056450990897058635,0.06415401598006508,0.1128841081125028,0.09027552005701482,0.09160491112379524,0.07975730359460229,0.05716289956807998,0.08385011000687007,0.052300465105807874,0.05655730773947655,0.044501392828345705,0.10854816248022563,0.16770559110493224,0.07260336891327902,0.07115938905022479,0.051541444928907006,0.05250718745037607
2022-09-12,0.07216101376125847,0.058289730524146155,0.06449973600924847,0.11189057274929798,0.09087542629740669,0.09177964700707615,0.08137059864007593,0.05863483895239442,0.08323977499024256,0.053699756244525325,0.0535218792584266,0.0435409108820659,0.11120144067773077,0.16308048518868892,0.06934260052634132,0.07410699106874946,0.05245926475616645,0.05375274254333998
2022-09-13,0.0754784239291862,0.05628605095399296,0.07028970466935484,0.11367681073692629,0.09002321482100366,0.08707854668960335,0.08108909635760814,0.05982237365975825,0.08396992433830498,0.05390136314816717,0.05355616244735978,0.0436815867831544,0.11196040891470484,0.16263684725758382,0.06904094253219459,0.07476399476090531,0.055457013689849496,0.052725059713400975
2022-09-14,0.07476347723900317,0.05585168275868125,0.06859794765335209,0.11607370695055935,0.08828811465460551,0.08960749907618731,0.0809139133145114,0.06019789111490221,0.08275080557202878,0.05414721511436699,0.05183942369221499,0.04611282951395696,0.11197505325200557,0.16390013395602585,0.07248977159967039,0.07370199027988729,0.057234548959822794,0.053934750084298586
2022-09-15,0.07621811351595764,0.05524915289661151,0.06782159525864404,0.11262136953198058,0.08848509462744117,0.08902550680259955,0.08068636979640081,0.06102646253326702,0.0803954128609611,0.055064020785099324,0.05261733264063926,0.04527568611447794,0.10826223035534241,0.16338302012071435,0.07359340506098201,0.07413419048210414,0.05889914558642839,0.05429404266220116
2022-09-16,0.07669028784934306,0.05602082531999223,0.06328258346580434,0.11376546094338451,0.08799290290699531,0.08680723606572499,0.0766207250787163,0.05716785193871108,0.07678514763922949,0.055121719728944384,0.052209574973234085,0.047971703918933024,0.10826892607359788,0.15984196398188558,0.07481209432167607,0.0728392316776149,0.0585223325740602,0.053934318013562854
2022-09-19,0.07657234087365716,0.05673360108957685,0.06286066098675851,0.1154274779617242,0.08692642582353728,0.0889197129685002,0.07674336789744889,0.0581266164116018,0.07645554520627613,0.05563976527654709,0.05074854550740065,0.047814667489512644,0.10376900656597293,0.15874198120557625,0.07391322889075252,0.0762273077400789,0.058038472133752954,0.053703746460097734
2022-09-20,0.07517402762114574,0.056835720224074876,0.06228625671095259,0.11342619128833666,0.0881576912430777,0.08727011287875512,0.0785537363552093,0.058277148592352966,0.07771393332505079,0.05533617145861395,0.05072602691834776,0.047194404803973126,0.10189681182811634,0.16063607375621192,0.0734916972744934,0.07797670972854928,0.0595091822213071,0.05474685280358029
2022-09-21,0.07569561173063499,0.056530167186411864,0.06259716062747261,0.11585176557855616,0.08819332883329391,0.08581224927269326,0.0778707763353975,0.05854364941426784,0.07785122915803079,0.054959039733115486,0.049608754823404044,0.04723186361087498,0.09992479148499146,0.16242865824011335,0.07231890127574443,0.07767920131714429,0.05821899559965107,0.054088075364588754
2022-09-22,0.07481785623391624,0.056856577940270166,0.06090320726033966,0.11751397079981385,0.08834660418908151,0.08890331946298352,0.07808258705425046,0.05864788301427059,0.08105562602832728,0.05550076171831017,0.049571202030923085,0.04702134633480142,0.10263942870862135,0.16254442667395563,0.07228005562575933,0.07631995241560742,0.06124535049627633,0.05300081795190913
2022-09-23,0.07683155609923645,0.0593322830134063,0.06182871478355531,0.11603669403423324,0.0880323878895399,0.08832817904565268,0.07766126753498027,0.05932332526574953,0.07967765490792537,0.05558494478649563,0.04979540384672492,0.04637414304539043,0.09955379248897886,0.16417870650377367,0.07253314751331831,0.07645574767244807,0.061048264704673116,0.05423410851653064
2022-09-26,0.07791208540009642,0.058864069357647895,0.06087854517995583,0.1140462419573309,0.08735252003284746,0.09195999377296377,0.07760452409093858,0.05881809725707251,0.07481372247137401,0.055113677228048316,0.04793166352178878,0.04576500806322092,0.09782306488633438,0.16194953801289733,0.0735031924587967,0.07520076576368931,0.05870236887080801,0.05757758102462202
2022-09-27,0.08062161234154729,0.06091985034007556,0.060138755007487554,0.11639028343102849,0.08462838829299671,0.0894208190321009,0.0781082221734262,0.05899531238512991,0.07475084445731803,0.05485595970407088,0.04803570837014432,0.04680588823192534,0.09774782086909624,0.1603135269434098,0.07343966774533879,0.07420658346029808,0.05636637127643836,0.056680361909305685
2022-09-28,0.08052837776141819,0.0602943079186121,0.060241738150689304,0.11660943104744094,0.08334772877668241,0.09203924248389138,0.08008692973142162,0.060700752275091086,0.07562866990096449,0.054680672724971346,0.04616772043973832,0.04635833584466922,0.09413885216543345,0.15575561355320466,0.06989615381916209,0.07347539686114656,0.055391556502515975,0.05630692087332728
2022-09-29,0.0759854904305586,0.06011772845348327,0.05963079922870723,0.11531981690999907,0.08370385858100025,0.09255713732460179,0.0813042447028258,0.06167987796734888,0.07663522009000316,0.053576996390781395,0.047330243710502054,0.04729826278833531,0.09048320832793755,0.15608922852390938,0.06517615810908717,0.07276804842845438,0.053955581603867916,0.05733032724905548
2022-09-30,0.07475850720603751,0.06100053585979588,0.06043049588897777,0.11477416545617423,0.08562826748248717,0.09560159455681003,0.08062030385572415,0.061375422321887654,0.07707311529080615,0.053696085242566985,0.04814537119568361,0.04724402893162803,0.08948939342220308,0.15433271369812981,0.06487758445874807,0.06939115460322126,0.05347215794255886,0.05638637916689846
2022-10-03,0.07488659305635786,0.06068608618412862,0.05794563026981775,0.1128558898295535,0.08338205701741172,0.0971252011491092,0.08046517798429974,0.060880052223418864,0.07604772676033307,0.054381782193463686,0.04861203782364304,0.04626013840185253,0.09100487470981813,0.15640833289555217,0.06298639200270369,0.06723450577908065,0.053362262656548046,0.056414199727519966
2022-10-04,0.07573902852384566,0.06148861583524239,0.05500489274462481,0.10638539735484412,0.07812384464453333,0.09473765233377543,0.08089551143304492,0.05958585596444723,0.07300195529509841,0.05397909224515581,0.04959143117057629,0.04624809253080112,0.09505598928464049,0.15773854034643456,0.06228261074126412,0.0661308143568493,0.05378642671326185,0.05928979649222562
2022-10-05,0.07503680703040178,0.06115634396845477,0.054549302263308466,0.10515047777526393,0.08179692809433513,0.09576157967751674,0.0828844953376996,0.061783458591066744,0.0735176269374531,0.054126573385776665,0.05022034119824403,0.04606620627900929,0.09241679910703379,0.15765953891971612,0.05960105701588295,0.0678007881104179,0.05426647280118533,0.06104423701851932
2022-10-06,0.07450001733696035,0.061566388403328225,0.05412590817523442,0.10351422828186832,0.08266908561184638,0.09750975892860042,0.08220469286130114,0.06320068730169567,0.07282538885103439,0.05250086906905285,0.049757568406790874,0.04717095155328774,0.09196917912611884,0.1578362905229218,0.05973362757278622,0.06856296153245428,0.05457585657342529,0.061181403851860196
2022-10-07,0.0753117411469524,0.061732554119563327,0.0542169601166126,0.10390592151642376,0.08423593410678078,0.09938149768478811,0.08227145975008386,0.06252579225302665,0.07295920607651979,0.052617892078964286,0.04957978010682249,0.04787231041353825,0.09199226020964008,0.15740212862725375,0.05832120527596779,0.06709147701015739,0.05506187615712143,0.06023165364762263
2022-10-10,0.07546321719992893,0.06145954359835464,0.054400431758258774,0.10148767950824848,0.0823558400663568,0.1009297247786868,0.08262583796807665,0.061492230660221824,0.07528745330307328,0.05312039715030869,0.04969613216563661,0.04690385078682219,0.09271892633957353,0.15742583586082293,0.05975698627268898,0.06811330650731946,0.055413047830628906,0.06095275739373846
2022-10-11,0.07897263823998357,0.05969215798263612,0.05505344549491924,0.10293263850829669,0.08235099948384207,0.10184764822840814,0.08265496970746307,0.06142600142571115,0.0754361430293481,0.05200322328942115,0.049056104476835095,0.04688693709811275,0.09097437185257441,0.15493114820545653,0.06051143232835784,0.06880258695487265,0.0547941747905296,0.05703433566898512
2022-10-12,0.07773429909144877,0.05781937114071808,0.05489755503308179,0.09952442663290177,0.08263854701563234,0.10181769929497789,0.08272581152214785,0.05952512557553696,0.07502510784271782,0.052148930303303566,0.048187218309978325,0.04731954418521779,0.08858780288995065,0.15435512909684454,0.06106332706044232,0.06544953499834533,0.053407645984034635,0.05555210713401659
2022-10-13,0.07860271517470564,0.05770521718973136,0.054671815712023744,0.09965604960256487,0.08021107028276087,0.09968451609872157,0.07877183927465449,0.058815188367420425,0.07496809847844599,0.05219433300919348,0.04818845424856467,0.04747520161850756,0.0912151044626485,0.15446179962300438,0.06073089824225101,0.0675771793505664,0.05175384433662949,0.05338832958294829
2022-10-14,0.08039567616678253,0.057913217930521184,0.054608073441607105,0.09961692425739911,0.08302924442392105,0.10038522092631677,0.0793703207933247,0.059484939855107354,0.07480748496420263,0.05272176352797891,0.050642504089126135,0.04746314487537049,0.09355739592006561,0.1557988786728373,0.05952574462818496,0.06820525595593303,0.05349474907654516,0.05537336565883731
2022-10-17,0.07996430463256515,0.05828777210979561,0.05425320581546035,0.09816308474096082,0.0807221945377855,0.10232316168145625,0.0732177207901421,0.05617495064390075,0.07192531507167424,0.053668443137080864,0.0506230695404849,0.04709561553674878,0.09252163031646651,0.1577022112603108,0.0602997973803184,0.06772965413176046,0.051822617626562636,0.053314606633120196
2022-10-18,0.07993720370562511,0.05799068096347713,0.05363316633754674,0.09763058576470567,0.08125708838496964,0.1037832043421185,0.0726104464602387,0.057708354016969055,0.07263826748211118,0.05319028325871446,0.0509613824147664,0.04762068444018154,0.09304485238663955,0.1595610834719789,0.06044752666974568,0.07033198749176364,0.05128768445159103,0.05232194799386827
2022-10-19,0.07958742844494128,0.05824921378217541,0.053879791225608646,0.09874878322666514,0.07943317976295242,0.10331740454462496,0.07178789492320353,0.05683372560493126,0.07339257443383074,0.05262953837595427,0.050859920473446625,0.04795300409089474,0.0955681900948488,0.158792964535382,0.061459332770312174,0.07330028683665203,0.05258702299822376,0.05278242478085254
2022-10-20,0.07987541831115681,0.056641468335098775,0.05381485654949127,0.10127868272191906,0.07957098778891707,0.09859973143549376,0.07135063879899314,0.054684410272672214,0.07276705652454143,0.05231135549607571,0.050517486396481556,0.046864237020980984,0.09611963448628777,0.15789987776910855,0.06081473654695292,0.07797684554265233,0.04891177343900716,0.05091140758300619
2022-10-21,0.0771206200435693,0.05606917255197922,0.0545354717328956,0.09862661079776476,0.07987078710412228,0.09719901993766082,0.06964583367440103,0.053426487751292225,0.07355796646714217,0.052680651704405966,0.05062250571172508,0.04679326630285552,0.09059799632983614,0.16002781106191372,0.06091255684816166,0.07653904889569618,0.049040932393812436,0.05150715353032281
2022-10-24,0.07724192842971374,0.056841092815948596,0.05786037151160626,0.10026026367902477,0.0775526503927135,0.09774708775568516,0.06868238281268234,0.053613507805403506,0.07266603105274043,0.05313341069020632,0.049858612282689826,0.04446138414645775,0.08835947601347231,0.1616829657516098,0.06450088497937331,0.07802273232518457,0.04930773254600676,0.05180635759108894
2022-10-25,0.07745804264124129,0.05663892362168461,0.05868549430572946,0.09742475235386236,0.08242788780309487,0.09331304445283226,0.06921997483704644,0.05492283356884248,0.07259478514504539,0.05378063734301182,0.050044469482086594,0.04492341410441012,0.08727172069382182,0.16464750306076054,0.06436744860170435,0.07820647883818733,0.05273292112009947,0.0516950328919747
2022-10-26,0.07781097807098072,0.05780409932942312,0.06074698616020895,0.09617616647314382,0.08142661528091813,0.09264246285621627,0.07039191671364622,0.05598819259260324,0.0726464546922459,0.053748078955739,0.04911149213889706,0.04447551665611059,0.09089327798091684,0.16509321636023525,0.06410416161132777,0.08483293974122472,0.05411706494413582,0.05177262242949632
2022-10-27,0.07797710851038936,0.05858622932078703,0.06058626818021105,0.09855845184551427,0.08014232353824718,0.09580672299589627,0.06940293825309346,0.057364052318315935,0.0722006789199848,0.05515783265811793,0.04888285743554741,0.04444163874756044,0.09120397170352021,0.16683264584842414,0.06322038809500694,0.08254717266167658,0.057656432677654634,0.05178206274961207
2022-10-28,0.07701313558780849,0.059437930751341406,0.06050013027936594,0.10008460636218178,0.07712873855125622,0.09687096795045105,0.07039660388606243,0.057286924141491585,0.06985868584020297,0.05490975806857705,0.048050751008253095,0.044453256417285536,0.09187088241101164,0.16510693214134164,0.06346764503042358,0.08328202176112025,0.057759394691727264,0.05145269641093802
2022-10-31,0.0763474734213228,0.05859219763153426,0.058533363910342265,0.10050574553318768,0.07242148253671503,0.09431514040894613,0.07210675673865607,0.05845356712989102,0.06993348960526857,0.054714092688613596,0.04786559286204887,0.04461251106874844,0.08885889843350078,0.16368262090340657,0.06720389321878412,0.08634311093546958,0.0576609471514493,0.0531797597746355
2022-11-01,0.08187877068326281,0.06112553117048057,0.06137761103932432,0.10396801659256937,0.07394871846562813,0.0943190353849165,0.07181136424982724,0.058118917675174374,0.07040518888094685,0.05244250900533022,0.04916570904778945,0.04566431285341686,0.08539513879752339,0.1618914559695306,0.06727930628841414,0.08788601886305161,0.05772356047647995,0.05155458972389293
2022-11-02,0.0816037873958017,0.06113547826963071,0.061418493007886196,0.10605370077937888,0.06699048970292161,0.09997288258826628,0.06793962449803327,0.058232375224652695,0.06972614439603447,0.0525380471921489,0.048642486082354205,0.045223026410908834,0.08625757683285767,0.1612694590895197,0.06830007157492296,0.08769078737119615,0.056227435061370575,0.05269559935168612
2022-11-03,0.08293268016633062,0.06138500676133125,0.061572221369419776,0.10729067565457709,0.06748960341129401,0.09772766570170043,0.06799426307049496,0.05678932326185373,0.07402083123806949,0.0534231018432716,0.048113983646769304,0.05047405197265275,0.08679280926028692,0.1635739049164662,0.06455453735928801,0.08542297664133558,0.057309996091279236,0.05343760774632987
2022-11-04,0.08263280595167329,0.06186635021278313,0.061571416539641766,0.10773623400259716,0.06633487720798419,0.09267476480248908,0.0647427232733117,0.057856746172746255,0.0777821770052325,0.05371076005957112,0.048185061571479,0.05112124164998401,0.08234430263146486,0.16472845709252576,0.0661271991520228,0.08078243558629351,0.05459057315370941,0.05066999302030596
2022-11-07,0.0854107144188026,0.059106421045507465,0.05991311734799723,0.1016300397646213,0.06593547683959324,0.09170513967255518,0.06358989298511401,0.05856789925744132,0.07726966251415791,0.05267637436198005,0.047966554164479515,0.053288191927577507,0.08152127590881694,0.16006560424013544,0.06748129824074657,0.08539167027493183,0.052473988376799494,0.051692417562661026
2022-11-08,0.08521565371385667,0.05875381904271062,0.06275397325800489,0.0998020072066314,0.06645413955361205,0.09810446046712525,0.06512263402211269,0.06088596893432892,0.07760087154480495,0.05270777160330726,0.048008160556518506,0.052488830538690995,0.07927087914633889,0.15645659531777167,0.06061146066660817,0.08154474891143373,0.050284748646588245,0.051577248272506614
2022-11-09,0.08840695772144924,0.05875698693286782,0.06431396992329574,0.0980810328159146,0.06469907228351948,0.09456111427768907,0.06577500183428199,0.06158806387536299,0.07713284212024679,0.05296382929182026,0.04828803289781286,0.05236588460989855,0.07591732099269737,0.15568467865921623,0.061552433932934775,0.08074678994455138,0.05038422197981251,0.05098399609550188
2022-11-10,0.08495239915621254,0.05930444587096703,0.06301930221716709,0.09889653866837524,0.06708449931796126,0.09045659466868346,0.06679506036813736,0.06201681491980665,0.08036053426504898,0.052345534246978125,0.04886462254995089,0.051859712213979954,0.0759811504178663,0.15299145154481344,0.060807544178703765,0.0786919268297144,0.049789228539497646,0.05099840209760122
2022-11-11,0.08432353215180041,0.05829173120395478,0.062306043395395284,0.09808258334030336,0.0696325037495756,0.0913380871985884,0.06675082442232344,0.06323852383013157,0.08258501056284001,0.05242098532929228,0.04838593641420691,0.05169270679566054,0.0776387885968084,0.15920238764562877,0.059353827559839624,0.07761841973861285,0.05172346987253366,0.05178147555965812
2022-11-14,0.08481095856273194,0.0583268365600328,0.06367720664132914,0.09798056012152723,0.0692900044090121,0.09198004308017156,0.06682127940623404,0.06379909176963638,0.08194271119010567,0.052296966253613915,0.047744992727656366,0.051287274972568596,0.07570639528127364,0.15701220092296708,0.05756958565974066,0.0778220397898269,0.05134704614837141,0.053170301247571036
2022-11-15,0.08465685223059936,0.05624129788169445,0.062209623977059876,0.1010199771849444,0.07140927531476024,0.09110893109854622,0.06508067910307741,0.06263893189381471,0.08310792584093836,0.053420061417027744,0.04818445815639648,0.05197203073976282,0.07306641506789746,0.15338433753143474,0.061451464066296445,0.07496802229458592,0.05075856380571694,0.05350454094125843
2022-11-16,0.08422082142758847,0.05640387136329319,0.06218348234140711,0.10322517428573534,0.0739939905990441,0.0922942928429918,0.06639258753867766,0.06384176443175724,0.08301215668361181,0.05327978573907285,0.05023563696742392,0.051791956830635866,0.07253854968184653,0.1512123486686168,0.06149424672145265,0.06908575131360713,0.05065458845125998,0.053361190133164565
2022-11-17,0.08598764059810454,0.05872147404359324,0.060838680761771485,0.10161436871587111,0.07000443366026293,0.095291977054282,0.06459944703202801,0.06422688911813289,0.08373818765005189,0.053411112978103775,0.0501504261717556,0.04981909908150009,0.06827034336318163,0.14924630427501082,0.06203348870645958,0.07169815213362735,0.05132132266615436,0.05145620474073502
2022-11-18,0.08289419901954072,0.05701975496126062,0.05872065954525878,0.10281955590757316,0.06854249043098758,0.0954460396482814,0.06339068740444287,0.06322149418565819,0.08432947621845842,0.05197739425780512,0.05078460967734029,0.047014978798069755,0.06699223610710689,0.14942432623386295,0.06210080781567796,0.07175498177807894,0.05277328801791431,0.052727971355205426
2022-11-21,0.08247388236407856,0.056584466617108795,0.0576455146530869,0.09874948669602046,0.0695017952961846,0.0973381277510443,0.06290311162428186,0.06610737258265854,0.08321286545130425,0.05217661822746604,0.050751107360787466,0.048024013882605764,0.06820026977925789,0.1479041142617835,0.06062438094271331,0.07536136743311923,0.05460845097889353,0.05512167072402143
2022-11-22,0.08072500514922586,0.05846985982869907,0.059834422779500095,0.09804350235964983,0.06816549950332873,0.10123684089135425,0.06435162207026231,0.0662125997210788,0.08061387854116418,0.05216597633566891,0.05127427773176233,0.04768058283477554,0.0661305209094101,0.1453119834810153,0.06159772736021881,0.07773956249023183,0.054722440574661,0.05399014913303414
2022-11-23,0.07558693891483012,0.057345139515933174,0.059499108217444245,0.0971507488013242,0.07198058501033949,0.09862967470719718,0.06324766592483833,0.06900750560987273,0.08104502240060853,0.051718235485469714,0.05114166572544666,0.04886238855602732,0.06974515701416739,0.1449055892906021,0.06054361772463283,0.08068016728738507,0.053255505632203125,0.05300282688724066
2022-11-25,0.07338349151963056,0.05830621410977827,0.05733610935209107,0.09580187240458336,0.07402123296966161,0.09234649033244487,0.061416118404684826,0.0692091922594434,0.08101121112600766,0.05170567031073357,0.04953040502177272,0.04763336133872051,0.07260005196193534,0.14758062922186843,0.06048660488253909,0.07873372048274313,0.054816883679594385,0.05233825224117453
2022-11-28,0.07108919624480328,0.05939012792992773,0.05833720037677243,0.09573012068594323,0.07404937787157853,0.092600205427781,0.06098374678829213,0.06968694609885785,0.08345238686317101,0.05184193070337927,0.0496020270190581,0.04748858361671577,0.0745954910731188,0.14693989773179614,0.060632861826295584,0.07992124212364346,0.05486745501556327,0.053142332601616715
2022-11-29,0.0712862756818735,0.060561580962059575,0.056799697223475526,0.09456671451229547,0.07070104205743571,0.09000317249333913,0.06101056799151595,0.06940433468568326,0.08316849437105807,0.051786340019174405,0.05037604794833169,0.050248310098859696,0.0760657740834204,0.1494632961053402,0.057368671863939145,0.07801049598546916,0.05296333125186247,0.054423462752872055
2022-11-30,0.07061614445532592,0.06192353673375643,0.0571215682690024,0.09433927354713022,0.0701781452163807,0.08781613403910431,0.05754868048709965,0.06962283089697305,0.08465418089794605,0.05216654546194877,0.05032914352717003,0.051610961477802565,0.07482876986708223,0.1521665141637412,0.05649999507060164,0.07829156249099378,0.054763562030988984,0.05768801703176197
2022-12-01,0.06649544953472544,0.06391771126765317,0.05755609387764711,0.09052226255319784,0.06984341235923064,0.08808291871390292,0.05864075084754863,0.06902532496730349,0.08303286078718163,0.052754982100383145,0.04993782439441132,0.05242845656340424,0.07516704536963385,0.14948057538648288,0.05399868932288038,0.08332918038885553,0.054673656967744594,0.05760562282010091
2022-12-02,0.06390483678673203,0.05947484330644856,0.05849082168143254,0.09008592327094063,0.06834685433110045,0.08393183498068721,0.059673272854248324,0.06845230588347474,0.08236193322735,0.05193009258451642,0.05048308661276682,0.05234224013544443,0.07816595104103541,0.14610140822188655,0.05231403518274222,0.08401305261107121,0.05641617573458268,0.05893891505113499
2022-12-05,0.0674336188514655,0.06142645562573408,0.05819239695161152,0.09000103109708363,0.06565591370903319,0.08532698151198499,0.059943089537614395,0.06935413322469575,0.08189012912527716,0.05101605755623371,0.05109474965708454,0.05197626030879753,0.07749177743454337,0.14545822864885452,0.05187771567097773,0.0816947670288441,0.053853688782157724,0.057901354797404735
2022-12-06,0.06820058171814793,0.06186912875855355,0.058149140902361326,0.09056551778062373,0.0651229633212111,0.08196402405954828,0.060297646436279335,0.06940748742292249,0.08240214166100579,0.05098779667970956,0.051137611523854626,0.05505800437132517,0.08280270895013157,0.14875881943731975,0.051335691954662054,0.08275076641845341,0.05432566308424414,0.056142172011347045
2022-12-07,0.06811992821079457,0.06249793807678706,0.05958010669903017,0.09178038490627874,0.06432970854570923,0.08397311701736511,0.057879284725222406,0.06684874237092439,0.08035073878482427,0.050425892977291095,0.05140695622487299,0.054404763649206295,0.08227851070271024,0.15309831030730553,0.05310489945581206,0.07945719912417182,0.05189458076830399,0.057291309684052896
2022-12-08,0.06663872211285045,0.0633899904766652,0.06125031859855281,0.08963378719661157,0.06343099876569831,0.08710128945634693,0.05709846635286287,0.06657012579445809,0.08101078221530317,0.04909445872130161,0.05086020930748095,0.05510899045246624,0.07826968217176361,0.1503603520573863,0.05246290616733567,0.08003429257918376,0.0516511437415215,0.056513733412620386
2022-12-09,0.06699952512769655,0.06387172689195689,0.06375116130701998,0.08935852083160772,0.062248613163012285,0.09053865284510088,0.05365963766203036,0.06590117415116828,0.08031751056599902,0.04964949511961562,0.05038150991210189,0.05430758550046023,0.0803008545409274,0.15001545340489494,0.054280202503526484,0.08225466125691978,0.05211583265829668,0.056666165234246856
2022-12-12,0.06606878293097135,0.06240489733660397,0.06333481961181203,0.09051709583527696,0.06101742752953197,0.08557917638209477,0.054286174605220075,0.06861021339387162,0.08108039779475687,0.05175890131680646,0.052105820165813624,0.057377847792536664,0.0838591117900075,0.1513056552125792,0.054073762522939044,0.0834938835908611,0.0507815990081317,0.05825171908731347
2022-12-13,0.06650616761514636,0.0627806836296005,0.06424745036322126,0.0851906004790308,0.057873437253870334,0.08599435299809134,0.054889907498043566,0.0696373944837914,0.08554904799677178,0.05194450387800018,0.053984392209943256,0.05737427421483492,0.0818974920456601,0.153069669793516,0.05372074310554364,0.08216583484199205,0.05096996104776055,0.057945852091370924
2022-12-14,0.06711614484532137,0.061386270262554235,0.06407514834824489,0.08070314870206996,0.052855710566532384,0.08816974003551736,0.05545668013209803,0.07068577473389102,0.08414122493002384,0.05210999523690554,0.053725275471416915,0.057506280215011925,0.08117626961597309,0.14731202452262954,0.05117264489263029,0.08162059549740358,0.05062695922335413,0.05844582674104914
2022-12-15,0.06520587327354342,0.06443260118174969,0.06202144380288378,0.0795027952189022,0.053083599732513864,0.09080000770495394,0.055539129507795215,0.07267496827615395,0.0839144671680081,0.052324812642203455,0.05420201841208741,0.057306995090662484,0.0823544669713126,0.145441153975103,0.050688241302210967,0.08383115694577446,0.05027498742670988,0.058880415322194034
2022-12-16,0.06531260005636415,0.06336460044972059,0.06284445349521636,0.08208119129985993,0.053392928330569335,0.09145693230242902,0.05389620544344237,0.07281828567255605,0.08436559599337154,0.05219067640796097,0.05412742379294723,0.05768856768364696,0.08101470353604859,0.14679028740625744,0.053439639173157326,0.08328665599481537,0.05008151888406028,0.05783490810660009
2022-12-19,0.0659500213053434,0.06304992842186143,0.06285672945046622,0.08181172558066746,0.05433624358369376,0.0923653324084603,0.05346320807223351,0.07275990644266482,0.08506266152298543,0.05338998799356337,0.05441635932338533,0.058514721104109005,0.08314530987364203,0.1488800230309945,0.05181367457976413,0.08043857742824345,0.0526405177272417,0.057858004163748894
2022-12-20,0.06449510924228645,0.061432691498288124,0.0630056791847442,0.08205470079972232,0.054489759344629,0.09536346830812965,0.052627546038257235,0.06882791590681336,0.08536513191101858,0.05462482247989703,0.054289915357191854,0.05954992054973887,0.08675330517746423,0.14929995142080535,0.052783141706287964,0.08067563102619839,0.05257485835598865,0.05766249465776819
2022-12-21,0.06359033871383275,0.061586293019816864,0.060818389013520865,0.07980962829811179,0.05369256285621805,0.09148006090322305,0.052153211524359734,0.06862138335599346,0.08423505431682896,0.0551452555966395,0.05595104671937315,0.06047695749591608,0.08532914507275635,0.14704172396457035,0.05189539445280326,0.07934831004461869,0.05224466136095797,0.05865106930185014
2022-12-22,0.06315440545148045,0.06161724648920896,0.0614481528065931,0.08026227266692997,0.053383779675234,0.09202524677554473,0.0523446535038564,0.06947258586796769,0.08510364019711242,0.05492124787339792,0.054745188115043066,0.06024719784822938,0.08412559776716645,0.1485956809767596,0.05452822953402557,0.0823252247238313,0.05383991760263912,0.055987738985024044
2022-12-23,0.06382475533341236,0.06231735847374734,0.05972262863707462,0.08030143314095622,0.051646641551615226,0.09426023822229124,0.05205510733941574,0.06857526893795915,0.0851660143369169,0.055230558368839236,0.05548306068762386,0.06013083527124525,0.08126687209280481,0.14663369031906176,0.05422332342148057,0.07886236368476064,0.05393572070391524,0.054698589104971544
2022-12-27,0.06362558172174365,0.0626221952013106,0.05917887992252402,0.07956949683210723,0.04934610552214409,0.09594235243272334,0.05244980809752764,0.06951073233165155,0.08548450022421594,0.05559003880064414,0.05566067816194872,0.06045412054070088,0.07948659820135733,0.14557731628634676,0.0560169651944009,0.07967815666173483,0.053797778997778656,0.05534873252140845
2022-12-28,0.06354097091470454,0.06373814658441154,0.05925616417753776,0.07873815479709652,0.04843573054324602,0.1002440622963302,0.0503144936791218,0.0663584190167128,0.08283178196518286,0.054362053480082766,0.05612308494657053,0.060493860006856665,0.07889425121875625,0.14378462998207778,0.0559360896004032,0.07987159584113285,0.05280603396802143,0.053925275215214424
2022-12-29,0.06265737991106443,0.064309061736269,0.05937416923434539,0.0813423286786588,0.048375260368691796,0.09847388507884329,0.050243386104225095,0.06476537499457745,0.08342500509375336,0.05554179458813645,0.05641197989407815,0.06131559836637749,0.07992559055175458,0.1436590193316694,0.055690624794852296,0.08134055967814748,0.05350413330816109,0.0546158950267519
2022-12-30,0.06253533916454897,0.06404337935235774,0.05998518869621765,0.08191218876476822,0.0494719768421461,0.09782288281922474,0.05434243928485556,0.06605594891479788,0.08664894050595136,0.055765703997629326,0.05625549591462176,0.062388637212527326,0.08085119316857563,0.14563423652242066,0.058903524825245517,0.07939126903328762,0.05383411136887121,0.05564942271499141
2023-01-03,0.06287358694480494,0.06322231117992069,0.06031274252087149,0.08381403440895084,0.049498241286034125,0.09533953685992202,0.05378431204857122,0.06651214254583361,0.08717029231377124,0.05590834073143405,0.056456701306494696,0.061363330739383375,0.08111815965617321,0.1473766948713845,0.05895447398730319,0.08022873431184685,0.05341341773226282,0.055360465582879305
2023-01-04,0.0596661188217426,0.06693868864876082,0.05992807531805068,0.08311033328250254,0.04962976259979293,0.09432511265225367,0.05273097938968551,0.06373010546503771,0.08722892267899753,0.055171476289703036,0.05649450208712983,0.061192735528461294,0.07942235542159527,0.14326205787899385,0.05741589899472188,0.07706961440376414,0.052700204670667564,0.054449825647281805
2023-01-05,0.06028748106874997,0.06367239173413845,0.059911749091964464,0.08316165043028452,0.04929905963582639,0.09868414061300693,0.05630168029592031,0.06246514183173177,0.0915217202935795,0.05457819109155487,0.057057522380571185,0.061438526721353325,0.07469948714267584,0.13541911238867083,0.05590071976323113,0.07843689740037389,0.052436973051665746,0.05143641442316505
2023-01-06,0.06070329098868471,0.0641004072236476,0.059763167552483745,0.08434023989149056,0.04977705350484292,0.09462098614147936,0.056188752943856814,0.06256117353183376,0.09123515044795032,0.0534329506371169,0.05652208249034523,0.061796174412570966,0.07195456720815666,0.1343587982538128,0.0566408855077229,0.08173752635745737,0.052379315936816974,0.052909492568601404
2023-01-09,0.05965673067172083,0.06543756383686096,0.05962194405242524,0.08757920901732702,0.047239028279816866,0.0932138010524264,0.056718957222421706,0.06385078363024625,0.09453416364312467,0.052717774335402624,0.0567481115342626,0.06161920092661377,0.07313845191751518,0.13524870162749617,0.055417520843887534,0.08509262472539521,0.05195092327004098,0.05068599969724154
2023-01-10,0.060611596365633305,0.06606572408301249,0.05595163320408418,0.08632729381847225,0.047196639742046076,0.09201668652008319,0.05421871873747369,0.0638734261669968,0.0925954111321462,0.05063703711313196,0.057318282260789326,0.061642739138493954,0.06987260701066758,0.1412614746653668,0.05356215601749914,0.08444087338976622,0.05186240376841084,0.05087601906373674
2023-01-11,0.056955046572461004,0.063008453707576,0.05518159509993793,0.08653631105654197,0.04488512678181224,0.09404399731497488,0.05232951767097087,0.0641230116168776,0.0911832485679108,0.05001300492301819,0.057607981015745324,0.06144462898556001,0.07674289409721118,0.14337181409248093,0.05287911626775195,0.08666526590878319,0.051768609518191205,0.05147990290013737
2023-01-12,0.056837763628989124,0.06196893112190821,0.055282249726580746,0.08752363248409574,0.045494544925156574,0.09571679936177387,0.05275663155189702,0.06570016954745989,0.08819779771024693,0.05114403863890552,0.060118359397164034,0.06282161571866034,0.07551198975133964,0.13986320498318291,0.05186801080518993,0.08258296712518029,0.05270941255840836,0.04806741794896297
2023-01-13,0.05609540330980119,0.062211172011930084,0.052338819747475805,0.08662068576306017,0.047049522271838055,0.09819685496485209,0.05108169915077871,0.06356010646303162,0.08747266343332631,0.050657601172228325,0.06090331719382259,0.06320703710214727,0.07413761300554317,0.13916159849719548,0.05208080276142936,0.08301745184365893,0.05266253618579283,0.047165313415805564
2023-01-17,0.05633312646455752,0.062014632849129385,0.05313088065023259,0.08819703090445992,0.04588895130731104,0.09733051696409106,0.047671697713711776,0.06208913168445029,0.09350893314083368,0.05044226107782089,0.05891836008207254,0.0630660283231793,0.07689626605168658,0.13776857886801688,0.05135660613503914,0.08439461447738089,0.0527542287787806,0.04670508920973124
2023-01-18,0.0545620205814119,0.06120626267104224,0.052270784797170004,0.08436448303155,0.04504227024904049,0.09197185324922034,0.04720003357839371,0.0610449705142787,0.08868748147620777,0.050196474164060464,0.05893096306600838,0.0643895799213591,0.0730549144169599,0.1349942156258266,0.047651337444972894,0.08756519831501336,0.05297326682063466,0.048036117563024144
2023-01-19,0.0559786617810755,0.061842606696429714,0.05200625087186634,0.08360925376449928,0.045638378403339536,0.09641284994014468,0.0486502444166982,0.061692042485898234,0.09582117012247575,0.04834037178432386,0.05799763693625435,0.06591280117766353,0.07378930037428881,0.13573827599068508,0.04881657900254797,0.08829597862005006,0.053934700583151994,0.049226786530553776
2023-01-20,0.05895700596006913,0.06139936385719622,0.05201785093158459,0.08433885897407398,0.04576494876805618,0.09302515652051924,0.04812995606561246,0.06162485904941084,0.09933219202036352,0.0482601721514131,0.05831084808432372,0.0674105065005089,0.07226409676528348,0.13205549555301357,0.04753658929896319,0.08765099024711806,0.05234558762548259,0.04883119789582008
2023-01-23,0.059719018468543265,0.05725966476452762,0.05184574056828264,0.08558420235022669,0.04482541006053753,0.09433498869884575,0.05175360395581737,0.06331968594861982,0.09530058805400254,0.04745706148462894,0.05910964104525221,0.06744424615733974,0.07461943665459082,0.13195267712647685,0.04733133722138807,0.08717719104010664,0.056174699741234416,0.0488594404520112
2023-01-24,0.0593912150326953,0.05723292899440954,0.05228763911092401,0.08083195981513264,0.047879090245552966,0.09532544130602236,0.0520601685339179,0.06300325635543705,0.09320308046876113,0.0477379347216213,0.06075976286578012,0.0692038398274088,0.0767460081533045,0.13068469369177593,0.049250536440773304,0.08681018068427711,0.05779004475362257,0.04851132054886755
2023-01-25,0.059933871175351545,0.05628940117052151,0.053076492446339024,0.08143977631015295,0.048026925076883116,0.09239399305578608,0.050280250307421934,0.061413140540195164,0.0892368078166023,0.04691799295659138,0.05919837308447923,0.07073658790808156,0.07546898954890462,0.12860456705164885,0.049241858434558944,0.08843241667144788,0.058079553446443055,0.050002475981738924
2023-01-26,0.061482907801385066,0.05593145690278125,0.05634704266752916,0.08262221109218203,0.04796202553148766,0.09242957108216328,0.051518162590391395,0.06244366671388277,0.09015904580932556,0.04735890807597577,0.062437329430666655,0.06845954069115799,0.07442208394433826,0.12789316687772317,0.04847598812894699,0.08805545922016471,0.05853268250620178,0.04986583565242838
2023-01-27,0.06104231753323801,0.05483144435246902,0.05729155420777497,0.081165324268123,0.05136452631657313,0.09006800028218112,0.052555267255680035,0.06472005364896492,0.09080262912437657,0.04917344863296499,0.06353389282628964,0.06819350150681158,0.07976019160376518,0.12834527720497244,0.051651577198155815,0.08857998937156056,0.057945709539150486,0.04932591718745782
2023-01-30,0.06199889856501141,0.056502024744847584,0.057039998592832694,0.08013246374945995,0.05241498265829995,0.09241108831619418,0.053389020898346885,0.06619622385331221,0.09005696641630807,0.050466489293009065,0.06542519574435415,0.07195970176446712,0.0822809724882386,0.1274841303730913,0.053167333769647135,0.08584595057087709,0.05813724011492376,0.04938095327608171
2023-01-31,0.06064711281773463,0.05445128883145403,0.05703209831939053,0.08000859643681724,0.051254189508906534,0.09022642201443774,0.05362024476030424,0.06628281252581289,0.0900127865895935,0.05241277991940033,0.06620256515246481,0.07266687470932677,0.08310526470841628,0.13016143669630514,0.05374197297580777,0.08278860234107849,0.057670227967103756,0.05025153611868825
2023-02-01,0.06034888002025792,0.0543785354693672,0.05906478613964032,0.07930447039334618,0.05356089517197399,0.09056443014297068,0.05523115440231118,0.06869617069173432,0.08954575242356466,0.05199230359775764,0.06357044594110077,0.07288383419974963,0.08276275060426458,0.12555335123242073,0.05667982343132652,0.08202189988543339,0.05586928475730606,0.05032941627596366
2023-02-02,0.06167640465320036,0.05359900473510069,0.058447626918693735,0.08031802348398434,0.055737258753714665,0.09078620127546272,0.05518017600529657,0.06342880833518139,0.09150553745354639,0.05418079828242616,0.06362199350585115,0.06994738780514255,0.0807339734689533,0.1272559693618712,0.05854433246013892,0.08654967053243268,0.05553049631343901,0.049884061464054386
2023-02-03,0.06347734114256406,0.05621018866998128,0.057239840491633144,0.08310472772542633,0.05773288046079926,0.09121945666898555,0.054446454096726965,0.0625698921583424,0.09170650143057982,0.05306635973457746,0.06504128179241338,0.0704150134251385,0.07854139960664852,0.12481613252644791,0.0571374301678102,0.08901258671965774,0.05502360526771832,0.05026908611112382
2023-02-06,0.06687641894174849,0.055778527329524596,0.057549757818814974,0.08739501034181874,0.05817910826117673,0.08968508166479952,0.04946339747495729,0.05976072858258568,0.09393938344440987,0.0538306573582751,0.06450693887818618,0.06973215668162061,0.07711411594073328,0.12528464827189786,0.056527449340023454,0.08266792358093539,0.05446975543269238,0.04993976336959144
2023-02-07,0.06668030250590253,0.05709221433647038,0.05894975781719354,0.0867129180797144,0.05801482654980712,0.0881652528422462,0.04980440537629158,0.05994770301721313,0.09344756815630074,0.05359365191509746,0.06337168624985474,0.06944207809032667,0.0770355516931724,0.12812330189667603,0.056343214182920744,0.08248631296007909,0.056302241408288364,0.05017709993146432
2023-02-08,0.06848497011277015,0.058397769732086255,0.058030929535840006,0.08444208798385555,0.05544012652090657,0.08710546088352683,0.05208023677479444,0.06140253053834036,0.09583269750573867,0.05368820631245642,0.06258039241632504,0.06838738958725712,0.08055351592968565,0.13086975313953694,0.05829575352894002,0.08089136450813962,0.056106264514413674,0.05077204857227066
2023-02-09,0.06774127887945913,0.06261968705903238,0.05689913802126795,0.08899852666327425,0.05542019657890441,0.08754879295162983,0.05197531932162811,0.06105568985581427,0.09904227132626545,0.053817758230209324,0.06255399067979205,0.06807348894591554,0.07986248301116305,0.12955235199089293,0.0577823812778435,0.08223997643458364,0.05549212398442246,0.052429709885276794
2023-02-10,0.0685687514951499,0.06166776748213886,0.058705970107554524,0.08886777561294419,0.05598274841987684,0.08573541104855066,0.05167572542288162,0.059813705853900584,0.09679103837393747,0.05448484567485522,0.06157162858925432,0.06490849025469982,0.07747132806807872,0.13284437045967817,0.05919263214479828,0.07958230332408772,0.055262293220739285,0.054280732291169295
2023-02-13,0.07076337476924828,0.06291284349707466,0.057508465198919494,0.08810742294467404,0.054825961727404955,0.0880930295487551,0.051222612817778415,0.05888228656450396,0.09668865863436892,0.05595603410626265,0.06074084589062633,0.0653762738066439,0.07565047493815431,0.1326371981694945,0.05828427052315148,0.07947463169555553,0.05671020333771455,0.05781437718219047
2023-02-14,0.07067270172493925,0.06202372950316356,0.058998261136628205,0.0871559812017836,0.054945971170467234,0.08859415696887281,0.054375055848721675,0.06369809450244163,0.09845439430190028,0.056049357029927284,0.06075752338195578,0.0657705483950371,0.07648816887308461,0.13437251396591707,0.05630091966070724,0.07866241760048294,0.057364032528020394,0.05540247014816485
2023-02-15,0.06746724886543125,0.06151962888767846,0.057861855646307046,0.08481748695697928,0.054595210777418614,0.08248905193961152,0.05434442123358087,0.06413251251577073,0.09898636584637258,0.055033503939909204,0.06066004790723794,0.06526457389495548,0.07633738558424112,0.13470442085843484,0.05497004542258379,0.08065695246118477,0.056637705698542345,0.05510240797874081
2023-02-16,0.06642991462997654,0.059436227062178694,0.052920123193856056,0.08558832845143907,0.05534830768010437,0.08301151357525825,0.05486829623238438,0.06479471843819133,0.09783631268610929,0.05426520391254508,0.059724540692291946,0.06419553528570193,0.07449435587145484,0.13418444887105166,0.05522155869397116,0.08071211302799801,0.05730830084692505,0.053009938618335445
2023-02-17,0.06590543119108551,0.058952483322806525,0.0523122557352551,0.0855998080689064,0.05378325205437223,0.08580665833022805,0.05382162313876939,0.06137902470401662,0.09677191179452387,0.05486591820389192,0.06045637308079199,0.0628390242755099,0.075590509428646,0.1330854696335836,0.054070870060132906,0.07904512930019778,0.057747442960295194,0.05325060328916697
2023-02-21,0.06741495898824783,0.05935242524160134,0.05153081665882829,0.08615132706472543,0.05492266438833706,0.08663725608407778,0.054039567015833366,0.061697020614647054,0.09816563792301593,0.05543777444568454,0.06052711654102594,0.06243559025565414,0.07401541821474836,0.13215836607432035,0.05433912759619389,0.08070566292633082,0.05819376327323774,0.0539823461659398
2023-02-22,0.06755197298017315,0.06031569913176091,0.05148394642444379,0.08605680927832104,0.05595071558271246,0.08559839895538578,0.054233571238300894,0.0624405615963005,0.09976352713310063,0.055390690320225124,0.060996647366132396,0.062025002129208404,0.0719897318821144,0.13264947237361088,0.05460594439861092,0.08321606509139988,0.058151658563721766,0.05490625856003937
2023-02-23,0.06918801658931668,0.05957422313245138,0.05311399831747212,0.0867433812852892,0.05553551383780357,0.08477006638614948,0.05399004632711485,0.06159899681686881,0.10162805640115341,0.05507459102415997,0.06168351866949971,0.06250334855137589,0.07316073342510156,0.13151728487047906,0.0545725164216956,0.08090668477283885,0.05765698224153002,0.05761717739837179
2023-02-24,0.06973431408578445,0.05841301476614614,0.053834955889665415,0.0878957391870605,0.05371560088695804,0.085777646110423,0.05434418987228976,0.061423886063149497,0.10200000877904836,0.053962720238411935,0.06295278787241941,0.06318949290464167,0.07741299284347053,0.1329942416876249,0.05777506272658222,0.07699166227685621,0.05762428292274433,0.05890334171180575
2023-02-27,0.06969581479556329,0.058771877403305986,0.054390311083396495,0.08812118014256082,0.052366091530981096,0.08510560795781315,0.05430639604562161,0.06149384791602356,0.09956271915084065,0.054737815540655224,0.06438511625536573,0.06209225074579487,0.0780948969383167,0.13387296802868434,0.06047073445208995,0.07807111326026614,0.05748672108332398,0.05912193220112599
2023-02-28,0.06919053786469985,0.05796880709376073,0.054363152448710324,0.08649615652350058,0.055550170564945225,0.08182804906952101,0.056005384144350405,0.06150475767525426,0.09863704351757246,0.05475699974638153,0.0647558630099257,0.062460200386388214,0.07925282065049281,0.1350119315391092,0.05807667804492621,0.07336722807775088,0.057626817384778255,0.05988113935301074
2023-03-01,0.06881734230755107,0.057666773320843856,0.05381227207430944,0.08425499175747218,0.054225344433206285,0.08150107547057646,0.0556061567127808,0.06170814820426148,0.09245033682036674,0.05615969775886819,0.06295638906720702,0.0609252450815307,0.07760474227320682,0.13500866351074273,0.05911433210790327,0.0741365886632065,0.057600067124819826,0.05987662439521733
2023-03-02,0.06735528064934848,0.05703434913578716,0.05163939983963241,0.08862955460697097,0.05391337829642071,0.08323740722795327,0.05800190168143865,0.06171640170299982,0.09379200477305381,0.055902921049240224,0.06395732972830538,0.06057628631047897,0.07719667141925209,0.13284010645921188,0.058588742905971096,0.072215763180693,0.057767254448014956,0.06079539616817808
2023-03-03,0.06758460691396938,0.055441428839401966,0.05219450883178307,0.084626407186047,0.05347595471682789,0.08272619771313111,0.05754332966958363,0.06195073103463532,0.09632434133951152,0.055301401279264216,0.06551914033470703,0.06042431049245001,0.08021069814639666,0.13259524579601087,0.060988658710898425,0.07557866871123409,0.057525321013183604,0.060645116975026725
2023-03-06,0.06815575775691467,0.05615693008517488,0.05222519005980833,0.08491711134811084,0.053175241034776596,0.08375147711775877,0.055483068719953205,0.05994690786483351,0.09702435695663705,0.054985088937918744,0.06483279096056804,0.061150511377381415,0.07993299239606332,0.13545568771767838,0.05913928435766579,0.0726128293415915,0.05529100896941992,0.05684111700382023
2023-03-07,0.06603799188881196,0.05622221996350281,0.04931839474888178,0.08519512030343607,0.05289302228235765,0.08386206641483265,0.05562700354158194,0.06007519268116006,0.09766390711334247,0.055666813251960615,0.06488622745037662,0.05904502850756284,0.07800516861232783,0.1341432717666018,0.05879746861641322,0.07539676448925557,0.05505056524622104,0.05255452979765985
2023-03-08,0.06592552930158994,0.05729571968695303,0.050457792669919906,0.08244785383670016,0.05211428075600541,0.08102753646144713,0.056797666118650454,0.06120360330029085,0.0973894733006203,0.054483671913374276,0.06315630096454145,0.060745334088798064,0.07959161514560242,0.13966557656081757,0.06086273306845349,0.08126134368110523,0.05459728544795094,0.05176459402343757
2023-03-09,0.065739237632507,0.05740439558570298,0.048893684056700026,0.08125579929678808,0.05171374496989986,0.081651612016772,0.05697602094761938,0.06209802857000032,0.0981788712505582,0.054668085875217265,0.06335727047894546,0.05908798865720365,0.08069806347271248,0.13929383661630493,0.05748750637223332,0.0783602315775936,0.0544565946925064,0.05087618576858431
2023-03-10,0.06707817410739657,0.06136781362712858,0.046968375792131915,0.08058481917645417,0.05338508916766781,0.08545895070011532,0.05692198844436065,0.062331290534749055,0.09945125764813936,0.05626249716777753,0.06325778415831965,0.06006909970225191,0.08068253851511782,0.1396614820292941,0.05397435733100107,0.07925255564533149,0.05469602505620008,0.05063148137111207
2023-03-13,0.06671975188570393,0.06247220998375386,0.048292963990710994,0.08223825433549387,0.05101592745248635,0.08390810018717586,0.055649900060809304,0.06195431183287688,0.09707553202345012,0.05616996941206696,0.06233972855217371,0.0594499029719219,0.07718404781009786,0.13968305341912254,0.05550111860773372,0.0798860231022248,0.05486619738117823,0.05013162746169688
2023-03-14,0.06654902337466982,0.059684905144025316,0.04517975631894733,0.0859925674711352,0.05389330932479388,0.084549831894394,0.05739903725156545,0.061495098726648316,0.09870432325136005,0.05827291850919672,0.06128009130696041,0.0590807788823831,0.07850397234392166,0.14355233047928287,0.05711682104665281,0.0849403729730037,0.05526235438212003,0.04837196321493221
2023-03-15,0.06771225122901521,0.059759590342618574,0.0445575341842897,0.08530078474455492,0.054343586640799676,0.08180316395511453,0.05634852768510443,0.06320502608557282,0.0988498820895161,0.0569636756025529,0.0624861368293648,0.05966142525100775,0.0790452808433513,0.14697791449387856,0.061181711738578566,0.08721901348901578,0.05517437983107836,0.04900650202578658
2023-03-16,0.06865778023865976,0.057755673148409466,0.045816810534596,0.08397627984974922,0.054576946809427755,0.08166734368694314,0.05431194968369369,0.06360337069539573,0.10098349365790459,0.0571687280147869,0.06288922217065128,0.0569921616346327,0.07917203547279407,0.14689087202705486,0.059543069759961126,0.08922341155314732,0.052316437922961846,0.05227471582015835
2023-03-17,0.06917134939978864,0.05791759038749354,0.044758617986816775,0.08540061683495889,0.05219572692412812,0.08043183327769256,0.05516495569866017,0.06161027847732593,0.10155609238264836,0.055637872472344016,0.06214213512459525,0.05441355617756722,0.0834835444297537,0.1463363058174023,0.05886393666766002,0.08475910216601591,0.052189516306593124,0.05176806254797193
2023-03-20,0.06717349008314374,0.057541621333979845,0.046654342344421645,0.08512098825972578,0.051090203375058874,0.08163015574108162,0.0553199362006504,0.060955989493457104,0.10134695050086276,0.05668977136978974,0.0623972859717656,0.05477240547829066,0.08126799360344113,0.14632058589801367,0.061269832227428635,0.08505401035266387,0.05312789386920939,0.05330828409779154
2023-03-21,0.06810125356460235,0.05238652514731093,0.047033086046274056,0.08575124436060172,0.051758445333246715,0.08171577612114617,0.05508640474950164,0.06028525149609254,0.10061021071204534,0.0555789316489733,0.061216767998598084,0.05439727097081611,0.08169981829276184,0.14666499614455397,0.06124465988355202,0.0866639920990872,0.05400999875704627,0.054861371942614395
2023-03-22,0.06823775916732677,0.05200666259429865,0.04683677053371028,0.08578388331754754,0.05316822627679947,0.08174900152253407,0.05650141660671714,0.05979424964923054,0.10029671599337397,0.05631867668953055,0.060981118802089236,0.054791633892699435,0.08396410365286186,0.1466011568319528,0.06214347354714752,0.0858657424421369,0.05349682680097933,0.054869560346638625
2023-03-23,0.06620182725917537,0.05442664789348531,0.04867601462191919,0.08263868770199807,0.055010760750608255,0.08419829286185321,0.05682273882184564,0.05938809512429811,0.10405777668527792,0.05593649248855918,0.06003377124865758,0.05785227176713625,0.08633064392906864,0.14940325752258177,0.06442593790197983,0.08846871922129272,0.054310676323475936,0.055330122994993326
2023-03-24,0.06730350729652043,0.054722726712296235,0.05170371484775312,0.08456180177121712,0.054217834062008495,0.08631268374578883,0.05738701358643627,0.060877625431804805,0.10506358899456876,0.05633566379603217,0.06126899105248163,0.05741575666507863,0.08615426955867456,0.14842734728021612,0.06665811000722245,0.08749133171435983,0.05498503676529026,0.05424097326736655
2023-03-27,0.06386840887977326,0.05460876230897881,0.04910322481225545,0.0811999743398978,0.05452518897320372,0.0891044024820869,0.05718766536058035,0.060334890340288765,0.10325926066327154,0.055456530184659736,0.06062163136384819,0.05893325485133238,0.08445807174355249,0.14751208956665876,0.06617097481336444,0.0928105153792155,0.05439945357122449,0.05420225614915847
2023-03-28,0.06345649799224874,0.05403728816249909,0.05007826554851241,0.0813967924818106,0.05412288605093834,0.08977482977556439,0.05484183586503039,0.05688608785511473,0.10312296034150409,0.05533961193733141,0.06190400852976526,0.05888827097281662,0.08241684948651362,0.1469915217833449,0.06520886843278276,0.08889503242784642,0.05391554682097171,0.05404058330186861
2023-03-29,0.06348518601634118,0.0551976244734757,0.051481369962578516,0.08009593413463605,0.05469335064402411,0.09128689227271838,0.054784017166947474,0.05632927824558037,0.10322916980962729,0.05537239317828687,0.06228256551411518,0.05939939958569086,0.08304629001884901,0.14505872055590555,0.06577862570744822,0.0857756986284619,0.05392807734946167,0.053175841396555616
2023-03-30,0.06486278029860186,0.05651411695894593,0.053116262932026544,0.08323737222465721,0.05315128355549303,0.0913507843137686,0.053966313031379005,0.05661434810510718,0.10433577419388064,0.05486016589462756,0.06222422025304224,0.059066680366505565,0.08001726394621766,0.14206310492741767,0.06546629593706857,0.09054760636536593,0.053486182941192506,0.053078329064677056
2023-03-31,0.06510244866954583,0.05674542683568468,0.052509695948231856,0.08205907273704396,0.052575971932386285,0.09097962676422486,0.054014172306517616,0.05686421206332781,0.10482765816907179,0.05492710184890891,0.06025750345620693,0.06209690546289461,0.08002550890068998,0.14240185373304318,0.06592840097678745,0.08772230882853842,0.05294463850876284,0.050011636610413295
2023-04-03,0.0644829843061049,0.05465073324879419,0.05413638368086274,0.08012176145086182,0.05587349157300793,0.09349846323698367,0.05480195683272069,0.05752666748829174,0.10410198183947589,0.05413040596629352,0.06009102993604385,0.06234126938070429,0.08376858267012882,0.14985904401162153,0.06734348227924492,0.09197289246865233,0.0544960362546557,0.052538186279067305
2023-04-04,0.0674351300124868,0.05461950755568765,0.05503488264615148,0.0797137116534646,0.05543897638541547,0.09895657162226816,0.05412986998183816,0.05836945823108061,0.1009088024262176,0.05394519931510144,0.06075500044232965,0.06217383600414382,0.08487049845426796,0.14974839414624916,0.06734022869611636,0.09273450728813934,0.05562658134169287,0.05273733384036599
2023-04-05,0.06733253326728453,0.05599826952257837,0.055633526687014226,0.07852751669159164,0.05573496893579603,0.09600547128918271,0.05360515025711297,0.058610777881738726,0.09988740483752231,0.056626534479296234,0.060219078565747985,0.06352833916896701,0.08056902482365026,0.14799158411460597,0.06478345557036191,0.09114619085905389,0.05636146392559357,0.052900861849679105
2023-04-06,0.06787897171028426,0.05683935227374168,0.054142166071210474,0.07870605577207566,0.05619450345408915,0.09530168626919,0.052909661097235286,0.05794632634404068,0.09954142519866625,0.05667856433409139,0.060934033029668676,0.06412285538345358,0.08170222320404091,0.147097520083855,0.06429822421674163,0.08674476409860375,0.05674991666227755,0.051144870981647564
2023-04-10,0.06802063910524891,0.05401845980304071,0.05355025246518941,0.0785288188530093,0.056319339506839816,0.09313723400972697,0.05118727482667685,0.05645831096117837,0.09971195475828938,0.05459103193481394,0.061044520280128974,0.06674133751622639,0.08411062707548175,0.14916614477745063,0.06511760758416803,0.08594774425147292,0.057077874915198216,0.05155214995868931
2023-04-11,0.06529485085790396,0.05217335197065922,0.0557968625233949,0.07773980165858187,0.05569421564342919,0.0931003557070302,0.051162367030043315,0.05664517333021324,0.10208120278448522,0.053356718604327745,0.06097076793753548,0.06615990800215699,0.0835864273877037,0.14922252815126702,0.06284684352938713,0.08633849272473992,0.05382320552215354,0.049176922583160365
2023-04-12,0.06505124189977814,0.050808038545042004,0.0575143444986779,0.07798234459639744,0.05648415120786874,0.09400501091679225,0.052349641126213445,0.05536979148820182,0.10349057969919091,0.05346907796274502,0.062004701554639774,0.06657744608299504,0.0805510106602846,0.1442737580024386,0.061942369716892966,0.08284442231567363,0.05164407360684293,0.04489755510254066
2023-04-13,0.06604788945065697,0.05329244086614421,0.05723729178388895,0.07795126441899754,0.05665479511859731,0.09357578037882208,0.053946158759136394,0.05397091199955025,0.10777110997156428,0.05335782841933114,0.06215053130359754,0.06628496389037533,0.07880217546779489,0.14590023470893138,0.059630280098659255,0.0827326992269243,0.05294481484732787,0.04762601863320585
2023-04-14,0.06677494433198615,0.054131884711334566,0.056604864790779384,0.08065625922362474,0.0566298169051364,0.09505557500497612,0.055980841774486936,0.05662679604018791,0.10705319286717373,0.0532076823832783,0.06065574210309164,0.06580971540789791,0.07892523599709993,0.1475849609448201,0.0608185310589413,0.08629368496460603,0.05244012152465118,0.04613617916168798
2023-04-17,0.06458384810928829,0.05509411772967291,0.06126313355451406,0.07945934364243437,0.0568321143291287,0.09542556694345225,0.0546888058000953,0.05630113671029484,0.10468984092716033,0.05327287354148623,0.06113606126440346,0.06678630230748016,0.0797087847247958,0.14525104869051347,0.06211660182082791,0.08807207770982929,0.05363772056304531,0.05003741643598546
2023-04-18,0.06368058001946428,0.055467122322881084,0.061173965201594245,0.077557961627687,0.05587579970447982,0.09340881642034975,0.059938274134844455,0.05589015343695433,0.10492304852874353,0.05339234760708655,0.061582023902859676,0.06366177197990903,0.07931945080942711,0.14336508998541553,0.06155958275454561,0.09335121791518637,0.053960430949059376,0.0489580485301031
2023-04-19,0.06494591649864416,0.05516646815247418,0.06067218300753273,0.07560308933346715,0.05609389069569994,0.09529475750935788,0.05927819126609642,0.05728911307766369,0.09783590669244827,0.05278716723413465,0.06184027071164304,0.06538670081534924,0.0780554115556414,0.14464332059389248,0.059442961717723,0.09426460766675188,0.05471003365631925,0.04896210081075027
2023-04-20,0.06885142111190927,0.0566133316188141,0.06299176863970023,0.07397313213004948,0.056349936355020246,0.09699431569718397,0.060360723006860593,0.06017438299063895,0.10150896630879722,0.05286496966703706,0.061079753351379024,0.06410052368197035,0.07728710508461954,0.139215362668909,0.060783186828954214,0.09342714744881243,0.05472577511997341,0.049977291334347335
2023-04-21,0.06880986486856928,0.057169705133033745,0.06142506248019795,0.07102372787549137,0.05600512204611757,0.10156886392851945,0.059712238808900205,0.05867462905060389,0.10266308339493463,0.05306639442075792,0.060832494855836486,0.06497076043260493,0.07668443559401729,0.13821620105327548,0.06372206899467434,0.0894445676668348,0.053174706179605485,0.04838599706870948
2023-04-24,0.06812221627237532,0.058870212525658876,0.06543390257104754,0.07248840890022498,0.05492958258395725,0.09958009793434539,0.059723634686002336,0.057461492711303,0.10655548963918472,0.053752354514703164,0.06076566938896086,0.06494240151493318,0.07643081119492079,0.13819249446149004,0.06226445009544682,0.08903378977165029,0.051487312794428794,0.051330783397015294
2023-04-25,0.07002301061865973,0.05779488781041215,0.06717322893923369,0.07053823430438488,0.0580149914140048,0.1019438593823091,0.05937861441893633,0.05739629109302731,0.10892264001807313,0.05013291950707297,0.059566091076706865,0.06567523506471142,0.0744668962680501,0.13819158125701897,0.060332631829324836,0.08893059340632439,0.051259094562857065,0.051344360715439165
2023-04-26,0.07047749569176415,0.05777140707017667,0.06702821561905614,0.06966757985245782,0.056792732494990734,0.10443036370699593,0.059635751969173985,0.05626249472602916,0.11059741564049738,0.05115673486593445,0.0592414970710072,0.06783951443955714,0.07371501073878449,0.1404126980834015,0.05946329858872282,0.08767014423058143,0.05101186556443366,0.05106500667421659
2023-04-27,0.06916678580363386,0.058401015716956245,0.06671180065594996,0.07021241094148785,0.0560939061009265,0.10159311145598904,0.060081628039453584,0.0561637189822152,0.11063484516809807,0.0525387926309816,0.05946282211239309,0.06824558125799374,0.07641487756551138,0.14045287003351156,0.062273063559976576,0.08887407589182089,0.05100408031512426,0.054262495630293096
2023-04-28,0.07000253165793006,0.05853951187713605,0.06800432123590948,0.07208541251562232,0.056207418453788405,0.10008025017441152,0.06272333216939928,0.05671633348079149,0.11174336434251259,0.05341249372996834,0.058618955888993234,0.0673221279502988,0.07620468364182324,0.1388389634572449,0.05901299861561386,0.09274889091473067,0.05225961266509013,0.057884477462876935
2023-05-01,0.07145104839689204,0.05931246890953061,0.07271407634820631,0.07027311523434236,0.053107904039569616,0.09702636339488492,0.06525794792309295,0.05807243012905248,0.11226158242036162,0.05365085216516436,0.05988908767888919,0.06773720236182247,0.08033934656813341,0.1416192503285109,0.06293668220437808,0.09466552878822583,0.05339808536544658,0.05922737684960437
2023-05-02,0.07062877371795948,0.05814620557932016,0.07349630375326123,0.0694457047553219,0.05427203653109512,0.0988437874199086,0.0638154397782288,0.058810330520210626,0.11156758755612121,0.05154340937537053,0.059998944572793395,0.06763529295581105,0.08188164749836854,0.1423556469414206,0.0624428119379183,0.0921675338737303,0.05360879238536161,0.05850146415866982
2023-05-03,0.07093496021298006,0.06124799721966671,0.07356224390108804,0.06865026758340868,0.05395460767384824,0.09746866766540367,0.06546527210660785,0.058533354601372635,0.11280214518209694,0.05129750183675662,0.05964181667441976,0.0648580922773247,0.0799644136122595,0.14269851196703298,0.06316416757066025,0.09207211747840092,0.05442089428102755,0.05812617112522348
2023-05-04,0.07263662592535287,0.06488786876469317,0.07455682874501492,0.07199037451904411,0.05399697355315941,0.09936740958255436,0.06423709937837675,0.059676121560458165,0.11239876246728109,0.05111395348806144,0.06013002065951148,0.06290244832615004,0.07850913941705166,0.142587323209311,0.061893298848736525,0.09213381394661736,0.05653523545377265,0.0591669525876601
2023-05-05,0.07052197062313445,0.06941123012253603,0.07465989944048046,0.0732076572252376,0.05379883466795889,0.09752707958287422,0.06559981374937965,0.06178957274175885,0.1116672953971319,0.049633069351520974,0.05768061979120075,0.06151515798846848,0.07933889214330647,0.14433001102851042,0.06661341162837983,0.09249418382744574,0.058163603426811004,0.060941893944543225
2023-05-08,0.07130355199639264,0.0691117675823087,0.07383215109864029,0.07269559348068547,0.05568375681455079,0.10042641738444293,0.06666986531760226,0.061604243797675526,0.11331977001144893,0.04986271619317592,0.05775554792217549,0.06145856799636651,0.07970305188145649,0.1428390487886698,0.06596954682792142,0.09233937776115224,0.05734947607503036,0.06304859917888854
2023-05-09,0.07042547800411544,0.06757908114198852,0.07681686362370387,0.07303254476722351,0.055501846554802954,0.09799028843476668,0.06570499672008553,0.06157171139519377,0.1125552721531064,0.050483741588318844,0.05855848244415882,0.05994297442345353,0.07979323316887563,0.14297920849682846,0.06527711229179282,0.09156257111096729,0.05709269261829824,0.06256587002436405
2023-05-10,0.06745994518098865,0.06993543914115304,0.07619211601142666,0.07118709422789417,0.0566043596403737,0.10037361255386022,0.06496704675925215,0.06156135947939058,0.11082770809601578,0.050525933642737136,0.0591596206166486,0.0597774905619463,0.07998114935754952,0.1450114494201394,0.0681235376457285,0.09620373414691827,0.05644552475650443,0.06167575574946415
2023-05-11,0.06811814588573281,0.069771218354767,0.07620107084781219,0.06947531056555405,0.05501907526782383,0.09203731375466101,0.06550068309817271,0.06227634724839192,0.11013860199770782,0.050342852934743346,0.059214914957994455,0.060500182192352134,0.07971288619442855,0.14517315146821652,0.06527507122406424,0.09817772046700818,0.05818281298811923,0.06316731140095071
2023-05-12,0.07044336393418549,0.07063029694506531,0.07620016945430919,0.0679398254094172,0.05570402020995262,0.09066446507373398,0.0652082782902472,0.061743756861127534,0.10994636746727024,0.04940573686158861,0.058843483563169374,0.06114056812036233,0.07822198686392401,0.14539642073055906,0.06836495311114715,0.09985691018272246,0.0579428878961246,0.0618927743559991
2023-05-15,0.07009811579721185,0.07050938207521565,0.0751899202029544,0.06756072261292348,0.05465452939689971,0.09367467250255074,0.06574016181039057,0.0629642020346197,0.1106446644301015,0.04884701956481955,0.05895461034857201,0.062212249512889485,0.07832956948332064,0.14463840573845557,0.06783128080545278,0.10139285568310649,0.05748670420189856,0.06113093788573685
2023-05-16,0.06815071528020755,0.07187442230662422,0.07547917872373304,0.06760044815466956,0.054620505286808785,0.09351060505404277,0.06593444361977945,0.05993700110367519,0.11097647136259266,0.04797745717470536,0.058332993669460396,0.0620322053558001,0.0774611118908289,0.14408427509471006,0.07038400788466165,0.10022077644164999,0.060907029914935754,0.06098109652709872
2023-05-17,0.06784615597532771,0.07208208997558793,0.07771961123006332,0.06791340826383255,0.05699398947144137,0.09030162012440923,0.06397400808425387,0.056720843639757386,0.11455535493758837,0.047784973255201306,0.057966936925488564,0.0631682757765538,0.07815960978872784,0.14462903308763655,0.07051168319955609,0.09582407468330656,0.06163565685906514,0.06073927328230727
2023-05-18,0.06863298544779102,0.07135200453499749,0.07844203250596526,0.06875335282677715,0.059783522897847545,0.08962028950071255,0.06413542302320427,0.057386379378797564,0.11495182421508222,0.04793848441328317,0.05862580860423557,0.06331820395380174,0.07880999203760276,0.14295558955794285,0.07253523028026276,0.09513874014147439,0.060518566724587566,0.060000712044633024
2023-05-19,0.06978304042342624,0.0719920606599058,0.07847223320100599,0.07287667631289484,0.06132439024072487,0.0914801371545002,0.0642058562894523,0.05770841342948611,0.11292664791000452,0.04794355540055782,0.058593023601074566,0.06325536539682065,0.07692384628769007,0.1391606120001401,0.07149931690617647,0.09530298597954996,0.05861719832586342,0.05931283691809964
2023-05-22,0.07021367190677594,0.07207734413306138,0.07650976939388249,0.07594565560871289,0.061530903046132214,0.09103275330435133,0.06285570109189373,0.058541706649025346,0.11124795469468213,0.04626862761333136,0.05870809331329496,0.06102849438905981,0.07864306452018875,0.14045908306808802,0.07017719992406432,0.09121829001257722,0.05829281117635029,0.05930757942360708
2023-05-23,0.06869051220221281,0.07049752679061076,0.07160624579393454,0.07380292690640086,0.06135744416045228,0.08950533433329061,0.06139833931301824,0.05708179469988731,0.1076101578832001,0.044374075054416,0.05823656903067517,0.06069413416454237,0.0786671969900752,0.14164983563442873,0.06790168191532174,0.09182479697405377,0.05816506884749873,0.05943602788100771
2023-05-24,0.06869999179307729,0.0709061805063267,0.07490033112221328,0.07441089952332029,0.061010541449147526,0.09070597572525153,0.061760275908792184,0.055883603695874154,0.11027762402789983,0.044025660261498664,0.056512506806610706,0.0605585861564764,0.08374158892157343,0.14413537880385954,0.06827630593471215,0.09465703077370935,0.05826017910086941,0.06397592314873037
2023-05-25,0.0732876989084049,0.07325405993778664,0.07674511822348296,0.07402511705462118,0.06401825018302429,0.09218289710041355,0.061794925359664965,0.05472827047583823,0.11088661882827817,0.044916504975626666,0.05630729934032013,0.06132555022633125,0.08884293483864639,0.14665002413285372,0.06706716579977408,0.0954488100140507,0.05895944666197929,0.06406391592330204
2023-05-26,0.07495909159362725,0.07004382503562827,0.07857364781497997,0.0760717119795626,0.06414426827962491,0.08909624577600107,0.061232570522825484,0.05576635300615933,0.1127546317153126,0.045200725773489187,0.056331508004668185,0.06136920455675959,0.09094751118226176,0.15039154046535105,0.06913634476854306,0.09328514678152736,0.06021978975738497,0.06397862771289967
2023-05-30,0.07784877408805888,0.07094480922710275,0.0809443820214741,0.07665537283017927,0.06422911588912594,0.08985814585976365,0.06154084275036594,0.05713054267764684,0.11062774551575218,0.045302112567983235,0.05627979881093393,0.05969519627299475,0.09400312325533436,0.1499938013836313,0.07000899918096964,0.09465198678156685,0.06407290736190697,0.06414210190686206
2023-05-31,0.0776707903144008,0.06857302044585012,0.08159468411396138,0.0732721371699173,0.061957959960580775,0.08678410012601187,0.05986152509307997,0.0562492837020224,0.10987770995157384,0.04692628654798769,0.05637014758100336,0.06063383288798264,0.09545703906809537,0.15225544413640624,0.07028641625537048,0.09874981895570317,0.06377752722830336,0.062060740764146784
2023-06-01,0.07979316718713692,0.06831935354039266,0.08073452753519339,0.07763612825788939,0.06121830377405154,0.08434249851531986,0.058438627350446366,0.05361444998741134,0.10947030298025523,0.04791028207147238,0.05570285179225887,0.06104885076734088,0.09586025261862927,0.15011510950302398,0.06579326427491902,0.09812089819879856,0.06207122921412243,0.05951654583316068
2023-06-02,0.07811345361818109,0.06710980929954899,0.07933994493595732,0.07985099076007127,0.060183166332971424,0.0854461810123447,0.056977998094442046,0.05466415447266871,0.10558067865903584,0.04815599097708711,0.056453156625691815,0.06127965623603716,0.09684962040063186,0.15063193728905638,0.06743939870794832,0.09714907866411394,0.06095401064794445,0.059154117525597995
2023-06-05,0.07721236147545607,0.06710749929322271,0.07784559620497264,0.08287249525337471,0.06188054667999647,0.08591692281693085,0.05722043243232,0.05461593638889098,0.10639748667245338,0.04859870919501726,0.055772690650998616,0.06151896173540452,0.09627137600285832,0.15172381771089904,0.0693400876839502,0.1004272489177094,0.06117832469344929,0.05740127445071851
2023-06-06,0.07539064876852053,0.06866324097614308,0.07999040972649714,0.0822635910444977,0.06187195918054821,0.08487136654818211,0.05706709788216327,0.052143252086515754,0.10540785542323473,0.048779423811084265,0.05539015718717358,0.061200848232719575,0.09333317169718178,0.15046778544935285,0.06871670365041237,0.10074228325528581,0.060795089635493925,0.055686459067466484
2023-06-07,0.07530782262190304,0.06620729430431321,0.07902682302598053,0.0828238099986033,0.06104768028736137,0.0849108575279048,0.05917225371362126,0.051357997760552776,0.10619300996656415,0.048618527838210426,0.05516020348664404,0.06249248469701514,0.09441535391813494,0.14956735046459743,0.07084146010094314,0.10308666723782924,0.05949161725343949,0.055463363755714555
2023-06-08,0.07482031024976153,0.06623333403496526,0.078839014228578,0.08617180250635766,0.05893599441002359,0.08797529408136293,0.06003474389710358,0.05132961239369022,0.10250669523236984,0.04886148924498189,0.05367365263354702,0.06195624580810266,0.09516717778666747,0.1502696536015284,0.06863276441562555,0.10548517154712014,0.06358747224633603,0.05663979054163929
2023-06-09,0.0739843621816112,0.06683805625294793,0.08016785359997917,0.0844820072246715,0.05828405837169075,0.08761571044360042,0.06036989679107618,0.04998736068630757,0.10326706725425337,0.04883352077323869,0.05355836805041746,0.06195269542622673,0.09416669442599117,0.1484410358200632,0.06960105786842162,0.10633231786385303,0.06337056254776528,0.05972885192782319
2023-06-12,0.07164608930610471,0.06547235177186489,0.07838712784135538,0.07976756691992759,0.05698424156730383,0.08490848481461731,0.060255874495379676,0.05061020727052828,0.10335310204273075,0.047707466065728295,0.052494471399203574,0.06113456396785034,0.09451940296382356,0.1476484737080356,0.07026220977849258,0.10550424681025194,0.06456031382861305,0.05957811386786062
2023-06-13,0.07310449637639999,0.06603753760484174,0.07983365698140336,0.08055791965650892,0.058597184260136506,0.08459014420712749,0.05941437774607639,0.05073051497857221,0.10499304022156263,0.0477907916965445,0.052671647778219935,0.061024980987600036,0.09618763354656835,0.14552587338670497,0.06684757992287846,0.10375020907210145,0.061608151629096886,0.058548585083688355
2023-06-14,0.07007026142021039,0.06597952224186189,0.07957447819326308,0.0793149507986118,0.056991071078348894,0.08332683967000425,0.05993012683445872,0.04953103759619792,0.10528194466786829,0.04738007735851604,0.05276467722654875,0.059740784566370886,0.09447142887876663,0.14516937879197012,0.06771938842164515,0.10142947295303247,0.06008919839121631,0.059376203651215105
2023-06-15,0.06916377984810164,0.06656985176855917,0.07862573114666165,0.07906575681271147,0.056971467143436344,0.0820880137811759,0.05933391484830324,0.05013511730957061,0.10239104648807293,0.04672067797409895,0.05218389337250188,0.06100182560891271,0.09670628455825576,0.14510818161569508,0.06777320713671386,0.10015114490688797,0.05966555624619062,0.05798008820592764
2023-06-16,0.06898175312648898,0.06557331433704039,0.07618854392586524,0.07618039015169205,0.05585552210996371,0.08242476625079713,0.06126256704505238,0.051730789912123654,0.10424185881743397,0.046347619566549966,0.0526539560739941,0.060446012930150984,0.0992418471187862,0.14964078079775897,0.06969795639487343,0.09991461161269308,0.05980568201484857,0.0582889910410799
2023-06-20,0.06904229051248639,0.06547381647529431,0.07934051759201655,0.07820362742219694,0.05901360584811771,0.08108906367655086,0.06242904295003612,0.05363600219799778,0.10697761958671874,0.04483950658051855,0.05421218280085282,0.05823325325909226,0.09922569464586885,0.1463473844103173,0.06792571628478708,0.09571555953128842,0.06214579854769905,0.05646633525426707
2023-06-21,0.0718077943871216,0.06495622491131157,0.08441852696464902,0.07458341099265886,0.05747435869348581,0.07963585820354985,0.062320879825650925,0.05539498303997506,0.10640574225785215,0.0448940261294059,0.05420652942744495,0.05841142155306753,0.09577398288046367,0.14257876335428396,0.06594706218579598,0.09440735770748512,0.059584437434345765,0.05727898391225488
2023-06-22,0.07287935356307822,0.06504115379566254,0.08531550029962857,0.07493506427073238,0.05714673333738705,0.08244820713270429,0.063694576766712,0.056057721129270544,0.10755386084948465,0.045302817054155314,0.054437910919096395,0.05737023188325608,0.0963736335887966,0.14240840981343944,0.06698618316632109,0.09717641872678465,0.059883830470742055,0.05858601534075065
2023-06-23,0.07142802687866508,0.06397475439089917,0.08305253981468252,0.07919469281497021,0.05361676278035857,0.08381179153868135,0.06407398417637998,0.057577988146453686,0.10660581049659197,0.046213912474636284,0.054623782696984015,0.05578234413960276,0.0956232956868291,0.1442903463818337,0.06988745298198283,0.09701882574141739,0.060539327732635415,0.05865671655762952
2023-06-26,0.07406112376875981,0.06360459705109318,0.08431983255177872,0.07912858521393319,0.053545446191886094,0.08489250031521928,0.0645682417429234,0.05713294133183492,0.1056352878909412,0.045688598070773,0.05422330081669902,0.05527381113275976,0.09811220094862061,0.1439981684134754,0.0701414358568803,0.10169992425778036,0.062118187429374534,0.06016967129205917
2023-06-27,0.07453781677280157,0.06377302503597465,0.08682311207868297,0.08122285793257916,0.05456023213851063,0.08748452861957447,0.06667853354148401,0.055418900123785204,0.10329247827250475,0.04474141154632316,0.054330995241565094,0.05628194104127907,0.09756089822393864,0.1434867143907967,0.06766980699358284,0.09966142397794062,0.06229184617072562,0.05899956439617487
2023-06-28,0.07377870647797995,0.06452440278087036,0.08757731604998863,0.08142042944716185,0.05596278530308182,0.08861994522475178,0.06713635843011555,0.054882035579000246,0.10392962156881932,0.04461532666764826,0.0554563496588032,0.057812519149608686,0.09823431368589926,0.1418440188447183,0.06793039994426912,0.0948223486581392,0.059435462240502765,0.060194914311306
2023-06-29,0.07371609167600164,0.06577751378403938,0.08545676713392081,0.07989921931268183,0.05596436954537107,0.08399035416530948,0.0674446264754278,0.05440669430238443,0.10563899782494779,0.044628798859490636,0.054630679084560714,0.05630542324950533,0.09875720881838654,0.14273350044402205,0.06832785374047427,0.09773045310186634,0.0648822318674411,0.06025179957981108
2023-06-30,0.07369530760830369,0.06533433279052801,0.08410682832087239,0.08098852816117895,0.056223298723240486,0.08500611502286669,0.06795160600041417,0.05455930470945169,0.10451448900826521,0.04439133610321923,0.05421952529905252,0.05661911874352627,0.09809198719755206,0.1416482090889248,0.07143275750209209,0.09450695475322735,0.06356902062017392,0.05868958938635499
2023-07-03,0.07168764137946379,0.06562681353170942,0.08782658144031928,0.08392988560456492,0.05584576189539752,0.08502382397795691,0.06825316261786177,0.055474672077320354,0.10165018343153243,0.04425353392758467,0.05378667909375433,0.05576763038769207,0.09785029621829318,0.14545248295375393,0.0715753529158877,0.09429866454762477,0.06303043454852306,0.06288266315591708
2023-07-05,0.06986109628763827,0.06377264373701035,0.08917717997653132,0.08077146719199994,0.05646225362758905,0.08322730104867813,0.06901442297545302,0.0517201077440807,0.10165507089611402,0.04542152170051942,0.05416619902668799,0.05449657740842192,0.09791386533146319,0.14769906807881855,0.07814681826026888,0.09765590112744942,0.06565688093917607,0.06508517612648303
2023-07-06,0.07055670823649265,0.06665146159768878,0.0955214155312279,0.08149451684173802,0.05726448664528792,0.08475124975492551,0.0679908546822397,0.05158622648893821,0.09847078415124787,0.04558850874000704,0.05425884034868199,0.05443540816651699,0.09726469549097982,0.14362371989668815,0.07554214061271065,0.09532181701737819,0.06573126615514767,0.061744225240399374
2023-07-07,0.0730577997762051,0.06779023225512389,0.09619763978016128,0.08015498452092154,0.05923467721077763,0.08395383431872314,0.06833862165917946,0.051797580710278956,0.09880237990239181,0.045540474945868686,0.05437727082012648,0.054422607872598984,0.09914608529367233,0.1483592150571381,0.0747310404834669,0.09318701506872457,0.06710519181449874,0.06211594076813955
2023-07-10,0.0727997699334689,0.06695683856900361,0.10017878911177024,0.07891504247955386,0.05944728811316824,0.08431557991220111,0.06872398840435698,0.050880827215912604,0.10087495293711202,0.0462495258917855,0.05620177473797785,0.053847180754409606,0.0977352402196646,0.15161819907189225,0.08083134575623169,0.09315118607782649,0.0682106221111185,0.061983949214914194
2023-07-11,0.06883652755370612,0.06257804026126913,0.09828443089273715,0.07671152792115996,0.05807192807171179,0.0788825046565491,0.06972628471920303,0.05197031364464368,0.09922185761404766,0.04583797266188396,0.05576760839281553,0.053961973563085124,0.09970292311559303,0.15501112563016534,0.08512166320700869,0.09237843940983737,0.06859382012179016,0.0618007495820941
2023-07-12,0.06728294496056479,0.06285553413658,0.09854441660284782,0.07495860436196612,0.05757196441213464,0.07903116759748648,0.07093692090993738,0.053798209406773434,0.1024355282760268,0.04626616291522879,0.054266738597277785,0.05410200682406537,0.09751111022086885,0.15569338901187516,0.08234927511642824,0.09059966312410651,0.06746756114374185,0.0611557305008956
2023-07-13,0.06772467415494528,0.06286299405154755,0.0984751858676645,0.075167903683589,0.05715951925259759,0.07745161013389906,0.07180925517317137,0.053497234104559144,0.1010370207966759,0.04612467612700194,0.053590248434581565,0.05350129376111412,0.09716499465616175,0.15301804350134365,0.08243329854223569,0.09028308161581075,0.06716426678938926,0.05971596737922225
2023-07-14,0.06531796243004823,0.0632979209835831,0.09514696896962879,0.0755465613473349,0.055416959539203337,0.07601678235426071,0.07043808033031894,0.05224323870910427,0.09965362130490982,0.04189596481160626,0.05434814386342229,0.052869766813841694,0.09613145168601583,0.1495505462648758,0.08193911906114093,0.08862183670173027,0.06993463821985392,0.05821888512323774
2023-07-17,0.06606627420058628,0.06431964436229398,0.0927080018971009,0.07574257758875307,0.0555377502008208,0.07667340494804056,0.07261560910128499,0.05284464388987051,0.09965001209052077,0.0421694197081732,0.052488475613304664,0.052621696049599535,0.09737965489228596,0.15156005374431644,0.08464147406452323,0.08877113072190808,0.07052810862749698,0.05652117524078325
2023-07-18,0.06705693387292831,0.06557074651922025,0.09414323003461036,0.07323443314520511,0.056605941741280315,0.0730725264171919,0.07168715653204057,0.05458665204612819,0.10121722843229604,0.04269126118060727,0.05202703085970338,0.0519098655821291,0.09761379487319374,0.15263068899650314,0.08444045295415238,0.09360109401008164,0.07069296824298663,0.05789264316484322
2023-07-19,0.06557087051163181,0.06437111701213363,0.09392323052567798,0.07273646469039628,0.058068614022623574,0.0715688143446572,0.07442983358588841,0.054836491280766196,0.09946978582931731,0.042837554621088084,0.05311798736784327,0.0514915702554106,0.09926819840332095,0.15098089497824438,0.08130145521584078,0.09399659969946872,0.07173932854441267,0.057898046568874297
2023-07-20,0.06820642109736356,0.06225567352340851,0.08878949585550402,0.07146064953355208,0.057610336683805725,0.071920287877748,0.07436098184616527,0.051291994631546364,0.09986307772621648,0.04257578630361466,0.052944813207610346,0.05142685723337649,0.1002300403085866,0.15051489327403134,0.08083626562192277,0.09532427846100552,0.07359135591735515,0.05799352871738425
2023-07-21,0.06948089780028142,0.06196285713036658,0.08842746940301693,0.06776999121027394,0.056299312616500695,0.07220426441472766,0.07266276057059508,0.05314696396838754,0.09623223074681651,0.04256467581055941,0.05287516220690102,0.051205091099572726,0.1005833447702381,0.1555300844746606,0.0818426097905224,0.09177994368291392,0.0729932593156757,0.058451726415278536
2023-07-24,0.06689577164133803,0.05843855454071067,0.08661857091088751,0.06639919239003593,0.05781727612983708,0.07237889786135533,0.07341023836696518,0.05418692059052708,0.09754033615945001,0.04275059625813219,0.05170991883654434,0.051162993020871184,0.10107091856781196,0.1604217932165836,0.08103909013338471,0.09094867131747994,0.07193938045881858,0.06137445138613809
2023-07-25,0.06702426675568786,0.05751122969248018,0.08722831606446793,0.06713095046274474,0.05842399692755696,0.06834809746481497,0.07220743064546793,0.05385105279549939,0.0980325134671076,0.042502403084489576,0.05153191995707552,0.050818732991064236,0.09789500439889948,0.15724891799470211,0.07724867171071513,0.09386422537202316,0.0721383487926587,0.06331049705969213
2023-07-26,0.06740078970552366,0.05759607030895858,0.08798207240405896,0.06559519115373164,0.05761843890788228,0.06695800777842761,0.0726620258756087,0.05397191384143395,0.09815884210748331,0.04242145260379435,0.05074496158919769,0.05078935635267053,0.09663762442296066,0.15651774088370096,0.076611826584238,0.09262541335585833,0.07387486135915967,0.0605224122180025
2023-07-27,0.07184766164114866,0.056777925138523345,0.09137386536503027,0.06502553866827038,0.05885697374904711,0.06753183502370157,0.07328690369434655,0.05466361288672975,0.09949968181625167,0.04292121415416826,0.05289125872235142,0.05105645545379091,0.09574056325468137,0.1571752550537925,0.07733828725872159,0.09224302374838496,0.07389472702803286,0.05725748947004169
2023-07-28,0.06916080570477058,0.05560987426292221,0.09408735724256496,0.06598321098388991,0.05848864504144945,0.06833252438606367,0.07366616477540015,0.053178182502938987,0.10042458352735505,0.042830037028557616,0.05276475714509277,0.05107397490223496,0.09883118717933907,0.1580883915060238,0.07849745150574834,0.0989220020473416,0.07248536533175864,0.06204895949548117
2023-07-31,0.06962899262580889,0.05520818158199269,0.09531465507018143,0.06573227936824085,0.05751498170983903,0.06768835395953827,0.0731902297603903,0.05220878034763199,0.09860794931414912,0.042357670425260535,0.05411203842418879,0.05087860763271117,0.09887120821057906,0.15704481301283893,0.07849050935592553,0.10581516146940953,0.0728555113363661,0.06469203433390285
2023-08-01,0.069469893076558,0.05327747095926666,0.09485104158950561,0.06418513426719054,0.05809595937711448,0.06850529187385522,0.0753828330761868,0.052981556344236964,0.09945317089372417,0.04188842315520232,0.054482324807971924,0.050651656858001506,0.09993297156414684,0.16013848532290467,0.08110339403535591,0.10577956422282102,0.07563008228245761,0.0643147029507652
2023-08-02,0.06979021475916547,0.052922561366819325,0.09428042058334427,0.06354099325703291,0.05699875832637894,0.06696904205843317,0.07195956543800666,0.05230780487269972,0.0987404383256529,0.04163574059764383,0.05182430341587139,0.05085816959687971,0.1002754604789574,0.1605042754386537,0.08039508269608255,0.10586476873024948,0.08051888571061734,0.06380105993818071
2023-08-03,0.07164825165395733,0.054705179805919865,0.09178633244579995,0.06382878177556582,0.056832151225478675,0.06798510903710375,0.07220203670508873,0.052910748999361185,0.09767322743836794,0.04324203168136716,0.05204612041423614,0.05089215155057513,0.0985331437831197,0.16089087157679166,0.07965333039954356,0.10242786665822251,0.08154847498263006,0.061680089821138616
2023-08-04,0.07110593755690878,0.05660826469992169,0.09156634210148533,0.06322193653362705,0.05669158851830833,0.07021617043424057,0.07349657170492307,0.05262933968524467,0.09846823173811325,0.04297833223100612,0.05284974097223678,0.0513120261795569,0.10205596062738578,0.16210566487717193,0.08211586085529356,0.10097582748673811,0.08206251485039719,0.06298133873116818
2023-08-07,0.06989132080112805,0.059379581300802835,0.09395968567105678,0.060352233274500955,0.05665915054382054,0.06847552216615066,0.07151780523495685,0.05198931709874701,0.0986833260335685,0.04332195682212786,0.053373600299778126,0.0514158373274244,0.10144749379429217,0.1616438936618799,0.08064930276123349,0.10473127106290483,0.08416628863944692,0.06148234162908998
2023-08-08,0.06836474283149371,0.05957701076066753,0.09436035819217391,0.05987361510779001,0.05617542956776193,0.0691706366583548,0.07518311567769316,0.05190097021548635,0.10276910903619148,0.04334054770910192,0.05342541667781531,0.04731928702007779,0.10356390990237914,0.16444473439009777,0.08037524865293416,0.10683118793649284,0.081786584417913,0.06326285792650536
2023-08-09,0.07118737054396068,0.05932740209824732,0.09547415192680847,0.06042719905979037,0.05518134789951421,0.06617385817629612,0.07932002909752982,0.05432467407976501,0.10258535735020707,0.043222735838289124,0.05425081093185317,0.04787919502246123,0.10657800950238952,0.16540891743978797,0.08451008413546142,0.10992318046393798,0.08429976435041776,0.06386884623659002
2023-08-10,0.07079333863271443,0.0589646964657939,0.09657201456808186,0.06068475011257975,0.05503185548669112,0.06733574563540762,0.08042495859017285,0.05463183251242207,0.10227139166468134,0.043582232552653276,0.05617510537549712,0.04809835640919061,0.10850145510945852,0.16424400149672785,0.08425226976469095,0.1099292563038671,0.08309945497456978,0.06405687488516344
2023-08-11,0.06859484457391421,0.0558867216539088,0.09714423439735516,0.060588447854360336,0.054243476095573145,0.06903799795135442,0.07945874436965214,0.05711497970102459,0.10110544845496112,0.04357920656054335,0.05449702482034193,0.04880517084484708,0.10624094608993248,0.16368371166613171,0.08496825831894853,0.11057636761327877,0.08191786736186146,0.06401053879344472
2023-08-14,0.07036666627213445,0.05650297301512822,0.0959226745895625,0.05853710924452366,0.0520567781313061,0.07099954456171266,0.08009177797318491,0.05626081291929551,0.10070836861959843,0.043613701702483146,0.054236486650856744,0.048939098777309814,0.10408246155081713,0.16129560177555774,0.08258654981224854,0.10775189759552596,0.08056898130978943,0.06303264416145528
2023-08-15,0.07264315908026232,0.05817784993498592,0.0955302060947473,0.05880363362288656,0.05240390196152871,0.06932599695127556,0.08151339358427283,0.05735246479660047,0.09828559622886537,0.04220928136226151,0.05287627458438798,0.048165732908576335,0.10519150230838349,0.1611843023472611,0.08526711004662302,0.10728953612032856,0.08122015336413993,0.06328645476885532
2023-08-16,0.07283599447476852,0.05874911984592545,0.09970562608575831,0.059110652867340595,0.05214231285991088,0.07292052409456737,0.08043179041823979,0.054825466515360625,0.09654564130156994,0.0427251913993693,0.05314790390476652,0.050829775541157224,0.10768177578585124,0.16112453798458018,0.08301469118631435,0.11019376601356654,0.08235904059887512,0.06392734226788718
2023-08-17,0.07456297223937998,0.06157413396876289,0.10119367243933994,0.059971742948727924,0.0531312384693986,0.07879707353128641,0.07870382379542216,0.055328844976580215,0.0942690999515082,0.04074018118645515,0.051856521182846255,0.05020911485050009,0.11134936497248803,0.16237069737263188,0.08419096339627831,0.1080141762846081,0.07902024763069407,0.06499155655095372
2023-08-18,0.0738032796994212,0.06132123325915477,0.10451906695246486,0.06155350273761093,0.05635352451541748,0.0814140265697796,0.07796753804990572,0.05635979444733106,0.09615199887347832,0.0405431174709576,0.05130156010429044,0.04930736254538666,0.11501721920939449,0.1614095206614306,0.08260546607422423,0.10838920382654502,0.07934479642194747,0.06633854447272827
2023-08-21,0.0714475457909674,0.05862675379830835,0.10531282270522933,0.05969501864463844,0.05647059020924674,0.08177059806596311,0.0790425765044218,0.055670290515973636,0.09434448877441959,0.04051560841549379,0.05287431580608857,0.04976414809213679,0.10931672947411358,0.15904098598904784,0.08241088965784163,0.10518071400526591,0.079973372661748,0.06542798736788184
2023-08-22,0.07642964852743836,0.0601070121481393,0.10511754297669866,0.05707644754699134,0.05616380022912728,0.07944451279694338,0.08289081120207566,0.05749480854928686,0.09334668824560644,0.040130154972916846,0.051855040757036994,0.04962114382880458,0.1059811775601569,0.15776444891063396,0.08284467253203592,0.10788287781073692,0.08089901336423823,0.06589003466182164
2023-08-23,0.07735699810886218,0.05997589320455087,0.1017728378988699,0.05632669095183775,0.055702758890179664,0.077968130146131,0.08218961670918057,0.05861539780714851,0.0926414139416739,0.040574733665999,0.05022272557001504,0.04997340936898851,0.10909052895233944,0.15741945486014755,0.08489982122472048,0.11149596215870719,0.08234236997241517,0.0652312494223495
2023-08-24,0.07652606172457092,0.06044225966700791,0.10271846879476725,0.05635653263512843,0.05465076065009216,0.07820349017168698,0.08385550863112023,0.061781413646161895,0.09333407131017524,0.04045994929036877,0.04849695341470698,0.05055439399974783,0.10400418656097714,0.15492121653780813,0.08155721758320802,0.11129732682940213,0.07822280468590674,0.06798155489617937
2023-08-25,0.07593944502646184,0.061136613268438895,0.10536132780044766,0.055353174270534836,0.05521370905335283,0.0830202191677865,0.08543956256824271,0.06375714564602175,0.0932997942407848,0.04089868981138262,0.04820527033926101,0.0507399034872937,0.10690575100218934,0.15729721025326032,0.08213317513973915,0.11161275774880733,0.08313748358947314,0.06881537271083861
2023-08-28,0.07459822250663246,0.06176844031116234,0.0997273024841132,0.05506816521305538,0.055096240670429404,0.0824528475549868,0.08430411650976627,0.06191581541039636,0.09238761634326911,0.041312842334982315,0.04943800237024968,0.051262468281152246,0.10721928165327696,0.16094647218636354,0.08594671244995815,0.11248096584755872,0.08483865411171636,0.06915265927554462
2023-08-29,0.0743091015086226,0.06072634106523619,0.09989701490685783,0.05531893186688532,0.05566733844259406,0.08209658295554624,0.08483580553088797,0.06140678708996903,0.08797047285490578,0.041065221475853786,0.05001941374363985,0.05136728728243627,0.1026957166825111,0.15830183366880965,0.08394397831536246,0.1124002660499659,0.08526926808665353,0.07035847509627434
2023-08-30,0.07476104525102804,0.06194549213503277,0.10007086254187939,0.056923706571354905,0.05881941998111106,0.08475297506821854,0.0861842252934879,0.06114318404809539,0.0864188268325784,0.0409598111999437,0.05061945297144198,0.051689339536501164,0.10733055368325475,0.16285966505681493,0.08804173474164757,0.11108287952350542,0.08573542800793675,0.07177018452836087
2023-08-31,0.07248939305702835,0.0615148589949381,0.09981158492707819,0.05603686461129185,0.05921484912707476,0.08446403647632701,0.08356652659578932,0.05941716059471924,0.08551070398458607,0.04004568524541514,0.04924305728976291,0.05073758123623612,0.1073493255607428,0.16157958490895097,0.08810599654211386,0.11066548169007048,0.08644877333870431,0.07256324832439467
2023-09-01,0.07195459994474486,0.05994496471003338,0.09876302417391156,0.055922573724434474,0.05891681643083355,0.08320686475851692,0.0811991050370719,0.05778771351179323,0.08551556475691686,0.040115430138079826,0.04882312243579861,0.049346312118391654,0.10620594239245212,0.16237645000305462,0.08900227167612508,0.10800796159486734,0.08867891523055166,0.07006489134596965
2023-09-05,0.07254924142472342,0.05847500369886084,0.09555369420476771,0.05481514051619045,0.058113415055368274,0.08585779778474668,0.08335785503030468,0.05853647052742026,0.0843612275296266,0.041195181132925016,0.04849362159338233,0.049505899026960745,0.10528894943673651,0.16257012807984839,0.08824954980357702,0.10838053438862437,0.09576553939503933,0.07066809691962216
2023-09-06,0.0701758432546961,0.057343854278345825,0.09824546420179334,0.05463150238460159,0.05923597685274068,0.08430832243507408,0.08331007469492946,0.05811252985344504,0.08500336423779996,0.039432956475568375,0.045885635952105736,0.04716786161372663,0.10947126096130225,0.1608189298476819,0.09067257108361056,0.1112675735000397,0.09549902939595514,0.07082670991870486
2023-09-07,0.06962735997908413,0.06039681860634217,0.09683473970145784,0.05562358122973165,0.060208736508568124,0.08469096111464075,0.0826937107321137,0.05877832285522363,0.08380472846644034,0.039828994453932044,0.045711531387448726,0.04723101574600291,0.10783278579779261,0.16059844065205967,0.0875080457483884,0.10803600537341101,0.09481726573415779,0.07061842884107106
2023-09-08,0.06982346319248195,0.062205138249357,0.09798019930835061,0.05307857608891716,0.05997976569548845,0.08611618779754213,0.08147521369561174,0.058576185698440274,0.08651106664007752,0.04083353293874209,0.04561990335711823,0.04708611367100392,0.1063177703325966,0.15902856434705206,0.0887233414041474,0.10466439986061031,0.09452552491331534,0.06926129814322335
2023-09-11,0.06910992941016746,0.062014350200976794,0.0945897232621919,0.05099915382512801,0.05722921967683876,0.08612020696648094,0.08035929615454038,0.05762995681305373,0.08301310025430861,0.04104489081684708,0.04818954305707165,0.04829346137332084,0.10318319159737413,0.15466942053805285,0.08552641697681329,0.10409095433688612,0.09165245894787664,0.0697276031310945
2023-09-12,0.07181905743469556,0.061999892645590145,0.09144075241934133,0.05100533759881385,0.05729832332645697,0.08741956523585838,0.0808667693440489,0.057637221226322796,0.07909582037573257,0.04234440149891824,0.049433859867765696,0.048590040270082624,0.1003822508308152,0.15446200252932757,0.08760496812841184,0.10613857312709145,0.0901876391795374,0.07008067311518935
2023-09-13,0.0721756742964361,0.06257298848225674,0.09441462349217622,0.05153472596407951,0.057124822754369885,0.08799265039351746,0.07878737612071096,0.05527696561753165,0.07781024631851956,0.04371924993917159,0.04996126772817339,0.048060665130818296,0.0988677847151042,0.15297931370396634,0.08813321307068461,0.10874009600652275,0.09018904874723539,0.06720788127208117
2023-09-14,0.07122591784782979,0.0630696819321346,0.0954341315563581,0.050467681006590756,0.05635711760079319,0.08808367379026125,0.07953793706163932,0.05460555980370407,0.07815657377435134,0.044045615971468326,0.049775337067692306,0.049164641327577314,0.09809945165780395,0.15393537820417144,0.08706439485927558,0.10890823257141384,0.09007889796976619,0.06704147889726275
2023-09-15,0.07115008405999342,0.06316772727358291,0.09405190753670675,0.055015495814177084,0.05536123529123589,0.08695945161705483,0.07822343622045982,0.05550170771008161,0.07621574510231073,0.04457597450753474,0.05242382081185756,0.046609619629596546,0.09880065144477379,0.15416662204352938,0.08805127044711628,0.11123815915958189,0.09053966920165976,0.06797818235811859
2023-09-18,0.07332016496124884,0.06314849373360203,0.09467207869767715,0.057807119451199,0.05522819035593843,0.08931363353414844,0.07861109637837328,0.05528378243725343,0.07696164094555592,0.04538330899106964,0.052959272127193535,0.04973645456790783,0.1026396700388667,0.15791122957561318,0.09096554364981217,0.11450597229793963,0.09106343135838223,0.07008663794408543
2023-09-19,0.07128862029876751,0.06231267154555851,0.09074067840306642,0.0573638273290378,0.05616087911497551,0.09047650193830874,0.07996317776795384,0.057349188056256786,0.07654858983380407,0.04516392907239766,0.05454971668742979,0.04803042328417919,0.10163117453602817,0.16167118829648588,0.088041328766475,0.11203644081411321,0.09037887660801848,0.06862986839077742
2023-09-20,0.07309245595197668,0.06146723214183065,0.08714640473742874,0.057712908988597274,0.055958777526770184,0.08767631862691551,0.07995687589399346,0.057113852496417844,0.07740123541187921,0.044912389707446,0.053917940715098485,0.047604222634777545,0.10348741909322738,0.1594284471155673,0.08636196745606156,0.11304871963028808,0.09124647340409706,0.06843431197607049
2023-09-21,0.07477491353144206,0.06150451988852594,0.08753296830135578,0.0586070003419725,0.05700123749126335,0.08782271964077305,0.07947276426554703,0.05761217246159863,0.07614405386569362,0.0457600369055879,0.05447299943484862,0.045800082940393186,0.1043250641412415,0.1539246727074053,0.08625156840693024,0.11280907063096773,0.090608731640444,0.06681621473329327
2023-09-22,0.07532323148367753,0.06560850034413593,0.08845130678704041,0.055166137875600506,0.05628918925507275,0.08992005725846919,0.08118614815113968,0.056807199746752385,0.07744987998483033,0.04617028600815513,0.05514849961173199,0.04573298763087256,0.10429407546722946,0.15177255202487078,0.08564903745135397,0.1128570926574393,0.09077393545118988,0.06640419826450722
2023-09-25,0.07624313436659307,0.06233947553478824,0.08522066615046935,0.05437125309612391,0.056252150684203264,0.08887909396368925,0.08132855395272016,0.05636772291402817,0.07695978229599168,0.04627313640001944,0.05375598235292829,0.04445000938968225,0.10175962807272174,0.15115806244503519,0.08528554960938946,0.11502558510874647,0.09485261231036202,0.06718214846670137
2023-09-26,0.07558039414282038,0.058950645429240944,0.0887480502507595,0.05378627510788805,0.05459968536879886,0.08618012985961598,0.08050366683815391,0.05607268910753189,0.07678537004359624,0.045698007203352084,0.054109059633917,0.044094530404777094,0.10632717389114213,0.1529543747996906,0.08827367413358685,0.11868659182367965,0.09335057481761008,0.06540900207789437
2023-09-27,0.07534169287351615,0.05923034865435599,0.09026884278273567,0.05541326227385204,0.05438022097794472,0.08240388822204062,0.08112297680349521,0.054951679112951915,0.07804267560242907,0.04495702038826831,0.05408324195513786,0.04401837828674368,0.10661444015626209,0.15526910477918335,0.08922564012028271,0.12167675118832601,0.08965955940190336,0.06413554004500217
2023-09-28,0.07262436556503672,0.05762382833642621,0.09272731827064545,0.05496639006808349,0.0535473743276142,0.08417344214195269,0.08309233529282908,0.05553920131836211,0.07766047984321034,0.045414088248954515,0.05489809402506491,0.04226708302939932,0.1039169392877964,0.15611830036938923,0.08820689527768558,0.1256662424500016,0.08914022222633647,0.06663750834978548
2023-09-29,0.07103853918171225,0.057754543356466057,0.09178949444475225,0.05573698560921297,0.05216493494714926,0.08363643347664079,0.08230942183296665,0.05489158377985098,0.07842161168271952,0.04578222011721459,0.054871657269955625,0.042510624208656596,0.10579241222649464,0.15547577331539217,0.09053699754293744,0.12082085267717922,0.08584949902150689,0.06744476462983874
2023-10-02,0.07354066143879097,0.05832696492647983,0.09218434526163034,0.05313490339073226,0.051296146585506026,0.08217797526513565,0.08106296365834152,0.053943536202743024,0.08079383720390365,0.04654492962678383,0.05410605983719431,0.04256753215299414,0.10433964831769177,0.1534786965699319,0.0866725098274722,0.11682735884434235,0.0847180851441664,0.06656976378927244
2023-10-03,0.07291070307264041,0.05612546725141411,0.09086628994651194,0.05266879467202041,0.05166670813795423,0.07867406933694283,0.08188217642116645,0.05529944474373525,0.08044229290310723,0.04749479869669228,0.05381770075375186,0.04289200100730198,0.10482129462960219,0.1495451670882814,0.08159409359797269,0.11746180589479958,0.08665412838868317,0.06384374375820223
2023-10-04,0.0752276186824524,0.05574646637197859,0.08741916284382835,0.05057269630168175,0.04991711130527095,0.07739656684660538,0.0847225417569677,0.05569570290496304,0.07866600487250555,0.04876404520036906,0.053729652531823706,0.042966332706851025,0.10661529473233505,0.14940433573350434,0.08299811803217925,0.11943147535206462,0.09146073184442105,0.06162840607834662
2023-10-05,0.07598877816097974,0.0553068457567633,0.08652222078119033,0.0503547922971141,0.05103046553292004,0.08194102263956964,0.08578188006436518,0.05690573843526675,0.07741731293937594,0.048662069747494124,0.052465869698360965,0.042782955238360836,0.10369663876872126,0.15001616523857345,0.0794028826988569,0.11922894958236388,0.09218682971070005,0.06380678849839132
2023-10-06,0.07518090889670792,0.05535747287561253,0.08801592847270077,0.04830372806992646,0.0509232300778806,0.07981892819774936,0.0856755066401586,0.057586482193372326,0.07715052428077548,0.04520389662549588,0.05137624247552351,0.04177045353982824,0.10209071899350472,0.14812587916360534,0.07854293010261769,0.11779212996683933,0.09133569662519328,0.0603414118059204
2023-10-09,0.07699985065906796,0.05536152322034899,0.0890289674231565,0.0499683230642394,0.05200158158992252,0.07859645022699059,0.0847799119897539,0.05919654868919057,0.07994389514930934,0.04388107244128802,0.04936438618852054,0.040142198822584935,0.1063051491742415,0.150073203227583,0.08145440253656172,0.11636856975331261,0.0947243395357345,0.059116186201822414
2023-10-10,0.07674086055872777,0.05616024487153003,0.08519520756761999,0.049612689593209955,0.052055231854076955,0.07826140540940063,0.08417706247387807,0.05830637728972975,0.0790682380170882,0.042902107456574724,0.05027040846728479,0.04067750492402679,0.10624392303965789,0.15036728908092123,0.0835691805579465,0.11262888522108917,0.09221230152270447,0.05873231098446749
2023-10-11,0.07610249803519258,0.05475232916871369,0.08636326219768074,0.05091810615107899,0.05123392964875014,0.07630642235841002,0.08503113913101476,0.05719846277564528,0.07862455707157173,0.04334433445005755,0.0506921027067459,0.04219874131171744,0.10646687111753571,0.15138153294668974,0.0842922952282859,0.11332746322930244,0.09256350582301967,0.05759468429927671
2023-10-12,0.07394895946471722,0.05509015762751526,0.08648051307410828,0.050528871447069565,0.05237536262418277,0.07498298366366449,0.08576025415174701,0.056739693469573485,0.07758347994226303,0.042926230889404775,0.051087801020628466,0.04187732982497739,0.10378796555540264,0.1540277377909043,0.08694114477934987,0.11702803411153577,0.09256181650080608,0.058280535069537426
2023-10-13,0.07386225827220667,0.05450196167202925,0.0841779982552653,0.05445625409238625,0.053224414744447675,0.07372006333735853,0.08831312951327591,0.05533650953788133,0.07851808547601738,0.04256800258898966,0.0520551861446954,0.0424112885871718,0.11038847100844652,0.15742381189183233,0.09008289989940062,0.12429615845720979,0.0978833439043522,0.056433215150164064
2023-10-16,0.0754241807829571,0.05580943561271929,0.08409470388914916,0.054957772403779186,0.054142624485191415,0.0761207587862533,0.08596813499454135,0.054313489724261726,0.07694125701552303,0.04150325500129881,0.05234728975621672,0.04261556934341002,0.11153360396300269,0.1547786566328899,0.08950822926421627,0.12947223883901715,0.0974379183674394,0.06138053180223948
2023-10-17,0.0751901296368196,0.05599343424175769,0.08361634041844127,0.05680234615294682,0.055442302003452855,0.07512266669114728,0.08769403967846873,0.057030418474491876,0.07744995278985108,0.040861589671311614,0.05220515373290228,0.04233594555604189,0.1131756877700073,0.15677089319511456,0.09035978003630941,0.12855052293719627,0.09764876719091779,0.06308923815282648
2023-10-18,0.07456838929279656,0.05721596782069252,0.08014886426004086,0.05663055637534655,0.05596604785209475,0.07358847897466042,0.0845000445256022,0.053964725151294336,0.07443532040389557,0.040353065101721736,0.051563138924990155,0.04195240328912396,0.10978951465882743,0.15573122701756756,0.0882478302672974,0.1281327013968229,0.09571464745845742,0.0613854656689032
2023-10-19,0.07575173954839035,0.0593513975292391,0.07890577636939873,0.05619244564042838,0.05530643198859969,0.07072499224927992,0.08656997004132672,0.051574866505647285,0.07520886719345089,0.040215166114367686,0.05158736022486987,0.04235015833408692,0.11036727303119707,0.15880499011019625,0.08884346748008264,0.12710841796763978,0.09648162946352691,0.06360943342282076
2023-10-20,0.07676730520649643,0.06216447394344352,0.08140432861629236,0.057671761216711075,0.05797964687159999,0.07248831822637135,0.08934562368507139,0.05293707302772521,0.07811971603293354,0.03980497041330777,0.05079793372347043,0.041636023328307535,0.1140143285582995,0.16120982424254843,0.0933493478998094,0.12957013778622384,0.09797297883494623,0.06481318577700688
2023-10-23,0.07701606330470091,0.06412579963643075,0.08290776471727507,0.0568859485912532,0.05743955526886948,0.07743242382417588,0.08912872551930744,0.0531509311238818,0.0793148643938412,0.04063896455384797,0.05216754625914346,0.042715013029313985,0.11361957047198447,0.15764273929287997,0.09287792540197602,0.12597538856857043,0.09780177189917894,0.06676732007565077
2023-10-24,0.07737189858021815,0.06527150027816273,0.08253587649773701,0.05756405753065197,0.05702860783914111,0.07762467966536743,0.08573476933801351,0.05398126566213887,0.0780118686464066,0.041349769828787034,0.05359954421527703,0.04223208750162858,0.11111823212742818,0.15679634705998993,0.09252304868198535,0.11913504633996962,0.09855829951934919,0.06517526976836185
2023-10-25,0.07649453843304094,0.06417085869943571,0.08177798848372643,0.05710170900171091,0.056714616481170196,0.07610299685383917,0.08599321592454603,0.05484062155280374,0.07797554490705372,0.04341434221996068,0.0530550706679727,0.04383614152938318,0.11192083193420771,0.1567899772331452,0.09186557522119176,0.11892857398981141,0.09787265529853248,0.06584953762574883
2023-10-26,0.07598294784966808,0.06957198415895213,0.08190394307737851,0.06032356256514346,0.05691702841150085,0.0815359193705131,0.08466577185280982,0.053675311020954616,0.07658896757920952,0.04356933524111929,0.05329850439418185,0.043330018076625745,0.11496273915438839,0.15803866823715612,0.09175860338590584,0.11715090943435896,0.09761626912886882,0.06463918469415726
2023-10-27,0.07576417833959659,0.0704416009589227,0.08266809694130575,0.06122675634401948,0.059223227606339746,0.08297753743501791,0.08458858647224103,0.0498962027112545,0.07633750091338196,0.043194225383241296,0.054307607635299356,0.04099413424929364,0.11450137249083552,0.16150343806918468,0.09184920227193481,0.11622039716226798,0.09900193115646007,0.06547167900113511
2023-10-30,0.07449797115334558,0.06999167838249637,0.08033273735789886,0.06129149478485389,0.06178745343585271,0.08247549599672004,0.08449767402217,0.04939358799629083,0.07699362151701511,0.04361684291818782,0.056638442458192065,0.04558581187349596,0.1141232406932442,0.16308292436219288,0.09070193769484754,0.11997364670337732,0.09900830353316592,0.06725593770482062
2023-10-31,0.0769947801979326,0.07042124840595952,0.07626462139906244,0.05850680260806128,0.06428965085008206,0.07885694004122087,0.0866410196936553,0.04865571736064431,0.07642410941726889,0.04357046626398066,0.05608971635866378,0.045579360229848556,0.11217714334118534,0.16285116486289053,0.09008848128018855,0.1222607119151889,0.09870100823208229,0.06709639637990848
2023-11-01,0.0758655214130995,0.07074212462806664,0.07457376993352591,0.05863533816727764,0.06700677719513964,0.08042588556957783,0.08480252439387276,0.045289276258832875,0.07546318702215889,0.04303372936707658,0.058245691433451215,0.04590248719993951,0.1119887136837242,0.1625566013255538,0.09080497725133103,0.12071065471245106,0.09858354167778018,0.06695397416571962
2023-11-02,0.07684417913722573,0.07069926576233188,0.07529329391561522,0.05986432558269,0.06673362125952174,0.08198038578943381,0.08384227586504875,0.04536829469076832,0.07398600053305375,0.042824156921145856,0.05829785943944856,0.04376628720044767,0.1135301689221189,0.16172048489639743,0.09353883843663739,0.11923679420246787,0.0968839411134746,0.06920009403928541
2023-11-03,0.07692549421542963,0.07088071656306409,0.07472449373025107,0.05990310930616093,0.07076151796360645,0.08186527958965885,0.08821712854800191,0.04671987164749706,0.07628851209834679,0.04261329176124619,0.059165754831159045,0.044410803202184004,0.11680609372210929,0.1677913073054459,0.100131204251023,0.12231845587711203,0.09524775276486896,0.06984022456484533
2023-11-06,0.07596973059342738,0.07065812459285012,0.07198107213000202,0.06264175086868246,0.0698304523643509,0.08300102475513495,0.08884799140407472,0.047237908284601886,0.07195144891140498,0.04152385594941094,0.05939241379677701,0.041100691762246865,0.1163813348242608,0.16329930980541604,0.09627584417468596,0.11687320964737023,0.09043819315748126,0.06757260180560408
2023-11-07,0.0742221755006491,0.06998407264376062,0.06681506664057668,0.06392064680753497,0.07243051509985281,0.08607180957568385,0.08796969532545178,0.048246161613846865,0.07028346637458212,0.040798179178872615,0.05995043641531769,0.04183290752601179,0.1174915580483085,0.164782415652121,0.09889227073822786,0.11603201238577274,0.09097523070842267,0.06647215548002319
2023-11-08,0.07373520745346741,0.06971183245110749,0.06696841076537074,0.06650048409653525,0.07169674546431287,0.08700005033610295,0.08847198790578018,0.0481583589251821,0.07063095562886904,0.042459645582456434,0.06146700933618798,0.043017380454233,0.11560350417885117,0.1646786614189229,0.09975993007184286,0.11399954523791446,0.090189204619059,0.06491311256503818
2023-11-09,0.07348767317459691,0.06970524896445077,0.06809812148040718,0.06947871757267628,0.07189140091362405,0.09040981923134005,0.08709839161654474,0.04752991702798956,0.0704510424759864,0.042460967241613475,0.06116951889353729,0.0442881684323494,0.11486310119904129,0.16427937046758528,0.09476461155112707,0.11182122265345462,0.09098543351155888,0.06459517711203279
2023-11-10,0.07476895664067651,0.0702334382535807,0.06915267547351181,0.0713132521075257,0.07596392195488325,0.09016279430916663,0.08778410115733841,0.0484619427828645,0.07013637110736257,0.042136379356122335,0.060559115499017206,0.04379269585986611,0.11385113846738897,0.17067121484394052,0.09384364018094292,0.11303292235636586,0.09352983863321754,0.06386699738573835
2023-11-13,0.07446569962775673,0.06779225112869458,0.06948794345330425,0.07275064915445265,0.07587975081111493,0.08889221878556944,0.08686801915943025,0.05164475760046857,0.0693092607041291,0.04237305960667237,0.062082246586732885,0.044037409400893075,0.11524961569787555,0.17389987254951866,0.09559453627785255,0.11270714396022262,0.08955348205054366,0.06637039459277229
2023-11-14,0.07365209782871923,0.06781760270785614,0.07115999831817497,0.07081868762162506,0.07617743065655258,0.0878537835643537,0.08668050761668027,0.05126230510437655,0.06948911052694975,0.04286904625657989,0.06202377576934057,0.04305760302903727,0.11544969279092002,0.1717310913325059,0.0955027759788054,0.1117545545178169,0.08912037708744609,0.06678110735046341
2023-11-15,0.07526996801818658,0.0685022174106569,0.0731949250887846,0.06963789708891735,0.07757546083178629,0.0856109554479033,0.08815329740562643,0.053166533430979795,0.07120378975042281,0.04380551887083603,0.06308890722940802,0.042228504134363416,0.11667353744329963,0.17445341398394182,0.09516614615224432,0.11342218294974137,0.08896112048465558,0.07160829671076017
2023-11-16,0.07553709226678583,0.07070178581933548,0.07076434787623564,0.06896022077938917,0.07656950672506473,0.0855907716884265,0.08732575079587379,0.05318523504347251,0.07020399750109026,0.0441519671490958,0.06260590348245987,0.042046312830886924,0.11866993990180479,0.17620462991130734,0.0948002067879178,0.11590412981788138,0.08449339583463991,0.07475128949435346
2023-11-17,0.07576891058379913,0.07218252732599645,0.07094065273592486,0.06742052365634976,0.07788065425031312,0.08739826255682816,0.08690456054396832,0.053237773733109145,0.06990451317340368,0.0462109958353866,0.06241230341450911,0.042064414701448755,0.1174370820925785,0.18049683878203626,0.0967919830526082,0.11861888824408066,0.09010189804966431,0.07688630550802365
2023-11-20,0.07514227434940741,0.06599090736561683,0.07305095940105592,0.06875945347330276,0.07825448259462064,0.08757515927880417,0.08532623366421015,0.051316217022095,0.07014201544237893,0.044693476108957436,0.06288613247725414,0.043665792472813825,0.11896058382740009,0.18223214649617173,0.0953052397467915,0.11879933604922036,0.08542986697949453,0.07625805045425024
2023-11-21,0.07518860103342206,0.06578365089720091,0.07434548283422071,0.06874757849358885,0.0788558887566451,0.08759981611917952,0.0850153342343755,0.05139607315412924,0.06996912596825063,0.04527457641005928,0.06316310327384904,0.04404541516819059,0.12074920903465398,0.18466888423446817,0.09946057569887905,0.11975076647103536,0.08537264592582414,0.07656420658311541
2023-11-22,0.07606701428307336,0.06582788934069461,0.0769065581378723,0.06737972389293415,0.07763158691944463,0.08772785723520447,0.08498741211047885,0.05282374486022981,0.06931204610742943,0.04510742421054282,0.06317382048088044,0.04506636516774321,0.11915628056656465,0.1861122058959833,0.09490537393697118,0.11925389382402786,0.08334201439310919,0.07266365813897227
2023-11-24,0.07728178565459168,0.06448210265581117,0.07147363953343566,0.06770429446222115,0.07825153084145217,0.0869332108249922,0.08648268142222826,0.052883123690092924,0.06816423628410252,0.04499383030424875,0.0630441990169643,0.04588806939892305,0.12204054243509635,0.19071826698582914,0.09683383013104635,0.11763993423354606,0.08351361097492206,0.07444842624151836
2023-11-27,0.07561093987056533,0.06518196503630518,0.06985733753377991,0.06785814993262741,0.07910488008599857,0.0900001059209764,0.08692775676683145,0.052058940126065795,0.0668183185645406,0.044676921465963026,0.06320736265903137,0.04590027220924336,0.11915804659445382,0.19090911463570132,0.09865752039720899,0.1168786886330235,0.08416573414623549,0.07457650236590646
2023-11-28,0.07614801402701452,0.0654116334581748,0.0705677110333368,0.06954812417196203,0.08048144381972529,0.08822844009236258,0.08867673488785692,0.05155158751240262,0.0667939708345709,0.04524521510271895,0.06332807768736513,0.04701484476067594,0.11838093312947616,0.19403685644267168,0.09750484979297196,0.11809231902247763,0.08584863163508116,0.07559381182614486
2023-11-29,0.07838939474252649,0.0663689248176816,0.07015173353730327,0.06759277641639441,0.08009673820348191,0.08938900505786382,0.08997239814140766,0.05154801839195404,0.06692830559959696,0.045263333807576335,0.06257145252314734,0.04761755590807387,0.11828999147102026,0.19627253893198632,0.09641045946819103,0.11796559790288305,0.086092170291472,0.07687267256289493
2023-11-30,0.07734714617825997,0.06358441723838802,0.06989637605750366,0.06834178008440832,0.08074352179608178,0.09117485634390554,0.09187019878243821,0.05137149769218937,0.06511052232942018,0.04456406420118842,0.060937803654955255,0.046151819482314116,0.11551456032539639,0.19355913895572255,0.09415793909491058,0.11687562926708643,0.08582788046262704,0.07707885417546295
2023-12-01,0.07919726274696592,0.06198712558757121,0.06584590312282718,0.06807489001550573,0.08088762984514113,0.09036043728840822,0.09606583977830695,0.052302921542438464,0.06893610010912803,0.04470776628217458,0.06207760340808714,0.045382522057722884,0.11737167971814903,0.1940958763190024,0.09475257217349695,0.11837033550762124,0.0868456492739751,0.07666634701748197
2023-12-04,0.08045669735965048,0.059011972930327644,0.06588737082450485,0.07010057165631851,0.0793999813621486,0.08904900222282168,0.09580282559088014,0.051705474363810865,0.06455826230464436,0.04560394544209371,0.06304950148233203,0.04493279772094139,0.11307051882952937,0.19438126555478458,0.09542104218452693,0.11434214240289009,0.0855056742793041,0.07731473169113412
2023-12-05,0.08206626673061082,0.05968247600096843,0.0651668871009953,0.07005930846706597,0.07779119840661408,0.08654168981473716,0.09746034301618293,0.05042466141801671,0.06475054348176473,0.045250953916480936,0.06216176342107895,0.04506732619652319,0.11369644497940279,0.1976840648305918,0.0972574922044539,0.11344990410049269,0.0823859033009116,0.07614050261965886
2023-12-06,0.07913810803589923,0.059795958964315714,0.06509781996040898,0.07034230207010808,0.07914217536493354,0.0870700815447376,0.09878903445266139,0.04885672757039259,0.06390747383174325,0.04487146785866686,0.0628091123584299,0.047282277901021,0.1134434416616368,0.19773714285025593,0.09643124324016267,0.1175467575961696,0.08197862809350219,0.08016932185226183
2023-12-07,0.07873542453755081,0.0601809104066733,0.06362534236654002,0.07033217874248546,0.0768181735516976,0.08660738839045033,0.09785304483416896,0.047326509803151964,0.06234272020463874,0.04586615089370128,0.0645281724104025,0.04469757369322367,0.10697309239878629,0.19473326167330007,0.09604431971586364,0.11337436833587462,0.08111078070968603,0.08076482036148315
2023-12-08,0.07928653669478575,0.05847481460516072,0.06424037478371253,0.06894178621573172,0.07769009618939574,0.08626510893565978,0.09656762170259775,0.047016443649883846,0.06340738835181547,0.0461450378746983,0.06458488085016251,0.045670452149132526,0.10677309940744818,0.19375904742138972,0.09838124580785637,0.11348878631929564,0.07963969292761004,0.08023896966515835
2023-12-11,0.08029210446359945,0.05834918314736729,0.06387974495446769,0.07091508394865563,0.07801899376046947,0.08739277815036138,0.09446737866368188,0.047079897701946524,0.06102711569145947,0.04610778452178366,0.06448876414864163,0.04577465574103352,0.10537694550802795,0.19196552575154102,0.09750861844080044,0.11588902977866916,0.08054771681764823,0.08205275232481572
2023-12-12,0.07580151135944706,0.05484582220488477,0.06355658523859518,0.07113303770774097,0.07799884239126748,0.08522182368170589,0.09699021102392474,0.04753534479889443,0.06284779499047385,0.04701549846518798,0.06556675797185584,0.04825136537759439,0.1043474188509481,0.1915945432702875,0.10247476917079062,0.11778396919620253,0.08189566865260973,0.0826491010429339
2023-12-13,0.07546275050409816,0.05499744645217391,0.06295822938137674,0.07479929820251163,0.07918794206069305,0.08533133247332784,0.0982539832019583,0.04999295613877886,0.0649290675402076,0.04445715009974788,0.06514705771593675,0.04920505432486109,0.10515647459069681,0.19199457004247233,0.10346943292945242,0.12001917781676495,0.08062144879882603,0.08276892253579293
2023-12-14,0.07364609417217058,0.05347172051600725,0.06128101798298475,0.07926438247472808,0.07830203428156135,0.08757428838946207,0.10286304957699917,0.050979318335318255,0.0628910771473451,0.04373482522161126,0.06315493793794423,0.04982714586719461,0.10876129196436832,0.1943487825927724,0.10670099512708013,0.12190047377875722,0.07946583825147911,0.08396770250191186
2023-12-15,0.07421098342208095,0.05051904899507839,0.06186541733859791,0.08116771283471952,0.07888560023217829,0.08865754908630907,0.10270160244568481,0.05485932949817243,0.06464654574929186,0.04358125900454765,0.0635726272888535,0.05006314864424522,0.11026649397971536,0.1939754189585992,0.11051743563103916,0.12383836501034329,0.07966392001423402,0.0837706886126188
2023-12-18,0.07434984666574977,0.050508711520112326,0.062481716888197,0.08208464375263813,0.07943561853615111,0.08929870940253201,0.10277720288692138,0.05433208732641909,0.06506808749329139,0.04338903064064655,0.06421798334788464,0.050373586607797866,0.1104827937757771,0.19713089769940306,0.11189082765219022,0.12488314577642089,0.07914104095611132,0.0808913107638721
2023-12-19,0.07268543401385914,0.05127104283481508,0.062131204611981336,0.08101281149245142,0.07880391223544857,0.08998720004545697,0.10280681990261352,0.05562580777545339,0.06456578167944621,0.043270152073513875,0.0659334563149694,0.0498376925893793,0.11078856138868805,0.19574173484335133,0.10837521800474513,0.12251560049739521,0.07905471366761765,0.08233644016178111
2023-12-20,0.07249617780016233,0.05106755661180858,0.06120230044042412,0.08134697026184423,0.07577299381678503,0.08946869677794084,0.10162052074110996,0.05868771586565979,0.06427720992588465,0.042950129231313826,0.06644192613783728,0.05092860670791672,0.11082139951007183,0.19491406834429237,0.10584420393223581,0.12565989538639916,0.07927450325228576,0.08178251322360454
2023-12-21,0.07436435001914607,0.053219753861227265,0.06094059838862031,0.07978381803913995,0.08031897043845726,0.0916079602939581,0.10186222127789142,0.06098781476624757,0.06709993380202209,0.042017648678875696,0.06748945324647837,0.05350953795730153,0.11056596333811829,0.1960811100836914,0.10777755532682597,0.12727875957776905,0.0784784001548618,0.08196085788408945
2023-12-22,0.07426064802259713,0.052840150681064686,0.06156688369933916,0.08226286896032527,0.08182197354036558,0.0952212122264544,0.10452942650476729,0.06222378931579104,0.0693715230419013,0.04186370453069274,0.06804563746511472,0.05285638330362459,0.11207964261441831,0.19983912997197575,0.10818184809483679,0.12795352039879732,0.07978786305433176,0.08206566599371984
2023-12-26,0.07480052605619676,0.053322635547235604,0.0615501049245207,0.08077337048811856,0.08156994677484027,0.09420575749610928,0.1017468400556709,0.0623170039443538,0.06828517684736275,0.0425586913332316,0.0674223600745969,0.05321956014001166,0.11266862528090714,0.20033437414022268,0.10692097231962826,0.1264815384825085,0.07940394192697459,0.08342084502137313
2023-12-27,0.07398775313915812,0.05302348880239279,0.0617976116876946,0.08056295756658811,0.0818029990797638,0.09222460597460437,0.10177981863497354,0.06073287915343368,0.06867242913237728,0.04324797694128785,0.06696716780336473,0.05284581280903451,0.1125598544783986,0.2005290942349204,0.10815353195491588,0.12960173739261877,0.07982605875210548,0.08506902656760057
2023-12-28,0.07391849485643928,0.05308736602051195,0.06155691949801771,0.07934162940452882,0.08212312328123245,0.09357504009885999,0.10097716852109048,0.06059029600489282,0.06780574669805221,0.0429220744456217,0.06761255707389632,0.053558406261678515,0.11442453020316215,0.20278427009369016,0.10950967553125372,0.1288186892824458,0.08039761911755912,0.08644147608012678
2023-12-29,0.07443387479190693,0.052318822747283035,0.06396155579155541,0.07779349230062717,0.08143233675931276,0.09346724128520963,0.10005831887303664,0.06119578258981993,0.06797591966205596,0.0441660846968755,0.06903777656522152,0.05382431099509118,0.11463188860983273,0.2028930056038684,0.10942219246056878,0.12776732825183565,0.08031146931323312,0.08645318437224142
2024-01-02,0.07608853131648843,0.05155124233820158,0.06216656515023253,0.07859407215120127,0.08169019580856335,0.0935696663517457,0.09912311643404298,0.06345518541163649,0.06793624395684933,0.04287249651959139,0.06819857494204895,0.05346629867643764,0.11380624650915445,0.20191509864266688,0.10929555731422977,0.12772288927284312,0.07900512550828472,0.08530533401543838
2024-01-03,0.0762582336446825,0.05156295203417915,0.061953916739526896,0.07991669197017146,0.08155113053659774,0.09249736533416292,0.09251944789797992,0.06337978565533503,0.06451058646558963,0.04348704820132005,0.07045104419942741,0.053520854488295744,0.11168242195421081,0.19830676712867423,0.1080621778751995,0.12950663606211926,0.07838833527286375,0.08550808634327954
2024-01-04,0.07824388287775437,0.054066844854477984,0.06275921243929891,0.08152526095879842,0.08571206184237318,0.09338456912883926,0.09285521425576666,0.06450562680329856,0.06451017281386387,0.043075070993266386,0.07045079546492074,0.05363090686237639,0.11060092514918442,0.19762365775853027,0.10774464266438846,0.1320273182364084,0.08108508188644685,0.08807370324112106
2024-01-05,0.08113148067456541,0.052751488733309045,0.06491807754049424,0.08673314247310486,0.0835524386990044,0.09378798706715327,0.09346130049459421,0.06576288130978254,0.06541715900605807,0.04481742766282818,0.07137474374157926,0.053694598494069594,0.11595925860120275,0.20270376251500344,0.11111236578492174,0.1297642934687586,0.0786914655616119,0.08996601093165817
2024-01-08,0.08071717087161868,0.0566517833721375,0.0645665053262895,0.08711163915823736,0.08180443558096678,0.09009642182542281,0.09126355575800407,0.06533480602206364,0.06100622276056526,0.044720240711670696,0.0721788213768754,0.05325388799053804,0.11831195923286103,0.2039449283032785,0.10684502397322038,0.1285726894590095,0.07686888371515525,0.0891375998402108
2024-01-09,0.07722016082461501,0.056163951420981705,0.06506473529595783,0.08896364755781881,0.08341882247654772,0.09192751950037717,0.09125258969891704,0.07048954217206506,0.06276592887050093,0.042684544027310346,0.07363965310098188,0.0527044737167334,0.12119680426337741,0.2083848431767176,0.10881693208117282,0.12505420058471928,0.07714803794437411,0.08942729555682641
2024-01-10,0.07767800480135749,0.05597509884425556,0.06554322594103963,0.0848055360666946,0.08255367122595703,0.0880247914465905,0.0910872790694987,0.07176083147366363,0.061964893922102623,0.044441106336854067,0.07180776630193031,0.05328734595029387,0.1204324430379012,0.20479883719586164,0.11014186941692512,0.12447268270029092,0.0773282245514291,0.08948651619975326
2024-01-11,0.0782653242057045,0.056518173074491695,0.06737138232804166,0.08832783979970737,0.08213772765342695,0.08434379815112077,0.0911010030916266,0.07157876404067694,0.06499040130487843,0.044990511922044944,0.0736126903826241,0.05289016369686527,0.12177850444541648,0.20232419651026318,0.11232529555856843,0.12413766193914072,0.07673922229490793,0.08979448871931013
2024-01-12,0.07857474436489428,0.056346604477920816,0.06651174856563213,0.0841356049358019,0.0821994001120578,0.08281571811288847,0.09219576596270965,0.07188238610985345,0.06685546481092526,0.04573543918344427,0.07291687827533513,0.05257861969648732,0.11736258174906868,0.19969104207888774,0.10638521044372776,0.12339218001033904,0.07560371926074379,0.08960933774667638
2024-01-16,0.07842328346193596,0.058636735734736635,0.06663976111006284,0.08223975739136744,0.08504226447032079,0.08508999654323508,0.08964341596344325,0.07201459204734159,0.06737101548291066,0.04787899503150029,0.07249154819449018,0.05315321743197366,0.11263672503254318,0.1971697633155362,0.09910645479865896,0.12427836321526683,0.07922982197318065,0.08760417389630065
2024-01-17,0.07756575171103482,0.058337765046202375,0.06672228093115863,0.08148217854254494,0.08478948536086742,0.08363571561611736,0.09110831837306052,0.07221982525237688,0.0709278861808697,0.04781080326698023,0.07169648199516235,0.05334225775768211,0.11222202696747362,0.19901741310128918,0.10160298586023477,0.12609176557973933,0.07858532502035794,0.08887770358154883
2024-01-18,0.07705376222516219,0.059593473331440945,0.06598060526075014,0.08118085660557825,0.08671911242762287,0.08442657815323186,0.09340059816967679,0.07257800576452444,0.06978928996942142,0.047954971985737345,0.07311397003406155,0.0526396470847725,0.11150260757670372,0.1980080705444286,0.1004247668342518,0.12482190726753323,0.0790127336599843,0.08830463023695362
2024-01-19,0.07720215931981045,0.06027890394606856,0.06954528350808581,0.0840991631105316,0.08816653853827437,0.08478834735357174,0.09437849492191894,0.07338449287690023,0.07330814094427597,0.04787875248913455,0.07477031194379984,0.053332312936998444,0.11027141512522792,0.1953240803792538,0.1021508773415317,0.1248929791325684,0.0788373996774892,0.08892032062691355
2024-01-22,0.0776077985338863,0.06132885267018953,0.06840478105858956,0.08419679942148443,0.08613511194350765,0.0837947207292458,0.09536836913170313,0.07180502370903223,0.07065367653717695,0.048965579843970417,0.07531807505238142,0.051823010233197166,0.11002170956809615,0.19054199540617028,0.09928439142149299,0.12441153314833123,0.07895569693936436,0.08821204246461535
2024-01-23,0.07700589890055595,0.05995723905699474,0.0682518121312664,0.08131455487728025,0.08358733347516202,0.08163890111643621,0.09442775192870133,0.07115274528746786,0.06932250405955848,0.04891649186217938,0.07529183011439448,0.05103647541422088,0.11040986104870013,0.19206473702018997,0.10029310388940313,0.12712836283678058,0.08141133866775992,0.08574464262004203
2024-01-24,0.07556156088582795,0.060902966347021345,0.06787647798022418,0.07987707257496564,0.0829734038750324,0.07663883730705817,0.08938420699342815,0.07077449331878444,0.06591247210295345,0.04642222194580452,0.07656884455641973,0.05088907238787979,0.10722156335859546,0.1906152603676588,0.09690494478501108,0.13067013409093844,0.08216335205810528,0.0879968136243823
2024-01-25,0.07517007202279945,0.06212805764541883,0.06741416624775189,0.08010038579475132,0.08272978266350667,0.07322223106268581,0.08811926009105789,0.07022611231082773,0.06701068820505812,0.04594276254302443,0.07586822874756838,0.05344574315126011,0.10933392657367712,0.19384944502986828,0.09709812559393703,0.13269766629394072,0.08722554476624537,0.08772820688772671
2024-01-26,0.07522371831387574,0.06305963696736007,0.06707186283274569,0.08010636519477685,0.08633433189135124,0.07475095741131928,0.08609920630482755,0.07054052357538773,0.06679468660374327,0.04826795673682663,0.0765624497388957,0.05527032252695095,0.10678669278632466,0.19040902225927195,0.09571211178076208,0.1323457834028693,0.08761649062988722,0.09058164956725999
2024-01-29,0.07643689206434456,0.06620716171462807,0.06882468469034322,0.08034908306704514,0.08665285701114099,0.07259636949744096,0.08368250390433893,0.07144689621041517,0.06546482834968904,0.047406763657050495,0.07893976092177066,0.05491592532020018,0.1114103833651113,0.1900302916202229,0.10137161809522173,0.13365035939498252,0.08828319115092138,0.09248893366308167
2024-01-30,0.07730548661137912,0.0677046773387023,0.06762068690013753,0.08078457821050493,0.0866731757702354,0.07298170029753953,0.0833118830276432,0.07194124025183368,0.06737443491318011,0.04693540889499039,0.07838036089387886,0.053855894736699085,0.11544798846778118,0.1934086072439295,0.10368461888665831,0.13359845500743758,0.08977903717972155,0.09216212908357324
2024-01-31,0.07520693127971123,0.07007540368608836,0.06900002970266422,0.08064192383624341,0.08427613276725632,0.06952345435290647,0.08290212702306826,0.07472689581455774,0.06746200926202106,0.046899011745027926,0.07945829651651314,0.050613327066478024,0.11325668208371813,0.19372915600149276,0.10391695980348813,0.1341152035524481,0.09001700502148145,0.0941547087730752
2024-02-01,0.07569634397048768,0.06963951855734245,0.07162028311538696,0.08449340352325589,0.08268997570269292,0.06934220259800233,0.08468101701023226,0.07561688192524373,0.07172108034611095,0.045540327032806284,0.07938177414977694,0.05070321738977543,0.11266022163575874,0.18773230021751716,0.10188180217295582,0.13990171836178616,0.0937722149949307,0.09498361481364052
2024-02-02,0.07479264160072865,0.06949985763273474,0.07129975353114755,0.08595614931254841,0.08199578594954474,0.06987606881736413,0.08063857427697078,0.07847555398047434,0.0719407297192675,0.04509707574571999,0.07732053930177597,0.050845691075034234,0.11509086593098392,0.1919014435366912,0.10363134971541428,0.13968434483222103,0.09250547420235002,0.09456994135759975
2024-02-05,0.07396314083590681,0.06903931644977966,0.06929575657492876,0.08943316759153287,0.08259967853016771,0.07130825574059074,0.08094111796867924,0.08284074157758275,0.07063918062513919,0.044483446981722095,0.07182331534191247,0.05040145659425062,0.1142921816959569,0.19034996307612875,0.10101945601490793,0.13904586700956809,0.09158024125105048,0.09103268969132812
2024-02-06,0.0732206310653674,0.06527165879522151,0.06692086714301557,0.08786296788298738,0.08475411075843318,0.07392107772260677,0.08251589825805415,0.08315381791431545,0.0716643183119794,0.045040430667484525,0.07009627524901796,0.05056341667218232,0.11297888858573514,0.19074659697549023,0.1079912492098733,0.1384181670098881,0.0927117634033145,0.09175326830201835
2024-02-07,0.07454329640545013,0.06804396507194155,0.06700911147421164,0.08473897999385906,0.0847470845375774,0.07337787985228823,0.0856045183010804,0.08628805831793239,0.07187547105075766,0.04581791538767467,0.07101522520687337,0.0542299003938238,0.1133921668995546,0.19195704129772895,0.10816658444153898,0.14119534091933683,0.09108125758544475,0.09245301486799787
2024-02-08,0.07731170494742678,0.0653940022490299,0.06496922274709468,0.0882721236864289,0.0838547271172428,0.07187988132608883,0.08877447520843401,0.087482060607975,0.07499047839945121,0.04684227544948128,0.07217436223973031,0.0544310555086669,0.11393327184612853,0.1882211939874999,0.1089514095789233,0.1426628264346309,0.09472657608206933,0.09382463453204408
2024-02-09,0.07781614923674698,0.06532186930735408,0.0644221846059008,0.08864722296388117,0.08393244238393653,0.07285821427389598,0.08822457157764607,0.08651448793189959,0.07270359883486449,0.048121456236047695,0.0715405513204588,0.05452829333881371,0.109019425510124,0.18543285935141599,0.10387344025198723,0.1410068485320566,0.09657386637621534,0.09277344380089193
2024-02-12,0.08052286224981864,0.0632965408355196,0.0624093151502646,0.09048071944400764,0.0840819531741245,0.075208379997747,0.08819091699451204,0.08860937213336144,0.07474162800016315,0.04741551971907251,0.07323498364043436,0.05338060562674507,0.10832823198711307,0.18757198275743753,0.10803576506516777,0.1432800585912971,0.09928483736196295,0.09404875469433777
2024-02-13,0.08048361541488365,0.06313277424397361,0.06363109380060156,0.09277193229526275,0.0840490909788135,0.07709092322895937,0.08914994735083358,0.08801742417386045,0.0722469688742408,0.0498752789318114,0.07505273709646838,0.05219701924078739,0.10591643169376999,0.18535299945714412,0.10721939987431772,0.14328249038478114,0.10329498397222343,0.09558826410265348
2024-02-14,0.08470931843346084,0.06265204907713058,0.07160986110106682,0.09666459422860081,0.0849947506985221,0.07625133224292593,0.09120762169834784,0.08583771972541263,0.0722937612238286,0.0500168463723807,0.07477681779425026,0.05243164171801273,0.10340146327130882,0.18821126223198256,0.10666626511102034,0.1461836598645744,0.10671041507821079,0.0951768558694096
2024-02-15,0.08740377777431636,0.06293641069503443,0.07125908194420254,0.09282613487676997,0.08499286677162102,0.07897136331437497,0.09080506842483492,0.08471441098168656,0.0736066401045913,0.05101362212561135,0.07447577749861058,0.05538390918757298,0.10458281781261065,0.18910453847063793,0.10672964834972468,0.14550511623140094,0.10633875999972743,0.09539706540052653
2024-02-16,0.08499735246856784,0.06200241008021754,0.06964361984069904,0.09318311055618629,0.08550068691341409,0.08092375231967083,0.09044373018038278,0.08675798435485829,0.0740293771068755,0.05005740590200124,0.07559074500097665,0.0561759124206167,0.10234983582448151,0.1900319288726122,0.10692205624802258,0.14309043094066554,0.10307611102899332,0.09842562307728847
2024-02-20,0.08680266072223922,0.06413756250465075,0.07200424122695853,0.09113461872285669,0.08574398058920531,0.08013826145571212,0.09073147589219871,0.08463353797176555,0.07485859507462737,0.050076387138619644,0.07457240867344708,0.05501581372420703,0.1051523065408877,0.19036909136812188,0.10734259413828497,0.14325977363307052,0.1032633709859057,0.09839282248412416
2024-02-21,0.08573668072885496,0.06684338017170799,0.06875992105020737,0.09023804617284077,0.08523938146891975,0.0783310673109677,0.09086902539227752,0.0846175457711468,0.07325940958410584,0.05118694014445753,0.07798033503991174,0.05869753528069552,0.10090013213432625,0.18826041123972567,0.10541943885415007,0.14408497289178518,0.10564381955610969,0.09722506441793957
2024-02-22,0.0829184337010682,0.06786547804967134,0.06664938057045365,0.09358213924699732,0.08473732319544595,0.07972100692889497,0.09030226657611978,0.08843209774699583,0.07132316163261633,0.050983647879488565,0.0800565763951691,0.057732439205525427,0.1014331594686158,0.1895323836418103,0.10315163452213554,0.13913831636346485,0.1045426187763357,0.09592560484362629
2024-02-23,0.08442663225080813,0.06630919321046658,0.0677095832183601,0.09531313995030452,0.08241878904710807,0.0798828253266707,0.08985779243755394,0.09078542701203385,0.07256636633740911,0.0520008384948564,0.08224219765182966,0.05802537494317084,0.10293852429061635,0.19137726783568873,0.10825160844822392,0.137252741137672,0.10426189145441814,0.09668150401881549
2024-02-26,0.08442021806605483,0.06636086445875575,0.06771261503893689,0.0946215052178228,0.08146531685268993,0.07981152758965655,0.09113106302596434,0.08975620559496246,0.07426782324279027,0.05214048444023812,0.08287373096361485,0.05943780539155428,0.10178009565372412,0.19346839104089714,0.10787735747060374,0.14263561804021344,0.10502477676907597,0.09782400700176565
2024-02-27,0.08383095284042778,0.06611461656077432,0.06657000206131738,0.09221989924269373,0.08205559517825191,0.08098242553685756,0.09300692842014194,0.08957806943348282,0.07545182389197197,0.051759703559459865,0.08292701984149543,0.05906322635354699,0.10131802502096564,0.194799875185874,0.10567786292674254,0.14548687436008742,0.10554224271936555,0.09664535278182664
2024-02-28,0.08252707369645317,0.06589789755289119,0.0638227956743357,0.09157071868323208,0.08246503525218227,0.07724326525264098,0.09549328897468194,0.08859015326030854,0.07624775148245777,0.051065200143725765,0.08114735155862798,0.05866547995044753,0.10110171766867507,0.19044391339454042,0.10560078214689317,0.14200987712553773,0.10214895004266758,0.09439263948054374
2024-02-29,0.08250196395218035,0.06695204032363512,0.06440772490045676,0.09277469515305069,0.08403606832081212,0.07585433555415376,0.09778239341908804,0.09080339556377495,0.07515781400236135,0.049018481192725755,0.08036349457171037,0.05827111322032661,0.10159706023079572,0.1885332644013194,0.1022929966696616,0.14367148970238303,0.10088733865920652,0.09455011915377609
2024-03-01,0.08513843917700234,0.06756295657236332,0.06458057253271406,0.09441179343174007,0.08487204437173078,0.07605930802560305,0.0969591759065312,0.08783000496307265,0.07701929194017712,0.05017922792824141,0.08212736619103879,0.05872650865665466,0.10491394024766988,0.19100876990351123,0.10284171311501131,0.13491708392259086,0.09956291838793638,0.09163450323335501
2024-03-04,0.09096581318028835,0.0658024288094165,0.06566210213402669,0.0943706442894555,0.08532776694226761,0.07630710884025012,0.09673964315668152,0.08875977552201338,0.07684504720228595,0.0512563707279947,0.0825930103677189,0.05878872633950082,0.10918996404954773,0.1960842112845944,0.10736752232751516,0.13571100295642835,0.09565155058397212,0.09108543339340758
2024-03-05,0.08792084748594593,0.06523870137229541,0.0668834644202416,0.0961404058803913,0.08954322063369081,0.07850126531567185,0.09598491092098342,0.08898873568828797,0.07765923058306044,0.0501748351029786,0.08156588443314207,0.05809605305232122,0.10432717117762105,0.19208673186043385,0.1080664966031294,0.131817185995575,0.09453255121693609,0.08960366936926452
2024-03-06,0.08821452390256308,0.06509840879940401,0.07048780470592503,0.09477668941983712,0.09009737283907432,0.08123628373117461,0.09223602477175394,0.08777125833301723,0.07789893551641222,0.05071606092463912,0.08291681894567725,0.058141066559488905,0.10553227513112806,0.1874075238054735,0.10388618714534031,0.130456203234311,0.09659473485338838,0.0901297007108746
2024-03-07,0.09211040077699287,0.06355536731863876,0.0722286324246777,0.09427802783427303,0.09019191546921883,0.08021059316602014,0.094482408894899,0.08861980372660806,0.08131546709989274,0.05145727523182859,0.08418740439376314,0.058230307099780915,0.11131634147545887,0.19200573584591887,0.10349452406958475,0.1321048553943991,0.09913240677790494,0.09854037902582483
2024-03-08,0.09525564882231241,0.0623326007989379,0.0695596399822769,0.09486491624966266,0.08792995894372505,0.08267778193160731,0.09354049660488341,0.08601600633462428,0.08029837249990614,0.05222461728812383,0.0853699132105853,0.058005877866139234,0.11309119099808208,0.19038566223442527,0.10797412922402283,0.13075419613250952,0.09964745314385838,0.09931821377938113
2024-03-11,0.09374161020600848,0.06589268676362581,0.06813493586623746,0.09493483875805148,0.08867337081767532,0.08226648720604102,0.09384637653031977,0.08578925564201553,0.08533817564678135,0.0513852253744513,0.08489826703740769,0.056569073926566404,0.11267105955931214,0.19001424446165835,0.10354302455722746,0.1369284481916062,0.10364030254470866,0.10101898673669718
2024-03-12,0.0899961173320357,0.06269174123707971,0.06636367245399152,0.09182178574368717,0.08259113626115985,0.07870700186377799,0.09396676136361706,0.08479942354133728,0.08500642084614538,0.05088164100501389,0.08511676349231599,0.055449574493119755,0.10860615900968823,0.18326363853127384,0.09862690677918208,0.13380154601426955,0.1009507184147763,0.09803130189667529
2024-03-13,0.09165409059600407,0.061349687583846645,0.06461128260475194,0.09598025483456268,0.08244177950270228,0.0775588839434287,0.09570686893387295,0.08798048385486945,0.08771729917043718,0.05183447977527634,0.08326507055585271,0.054842655365296845,0.10604161765474718,0.1846931463662614,0.1043818033681307,0.13136433778113824,0.101970089372892,0.09869585232254079
2024-03-14,0.09288456987630454,0.0617087754218639,0.06780023366607538,0.09421575871867216,0.0803871030643595,0.07538557217907323,0.09471350348640414,0.08915581979976646,0.08788148888496433,0.04979263478462414,0.08162088302382454,0.054980465748710516,0.10431877579545462,0.18237880200814763,0.10065467740468964,0.13044554564214172,0.10257684248402191,0.09694058377977868
2024-03-15,0.08813547727668118,0.06411593193711483,0.0647266913945104,0.09276884661173106,0.08116955449218313,0.07238295178640428,0.09423559390840554,0.08882629043721617,0.08887004864468222,0.050328972164773125,0.08263087627381722,0.05513188074544289,0.10090276374803121,0.1787928728099923,0.09548690529023576,0.1333819415485833,0.10585776849146704,0.09651489745440837
2024-03-18,0.09030404795121769,0.060929227512631676,0.06699911842747056,0.09160072386985289,0.08016529292261773,0.07609680685079723,0.09176683455548408,0.09150941928586194,0.08949968346090381,0.05153152454155639,0.08391745238757366,0.055092806456589226,0.10100989975647283,0.17936474128725172,0.09864380156757367,0.13228309710659525,0.10657493037957831,0.09333508525814273
2024-03-19,0.08894723582358821,0.060295980182269955,0.06676251762710532,0.08706375294962393,0.08034123728732019,0.07470080009789905,0.09004695866284622,0.0920000329967048,0.09219714452822549,0.04829396611735572,0.08356416848641318,0.05502961265308014,0.09561122190661568,0.1782235675751062,0.09570771362786318,0.13534138110961455,0.11099064245592,0.09705515919189715
2024-03-20,0.08627501321855217,0.059915881670590004,0.06607818312431235,0.0910878518322181,0.0778168935676484,0.07162092855842199,0.0911857974171774,0.09412957090990084,0.09186434360557925,0.04751160751215246,0.0850958420605976,0.05507916315042323,0.0989295938093528,0.176167982991197,0.1004899007161257,0.13283109874469803,0.10838734536664574,0.09764036088796117
2024-03-21,0.08768299230509007,0.06374385713872636,0.06504536728230786,0.09295397696384777,0.07782409526733088,0.07223636566144168,0.09123723128789314,0.09207826484486796,0.09360597735771356,0.04695219651379501,0.0830039487299244,0.055551066570359776,0.09754961779828104,0.1750127531090209,0.09867273341727817,0.1312262734627208,0.11014687015608651,0.09474486675242352
2024-03-22,0.08779935345469077,0.06671076679619478,0.06663543763381467,0.0963851045066773,0.07754846945111238,0.0685442131304174,0.09070562865254296,0.09245450313776203,0.09355873213425182,0.047171749221520655,0.08443292807028888,0.05529563263114698,0.09523866906420775,0.1737404982506341,0.09597858217725655,0.1318724165567929,0.11113728157348052,0.09482223405247502
2024-03-25,0.08659057471507413,0.06442667249809104,0.06561508204908006,0.0954145363522436,0.07618148169844301,0.06795296896752222,0.09173933827740621,0.09204990626574325,0.09343459979007156,0.046727020939660274,0.08444960625420758,0.05301441054442575,0.09494469012574995,0.17181415844393927,0.0972591440481807,0.1277620800293115,0.10909762354422474,0.09337991198373168
2024-03-26,0.08452579811689288,0.06332071746958756,0.06745854718315612,0.09391924484243537,0.07566715974277206,0.06468929560160673,0.09116430955292587,0.08996840220659051,0.09529621656092424,0.04659019471999238,0.08400155776646731,0.05466339545799007,0.09509624683333036,0.17244390666415427,0.0976076793163039,0.1274863014458194,0.10570081769961105,0.09340635111894698
2024-03-27,0.0848542951520341,0.06267365753180767,0.0676798931502129,0.0902020606075262,0.07580800416138464,0.0638181858100132,0.09227867613507432,0.0915709744220374,0.0952038977645129,0.045845821296148045,0.08581941996682839,0.0573647937317859,0.09477684939792677,0.16923102385495006,0.0947449715322533,0.12506096760166757,0.10530392424967092,0.09310129421582501
2024-03-28,0.08313116696461996,0.06271371038683532,0.06282489231202587,0.09324613595056633,0.0752742892688887,0.06298430264482414,0.0935451932759658,0.08808560358255206,0.09561820799405996,0.04566586895942692,0.08606505641300756,0.05807280176062423,0.09554980777518515,0.1768304899918631,0.09499476619546628,0.12985909195107936,0.10349634619157681,0.09483716035273564
2024-04-01,0.08321514142228627,0.062077123117957864,0.062221651308291125,0.09253725285698962,0.07510766730947765,0.06271709983765313,0.09516054545606163,0.08729676975238584,0.09678380857161765,0.045529965149195134,0.08689372880089573,0.057463528647224024,0.0960674617890459,0.17804693175643407,0.09573291337950886,0.12744273133509226,0.10361713852462846,0.09441093318605802
2024-04-02,0.08514391293636742,0.06363805716569208,0.060827522667142725,0.09073458661568412,0.07673641618408404,0.058492432400682894,0.09136622750850933,0.08741278660475568,0.09466086311518317,0.04518590978848199,0.08579037855763115,0.05716122956352223,0.10127583752876057,0.18031561579069175,0.09615180153168648,0.130978654527167,0.10217931384365378,0.0955695467539412
2024-04-03,0.08566570399074537,0.06537064342817839,0.06311142102181906,0.0890036282944877,0.08181801883721732,0.060570028718784905,0.0923249885410759,0.08465665551904744,0.09545445153784791,0.04512178699008146,0.09066411299601786,0.056606389766732476,0.10078826692183757,0.17974753638270835,0.09363007340337082,0.1299976831559845,0.10469502142612361,0.09360600241454901
2024-04-04,0.08557597648725708,0.0656958433292076,0.0635244115168774,0.08755117235893857,0.0808070540925331,0.0597006610597546,0.0916201827438246,0.0824735826101751,0.09258998656485704,0.045679855911501886,0.09155168600664168,0.05671271453484008,0.09869416971274914,0.17578390974160377,0.09423992582260038,0.13470082502583783,0.1050211796710366,0.0934535398039347
2024-04-05,0.09019538130798259,0.06887074997126018,0.06407008354182646,0.08888082906224015,0.08216877576787297,0.06409390081551676,0.09366989629362653,0.08161998290884138,0.09172720464806197,0.04408450901160799,0.09073823269466443,0.05571853691872588,0.09809569737647693,0.17963727263906565,0.093655446134297,0.13680130950278693,0.10546552370457149,0.09196314753630534
2024-04-08,0.09198089053806646,0.0680067841401999,0.06448932105976166,0.0893872756325277,0.0816174916324382,0.06567480207950006,0.09568428042501963,0.08248163852250913,0.09444555831414175,0.04495341379843686,0.09226859143872815,0.05487200025658059,0.10624741421524317,0.18400557535511194,0.0969136642678103,0.13976644487744022,0.1058843534841317,0.09125664117636934
2024-04-09,0.09231795751799775,0.06657902925958903,0.06369475768637248,0.08749309057564886,0.08118111652146959,0.06542637489912745,0.09586502264179869,0.0805482375374752,0.09441191631403563,0.04484294064472031,0.09059166044747453,0.05504444513504746,0.10541283599859046,0.18399052101541827,0.09607286964162448,0.1420236845921239,0.10627348083814839,0.09254073676700529
2024-04-10,0.092112023664117,0.0642455040701715,0.06173345690672276,0.08581960246352671,0.08203174647228248,0.06737579502553427,0.0955717201948894,0.07717108361031001,0.09276191026933593,0.04336796842594904,0.08925149442505069,0.053169057593504085,0.10552562074179037,0.18464350816574276,0.09457025239783816,0.1438489849555037,0.10937149821198898,0.09173283472327658
2024-04-11,0.09475215436995238,0.0678831239441142,0.06441097411164624,0.0858294538847756,0.08644759150300871,0.0676126927327599,0.09812589809659882,0.07704523876701784,0.09468673699605311,0.04147561795632218,0.08838310625791355,0.053473305228337646,0.10581627246216081,0.185212635874478,0.0966043708775086,0.14328076123318678,0.11152029580452617,0.08896248576775315
2024-04-12,0.09383573136470051,0.06925381176906811,0.06375948823539451,0.08777304900838762,0.09015110191287216,0.07044427426253407,0.09668863812407015,0.07436669538993676,0.09292038633128386,0.04255952964036356,0.08728904110583305,0.05347479135059335,0.10410235675161016,0.18469376977173568,0.0946522341947468,0.14078623393695416,0.10846398851915352,0.08825452732820481
2024-04-15,0.0948296620501847,0.0685427932129421,0.06609258045575549,0.08923540040575263,0.09121469811100064,0.07037330391547995,0.0959483154645771,0.0740858690627945,0.09684915797855442,0.044291286309465466,0.08775333311770665,0.05435486229641152,0.1048549710867578,0.1876634041867009,0.09352433790164547,0.14572716068222516,0.11119363101309115,0.08789154345177227
2024-04-16,0.09524002070653072,0.06831667867583079,0.06939211075508432,0.08825280227081034,0.09451491099556904,0.07150450790667692,0.09396873980025126,0.0696943508978477,0.08910475437739718,0.04415246492063962,0.09098691484938641,0.05638173292243556,0.10415661851585067,0.18152018081791702,0.0884597669010258,0.14564319205747367,0.11211414830911184,0.0886948243885629
2024-04-17,0.09558588565762616,0.06961965610210415,0.06918940532824837,0.08654217636501006,0.09552591538428938,0.07082710275661386,0.09509678954274416,0.0668680240321935,0.08908180370891124,0.044095244830434796,0.09146320015108068,0.059146032226053843,0.10079051707067953,0.17732270846445386,0.08956365761901024,0.14395912023184487,0.1092464259428633,0.08762801866195563
2024-04-18,0.09749539975193447,0.07141959721635562,0.06802431349449842,0.08581196343303364,0.09448572067029111,0.07120727140386557,0.09168392091955664,0.0651448418554325,0.0846309862775923,0.043250923361713024,0.09079335516413277,0.057831936466281715,0.10093438211338683,0.175497996298783,0.09064118296861981,0.1428063382400291,0.10653767838488293,0.08607794492136826
2024-04-19,0.09894914180261427,0.06997220569299016,0.06840863058777574,0.08310708860381527,0.09412015710548052,0.07283043456906306,0.09243502372953324,0.06473923435204063,0.08604035526325464,0.04142639013615153,0.08711554730190421,0.05821624249249433,0.09884297179267856,0.16932788614808897,0.09108169589060063,0.14085456870362836,0.10486689425853685,0.08468018996844204
2024-04-22,0.1041463037214455,0.07133526053981477,0.06679522906562642,0.08357746677620806,0.0913416498751564,0.0729635085271509,0.09254194264451,0.06245471992816511,0.09140128135045684,0.040973713160307776,0.08762992599143858,0.05740550212126032,0.09797803115118192,0.17127439056070803,0.08630628975110996,0.1431709872032568,0.105907275182652,0.08558034556293596
2024-04-23,0.10419268235032185,0.06946940437708286,0.0692199059137275,0.08427939850092214,0.08713130572746597,0.07178692476834016,0.09248315967734785,0.061978364890972165,0.09400990588039837,0.04112476111692198,0.08539430274862259,0.05774551807049929,0.09719123239388737,0.1695179312045309,0.08457389808613701,0.14486991420642073,0.1063942594701998,0.0894782072284397
2024-04-24,0.10622947685467513,0.06904706918386666,0.06910843276776381,0.08376764648511648,0.0878553880919249,0.07136156034758594,0.09113356783506225,0.06296027483686453,0.0970968320007963,0.04299125130405719,0.08577380768214961,0.05948315284122142,0.10015531997772177,0.1711640158349637,0.08848866504787097,0.1380480058775026,0.10518344135362105,0.08705201805651103
2024-04-25,0.1071760435095626,0.0713524938700755,0.06593156170469743,0.08332914622171003,0.08542343688219182,0.07263517211828255,0.09046281719661352,0.06339747998060621,0.10083592500863289,0.04262988116002363,0.08484420988548284,0.05980823421667582,0.09913028587247974,0.17134642720565943,0.08466656566612285,0.13752450018593704,0.1045530278700058,0.08407919402587538
2024-04-26,0.10283849376828948,0.0664803906564323,0.06698973577279765,0.076897676929331,0.08242746558741565,0.07296294830731084,0.09108178104529407,0.06332279639422357,0.09887311275093234,0.04269395465881673,0.08255019872274241,0.05801576708975935,0.09963624353525108,0.16786910174582595,0.08413969025930737,0.14059986357540175,0.10492698012011216,0.08401649259877743
2024-04-29,0.10366947255514532,0.06753630062590105,0.06683475346987612,0.0829462178899829,0.08186842904247986,0.07699740616743624,0.0919114422344244,0.06291544032590476,0.09322971302311903,0.042483676783767514,0.08387531834426899,0.061107744742253924,0.0994175083957035,0.167042351831135,0.08328872277022938,0.13762191374351032,0.10260933493238526,0.08267737584008195
2024-04-30,0.1011929548007134,0.06545833346058423,0.06819208474998333,0.08424203456670104,0.08264050894118716,0.07797972646334793,0.09018233626146072,0.06497580908099497,0.09005233686370415,0.044429163959005265,0.08682621676333487,0.061644606403086014,0.09682328383750817,0.16744957306020591,0.08001918475708757,0.1352042079929903,0.10320659094742285,0.07814776803098233
2024-05-01,0.10075465679067769,0.06697713036382925,0.072200084804768,0.08768228113681803,0.08767194115501194,0.08385229353178283,0.09045584132415169,0.06552395691353573,0.0890442067422975,0.045321102960146936,0.08531216955313765,0.06238265411028596,0.09218965791586882,0.16290787923193806,0.0769234061990476,0.13199356881955773,0.10114456076572943,0.07882670337752919
2024-05-02,0.10118871231884241,0.07121866146235817,0.06865430623599757,0.08722566956879169,0.09051259081426066,0.08345750166300078,0.09372782023416859,0.06495301161830912,0.0888246409486008,0.04590017109111944,0.0861064864101954,0.061243499538142655,0.08505596942010592,0.16242385969516265,0.07557920787426128,0.13350959397734072,0.10504418963058855,0.08069343062115382
2024-05-03,0.09947583947457415,0.06740899013648542,0.06907563440317906,0.09064780504256928,0.09034961450470376,0.08420019532285034,0.09226375679717311,0.06658420131820048,0.08540681784844611,0.047167562599734564,0.08629408032841793,0.05788068721256145,0.08742448645641586,0.15806649393903463,0.07294637103104401,0.1330282534219479,0.10622410544352423,0.08481130808403034
2024-05-06,0.09937546103838447,0.06607105618615558,0.06896068498135287,0.09292925926076206,0.08869024306819262,0.08213523583929215,0.09338260386592791,0.06657349510325887,0.08302945297398046,0.047322256232733804,0.08650977953658513,0.05822797485371402,0.08900212470628097,0.15946618395345633,0.07273399351752156,0.13009822750867844,0.10207894729896641,0.08415875862620854
2024-05-07,0.10316214336718786,0.0665322774974965,0.06944647390362359,0.09612689160994628,0.08787877254482429,0.08886543396314305,0.09519432630734649,0.06529286481938651,0.08400790678953458,0.04752268279086905,0.08434950405121418,0.05798802727852696,0.09051719362870599,0.15898443915924038,0.07293224424575866,0.12915160744422458,0.10203490502788082,0.08312855995151631
2024-05-08,0.10059585342075823,0.06507553148112895,0.06914570065080912,0.09567888416498083,0.08851603576281931,0.08922241664007982,0.09433858688925707,0.0661701578163546,0.08653221764747748,0.04866274477243948,0.08363917464819941,0.05789498376238679,0.09130716758936415,0.15938381036271124,0.07606665501074,0.12867495232854137,0.10052642216368966,0.08340529542305307
2024-05-09,0.10008087500058675,0.06523319300745045,0.06811259763340138,0.09606335794324265,0.08831956893208416,0.08758474935241908,0.09067781815786881,0.068133295557321,0.08541615582181672,0.04929014753746525,0.08344313275217903,0.058514487819249957,0.09141352685531691,0.15969188205446735,0.07305958414633901,0.12768973777481712,0.10054891440887213,0.082646070972938
2024-05-10,0.09869272980200317,0.06415413792520497,0.06825801372204314,0.09857224061853356,0.08919962072830809,0.08937720358206017,0.09162871272270519,0.06926511215113862,0.08536482377728014,0.04961397208899434,0.08305503043953402,0.0594891166809904,0.09437878273873435,0.16097128423598403,0.07582123568420784,0.12834284948262634,0.10492790621072544,0.08851368548930301
2024-05-13,0.10049304334266904,0.06450870936027692,0.07036370779734578,0.09641975826825373,0.089362844237818,0.08782432442438468,0.09099230411433831,0.06933201330410686,0.08844507304673672,0.0494814552187022,0.0842170793847354,0.059087961824214635,0.09478539080010415,0.15782544437882673,0.07521908786270168,0.1306970115427218,0.10476316507890665,0.08883185425210746
2024-05-14,0.10134293279401949,0.06446434314483668,0.07026853648976122,0.09501574577943266,0.08933846584213667,0.0824571677232316,0.09185280493844512,0.07087582534932492,0.08796139020949621,0.0490017709928013,0.08202131362933529,0.05702985136832834,0.0915774837361961,0.157535963014769,0.07139166661996,0.1312551162598313,0.10298189973888643,0.08889002250884405
2024-05-15,0.10101072737985749,0.06384860815907509,0.0691709448512222,0.09243489847663887,0.09013645729596216,0.08621660574941312,0.09297883306553664,0.07032726622552324,0.08779077122153366,0.047467937523998874,0.0820114175612015,0.057053500102463434,0.09410241509842873,0.15998376266379954,0.07307235222199582,0.12740059683961957,0.10452510686182155,0.08738401315818314
2024-05-16,0.10066433756023638,0.0664387050294118,0.06910255557222478,0.09290773127386712,0.09091995585066354,0.08383278228427937,0.09500587362644132,0.06937691837587194,0.0872505288798475,0.04556016731443435,0.08228884235550549,0.05895753052894632,0.09758135393798087,0.16500645815938564,0.07249897826344427,0.1296514282351441,0.10224407703583409,0.08734192695764142
2024-05-17,0.09898202106144616,0.06540067819432058,0.06882515893063984,0.09250369258547297,0.09188393736939833,0.08524694282514897,0.09359600837296768,0.0667811184943414,0.08706942381126027,0.04576525229132686,0.0821884458886238,0.05719731361867227,0.09299604306556013,0.16323876177013244,0.07301311713521393,0.1303119136321184,0.09908876228606413,0.09149177326028202
2024-05-20,0.09636646560531727,0.06689483734085223,0.06798132635216583,0.09300922404883288,0.09155616961763428,0.08549398418545696,0.09360795581883559,0.06617584893712715,0.08812228848040066,0.04555445291503449,0.08292184106076278,0.05705390873809424,0.09333941297229661,0.16480310662107914,0.07365352252685828,0.13055803175211836,0.10049581050092764,0.09124920411370681
2024-05-21,0.09631184128514703,0.06708842687901402,0.06734600320357734,0.09161048330608493,0.09260516299017917,0.08295106171235804,0.09380684870052604,0.06381100616232432,0.08674676132317878,0.04561153405422776,0.08097172033389816,0.05703121616060266,0.09252199806551939,0.1641182628508663,0.07307047299889458,0.13342075948234602,0.10624297758371617,0.09148857175375616
2024-05-22,0.0964432471218228,0.0690715235869282,0.0678910258407679,0.09403685694058721,0.09462955210649047,0.08654458961386215,0.09258900294706694,0.06467512411604304,0.08661102687945636,0.045296791927470006,0.08111406543288764,0.05803444434054582,0.09068028903423016,0.15950412716333792,0.07357776057775184,0.13740594762679054,0.1072477757339279,0.09214455318116208
2024-05-23,0.09655249624124501,0.06774171249305366,0.06789668730043415,0.09897915171780601,0.0985815444402441,0.08622199952986792,0.09448043051105119,0.06411705945466148,0.08392025205174544,0.04451204432170391,0.08370528275842921,0.060625120967763124,0.08615047914606873,0.15969651188691297,0.07308644879364988,0.1371357257903886,0.10748392777271526,0.09284499298073728
2024-05-24,0.09347588412763042,0.06807505359001723,0.07022478611440994,0.10032136828339118,0.1005280462050994,0.09082452951174626,0.0965632871843861,0.06791989092421646,0.08489740499184602,0.043162724336554846,0.08716329957239491,0.061569708388432294,0.08620111268350845,0.15905067893521616,0.07858747877656486,0.13721335642905957,0.1075711335691331,0.0911606869512938
2024-05-28,0.09485441076769302,0.06667649313864375,0.06934710621248542,0.1003345975673728,0.10436947360918912,0.09589451121002458,0.09300767246745019,0.06775677918978171,0.08431855619741091,0.04432057610654334,0.08587151635140604,0.061215887781896516,0.08633644712501048,0.15538704634908104,0.07743987392656397,0.13455686083472349,0.10722000688276576,0.09131071861156059
2024-05-29,0.09434581105250395,0.06629996307805444,0.06929233405494631,0.10281451493366606,0.10390592630883644,0.09430150018846864,0.09610516409817953,0.06981293437226997,0.08927740286956821,0.044303258834330825,0.08737541058254132,0.06177745919624949,0.0856974935576369,0.15536091552330702,0.0766604977987831,0.1375139794609986,0.10408928951763456,0.09201063241867878
2024-05-30,0.09153212645111251,0.0667347952205774,0.0719973443316868,0.10273920490898426,0.1052744047064046,0.09480432536249833,0.09701569647318684,0.06959751287697699,0.09009198595634937,0.045222456238916235,0.08800869499503673,0.06270312337461782,0.08553476051796785,0.15595282333068006,0.07684671056955367,0.1409329418763152,0.10283648760062969,0.0931452280195013
2024-05-31,0.09325220566569824,0.06706692775762475,0.07272009091321024,0.10468629386368913,0.10447463910064896,0.09162694312783874,0.09818661344573484,0.07212807731706632,0.09301206668110566,0.04511970189342201,0.08542860349401092,0.05996287022805318,0.08397980823684748,0.15460766763551356,0.07374858609397726,0.13694899867988508,0.10202392337717686,0.09048108614387738
2024-06-03,0.09449834243678894,0.06683097556532507,0.07483579540633463,0.1103920328653477,0.10268950414618798,0.09441402084448888,0.09849478893727831,0.07378619035641523,0.09238010485008141,0.04449084695014086,0.08555621204849309,0.06016021973969487,0.08431844035198036,0.15487930056140112,0.07484934771078883,0.13954038273715777,0.10344075770835122,0.09076309281066611
2024-06-04,0.09492365685031624,0.0668479289637735,0.07624959331344179,0.10935266841505265,0.10047339670538274,0.09043013002339724,0.09952455298668735,0.07392988740578624,0.09054791349743906,0.044099437774374424,0.08456903612411615,0.05836799077444591,0.08242138732561102,0.15787624215136292,0.07044177612079658,0.1398610064718275,0.10540406606544016,0.09228789459380571
2024-06-05,0.09509681074201114,0.06702086441984212,0.0772728533341168,0.11126695695277143,0.09906689199532119,0.0904432273250075,0.09684413371106923,0.0735109518416083,0.09059509768277792,0.04436383935075591,0.08507768036298334,0.057281426409966384,0.08295844934107643,0.1527632072852893,0.06755724455048605,0.13892649625545017,0.10467471610534697,0.09149382062479619
2024-06-06,0.09689981007966507,0.06773709847885946,0.07658911928212501,0.11528356201922661,0.09942469626332837,0.08970762456045812,0.09683190746036079,0.07286304863586138,0.08863985455099127,0.04432399581489504,0.08443823023204365,0.05726869608310348,0.08731531580052677,0.15376307527398134,0.07011126463905865,0.13844222232942957,0.10348422482111301,0.09235951797175762
2024-06-07,0.09671072791545678,0.06769297195619506,0.07659475184932953,0.11515796421045707,0.09888972840861585,0.09129611952432254,0.09356936429063178,0.07280154067895703,0.08886523520020527,0.0440275151092025,0.08301175460104482,0.05660350787824779,0.08850106362510035,0.1557235516737075,0.07432523588609506,0.13716925305444497,0.10252177716458373,0.09260248641162558
2024-06-10,0.0934304258896036,0.06872085634215584,0.0752618369449525,0.11791647166336125,0.10398459624648376,0.09236149629149755,0.09358252915411758,0.07328556242788599,0.09388444303839248,0.04493107068339067,0.08292411900220512,0.05599546780369373,0.08786190285052897,0.15353428660240873,0.07886420351011388,0.13347727945599344,0.10055905123796584,0.09227774255753918
2024-06-11,0.09326156485671211,0.07191465149666386,0.07582225043195587,0.12055263695669818,0.1032784486041658,0.08820780978670198,0.09440367505918618,0.07230768614985938,0.09388165148427516,0.046588754508655815,0.08419085676978269,0.056226125402110715,0.09046828540152958,0.1539944639272968,0.0814429448907625,0.13160714619930985,0.10108481643579598,0.08852904207226138
2024-06-12,0.0944328676872955,0.07130090322068154,0.0735140615492586,0.1228770426413138,0.10210560317866864,0.0844955829785406,0.09412406698823327,0.0731397036197672,0.0944915302680924,0.04783282480726011,0.0839156917466098,0.05509622841320117,0.08923723107339163,0.15442151853652358,0.07880179302773682,0.13153579670630838,0.10076934633462811,0.08823621565683135
2024-06-13,0.09464937235015072,0.07199571458438166,0.07561186938903704,0.12242702481459455,0.10402073120618535,0.08629175121040301,0.09169470005567701,0.07056839672937365,0.09422711904548217,0.047871453669027945,0.08385004043874529,0.05488098639063695,0.08870436423636537,0.152699936528826,0.08345432760887879,0.13659556201079498,0.10321520919275433,0.08956445186259929
2024-06-14,0.09276446281202588,0.07004610031773953,0.07524336020375087,0.1186773587586067,0.09970592075357583,0.08200006443354994,0.08917001690545555,0.07095317039276525,0.09436792079004316,0.04731372593808063,0.08519270146327018,0.054916668726361875,0.0883015505068003,0.1483578857758205,0.08360556238605829,0.13607409609360094,0.10139059405798216,0.08901766980322504
2024-06-17,0.09457311193470777,0.07018574413643537,0.07517932398792707,0.11852014593951482,0.10210353653440436,0.08421810856533679,0.08926648800927912,0.07018623417899206,0.09440371827565888,0.047385943827599704,0.08604195042296457,0.05231527772081451,0.09110147640449896,0.14791723038530355,0.08363949822522264,0.13600326082874614,0.10142664458580282,0.08872069494559717
2024-06-18,0.0947795159895985,0.07004453104462251,0.07488846294430179,0.11506838775238457,0.10276255093158955,0.08286414594113369,0.09015323184483438,0.0709149544899823,0.09306073397011906,0.04952605373413732,0.08435551257023219,0.052434852885574056,0.08952858139824071,0.14340849045459042,0.08461657375384453,0.13586057065809096,0.10340125057579641,0.09335331457230076
2024-06-20,0.09679731947096361,0.07165899523906327,0.07745964236201511,0.1186306169256051,0.10379014525305244,0.08140844447129629,0.0898582107151009,0.0711504288043683,0.09276364623083486,0.047227529454215655,0.0859330613677737,0.055565447138220064,0.08966273914921064,0.1423006168898237,0.08347596811575862,0.1404173634183395,0.10353690309622907,0.09595280982607012
2024-06-21,0.0992594139362654,0.07514936232599831,0.0747613332462536,0.12107722853061671,0.10150027254996566,0.08128960785091643,0.08855333916120853,0.07369111860574822,0.09732206964868323,0.0474296916945677,0.08582357985971703,0.05578649820732324,0.08591286636958347,0.14667784090675587,0.07974840520335563,0.13898505755307275,0.10195674287924518,0.09402523099621697
2024-06-24,0.09815672750821687,0.0750706240755391,0.07105181733287541,0.12503337259150563,0.09838860532616833,0.07790475328948208,0.08706095161081592,0.07384874282511773,0.09697871007683531,0.047490271110678384,0.08508717994935458,0.05539070476949086,0.08485779286679897,0.1509044246074295,0.07948989244590508,0.1381590583747241,0.10203688836855995,0.0888939152455053
2024-06-25,0.09987266699027007,0.07748044994178022,0.07261477103677864,0.12264894598213825,0.09529675735692351,0.07479190426938134,0.0897504262809027,0.07401683701647617,0.09719001788620034,0.0483700610372211,0.08549914276437237,0.05623597078075832,0.08890142181787639,0.14740836507408023,0.0756646750815562,0.13873436632532102,0.10415840708072835,0.08917389513358345
2024-06-26,0.10132724141740053,0.07602942412331842,0.0718705161449574,0.11713862421306899,0.09238412103554153,0.06775138683699637,0.09128310962877717,0.07329926627383636,0.09883961023596655,0.0480671730660765,0.08573254178918698,0.0569847192377815,0.09026916856091194,0.14681510999419164,0.07573066970508331,0.1338869190355965,0.10353068556122953,0.09135906171959808
2024-06-27,0.09918272866423394,0.07823043369446225,0.07241151024423402,0.11850401695555728,0.0901811462907009,0.06473301342743042,0.0928766698808322,0.07584904952609338,0.09995447112693458,0.04580930548308375,0.08534781075534686,0.057939205516091115,0.08928342563333784,0.14681712790342824,0.07566254111848635,0.13272135087956785,0.10397823919919756,0.09149744164799421
2024-06-28,0.09835522951253149,0.07786738835994386,0.07324731694461366,0.12109587138187476,0.09025804221534574,0.06779395903850098,0.08824645487115133,0.07310555799782055,0.09554514146661026,0.04561752987394155,0.08502194360498676,0.056686779281365826,0.09028439157507546,0.147478758536028,0.07132627280605047,0.13357635903866022,0.10568241816752422,0.09215994720111935
2024-07-01,0.09937056654597398,0.0744492272400464,0.07307316266511994,0.12259392433116688,0.08830369404915377,0.07150032210232027,0.08654657504330776,0.0737851888407188,0.095251671616516,0.04589797565352042,0.08514296796608727,0.056189791665923056,0.09056134709620517,0.14325342591125184,0.07055129718054859,0.13217469658507774,0.09966450140488298,0.09287078600003063
2024-07-02,0.09756796394315652,0.07476814480580907,0.07105124963765451,0.12124194789262498,0.08875367808033165,0.06916986048138674,0.08432898994791972,0.07409306795549266,0.09387419104783654,0.046059451602655656,0.08378821830494959,0.05491927296731165,0.08863711211320195,0.13881051329519006,0.06449535752831799,0.13820779452244897,0.09969602475054162,0.09614697653685163
2024-07-03,0.09742542184879553,0.07547014288383058,0.0708067746648573,0.1205441424675099,0.08850893665272953,0.07095158591891547,0.08473412182397637,0.07293633270201322,0.09211381939320946,0.04769649705793409,0.08365563458544378,0.05468274890665285,0.08672024153294226,0.13538992365907904,0.06554848966944359,0.13969564983077462,0.10075130509282591,0.09457774926969065
2024-07-05,0.09764747108933854,0.07348213773637141,0.07149433814100271,0.11953861195714366,0.08713306732970551,0.07111241619681903,0.08506614069798409,0.07118986944111413,0.09007879205520283,0.047551668771605916,0.08430964101728015,0.05553774256515959,0.08559635163964852,0.13443058047450046,0.06513741357777017,0.1384907880702354,0.0995242333121447,0.09309552611310273
2024-07-08,0.09668164892728395,0.07569057897962221,0.07211835801174883,0.12179421712687243,0.08727027866713881,0.07326228738176413,0.08268832117943727,0.07154682119712266,0.09291008531754766,0.04913659896077089,0.08476212454377977,0.05577954329810922,0.08820084594019377,0.14044819721342378,0.06589961582116478,0.137930156270269,0.10072434053249235,0.09694200656650984
2024-07-09,0.09874586868939307,0.07355631235363566,0.07250219190763525,0.11924704744210314,0.08427219413061744,0.07223979175943648,0.08230015747937004,0.07009214319232,0.09308663862481216,0.04895716085775187,0.08555118856850089,0.055951993247990016,0.08919142242578484,0.13824987872147412,0.06584371885909265,0.13790766535021953,0.09886136218155665,0.09475278380382947
2024-07-10,0.09746172584249298,0.07181310531663496,0.07507876554195939,0.1159984355450712,0.08652479743179914,0.07452957817573064,0.08371941928448516,0.07196257465420712,0.09480038031175979,0.050991481880799355,0.0840289380898716,0.05657148919928735,0.08785624713908413,0.13969759620782532,0.07078757308919931,0.1387590631046729,0.09845265488674496,0.09444393446632919
2024-07-11,0.09578200575188839,0.07406262946108363,0.0734644263066009,0.11673845648786317,0.08984394004609236,0.0754995134987817,0.0842963563952652,0.0714149409667026,0.09310963707407773,0.05036368407196786,0.08207317601192876,0.056728595269242205,0.08350254861992383,0.13665604787708474,0.06919349855770833,0.14057241011696503,0.09811587891606993,0.0980816987581358
2024-07-12,0.09494623119585299,0.07379839244838476,0.07372191176804371,0.11247549217236,0.08963034169460042,0.07715961264590646,0.08620201811288608,0.07355027124952561,0.09620819870331239,0.05282871602344655,0.08557631182678103,0.0569679751186352,0.08736564581337444,0.13960665970728067,0.07154547965637857,0.13965459190654253,0.09811440365547774,0.09884617251056894
2024-07-15,0.09412457280028023,0.07295562223387887,0.07259383981622256,0.11034541005558657,0.09115175186224077,0.07703466526051769,0.08321012160141755,0.07592978636814607,0.09813822359015645,0.05303119298646731,0.0858170555535113,0.057576177891390884,0.09119032453886086,0.1426383579118865,0.07215774141775472,0.13813973100271557,0.09859213365954617,0.09835037400799737
2024-07-16,0.09306523330592005,0.07307266951255086,0.0733871993650477,0.10692952006740401,0.09006991502749662,0.07544317113878617,0.08301605766568271,0.07346972616868874,0.09805788945971053,0.052706488538676294,0.08810635986868887,0.06048009389364703,0.09274982482449623,0.14223924599896046,0.06981607337388664,0.1420444601305502,0.09631580009014876,0.10063878819059796
2024-07-17,0.0922482789064704,0.07156095015226813,0.07305780789898694,0.10901587386658242,0.09127283923538494,0.07643617215385326,0.08295191254606817,0.07870390161096702,0.09702800778364241,0.05273054848589803,0.0894900709346087,0.06019872190022498,0.09092197488925868,0.142256569392477,0.06876564852692756,0.14422025803324603,0.09652132835660193,0.10263969022363975
2024-07-18,0.09266790813273705,0.07575417803589107,0.07457730495811514,0.11316307969490154,0.09066197949721348,0.0773881995006737,0.08402915777361215,0.08186897507575751,0.09874935650962037,0.054710166791669575,0.08916826970596398,0.06018412307362487,0.0885450194922508,0.13890277921086852,0.06680851229372978,0.14386655920632851,0.09773648079888088,0.10166225351568652
2024-07-19,0.0916924034788586,0.07638445297034946,0.07795229410883728,0.11252243121203159,0.08836220797721733,0.07622045556326476,0.08076551310936338,0.07926215622399946,0.09729294334290468,0.05366464405783418,0.0858525171519478,0.05870734235253945,0.08341748732947954,0.14234550017201372,0.06450480340399484,0.14543242798360023,0.09749744351918273,0.10432604356653302
2024-07-22,0.09216895026093927,0.08008225442584478,0.07837814289377772,0.10985870079948479,0.09136422381067023,0.07811299980571104,0.08259825699116179,0.07827889220632964,0.09902663789478139,0.05174437517976345,0.08530022976528684,0.057830370896441025,0.08436144205375701,0.14358779858481116,0.06417699982514584,0.14348162284074384,0.09658567614865485,0.10560503473289547
2024-07-23,0.09150660429038364,0.07955924681277354,0.07698508648571496,0.1100209844743613,0.09331784355783115,0.07500608663283878,0.08448037619010668,0.08035887175372021,0.09999177035714488,0.050273559496257274,0.083802294488257,0.05553726860565998,0.08512165871386387,0.1403334894756594,0.06904775897314912,0.1425810362261714,0.09523609207414067,0.1028421328145029
2024-07-24,0.08802172880556747,0.07948376559042666,0.07755053167636457,0.10968350640498346,0.09240782610661304,0.07558307320840076,0.0857478563219005,0.08301568654224183,0.09871669939722173,0.05142024195945555,0.08552059436486806,0.056529331452311614,0.08459304309894435,0.1363283543800917,0.06901379843973836,0.14392627193268717,0.09520975124301798,0.10328314060769514
2024-07-25,0.08776502641888606,0.07930209177885207,0.07771499123265063,0.11138010057050299,0.0924805307440094,0.07494825812642324,0.08960573455534152,0.08425561754141732,0.10111494238734904,0.05388716115211759,0.08425822991663476,0.05610794798553046,0.08410303802567629,0.13903963273288483,0.06978752199841674,0.14385036048910244,0.09403654020463982,0.09861553195959047
2024-07-26,0.08593447942682425,0.07543969293968435,0.07852015520715235,0.10896650220312341,0.09310749728762854,0.0731556184404925,0.09027295068963019,0.08751956962109139,0.10027472389931767,0.05406843585711964,0.0843090383452833,0.06078749067831427,0.08062413887723087,0.14036809316807633,0.06357317465838327,0.14151439105973132,0.0918057110444138,0.10028755874695924
2024-07-29,0.08589525481393039,0.07705663749661201,0.07521465111779042,0.11264448518965402,0.09417106821359658,0.0756461404356451,0.09038774977783134,0.08869643122820532,0.10018996229932116,0.05332024533519641,0.08590909319779484,0.06360825111995459,0.08208359836395794,0.13954080402202332,0.06647589905276385,0.14384585806934685,0.09193550153735469,0.10430657695903023
2024-07-30,0.08364874905432051,0.07999996224391967,0.0758621154869217,0.11288900070001026,0.09275137176226204,0.07453050914467782,0.08718599069431197,0.08758031241147854,0.09602021716605202,0.05535256509573552,0.08798253280896026,0.06317596956558816,0.08660712987127994,0.13791604215652983,0.06667467273208154,0.13961518918352417,0.09134861510833395,0.10217695071898956
2024-07-31,0.0844284956349376,0.0835582919657959,0.07698281189513902,0.11274541457173565,0.09255866203688716,0.0725547009781225,0.08719533994067574,0.08603535278145631,0.09411711396779902,0.053168873334555285,0.08779202445761834,0.06351143437313782,0.08160918360742113,0.13276149829617054,0.06382389009870688,0.1387498324999239,0.09222007326659334,0.09844874283349489
2024-08-01,0.08595687127364193,0.08149142248505836,0.07811139998811775,0.11111251586165746,0.09240924395469836,0.07235685301328487,0.085970847767889,0.08425756103551611,0.09196272651978406,0.05239307921485208,0.08840117894877746,0.06127541436146478,0.08280538106665467,0.13264648224204625,0.06811682734462103,0.13452070536782812,0.08950814274141015,0.09619896688262093
2024-08-02,0.08543887614249757,0.08645897500678068,0.07768435516654097,0.11097626061067219,0.09460339215954162,0.07034867646843164,0.08653799276508276,0.083814907455522,0.09535073408647414,0.054503796871782126,0.08961889934063572,0.0616285970838811,0.08706757977611006,0.1369211281774739,0.068340964763674,0.13264345908294106,0.08625612867714941,0.09468079760500496
2024-08-05,0.08513285013763412,0.08583991411079861,0.07915438784312313,0.11081115658124453,0.0940879528247365,0.07147020459998461,0.08655762112706054,0.08347406142491323,0.0961493031403763,0.055821337204817016,0.08977560262747261,0.06186976390957816,0.08383907917332416,0.13129736623590474,0.0679049628084622,0.12978349640340925,0.08532933409463096,0.09428926740414119
2024-08-06,0.08502137615405951,0.08528420530134563,0.0800494460154875,0.1151044052058464,0.09463169473092224,0.07466110539955179,0.09022284973773217,0.08759445999540336,0.10115401290052838,0.05501998088061973,0.0874444013744949,0.05951362237828036,0.08652455451158443,0.13097850567247735,0.06740236349584869,0.12963349925728837,0.0851643346502255,0.09487854814208048
2024-08-07,0.08762664718308864,0.08255616900907434,0.08108563136491645,0.11258125551741413,0.0946189014250835,0.07401320863309649,0.0889749304975663,0.08788268115935186,0.10131857775007487,0.056182129699279625,0.08784650997146613,0.058649756125482705,0.09103511026469024,0.13358049420959267,0.0726923746793913,0.1284421950748297,0.0857492272789884,0.09635655402278548
2024-08-08,0.08584085878088868,0.0836251328955477,0.07885519290265633,0.10824977643913597,0.09679955213241745,0.07132600513300622,0.08678925145855633,0.08588376292022729,0.09977703777940336,0.057786300175192935,0.08906741552976193,0.058847512362922495,0.08899241510363666,0.13468674152823054,0.07292340477048813,0.12520677924300316,0.08381581935038766,0.09451399135974901
2024-08-09,0.08844657175867024,0.08387296421847791,0.0790320144151403,0.1083587618191136,0.09721870309553363,0.07039870271923657,0.08541763085300982,0.087211619776276,0.10109045037512834,0.05755297967398398,0.08880647310587103,0.05984187971396199,0.08673817082578485,0.13677144245047962,0.07088495503436341,0.12215984243292922,0.08235966734600977,0.0958063491065794
2024-08-12,0.08622745424188942,0.08253271871188683,0.08078231554262029,0.10833184599869765,0.09533132672492646,0.06951021375991909,0.08628537627380327,0.08905821124705304,0.1007515167159868,0.05752128111694369,0.08537517161731893,0.05842604545306435,0.08820274009273164,0.1376787770275024,0.07515413254258987,0.1219692487497579,0.08238593003114368,0.09518674811179315
2024-08-13,0.08625622877690096,0.08269746309385048,0.08304254590207796,0.10956096079801937,0.09611476301579644,0.06974415709915832,0.08652259754361089,0.08988066600458966,0.09979038695063164,0.058232275527001956,0.08754784711332173,0.05690323979554955,0.08744326771494604,0.13506319940124392,0.0743155226504812,0.12139122460159382,0.08022311807587738,0.09481219447322813
2024-08-14,0.08891033080952003,0.08200801193520982,0.08447789938235686,0.10934541009927419,0.09581134587262681,0.07105384880103965,0.08773129653282453,0.09155833589717373,0.09892930124878209,0.05884615642293446,0.08960618107497824,0.05653850263402267,0.09332375974836471,0.13493215742878018,0.07454286025164024,0.12044605031046943,0.08178315676984714,0.0961461120442072
2024-08-15,0.08775198846031303,0.08336974827441772,0.08423155836398477,0.10826703017009387,0.09770372950060864,0.06760208842684202,0.0880570314594352,0.09148814276236533,0.0994070887864579,0.060923358104978315,0.08961960253107892,0.05628118695547838,0.09281178396905025,0.13360988964352286,0.07427501811116828,0.12076223823419499,0.08191517131476883,0.0969455160853788
2024-08-16,0.08873638120607347,0.08101540899975668,0.0846476790958461,0.10685018116678464,0.09650360826092333,0.06590935887638953,0.08901134113963112,0.09234398277862853,0.09985488295889258,0.05983593789174656,0.0892280911473679,0.05495178692221012,0.09557850793880866,0.13654710840977347,0.07619149536331553,0.11825302449784,0.08302900002031248,0.09955197900750817
2024-08-19,0.08819782216629003,0.07946169950475436,0.0846334911442048,0.10583536907381276,0.09570369997297706,0.06435214733662666,0.08892399183920258,0.09253625757624,0.10009969781536665,0.061382452178617555,0.08700385413395294,0.053843790403817524,0.09756222302292288,0.1348898470155394,0.0834034463969934,0.11784124576277792,0.08581294045388091,0.09616162721260504
2024-08-20,0.08935170568113121,0.07805621273201097,0.08628092861163258,0.10400025166602257,0.09280464635714501,0.06540194135852119,0.08965124125224659,0.09341587996785279,0.10234984231799901,0.059685760001498535,0.08689528426285602,0.05410028514257831,0.10669612414217099,0.13818837018375008,0.08843875125693745,0.11906123397231486,0.08527079210817917,0.09208570929383886
2024-08-21,0.08827158725475491,0.07769942804076016,0.08668482451104494,0.10375843001261033,0.09221205652915766,0.06362880754519366,0.08986716553901211,0.09139828929213646,0.10097626579321496,0.0590416166738667,0.08634091084557535,0.05497744939566844,0.10554246631623355,0.1417882760542236,0.09017810554470694,0.12223611171138504,0.08340446183915706,0.09312011317404251
2024-08-22,0.0867241727765495,0.07739527390749383,0.08533299166086245,0.10553978909937714,0.09296366563157099,0.062232754264051615,0.09076000822538725,0.09069731948087566,0.10119941443412334,0.0613994679822803,0.08469047168972495,0.05619453694356274,0.10040321386448693,0.1418743036271078,0.09133700269092103,0.12129992528698841,0.0837904306088875,0.09637221417383489
2024-08-23,0.09046113061448299,0.07777587488778334,0.08547381581841976,0.10554705253560537,0.09289428886997032,0.0628010890647635,0.09216270439114933,0.09136320509794245,0.10194142667752629,0.06235869340501685,0.08452795267377707,0.05578308784447761,0.09796060694886882,0.14221918050544652,0.09465473404043735,0.11963956493807705,0.08202410261530306,0.09549585187258396
2024-08-26,0.09072070754312489,0.07598523158869638,0.08664641126720121,0.10450826531541717,0.09417118625689162,0.0633361921551095,0.09162162550150575,0.08925199552001038,0.10220297861983413,0.06072799037129706,0.08506207690234183,0.05567098103572832,0.09303229579999366,0.1395209757169661,0.09277777600962907,0.11917534348026407,0.08235550359866083,0.09123352423374617
2024-08-27,0.08932063348957918,0.07660424473579823,0.08588040919127721,0.10257600050723177,0.09333944730330405,0.060672207347678815,0.09130887563497789,0.09301326640804232,0.1046744591605924,0.06296472469574753,0.08636521125388308,0.05596202601731133,0.09547533174204317,0.13606989290795743,0.0920792588138683,0.12050782933853077,0.08190736189892343,0.08848834299616604
2024-08-28,0.08947115788317832,0.07679378602026522,0.08679855731065012,0.10295555000244155,0.09138403490334865,0.05955466165430296,0.09004200321228888,0.0931361821012194,0.10511082910477028,0.06178701993998839,0.08501046083116723,0.05593597152470602,0.0959688580188866,0.1323703919517325,0.09241541633700351,0.1204668470535646,0.08183514864432412,0.08453605050282968
2024-08-29,0.09056286122444994,0.07908125660730174,0.08731662660423778,0.10151683238813207,0.09029660538514737,0.06042095700279057,0.08811611179455656,0.09205105090043642,0.1067337961302038,0.061646337439013286,0.08476623936494175,0.05614879528292026,0.09020225601261556,0.13229484161173957,0.09132745061178475,0.12141150262725296,0.08110064135675411,0.08461288874772821
2024-08-30,0.0879653418715794,0.07921635750984334,0.08506643894873722,0.10130343082889985,0.08818164013669456,0.062488518130438965,0.08917662946577994,0.09281612784523506,0.10656692930220008,0.061514261585668785,0.0849679736621965,0.05565643957359247,0.08650229252168638,0.12763319066621923,0.08961871892986213,0.12374116485526361,0.08046312052900874,0.0862880747115808
2024-09-03,0.09053300836504799,0.080126039974141,0.08417349120359612,0.09979913765552507,0.08683873658094265,0.06282480009542739,0.08977675126430688,0.09193535641705429,0.10717675585556094,0.06179727058485364,0.08409337740883814,0.05852812241878811,0.08597192090957977,0.13139215234929708,0.08840347671829786,0.1264191589223993,0.08195375161555969,0.08895081824096508
2024-09-04,0.09022918958972444,0.08025973216705293,0.084749024825954,0.09950032986691683,0.08989502042047136,0.06217498136973863,0.0892025497779102,0.09150128332816752,0.10512834227705573,0.06310861078134712,0.08521379657958056,0.05934794137718554,0.08265880513821963,0.12771996741937877,0.09187883692430124,0.1294663588448073,0.07889217627805133,0.09085818862489414
2024-09-05,0.09135978286391776,0.08016263002671162,0.08433932411040042,0.09753950411696444,0.08693328439656021,0.06541892144686398,0.08736372776258627,0.09285269015316508,0.09948959249751337,0.06362130479324568,0.08461653471372228,0.0600295069348379,0.08079280717126391,0.12358033613872024,0.09131070797270743,0.1300406109941945,0.07633070217712781,0.089547065277654
2024-09-06,0.09060061881104195,0.07813491084228044,0.08451187796385745,0.1014279482241735,0.0872390504905326,0.07042751645151252,0.08877709354879777,0.09299470245544561,0.1007175073564904,0.06276549670367658,0.08711214935200397,0.05984720054556912,0.08293242642345247,0.12498627737203045,0.08687775298845721,0.12958516205496637,0.07650916585387718,0.08762027811331786
2024-09-09,0.09723746760464169,0.07606883884708648,0.0855828907795314,0.10134776458219694,0.0870208194415995,0.07358715241682358,0.08877652546793922,0.09245075974235026,0.10283741925486657,0.06292581463676905,0.0869389722157799,0.060761951020389914,0.08164614353404524,0.12437297347811856,0.08451391360548727,0.1315322096636958,0.0774028859626609,0.08834611146849292
2024-09-10,0.09883498932375048,0.07344676128989465,0.08479600472979346,0.10163871827740112,0.08881658146256263,0.07530489587934565,0.09050558058914873,0.09224244166211466,0.10420144739710814,0.06436619276736075,0.08574804857271077,0.06523853221226697,0.08217149303573613,0.12909089041969576,0.08324114270749954,0.13640555243608612,0.08395333786471827,0.09172585124870941
2024-09-11,0.1008313197724564,0.07181449937305258,0.08206162690392643,0.10120187937451974,0.08918377316336185,0.07637035293527115,0.08931323476245609,0.09418394564566468,0.10436078100702606,0.062485062166638995,0.08409499834552374,0.06602876383722256,0.0835682616775921,0.12943017994448897,0.08309165821509647,0.13096689653237598,0.08192093103527157,0.09059454299345902
2024-09-12,0.10264645848643511,0.07160051668112596,0.08240944873438949,0.10316799780454407,0.08912436278540412,0.07872424003345552,0.08790733598676452,0.09322749804497364,0.09811319457965463,0.06156100621316529,0.08670304897515922,0.0656182620460684,0.08572845967029485,0.12433723685669865,0.07879992866321366,0.13029257333143918,0.08216896230436901,0.09120048943180321
2024-09-13,0.101197611620266,0.07186643687790663,0.08137450483212734,0.10641016986934547,0.08944781034365798,0.07826618031130134,0.08872525574955109,0.09521003021292383,0.09753908121607235,0.06219613705831774,0.08609471212746057,0.06664746180795031,0.08930145650675773,0.12642284976915727,0.08576159130926023,0.1273296983483935,0.08373977646248823,0.09362044447255218
2024-09-16,0.10055849153628271,0.07146278675915507,0.07958803960316053,0.10713980839228156,0.09178538921874192,0.07615615782532982,0.08864589766219932,0.09722314384812937,0.09958798726199772,0.06320967792588686,0.08300504826442186,0.06554677400266078,0.08797808288519915,0.12425842042362303,0.0854722856729835,0.12685414479524063,0.08777318732662169,0.09315169165017666
2024-09-17,0.09675614680583947,0.07082417090192841,0.0819584520715232,0.1056456422918127,0.08803977230385122,0.07365322736800448,0.09019526764506786,0.09686603091038913,0.0998222331078959,0.062769042257921,0.081541446812712,0.06581818316020999,0.08649414628173159,0.12841836791365474,0.08536252720129768,0.12437069589499862,0.08377659638139386,0.08996119013553175
2024-09-18,0.09226064508666412,0.07172983799891489,0.08213396697444732,0.10583419430036234,0.08759157727989283,0.07490643960946482,0.08947438351015022,0.09657006195456547,0.10199165926598684,0.0614376349165222,0.07983330184381537,0.06422351636347248,0.08438097694841569,0.1288348478357237,0.08628764844609396,0.12174954721885124,0.08450894686192484,0.09179854458690177
2024-09-19,0.08972674649768367,0.07078965864811311,0.08293075788117135,0.10587950915289693,0.08517822067559114,0.07430651276742714,0.08803979691236648,0.09280807051698282,0.10093827132156308,0.061436535960592516,0.07782792036879087,0.0633650936492373,0.08799831118786994,0.1277622844276827,0.08297819097776916,0.12405103301889775,0.08372997125737427,0.09469059048805181
2024-09-20,0.09070652654481885,0.0718644081991637,0.08234993488843055,0.10676360825266674,0.08673759652827226,0.07372562835133402,0.08845007578037399,0.09435778946439274,0.10188362143972331,0.06200707002934811,0.07726885367458904,0.06351201277433291,0.0918700260754915,0.1302101580549757,0.0868396686757551,0.1227299493134,0.08316978252424735,0.09335922506103789
2024-09-23,0.09069721189618332,0.07208318395162046,0.0823588121990386,0.10740723460850748,0.08530090312619762,0.07406199006750742,0.08631570920250796,0.09423111403454665,0.10125739603441732,0.06285243030172512,0.07433443172807742,0.06393530527663004,0.09318014042772055,0.13578813862417322,0.0839352095576316,0.1215703481225484,0.08016635081849544,0.09219379226869474
2024-09-24,0.08942946358083115,0.06892029234825303,0.08206139224568938,0.10594512178569358,0.08578690413485807,0.07215005188778777,0.08389331147917577,0.0939870101429361,0.0998696893704192,0.06336225426454321,0.0738271043141788,0.06699306092265227,0.09457303424961708,0.13825618678784887,0.08362551471555246,0.12004253440102187,0.08268295949086611,0.09473553260665614
2024-09-25,0.08978870967572558,0.0673703757054709,0.08377163368253078,0.10781991296188452,0.08643725309529575,0.07314534101040389,0.08660596360591451,0.0943231231576993,0.10004568665798497,0.06301561411641918,0.07513122255398152,0.06639205024530635,0.09330325423592913,0.14039187371655498,0.08120876172292654,0.11862792464107726,0.0819702632098653,0.09146649118699464
2024-09-26,0.09189633589705462,0.06862258042688864,0.08430311369509887,0.10506749116211152,0.08756378958606668,0.07193208208076257,0.08753952217478861,0.09258711139385419,0.09950276038554035,0.06441158151354333,0.07525996287111449,0.06589533898469532,0.08999668426411599,0.14050338275758817,0.08128079838285542,0.11716522476994332,0.08256708532362826,0.09476641350874213
2024-09-27,0.09286180982410541,0.06663081884208183,0.0803813299320898,0.10625336395590525,0.08941523167430201,0.07211655246105697,0.08766781064295989,0.09180281464733991,0.0978806631348424,0.06809517043463761,0.07646906503464283,0.0653717414423599,0.09043169627787039,0.14135207459409863,0.08283022323832093,0.11283482332644429,0.08182234992880974,0.09408302046752713
2024-09-30,0.08954169161767983,0.06696957810477298,0.07896585377931416,0.10272166240922856,0.08821938486339509,0.07066973556810889,0.08974095123784544,0.09716445408800922,0.09894661930580996,0.06856981213786152,0.07607512212433501,0.0654394234136585,0.08964237623416335,0.13710366390530312,0.08246193701988147,0.11190002636800464,0.08197971551430364,0.09248630952188482
2024-10-01,0.08616337512559014,0.06887520062909147,0.07865617626747456,0.10172803074476823,0.0849192863907515,0.06926681878837593,0.09165526440102331,0.09686363523423118,0.10136787318348651,0.06775438517259395,0.07500629486933917,0.06526340525679353,0.0886586349892252,0.14031898304927776,0.08257315266677193,0.10877610702725399,0.0824234272897729,0.09382960138788632
2024-10-02,0.08604202268921594,0.0678138287140745,0.07908718900537834,0.10233194467433628,0.08515499559131591,0.06608195386833067,0.0907007383338894,0.09653968936473098,0.10021741559908004,0.06557002461581488,0.07401870599008685,0.06492908957862421,0.08808168979931402,0.13986244804357675,0.08547749419131208,0.11119000470167455,0.08325473303686265,0.09307082336948372
2024-10-03,0.08636743397071593,0.06664488881531928,0.07797984830273891,0.10273575060617665,0.08927678375051053,0.06647850179914956,0.09026724798466465,0.09803585561571337,0.09929949466040254,0.06479742958155484,0.07355374680913172,0.06529532510344582,0.08825923322256157,0.14059689228029845,0.08791638409678562,0.1094467409518547,0.08298477417263582,0.09337721001032008
2024-10-04,0.08511101481131156,0.06759329834139122,0.08122032336015457,0.10143705564494665,0.09039794150822314,0.06898167375503123,0.08767129790933943,0.09711699167637552,0.09892765143730681,0.06339730782141355,0.07819169276077106,0.06701946326669121,0.08864263669298979,0.14085017725897198,0.08996223431531344,0.11199462493008888,0.0811822125798876,0.0949870571092397
2024-10-07,0.08525721606277398,0.0668067184492538,0.08300582839308465,0.10106316840637611,0.08997619981363626,0.0691492327151572,0.08667867552098514,0.09471384376534928,0.09823301591329438,0.06504110303866385,0.08077373639411338,0.06744768798759516,0.08561762957267849,0.13823815133528186,0.0818179550753057,0.11215691058664852,0.07782406078531155,0.09040665853278232
2024-10-08,0.08282430699536017,0.06419786476816104,0.0825075239186807,0.10195314618275654,0.08927335305933269,0.07289855828932328,0.08946340784780267,0.09583978216661476,0.10027776790128022,0.0659870358870501,0.08226856976163566,0.06988563280761373,0.08575703438734752,0.13755909844645695,0.07655606209328077,0.11148682487433083,0.07891814127996614,0.09002855770453452
2024-10-09,0.0816583829036514,0.06476880979396232,0.08264089559981727,0.10185133033679883,0.09090861036053584,0.07396043384257525,0.0924429696257086,0.0959552306187312,0.10072946683836559,0.06448505374740653,0.08323555502565852,0.07048921447825449,0.08566918521257746,0.14029505931566466,0.07539600439859251,0.11312116035303615,0.078529338470771,0.09329954059477066
2024-10-10,0.08197968411592099,0.06406493202189965,0.08005434952039331,0.1052008198388559,0.09077296653838084,0.07524928800781105,0.09276189508706317,0.0991776148339535,0.10066064091320781,0.06476119633127907,0.08316083997018804,0.07196816008200624,0.08773295513054713,0.13960171698489002,0.076206943142208,0.11471667875334852,0.08003322820224663,0.09581444092440047
2024-10-11,0.08091767972591514,0.0635322398396563,0.08026012756149459,0.10301042107954529,0.0885973594389114,0.07165557614051317,0.0925492812431271,0.09839947813847492,0.10045857607380938,0.06431815795839423,0.08320870990394424,0.07159800506906003,0.08408839477263619,0.13348656868113865,0.07617195030878365,0.11309401839788186,0.08005266909377867,0.09582893265619746
2024-10-14,0.0827896308828096,0.06364832054785745,0.07898065551900979,0.10153437158535902,0.0890291640331859,0.07131700325527246,0.0934803312761459,0.09946960877123323,0.09959530516244257,0.06698753716825359,0.0849610145243732,0.07374474848104721,0.08397578804375859,0.1374822671267017,0.08023309075834174,0.11262295574391688,0.07884194867055606,0.0963099390765783
2024-10-15,0.08317147580618679,0.06306427771907304,0.07777452838654211,0.10322081846558008,0.08845750587757596,0.07281693385670845,0.0943402766535221,0.10261458810930456,0.0993014616379026,0.06558114467239212,0.08454522509487017,0.07658402869036676,0.08944811549268479,0.13630476571304814,0.08544654233785931,0.11239035385934348,0.07570584663491128,0.09370433095521026
2024-10-16,0.0820467738807691,0.06481124273957342,0.07807264032126716,0.10320343805993495,0.08775763839789422,0.06993176949215853,0.09661325958016287,0.0994094939478728,0.09895810644396863,0.065041459858484,0.08356684204323689,0.07657857481066939,0.08023489391622848,0.1379027168398433,0.07474821220324399,0.10856229731758701,0.07719909775661436,0.09322494389926572
2024-10-17,0.0824983171817499,0.06550696449997913,0.08323291846941043,0.10207593474287681,0.08970705741946221,0.06925675385662272,0.09515046667070202,0.09921110994751035,0.0990094427552782,0.06442634126120927,0.08342441786356662,0.07765079035925417,0.07998109761774425,0.1313136631478978,0.0721883852194091,0.10541732488987862,0.07558602695104814,0.09187459182153077
2024-10-18,0.08324842516015772,0.06566669430653155,0.0851563826037103,0.10180232578794961,0.08856587092248636,0.06881061157983678,0.09329160654132741,0.1016398787186117,0.09970577048899637,0.06527991195370436,0.08096243023944139,0.07391702277104645,0.07676849867956079,0.13186490499091838,0.0693186562218661,0.10449655907459816,0.07498446259246172,0.09262608161467227
2024-10-21,0.0811654698767242,0.0640296990606244,0.08641621963990563,0.10346306395269457,0.08678081555348414,0.06893915748210244,0.09133384571249126,0.10094862184250236,0.09946542999989702,0.0643514478384554,0.0803737940421139,0.07342021643724318,0.078717083725875,0.1327682571762173,0.0722992464451141,0.10250324295388955,0.07959050558163891,0.08909900433231498
2024-10-22,0.08229385681831758,0.0652767811952963,0.09088453766669771,0.10169468156477424,0.08413181877510471,0.06355764728779119,0.08908615794554994,0.10004913504856114,0.09608642709254203,0.06417709495318302,0.0804269462785861,0.07402173074052627,0.08094021087305313,0.1329461335090905,0.07398282450144267,0.10312444624165044,0.07904450886739044,0.08721002040184164
2024-10-23,0.08182653486826898,0.06215381030552154,0.08960733797705535,0.10129787139240731,0.08470782488364574,0.05966997511327051,0.08789182318545641,0.09620181219307491,0.09402324712443677,0.06327751790397819,0.08062272423738004,0.0745868036933756,0.08168453858299653,0.13298326210445113,0.07224390287518921,0.10374292678145147,0.08174026285346735,0.08880813282138955
2024-10-24,0.08139245119315575,0.06414892019209739,0.08556569682605931,0.10204846790307052,0.0874866261237274,0.06372955996541543,0.08893406804262065,0.09717630542365999,0.09344513412602631,0.062099150009816965,0.0827559632546705,0.07442397463129562,0.07678137856180463,0.13304185071068325,0.07442054783065354,0.10453874109108316,0.08201337125811897,0.08807341414592326
2024-10-25,0.08153704042850148,0.06551943484832572,0.08526685595124421,0.10240036644758942,0.08872224736933623,0.060006826873361854,0.08468139544722045,0.09167792775618024,0.08735855659877016,0.06265345873623011,0.08361357500104387,0.07411331184916226,0.0757079423342323,0.13339485513284147,0.06871408717257563,0.10449318286292539,0.08252952734858435,0.08618995846117232
2024-10-28,0.08179224256525246,0.06726145671185807,0.08609326893946195,0.09899842614052085,0.0891032259833792,0.056071505099784646,0.0860843319028786,0.09444713516328296,0.08744865891439074,0.06357817735533518,0.08333392188852237,0.07524822627552778,0.07945300459941916,0.1337853418959468,0.0723918549811694,0.10608761603209524,0.08343475195931654,0.08898146133528247
2024-10-29,0.08075600457365992,0.06813006985602467,0.08573783118642399,0.10014603178119025,0.08743945037557328,0.05465391651570989,0.08712130049083162,0.09802467342185697,0.0880402623385595,0.06330434326321238,0.08367935214251825,0.07529757780961698,0.07823076902708097,0.1328300657003572,0.07635458599493535,0.10542925688754115,0.08124499829611068,0.08734596230198499
2024-10-30,0.08238007935970433,0.06826971956665938,0.08240094576267273,0.09698853266858876,0.08642871471898349,0.05182109081768489,0.08514643020033476,0.09784453906064415,0.08882972231287166,0.062156111704627266,0.08401126606934047,0.07480770272640165,0.07973454407331472,0.13109338535802983,0.07863269179841802,0.10307321643776617,0.08134679575858259,0.08696001284024876
2024-10-31,0.08309184284360135,0.070215159235428,0.08521954172520606,0.09326470036956037,0.08593544663956763,0.048820458138204924,0.08304809838665309,0.10157578783244424,0.09113774419056157,0.06423470379942942,0.08558954722791243,0.0730568795995032,0.07945741883484159,0.13047968508821503,0.07778032277614748,0.1012230166033045,0.08106253924871976,0.08677305232433366
2024-11-01,0.08445070958814047,0.07120177774814464,0.08666365261283322,0.09373334790137344,0.08323549365624344,0.05180970405746819,0.08439805242534286,0.10329905600824169,0.09266023651156376,0.06373796958595244,0.08528344105970903,0.0744712974867085,0.07744922108283515,0.13109795848918393,0.0733685137452004,0.09932305980607908,0.08149068442878184,0.08638869502867243
2024-11-04,0.0858819149991371,0.07117151251804381,0.08737915369246212,0.09749454049518808,0.08345188393896226,0.05066901336103528,0.08250130469024722,0.10336910041950235,0.09346850898380478,0.06308915069872488,0.08341534087474209,0.07451263756177143,0.08021255511610487,0.13340290113095718,0.07580624149475812,0.10151776739107571,0.08205146936160795,0.08518869165384117
2024-11-05,0.08702570999405736,0.07172240221634796,0.08762985995334929,0.09799801575126076,0.07957841217585603,0.05058750249669217,0.07980662933962004,0.10229758542517695,0.09324557708722514,0.06379941652809261,0.0865184074597518,0.07390837089826845,0.07996602869991533,0.1293985861682991,0.07478502943902951,0.09788999392812973,0.08332529569577335,0.0854732776964158
2024-11-06,0.08430594486033684,0.07150257348631546,0.08613241524819501,0.09482843433829091,0.07770685746391373,0.0505575625997647,0.07978376326980284,0.10235353040812757,0.0927097320528239,0.06400862943213938,0.08637507702104429,0.07566419708054703,0.08410459798793683,0.12767242098362502,0.0738084351547879,0.09845676351254821,0.08634497629666454,0.08966402968067592
2024-11-07,0.09025662342847754,0.07323234671287317,0.08568641792467203,0.0951155951895285,0.07853592415663146,0.045108901950201355,0.08184963640564157,0.10259573329521139,0.09370508801927914,0.06312127594734189,0.08453850402225652,0.0749878928971153,0.08110480811325915,0.11950057441116085,0.07555880977260637,0.10161212788550392,0.08849165276367946,0.09016180056504665
2024-11-08,0.08921259265513809,0.07318173435402882,0.08759164926276664,0.09384996261660257,0.0795892816625865,0.04660357505195765,0.08091392688787667,0.10227388768727795,0.09415382981159792,0.05966877703200487,0.08292175006968261,0.07467877615257004,0.08550696496765245,0.12333468347045318,0.07705091165966049,0.10209872174310124,0.08431463418617878,0.09130575149445168
2024-11-11,0.08966114024345427,0.07332311090758503,0.0877471073265102,0.09440871075007205,0.08218662453400953,0.04680993956004351,0.08398201657111222,0.10111997545439928,0.09441452742397997,0.06085869510130284,0.08452299308823631,0.07687085598369767,0.09032051056243752,0.12398760840159025,0.07896711347274527,0.1049328537601754,0.08433560691278326,0.09436682333594114
2024-11-12,0.08965936375153218,0.07313251549900282,0.08809730120031863,0.09532351106521444,0.08360017230792902,0.045625042055701254,0.08477054112791145,0.10128805611852772,0.0951171107274561,0.06454441223038497,0.08595643301037563,0.07798754102394759,0.08802130844796426,0.12012787587995442,0.07892888516654015,0.10296139563473666,0.0842692053578844,0.09417415702513501
2024-11-13,0.08957639305078782,0.07242245450774928,0.09086986613002324,0.09407734372464012,0.08305771824411047,0.04584152816532517,0.08490727626438092,0.10080636505818483,0.09410014794924608,0.06428387760801577,0.08401196819843036,0.07784316459664856,0.08532731121017892,0.11867702746102278,0.0730905491139269,0.10183487197255067,0.08363328045990792,0.08964320038370233
2024-11-14,0.08787721976320428,0.07137413906913476,0.09220958966029841,0.09931413639473602,0.08083682334956459,0.04910210197618671,0.08430395798740685,0.10156873860596889,0.09505465424126683,0.0640774220695642,0.08188433848716115,0.07615557745521209,0.08178283045720648,0.11513587569943287,0.06608627865206561,0.10289787811344496,0.0850287560671008,0.08937259269757837
2024-11-15,0.083453119724757,0.069475656256889,0.09278429016365174,0.0994986537045951,0.08148788159774317,0.04991160765811896,0.08361536417238838,0.09851524316346011,0.09443859876645987,0.06534265011947071,0.078124145663722,0.07247758483321858,0.07890422945880743,0.1130884319309989,0.06673619725782387,0.09623448279761584,0.08004077049049299,0.08455942823455968
2024-11-18,0.08561417227137341,0.06959749938896762,0.09293319341579569,0.09883881807385816,0.07965679327305611,0.05070236540199503,0.0829587248969138,0.09783458823573685,0.09094849818901511,0.065453752738816,0.0789953377733784,0.07271099995201005,0.07757231994957325,0.11641305463744611,0.06744764234239932,0.09986852772605984,0.07404856241243205,0.08027822434410084
2024-11-19,0.08490885911166292,0.06897635093517294,0.09327935959544978,0.09826603636376527,0.08045498644367989,0.050379198609595506,0.08483455224316153,0.09702320920201851,0.0895075945269599,0.0629129027452315,0.07998720596326786,0.07252087873346914,0.07761094487818228,0.11432056428300093,0.06362977345025234,0.10177613609885074,0.0766290423760857,0.08330296783003915
2024-11-20,0.08644301534161235,0.06993606040073037,0.09609976747771846,0.09393140909536508,0.07942584333683637,0.048750698190085415,0.08532376881654051,0.09741263018172526,0.08930675475280751,0.06278704684382869,0.07999291157259575,0.07266869259022533,0.07923667004594265,0.11353528258559117,0.061246197717400946,0.09726434242033545,0.0787068946298166,0.07841772151561585
2024-11-21,0.08475949783791459,0.070404496518788,0.09728911501364117,0.09273422872690615,0.07901600316935826,0.0465590361026149,0.08333964608487789,0.09509540117530889,0.08620100572476158,0.06234846437899497,0.07992360313581606,0.07684457231766705,0.0831923574800766,0.10996628730188983,0.06156273369574429,0.09866828076788063,0.08093458989541379,0.0765712281181308
2024-11-22,0.0864247791995126,0.07070848070809188,0.09492586131330562,0.09718407996884892,0.07794380226688892,0.0500330115532318,0.08388425341871261,0.09538718537832754,0.08758089865714727,0.06411864330408928,0.08237883124253213,0.08147506199852414,0.08327380251554323,0.1125987346665212,0.062112701056675795,0.09927657901203765,0.08163073750672842,0.08037991823510114
2024-11-25,0.08566433058445252,0.07082222495909161,0.09502317985537617,0.09591439908842289,0.08474514609800272,0.05067378470486472,0.08252111065172679,0.09320479369863066,0.08786243288442445,0.06445632800107282,0.08178335753277421,0.08195628804415613,0.08113821824571803,0.11127270769493261,0.058652235757087216,0.09755632896212625,0.08199196278278213,0.08409299089722844
2024-11-26,0.08348666868604218,0.07083017335867145,0.09399406939228971,0.10091930352892595,0.08391538554438402,0.05251909295373848,0.0819113296049224,0.09273867695707126,0.08891240985007172,0.06584340905611334,0.08337900989674661,0.08217450871338572,0.08509779790059933,0.10886866212349325,0.058571132331935546,0.09632008700920504,0.08183364414939741,0.08296371523696103
2024-11-27,0.08324277823124447,0.07109170711945854,0.09276398251470327,0.10241161362722925,0.0812508187184448,0.05254136853891085,0.08184435557727489,0.09170150349781697,0.08783708103247295,0.06646241907818891,0.07959332940971983,0.0790413756969647,0.08724709553606277,0.1111248053957768,0.06315439854356103,0.09258873278030512,0.07865542454762885,0.0844740557842473
2024-11-29,0.0839705505584269,0.07213255467241772,0.09247171795809489,0.10424039759763923,0.07962713792513548,0.054158320611797844,0.08300895635838167,0.09308173968178365,0.08918172791385476,0.06633314805992427,0.08204953086562672,0.07706250235356212,0.08862494637626708,0.1133532200234251,0.06311879865670379,0.09256178563705841,0.07983757795362352,0.08237347989402183
2024-12-02,0.08200567632983756,0.07143885920185727,0.09250950748254311,0.10427152079841626,0.08112635662839662,0.05332301600345992,0.08243566423306568,0.09470065189026691,0.08794577393498644,0.06654335173691796,0.08441012280031278,0.07644197281523758,0.09029606556110185,0.11533448703946711,0.0640245362854161,0.09329697404336577,0.08153509423503284,0.08473930769015894
2024-12-03,0.08236209214897619,0.07129885600640382,0.09031551753098721,0.10380844854113885,0.08149778702747275,0.05372462749839236,0.08139874972616597,0.09545377946784331,0.08837890564797504,0.06548983928471415,0.0837047591009941,0.07675181494337123,0.09026511222180751,0.11567965464297877,0.06765989614832668,0.08997926888557194,0.0811462767522378,0.08441657127740308
2024-12-04,0.08221885691097638,0.07203855350271006,0.09097010530144241,0.09928961200410495,0.07605916365815411,0.05266160447210776,0.08125163465726684,0.09627916533163314,0.0897772623489633,0.06538993390740325,0.0848228960909222,0.0734734075766812,0.09529831162857554,0.11414053925536044,0.06565323551069435,0.09211357672957077,0.08046633649678644,0.08336301495131787
2024-12-05,0.0830601452815068,0.07160536327171847,0.09082601440214762,0.10117399060177663,0.07663795062745506,0.053838396466524274,0.08350342596767045,0.09548239062911017,0.09073277274127972,0.06533193569528693,0.08469845804953374,0.07408369449243007,0.09782218627218528,0.1110661501625256,0.06954227722673677,0.09250082946809085,0.082508086737633,0.08409139965890262
2024-12-06,0.08393012923988316,0.07101898287835108,0.08752997413428472,0.10263303858765062,0.08040642066804687,0.055357658838851936,0.08119160483713933,0.09436087698427018,0.09535372272201571,0.0652041398155416,0.08292009277888779,0.07255193049001894,0.09604088850463544,0.110858439676698,0.06545770887665563,0.0887200103565573,0.08136793285430405,0.08108139785008321
2024-12-09,0.08397888717823994,0.07010777126148293,0.08799999330137759,0.10214099423692423,0.08213320026085039,0.05466744343036246,0.07950430482928898,0.09445847232304168,0.09282799528431782,0.06600397557363648,0.07983903134194696,0.07436802444233817,0.0926658130713587,0.10912903730785382,0.06294066485491705,0.09330193730253035,0.07962644704286179,0.080748625428579
2024-12-10,0.07995631134831745,0.07060685360154041,0.08779869039290604,0.10003452111012642,0.0826230517935785,0.051838859335182244,0.07867440265954198,0.09476264754691,0.0956697854422308,0.06702314820927681,0.07569954133760842,0.07685408267043359,0.09243488215691056,0.107006718231623,0.06250347759057201,0.09036381267521727,0.07659987698457187,0.07917807147117122
2024-12-11,0.08026912559793568,0.07381625791148011,0.08791785132012174,0.09528511834471856,0.08188360001311108,0.04916030474895918,0.07865461826958972,0.09515001193157925,0.09396860553504786,0.06613780633669684,0.07691310819640357,0.07685097595782736,0.09134347773478606,0.10675434051421426,0.06466131853439519,0.08977858612724002,0.07629476469741081,0.0806740046274431
2024-12-12,0.08293691137060122,0.0745885123491268,0.08985135920949154,0.09386813505951076,0.08275922420285033,0.051665562782511006,0.07768350441115736,0.09101232097475306,0.09097120412433064,0.06840047227015114,0.0769673083123004,0.0782474792053168,0.08887481239645781,0.10473712153785204,0.06489237349875097,0.09191609889598078,0.07322605314278352,0.07954848117432613
2024-12-13,0.08136081000461509,0.07469773409891689,0.08801502957651045,0.09238360768120442,0.08517781434757302,0.05076328011961531,0.07685248340744337,0.08763469479697225,0.09030793108764705,0.06717773406136604,0.07695613940711006,0.07764175183189309,0.08515481718899742,0.10247255905432275,0.06152462273370256,0.08828202436205657,0.07303132878151668,0.0784517154714303
2024-12-16,0.08287379061284142,0.07555957228203575,0.09019328986561995,0.08710205654863247,0.08334352886032938,0.048898404190908,0.07342149514608709,0.08602929350966433,0.08930250640463741,0.06910529546697866,0.07697912042277189,0.07530006426657385,0.0815989992595224,0.09740865630119204,0.0652232593395609,0.09012300849648643,0.07510153747641048,0.07929095287682185
2024-12-17,0.08377695104059485,0.08028504591663072,0.08902080205607156,0.08707076057241454,0.08119366650466403,0.05022543633606355,0.07452648737095273,0.08441892736042025,0.08768067751967755,0.06933848034971875,0.0766718768873384,0.07681446375326748,0.08389536149968067,0.0988795847611253,0.06588712977488065,0.09269945102789061,0.07719523371086877,0.07939712651996339
2024-12-18,0.08128471593948255,0.08137631097457958,0.08893029091400942,0.08537531592356795,0.08381255616564269,0.05249197837700113,0.07713668314425838,0.08476796407924453,0.08560684718306952,0.06890551211962635,0.07646692133545521,0.0769922872152183,0.08018402688187795,0.09606821799440798,0.0715644160053803,0.09403419556175968,0.07877408367663213,0.0755503880437301
2024-12-19,0.0816256686312909,0.0809782195115883,0.08886990253967952,0.08159803367277811,0.08561773041561742,0.05032352734238621,0.07673294525925518,0.08224415416530612,0.08356366298299443,0.07146216157047705,0.07502445598705663,0.07626975051038243,0.08069716297836167,0.09607065451156907,0.07341272554622366,0.09396333051069931,0.07948381947338441,0.07383206295702538
2024-12-20,0.08137266323661081,0.08115805257543407,0.0890881039586477,0.08135738572469678,0.08033774871191264,0.04635408722455332,0.0764354005677461,0.08364137951201102,0.08325220197789453,0.07133978445000003,0.07399607311353035,0.0763312075897425,0.0793296671625006,0.09411864922027956,0.06938865748486002,0.09815583639094196,0.0823688442252959,0.07462566240118747
2024-12-23,0.07752945438184258,0.07620490925366506,0.08885251645446694,0.08124943554210631,0.07656260855541427,0.04282778255248576,0.07540806363066566,0.08157706212516451,0.0807591476615121,0.07097771434989687,0.07358069022206995,0.08171321926205853,0.08062214841469445,0.09374939565650706,0.06695305437504413,0.09176843157866206,0.08101998055403625,0.07596931879575003
2024-12-24,0.0771726547350032,0.07548355987924225,0.09257120951744147,0.07972702963276757,0.07571673233058471,0.04231772958926868,0.07497313841742612,0.08393269732654322,0.07984113346446362,0.0711372335370138,0.07477731613092387,0.07957874556473557,0.0831631616489242,0.09238764364842121,0.067122949961581,0.08988700095990712,0.0818414146462005,0.0754801829827723
2024-12-26,0.07639855316426881,0.07579084949333874,0.09046767902552609,0.08020788796706269,0.07459608681969128,0.041596448495280346,0.07382263315646519,0.08479554436553986,0.07849131492862194,0.07159189173876071,0.07548155733401345,0.08121894738489635,0.08243734037199224,0.0917538847880922,0.06698365556784389,0.08911459605632319,0.08239666816743575,0.07454872096283588
2024-12-27,0.07581153992343241,0.07606965051853855,0.0904257581110447,0.0813589298193418,0.07276669012382193,0.04091279110387176,0.07404916885604085,0.08442181572183517,0.0790642519526778,0.07076043202774425,0.07520116710173762,0.08128962283489063,0.0831164387399491,0.09004180847627741,0.06620622848468856,0.08989747221185067,0.08128925893263844,0.07482519985496387
2024-12-30,0.0758400698632643,0.07544362570261871,0.09080436248355793,0.08331308704795296,0.07367353278857723,0.039395588278141526,0.07489783351207187,0.08255576166811668,0.0801587308162679,0.07080375851061546,0.07489937814538752,0.08100421866963495,0.08107979208482231,0.09063364206529664,0.06630362478186064,0.08965398628785806,0.08099737746872245,0.07347958181681025
2024-12-31,0.07613260864302013,0.07598103819271827,0.09056200116879683,0.08394129670158759,0.07484372979731611,0.0405232425391898,0.07640120149229705,0.0819603428502888,0.08230977944125875,0.07151916140121102,0.07399385140043618,0.07967881340061342,0.08072874834298467,0.09330827681342642,0.06622845391577534,0.09171951356347414,0.08213813473821932,0.07359976671037806
2025-01-02,0.07731040785423796,0.07710723927624592,0.09082320815325373,0.08404722772821108,0.07476473376010778,0.040675538531783295,0.07633635748224571,0.08173713787678724,0.08269250947642773,0.07250506841358245,0.0743172241525931,0.07967335514909443,0.07784455725230309,0.09337427238861007,0.06624990128834443,0.09091409547246454,0.08304396411616324,0.07397081425006533
2025-01-03,0.07255797582702417,0.0748434779591,0.09268258450868538,0.08337101676140539,0.07618624275144435,0.04097029735931967,0.07647865077442086,0.07882560248592417,0.08076162492284657,0.07160249279330104,0.07134461967398557,0.07981317629503573,0.07780718408892645,0.09278195596521303,0.06689575144525665,0.09049307384887166,0.08192351621277734,0.07331503051757388
2025-01-06,0.07179213173705166,0.07278716481911124,0.09250243172478577,0.08355242712427183,0.07312606959109932,0.042547523310208876,0.07407261794899817,0.07790529235969428,0.08066049439085879,0.07315980743803192,0.07206928616318245,0.07971368320499263,0.08354906790543006,0.093072535771423,0.06568570661288675,0.08679861717684884,0.07922177277478341,0.0727636542760375
2025-01-07,0.07281275475518047,0.07246442446273507,0.09387312592125939,0.08533514376208179,0.07356210434038708,0.044729904160559074,0.07415159263959083,0.07526020887243602,0.07842122218310685,0.07091234391920052,0.07120414700265039,0.08050548551852288,0.08139905695933597,0.09206031685885575,0.065091145262571,0.09526397158233325,0.08005168828302492,0.07343709433936596
2025-01-08,0.07487086137821009,0.0746168468413133,0.08952360353687634,0.08579567771940487,0.0740663201412082,0.04815335934373306,0.07179267790628804,0.07291297898623501,0.07818447599905161,0.07147326547634364,0.07007141480678132,0.08063042219919136,0.08064690471702395,0.09616378077603398,0.06460004020488315,0.0960449062991868,0.08291112648782513,0.07370967798734586
2025-01-10,0.07464075285902681,0.07330855012968356,0.08884311811796006,0.0851505087369488,0.07426116061637072,0.04639253718191283,0.07163173124032796,0.07198724933074294,0.08017454440068102,0.07287776770915107,0.06775257734309231,0.08126203838238531,0.08038857331631583,0.09114293860977386,0.06511359519599012,0.09503405771665896,0.08170755095689614,0.06976072083745176
2025-01-13,0.07386359257794188,0.07572906629213155,0.08880631939422405,0.08383050604177673,0.07627374986100445,0.043645650274086505,0.07057531849586869,0.07247779126687408,0.0800524815941755,0.0753865420612288,0.06656614330543742,0.08138777545466538,0.07910518216879947,0.0921173293773335,0.06429350485609071,0.10018209877314217,0.08203920862591421,0.06918166562104765
2025-01-14,0.07345299682196402,0.07730841503363091,0.08717528110890257,0.07947194933805957,0.0781319272042414,0.04498249017819243,0.06930949860587438,0.07278345273039306,0.0789727487089435,0.07549775114503494,0.06600854042821866,0.08142028801264632,0.0769322600723043,0.09073559748803732,0.06249757015689263,0.09317659365212048,0.0813140359214576,0.0656460174170718
2025-01-15,0.07378948619915245,0.07793370381265009,0.08846976220975077,0.0794765945632261,0.07978461743827256,0.04181320817239179,0.06947385029964571,0.0737831079485802,0.07889015998919723,0.07367458973905046,0.06708880439070172,0.08046737126533693,0.0746830731115042,0.09446996212852267,0.06370243441392885,0.09051116254932343,0.08083139778915928,0.06381970971119598
2025-01-16,0.07383406012815703,0.07621878931989934,0.088004774889932,0.07996368720289565,0.077202538701025,0.041133187660567755,0.07094208547675973,0.07397367523467671,0.07952229003086347,0.07358928262707055,0.06865506176176679,0.08015840147192449,0.0803146494417305,0.09973876370424342,0.06297009832933555,0.09419074155996589,0.08220688131247297,0.06648109506900379
2025-01-17,0.07020847108024904,0.07667853967855091,0.08402414866776585,0.08078525374319222,0.07745646308938105,0.04131557556915154,0.06971508620037757,0.07729962651789969,0.07977865183918648,0.07570862572121344,0.06868880990943414,0.08230545430518223,0.0779382711254553,0.09543241205826512,0.0630337275968518,0.08999086258306295,0.08372793400337253,0.06686114678614687
2025-01-21,0.07087562727418302,0.07683529025377844,0.08470217067976595,0.0809618861361339,0.07636945895796698,0.04458791961779558,0.06925005247833028,0.0798233666411342,0.0804060543794401,0.07614002386602041,0.06670571289888592,0.08448338010982283,0.0771464947050097,0.09931925059606783,0.06228626624271373,0.0929129902589917,0.0848546901590151,0.06667119041371007
2025-01-22,0.06663888494336671,0.07537806116086951,0.08809225629547246,0.08089689297824097,0.07576220997107824,0.04371211583393856,0.06889256287857029,0.07889974314155479,0.0791786338402915,0.07640953268981392,0.06560079424821628,0.08344188601837244,0.0802320517865537,0.10258607905120451,0.06083342464513627,0.09236315732590421,0.08741305852052028,0.06899661183374764
2025-01-23,0.06684954014893618,0.07332665924979762,0.08823329781748893,0.07741281599115526,0.07196335261210385,0.04369406502169504,0.06889821980058412,0.07679563507795975,0.07982179843036354,0.07620530457295425,0.06664214877599726,0.0864865191544843,0.08192111223554857,0.10633439787516723,0.06037156154905989,0.09666399218186923,0.08711578506387882,0.06865040471715168
2025-01-24,0.06745758914918075,0.07261389389478204,0.08832497619869861,0.07936189550907256,0.07255947648363015,0.04201441745707347,0.06766042060058865,0.07698348456792187,0.07996151475900597,0.07413230576105864,0.06767393997578712,0.08451107934880782,0.08126056697878231,0.10872673288249383,0.05904490264983917,0.09304534211620603,0.08288769426288219,0.06994306174711407
2025-01-27,0.06848404385087889,0.07404072383634605,0.08783790174227346,0.07958859355657155,0.07493109480325827,0.04208768677663523,0.06889819042301015,0.07892043968317042,0.08279651107811177,0.0744807850165674,0.068794378325815,0.08232275389897727,0.08045319673688803,0.10859569099728143,0.058919020868381834,0.0913422814404688,0.08166893632961061,0.06859433819710434
2025-01-28,0.07001842394520041,0.07593080244672254,0.08593473270258263,0.08258847308899668,0.07668348805120016,0.04149850338406342,0.06957640785493369,0.0793192302019158,0.08256762096201611,0.07196063803154487,0.06840250197919868,0.07789596586825642,0.08250911657150896,0.10634375836069426,0.05738005001512235,0.09015214404031359,0.08132913519016038,0.06848619240375187
2025-01-29,0.06965986745913456,0.07480449857663131,0.08633083143574297,0.08318778108431395,0.07272896551843867,0.044824479472701614,0.06865235225586427,0.07915081385580837,0.08030992446656837,0.07108319329073362,0.06940169326030693,0.07787319913363128,0.0849043932930834,0.11277144209086155,0.055798164501971184,0.09437389249924924,0.08106460717900171,0.06642703474048535
2025-01-30,0.06796551474919982,0.07077268760436785,0.08621587909630227,0.08173224580774269,0.07324044875522047,0.04741362632495298,0.06754229433188359,0.07723260792676932,0.08068962362275578,0.07032586539895043,0.06866978771757601,0.07594652344174564,0.07911963162941947,0.11383352156133507,0.05506988896486729,0.09419606335779357,0.08029352321971532,0.0625949128265788
2025-01-31,0.06833622823946467,0.06651334983078125,0.08481753754683193,0.08216214593571483,0.07592884274180414,0.04768466517776544,0.067497201075434,0.08016094260616535,0.0815416134121036,0.0717588684947008,0.06922637921639452,0.07818207478342148,0.0757415262657982,0.11270122166005986,0.05472308245354731,0.09374098526594667,0.08022031610917683,0.063180164860204
2025-02-03,0.07064345966111893,0.06430191773177148,0.08721336525974115,0.08075127842421305,0.07460328097286327,0.0496021624175527,0.0687206096870949,0.07947094185164061,0.08231883086907972,0.07067499508370245,0.06860539501262718,0.07820545901215838,0.07480342931131784,0.11242256135162429,0.056507895998424894,0.09525544259003907,0.08048641300093519,0.061050989594814004
2025-02-04,0.06676114849418549,0.06599795975833764,0.0852911077691736,0.07871760539339032,0.07740241831554251,0.04909285697308471,0.06740947975992741,0.0792588221235801,0.07758336297628007,0.07091943354128276,0.06951368018788297,0.08135969455429325,0.07617761682639197,0.11362128444964979,0.0556872848564864,0.0910567583098089,0.0753454461762897,0.06243740970853461
2025-02-05,0.0659123984816475,0.06652316866400808,0.0832505841845308,0.07815692770867606,0.07743344704950539,0.050671176458677976,0.06747295454720133,0.07579098751706752,0.07575338617311658,0.06993219992392423,0.07033406001258032,0.08033330133826627,0.06894603317249995,0.11126546370613696,0.05833133265583686,0.09653735838297574,0.07715223625314771,0.062494671101290464
2025-02-06,0.06568680018919021,0.06832916771695512,0.08207697502922005,0.07571539918432535,0.0763546080503872,0.04579617586982497,0.0683756699886963,0.07412844542497732,0.07592029868792619,0.06925812439608602,0.07479379363557803,0.08011629238874023,0.06861670440495946,0.11209898623211069,0.05781337722862501,0.09356465538445624,0.07832981167979837,0.06293202071400791
2025-02-07,0.06558457337098195,0.07000031158302861,0.07944400878661446,0.07734400980946468,0.0729089715435728,0.04687400392928697,0.06492327076707063,0.07429836082482913,0.07605642310586426,0.06961173296190923,0.07737934852669066,0.0808388046836649,0.06639135172453614,0.11330431258715772,0.05651482857529317,0.09243732646040412,0.07654940612656909,0.06405630207241772
2025-02-10,0.06253163400546148,0.06927196396088856,0.0773525108032834,0.07980713700004298,0.07147494350561501,0.04675567796052196,0.06629751504289738,0.07443693589597287,0.0782089384449481,0.06861853992099688,0.07540007033795434,0.08346300587132163,0.06663690239775011,0.11253346294266356,0.054569471997320054,0.08774067074460681,0.07563738478028949,0.06061927929152064
2025-02-11,0.062354216764808935,0.07117853509497969,0.07624413213403378,0.08061625073195534,0.0674945706723796,0.04462805680662475,0.06354011568378347,0.0738743947985099,0.07944538158216204,0.06724069660952543,0.07525847724387444,0.08550623129942833,0.06411176994720674,0.1125761694351761,0.054838426295783664,0.08861417758714067,0.07660775212329683,0.060000472216146766
2025-02-12,0.061855598188261654,0.0711440782579157,0.07588497694913487,0.07914401152141476,0.06929370920018184,0.043090489636832596,0.0624377951810607,0.0736027811461309,0.07975410456330301,0.0658019987772349,0.07508995049546043,0.08499188854455787,0.06057492954173131,0.11233062374682182,0.054231001931452756,0.08632948279519308,0.07830233817201625,0.06336803755078756
2025-02-13,0.06222480703101468,0.07129902470253553,0.07608683998725048,0.07628937195572832,0.0675656878821462,0.040585760565563386,0.06312669450598829,0.07052992042462082,0.07809124466182003,0.06602966468645158,0.0774570289810166,0.08529297460202359,0.06002385902294978,0.11032377193957732,0.0541347601508332,0.08156316204606186,0.0775781962045591,0.059383961261676096
2025-02-14,0.06223714220717444,0.07353152459490055,0.07700268300438742,0.07588638934808449,0.07111521413670321,0.04084820688477577,0.06311314376389425,0.07171587111098879,0.0800135216945669,0.06568628856447246,0.07685536350627728,0.08592960304066613,0.06034096209617877,0.11039092988125696,0.05415580350595754,0.08140184540142133,0.07703739301192405,0.05649639241537921
2025-02-18,0.060937619282707196,0.07464703233192391,0.07902202139630646,0.07436415234992469,0.06917728902053835,0.041060048158939,0.062164298318610825,0.07058309885360614,0.0783173518053181,0.06670933522442057,0.0755186407345565,0.08695005359086173,0.059781197723915123,0.10754487333081854,0.055995656073111466,0.08080619299525368,0.07883273726713605,0.0563275233341848
2025-02-19,0.06062926743598245,0.07425114929767161,0.07681523814700386,0.07419328878392581,0.06802589391841335,0.040569151072821504,0.06170651692670293,0.07162594571225722,0.07616182628796903,0.06663292712280693,0.07828505889560947,0.08900969009308085,0.058821154565922684,0.10007811827842318,0.0580906675278149,0.07978558227262855,0.07717774707661475,0.05707065257585998
2025-02-20,0.06108427305296716,0.07303854225997596,0.07516893681735104,0.06960743649611703,0.06572143693066504,0.04147480403841702,0.06075131942915158,0.07145206724302854,0.07571496284191427,0.06823271226927212,0.07869965604199107,0.08960383978876323,0.058199229483655336,0.10045952472346044,0.057280330363069225,0.07969969258215273,0.07908446786064034,0.05434911416245573
2025-02-21,0.061428067067740386,0.07045322743258141,0.07648910320789346,0.06980194254711314,0.06395756025922343,0.04234412584731832,0.06298616052429702,0.0739309399982824,0.07546844253197324,0.07008212573470388,0.07883152321350273,0.08982680995070227,0.05726701107264083,0.09842327328243679,0.05723980440681027,0.0772674406076101,0.08089383645848557,0.054980456708876815
2025-02-24,0.06402205702342786,0.07055870855694686,0.08034003839243303,0.07012575344069905,0.06373819534963619,0.043792213376507995,0.06579158914276341,0.07658706403840303,0.07548252902871226,0.07134721426191809,0.07898322720950475,0.08933666101020675,0.057380959371913766,0.09617785889509839,0.058379024732413874,0.0721836312546354,0.07889745598604439,0.0522513455063241
2025-02-25,0.06574522739245757,0.0722437581971829,0.08091211659813152,0.06855258218311434,0.061698902794186605,0.0443498385416758,0.06574613645701596,0.07672379806833647,0.07724095933593528,0.06984447321266689,0.07566181039069063,0.08622804391544484,0.058763558054509515,0.097536169267764,0.05841673170976201,0.07357909035815506,0.0819200669047225,0.05416253249134854
2025-02-26,0.06758187646816516,0.07201819453957273,0.07993847263909765,0.06871871996138443,0.06303223470418783,0.04498895218243472,0.06261065370996163,0.07388463716873346,0.07428998660866847,0.0689333587884608,0.07570855752943981,0.08485777023431167,0.05989336825871987,0.09579324714883347,0.060865160218009334,0.07515221793105245,0.08175633665992324,0.05171497069464769
2025-02-27,0.0639151220365146,0.07248089804048946,0.08166870956245569,0.06848351754113631,0.06203997772035124,0.0467529572943808,0.061710194761755585,0.07312415397609692,0.07126375234264193,0.06824765616915231,0.07439137153469114,0.08486189965448773,0.06047764803398931,0.0944115527277709,0.06094325811736198,0.07645454034871849,0.08125961083363027,0.05041744283292262
2025-02-28,0.06946221179345644,0.07471342619965628,0.08186365964870826,0.0705537568027694,0.061162694413034714,0.04360288802795562,0.06268303107204873,0.07365343556458323,0.0697144652660607,0.0682552012973854,0.07243880047612325,0.08540825328335111,0.061406161119109876,0.09279011099261271,0.0634116663359412,0.07553193232827707,0.08095954452141153,0.05058578707225403
2025-03-03,0.06839202530546483,0.07473428466712281,0.08276495018221153,0.06875425865205965,0.06205374810172278,0.04346231865641476,0.06187102465689512,0.07561072464273173,0.0683585946850889,0.06749141092891335,0.07472422276404878,0.08517658037574989,0.06003003106489487,0.09833173812504757,0.062489443506968514,0.07693663978392787,0.08469272912316239,0.05378274020817646
2025-03-04,0.07115136722478771,0.07676128140227817,0.0827561843711788,0.07004243230047678,0.061308862688861744,0.04353428415137246,0.06135675145365463,0.07409140915502377,0.06608994988078226,0.06934356124465867,0.07512245446343876,0.08810553595237357,0.05813443921718381,0.09961249447861147,0.06129383298230225,0.07437403428899722,0.08463676333675219,0.05245773610650717
2025-03-05,0.07191878587317187,0.0772108532670369,0.0845913364245806,0.06802579759523825,0.06556496073903638,0.04364607910142497,0.061776536529037675,0.07656414663525886,0.06754812986184686,0.06745570049144102,0.0745154322230538,0.08779447363259649,0.05878296656429617,0.09888404545195136,0.06082669778712143,0.07839412504399375,0.08620843968871349,0.05329075418984625
2025-03-06,0.07248781651710556,0.07333526256203805,0.08336484135949744,0.06743594188461775,0.06571846296478863,0.04369580976351339,0.06284538999848473,0.07838703984827972,0.0675174343605342,0.06685009070306028,0.07447301328456202,0.08775773474460506,0.06029016349031502,0.09975222423222146,0.06091936121554044,0.07773850634810277,0.085916456509562,0.055952317033561745
2025-03-07,0.08344550044228317,0.07745475214136001,0.08104710596208274,0.06818099736360105,0.06219724043520554,0.04399455618217103,0.06401355298670566,0.0812766591142778,0.06716380855299932,0.0688155627044383,0.07582256077335288,0.09126516451906118,0.059239607395091994,0.09953341550552414,0.06573798113699837,0.0752525908122953,0.08705243241373337,0.056561154597927585
2025-03-10,0.08383065704752646,0.0791954465265693,0.0799147011015441,0.06832090368307123,0.061027387185137796,0.047289447875124686,0.06441996342146646,0.08084399699510587,0.06675207654110486,0.0666503005033062,0.07472689628654303,0.08696946449885626,0.05799192263937342,0.09809601431393884,0.0667060316462697,0.07221364803006537,0.08651964963250267,0.05536019034870052
2025-03-11,0.08509860610820232,0.07922347596045543,0.0804068608219478,0.06725610733582554,0.0612192528158579,0.04791769900009236,0.0649364712933008,0.07859438568095274,0.06553174864625276,0.06935682248085721,0.07552097391649704,0.08837445877509922,0.055793505483929126,0.09666359720730096,0.06560159780865411,0.06702942120922614,0.08476769866985548,0.05391797692014517
2025-03-12,0.0828590251647197,0.07889636479898124,0.08025208445378355,0.06240392951960941,0.06271197885504746,0.04659222488954908,0.06640940873107043,0.08088690134862914,0.06598784648281374,0.06904124925508781,0.07229940794319195,0.08465107548067984,0.056234206001117434,0.10023667357055026,0.06569681839414747,0.07137515761220468,0.08420804898939345,0.05469937342990334
2025-03-13,0.07476320100139973,0.07724985780519526,0.08379691885796864,0.06244617616329057,0.062348887046062756,0.04812727555540972,0.06578502410766585,0.07828060197893007,0.06431967485677137,0.07053889136959018,0.07199768321113648,0.08389091988080889,0.05462971544784486,0.10113124661057857,0.06425692428985354,0.06973855039344203,0.08151202227316384,0.05083309679674715
2025-03-14,0.07133648179022015,0.07840787137826641,0.08043266318818784,0.06647009406220811,0.06537973299845193,0.0476368606910432,0.06448637328408822,0.07967679948384973,0.06132386274010158,0.07131151166068644,0.07219449431013145,0.0832390720668237,0.058089705755581436,0.10632948167419018,0.06165698692954663,0.07026177575608934,0.08435515566267081,0.05082689686117955
2025-03-17,0.07242983996812692,0.07867457723456006,0.08023275659214525,0.06321285192493795,0.06593409639950362,0.046483676718346745,0.06457761184418892,0.07818981640387608,0.060804296973118774,0.07094323975478366,0.07271951185617076,0.08327283135275158,0.0605253928036887,0.10574297258267418,0.06250602156569746,0.07001458170328362,0.08152114093766814,0.05011280275307888
2025-03-18,0.07219983854960592,0.07829313678951169,0.08272870142330387,0.06549627111242422,0.06431386822161167,0.04825120900581193,0.06564710624746013,0.07696114300935473,0.06098848729908363,0.07271183821104497,0.07272427209546811,0.08460755681421704,0.0615915503087015,0.10434333571056459,0.0608040071588863,0.07181784332436039,0.08266790096203058,0.05149923597739325
2025-03-19,0.07318577415597213,0.08117215407881763,0.08067734762767478,0.06703147205742503,0.06588534599200026,0.047879429626474054,0.06586522169660178,0.07390907343133969,0.05957430499110706,0.0717952683750997,0.0711164076011005,0.08137123461057358,0.058559630108900765,0.10155900200898023,0.0608156124463063,0.06794267181319222,0.08217998151032506,0.05022159909379673
2025-03-20,0.07004423984206254,0.08187637185071492,0.08186095317399739,0.06798799446708732,0.06741392833228058,0.04902241894885776,0.06777279997276545,0.07409347230828436,0.05921942095437598,0.06948525965287086,0.07056348723163566,0.08097703830651644,0.0569794182204703,0.09894562436521144,0.06024026898846264,0.07029300697374449,0.08186556972818153,0.052689933796037806
2025-03-21,0.06998173709490732,0.08143518983045465,0.08080255908628671,0.06586490538356002,0.06537224236142838,0.04600707390261064,0.06805318060277285,0.07401017884896845,0.058048769334081124,0.0691496354496395,0.07024252529011053,0.07847644407108212,0.0581694156510331,0.09924941520145349,0.06094891355607872,0.06993687217058031,0.08087397826445546,0.05245405327576217
2025-03-24,0.07042792702580494,0.08104662081176277,0.08131618485189857,0.061687312346481754,0.06351323196029451,0.04811496491129117,0.06569403126968074,0.07176227857200546,0.058018583978333496,0.0706171038666533,0.07069859704866782,0.07827798272080778,0.05811127906615108,0.09926399080329787,0.06427597904483794,0.07066650876159551,0.07832306768863387,0.04744750177231706
2025-03-25,0.06962826540178345,0.08193288523826835,0.08161552574064129,0.06295402299684452,0.06194827225225889,0.04862730245427526,0.06487087647372554,0.07248189731662598,0.0581671110631655,0.07087477968133271,0.07465914517581411,0.08068166423054417,0.05899274220368586,0.09877212577590072,0.06048098554194251,0.07040491505822127,0.07590541300318566,0.04987263530552403
2025-03-26,0.07687046603398937,0.08282280399808213,0.08159669184663443,0.06054059967751182,0.060607197661246164,0.05064639001998465,0.06464856218095685,0.07379668984286342,0.057002591416995325,0.06997259043298952,0.07360451881375943,0.0813300833278877,0.05956684508635343,0.10414509529618789,0.0608029796931544,0.0693849504206556,0.07618064440163858,0.054613938736721886
2025-03-27,0.07887674498254803,0.08473110473015698,0.07874846795894623,0.06029166313553577,0.057049902483186886,0.046957243732511186,0.06387592870988425,0.0706467492454854,0.0522706417251024,0.07218867927530948,0.07286365967804861,0.0815956453977204,0.060951708479771105,0.10511828281699084,0.06089857186759993,0.0718501457761518,0.07425014484856776,0.05160458919181907
2025-03-28,0.08039239273521577,0.08570598775045568,0.08115423179902467,0.06179124531379846,0.056668115586534666,0.044808498887512184,0.06297705837303541,0.0706623324638899,0.04742661536697401,0.0720136595763412,0.07354257968228677,0.08114935610861594,0.05788591114392873,0.1054621671248628,0.05908455564069212,0.07368404897484755,0.07537272061014041,0.05077289949318527
2025-03-31,0.0799246126986324,0.08465064262177013,0.08183010953563848,0.06621570381626686,0.05722764232108274,0.043645987343542324,0.06194188895000076,0.07080598738258191,0.0465207164038493,0.07171999678783654,0.07310734434334171,0.08144265561300039,0.05931541374295298,0.10730655810352961,0.060453009915347126,0.07503074916781133,0.07622163599555248,0.05104696025421266
2025-04-01,0.08103214093018869,0.08491432646424418,0.08133597786867879,0.0669353742079387,0.05470380363631949,0.04275355506299921,0.06243598920500661,0.07178461674116621,0.04646353670878973,0.07130589459342253,0.07304497544999022,0.0814229017356928,0.05903528193844777,0.10578403106768612,0.06072516359307322,0.07258588978873197,0.07669674763590574,0.05138379530961334
2025-04-02,0.08241670072196004,0.0832640254172681,0.08233310710261134,0.06626804313509391,0.055004247839318746,0.04358285968928651,0.06035964188907792,0.07095585010945532,0.04581887731319554,0.07327356027497434,0.07244731692426808,0.0814210397369902,0.05865854656035746,0.11073140287066588,0.06074805829858162,0.07649929926747166,0.07820653377661822,0.05121909610046672
2025-04-03,0.08352370140213777,0.08411608501188983,0.08163253534197921,0.06730511257203885,0.05454284310238659,0.045640395172505524,0.05989779077103224,0.07123540746475876,0.04604070540081304,0.07481181916310564,0.06974120399398871,0.07921354504403907,0.058123785119812275,0.1090920684131486,0.05745329517468046,0.07622355543118164,0.0776849134635129,0.0500432319648089
2025-04-04,0.08131843849718542,0.0843043651958775,0.08255591612577767,0.07025401961363734,0.05166685391995341,0.045685168626619914,0.05901290628540242,0.07159508227820857,0.04570479078870018,0.07484523864550251,0.06902122409897497,0.0795175142944849,0.05715085313927848,0.10933364007054144,0.05336416897614775,0.07247961801757574,0.07273885192501767,0.0521952722597294
2025-04-07,0.08168716338189409,0.08444847632007342,0.0826699042858023,0.07145812704574231,0.05367622174201144,0.04566248898551338,0.058701422204647635,0.07394683489409523,0.047488520209515724,0.07286989405125824,0.06878549536294022,0.07945663227137915,0.05897349755909939,0.10840730531530698,0.05434890490276381,0.0677325755735438,0.0708126514082,0.05139932470931779
2025-04-08,0.07390986015954056,0.08121860790794222,0.08329163615115995,0.0737241589838338,0.04971791283403957,0.04436512781503115,0.054714664120841486,0.0697702861874355,0.0463455860565836,0.07533631373966414,0.06759811032674024,0.08062255658386995,0.05770056469428394,0.10495354498528191,0.05301768338495074,0.06835599025469764,0.07040660738442164,0.05146396873834199
2025-04-09,0.07205119334670111,0.0825025458874925,0.08320280674723547,0.07148046950610394,0.05251886415900911,0.04379020163553807,0.05327497695346301,0.06913722005343939,0.046228196252699284,0.07513418789609094,0.06780916419090105,0.0804859319921188,0.05821437646316532,0.10605275743762349,0.052407710391167026,0.0682031367547261,0.07112717865529586,0.0555453187271832
2025-04-10,0.07279311025774703,0.08270774935503465,0.08217032505325371,0.07013479085553667,0.04985067142444038,0.04398531747734322,0.052928801099742004,0.06849729326798992,0.04698144155011038,0.07548236523827484,0.06634455068883967,0.08073045913960963,0.05793733279480972,0.10276348914434921,0.050147407628832276,0.06965742344969471,0.06961619196000658,0.05449115818868081
2025-04-11,0.07277926774379784,0.08350587979866592,0.08066875797664701,0.07029954969989098,0.04842157599613049,0.042139379795374673,0.05245791631140476,0.06947948075332178,0.04357380362797294,0.0773907041324695,0.0667239430683647,0.08025405638374504,0.05827176662497707,0.1088565951137913,0.049746240862017,0.07013176009952451,0.0685244664686765,0.05300943608308605
2025-04-14,0.07215865399944037,0.08024598075137412,0.08102219969821901,0.06908965420340632,0.045604496557942686,0.04336722939772441,0.050787606011694575,0.07032341244378547,0.04391554893629417,0.07906156359626572,0.06706723160510072,0.08072424571533544,0.05819873452268713,0.10800783871865431,0.04805470236942836,0.06861881065234667,0.06502114503344524,0.05515956952513203
2025-04-15,0.07112046573151974,0.07918938213323597,0.08104031567098192,0.06925587883833578,0.04672092495538333,0.041976690468125216,0.05011270918917656,0.06977089740178179,0.042692975914888465,0.0788637389875416,0.06785306355364784,0.08214836929857527,0.05752547309241616,0.10592243403096117,0.04679463461753027,0.07102505499431662,0.06701361055573392,0.05326393617734874
2025-04-16,0.06599320031494846,0.07872116902178268,0.07999988953414011,0.06603999448828583,0.04584759473232628,0.040884660573698696,0.04682655946948221,0.06538568996904102,0.04182415827918656,0.07822074084452009,0.06737855356386467,0.08114755674426265,0.057426684373516106,0.10147226560835369,0.04706758267999476,0.06824880253043349,0.06726828627870558,0.05329853655066078
2025-04-17,0.06551653838207586,0.07644768063407631,0.07748095693400378,0.0665668796645855,0.04481843927998272,0.04030950998496326,0.046523989114861275,0.06777876999901421,0.040427972695858246,0.0782523789638131,0.06652202524195312,0.08202873295417043,0.05917455380071674,0.1042219090045157,0.04689084544566299,0.06711566936139812,0.064537668891035,0.05429437629164347
2025-04-21,0.07004582661765076,0.07742559637134093,0.07874020176725753,0.06737500012312549,0.046304616948373664,0.04105225372944652,0.044531311988451186,0.07088594733118395,0.03946455916191508,0.07970665645975523,0.06574581189354631,0.0824984240577778,0.06543760349599873,0.10306597135103203,0.048884371296808365,0.06973716261995412,0.065050442723195,0.054607377362294804
2025-04-22,0.06881045767371756,0.07456670380465723,0.07955614913902705,0.06741817533688466,0.04603812813719681,0.041647753532733034,0.04459137249370671,0.07296242042456896,0.04006115030674382,0.07999760841435377,0.06506493728206512,0.08186572277875738,0.0646283151375176,0.10526375651128572,0.05065175633699127,0.07270205403693772,0.06525618108061801,0.057222654743736015
2025-04-23,0.06722004956080962,0.07573351979206537,0.08173964266799845,0.06767089571172834,0.04593338116762282,0.04306999467821214,0.044816174243651516,0.07363762213145346,0.03896094570816592,0.08163453390222855,0.066086337783512,0.08179880826233087,0.06527419754977483,0.10990824749128747,0.05086383118215964,0.07558051492758863,0.06744802239895271,0.057405493971903754
2025-04-24,0.06510501106050404,0.07335466149267492,0.08380537168028744,0.0677513724690463,0.044999505144500636,0.04480763824269465,0.044487169021941955,0.07349764630693383,0.03996252012237048,0.08289351530183814,0.06646427919686103,0.08108190447578287,0.06250493421844855,0.11048420699247072,0.04710733733915678,0.07537503834814523,0.0647336568448744,0.05556183481827468
2025-04-25,0.06487684699447958,0.07248565183608098,0.08047530357761652,0.0654923575470395,0.04600502073553923,0.0456669396632551,0.044458459306196324,0.07181552758589325,0.041315341929404316,0.08292297958880059,0.06644834162764757,0.07785174502909459,0.06332169341039925,0.11436165376838658,0.046822212528912076,0.0782974466819284,0.06586154742171176,0.054878385754245494
2025-04-28,0.06484403015860885,0.0727393704493319,0.08187924882645212,0.06761310517510762,0.04640104213053435,0.04666290599160287,0.044202368840841944,0.07075911048022174,0.04101020296693121,0.08238537855986156,0.06652310428087076,0.07678980592568646,0.061771362993020454,0.11289955530136157,0.04918429451528878,0.08172256754757908,0.0668660300515168,0.05254537718445669
2025-04-29,0.0651038522298477,0.07278032122956965,0.08126451177128284,0.06287811319625673,0.04504551336285335,0.043912105635135784,0.04630291716179639,0.07098196613660104,0.041466595921337626,0.08353330786037161,0.06686169589682407,0.07518551855747502,0.062169257685012747,0.11109668055133307,0.04868717130310119,0.0839823040033341,0.06684903904812954,0.052785319391180266
2025-04-30,0.06382783711414465,0.07679255350474669,0.08019649954404405,0.06343645254651592,0.04686696895032851,0.043588491611229734,0.04641925479277097,0.0715099614952987,0.04109301692252568,0.0827271438376021,0.067073414616118,0.07592703104259375,0.061928984310120734,0.10638488008693503,0.05568662345853947,0.08125200752117916,0.06562386264630111,0.05125265150226108
2025-05-01,0.06565361732337938,0.0776919718802478,0.07934415530485786,0.061822761778882435,0.048985083653018964,0.042569445342852015,0.047194683732888994,0.07284508636556863,0.04150254268510388,0.0844733407083221,0.06517202548405819,0.07779281673938648,0.06525619320152523,0.10759001709750511,0.057499937695931626,0.08027678269245872,0.0669776964925305,0.05087448831891643
2025-05-02,0.06565153811003314,0.07520387629222972,0.07926448779544801,0.06146778896783634,0.0443562691412577,0.04562081268619248,0.044781643252164244,0.0704082448085731,0.04119615745868779,0.08297881411215563,0.06481077977846544,0.07343656640022433,0.06647549101043342,0.11135677045234806,0.06003105851251424,0.08471981010950323,0.06659023455837951,0.04956441659983912
2025-05-05,0.06085410390904411,0.0754190191895539,0.07806822906810576,0.05949753150796132,0.04602918006420103,0.045594462540513414,0.04354184917692534,0.06935627626712688,0.039593223992554986,0.08172924489788036,0.06515166950345588,0.07423186395696085,0.06939597302656227,0.11598766473359982,0.05902603214291753,0.08490558996009293,0.06750410008970906,0.049316661468047904
2025-05-06,0.05770326188868092,0.07622692281698867,0.07769546445576005,0.059879089795931824,0.048874679784825674,0.04578413110885009,0.04371192812480894,0.06845503157426377,0.03924986601623583,0.08256760627436814,0.06291623413867146,0.07341187699319657,0.06785061610654608,0.11508566255971389,0.05486593482527545,0.08579792525011644,0.06396912064478893,0.04691665115432023
2025-05-07,0.059988790318216086,0.07453857116400285,0.0766675370430647,0.05806360789989478,0.05062593925887243,0.045956041484257346,0.04168863548243034,0.06696840052491151,0.03887556700505414,0.08069518970999573,0.06279828468257558,0.06936178029494423,0.07358549186589615,0.11847810751409182,0.05289532599428167,0.08441094599409446,0.06150577622524301,0.04506584881007227
2025-05-08,0.057261451318108135,0.07490283020723569,0.07828100908632389,0.05855870786346734,0.049561033149192815,0.04421590547829264,0.04320810764117835,0.06897344326110613,0.04043452013829616,0.0804735576075013,0.06198071335376686,0.06937755357028955,0.07517942008924332,0.11765041112585381,0.05290294576539674,0.08548229683156573,0.061575337706401174,0.04227405210260702
2025-05-09,0.059251690752247205,0.07550581093912478,0.07672499875514219,0.05865939120122333,0.04903455043131238,0.04388175467649187,0.04333348374800219,0.06715557915045985,0.04313222488908826,0.08130059501267044,0.06202413458641691,0.06951569701066986,0.07648607255582686,0.11649890297425526,0.05321390688934075,0.08289550879760135,0.06068245754372859,0.04004120181658687
2025-05-12,0.05868937010746418,0.07552569145421752,0.07585467266850834,0.0591889108758735,0.04990554508772822,0.04589226333809658,0.041906603427337055,0.06548678253296468,0.04145160837150879,0.08119362328623476,0.06299098487483519,0.07307242869683511,0.07526550554666539,0.11552059341038223,0.05567229100424089,0.08340809969188448,0.0594582325269213,0.04030608143543897
2025-05-13,0.05896598053685088,0.07626408663968133,0.07522821519020251,0.05816145951565214,0.05005201408689172,0.0459849730052999,0.042607632137387934,0.0640975611925624,0.04216185224771762,0.08070842734201783,0.06300826014489874,0.07305092604286297,0.07201360669496196,0.11660502934505107,0.05343698433191377,0.08363047232874546,0.056299712823101554,0.037626109955920986
2025-05-14,0.05815482642374016,0.0790581363171367,0.07401762253287254,0.05710659774262125,0.05029304115571282,0.045663510799266546,0.04201038848607441,0.06334093853070612,0.041160071825791504,0.08064242221146031,0.06332755108478116,0.07230728857948038,0.07081637062694283,0.11826463047810573,0.059013959662787656,0.08357720689197422,0.05440669632451623,0.03675671974274257
2025-05-15,0.05870930809931764,0.07908231082824227,0.07627076242117398,0.05752940277064981,0.0519853660338322,0.0477496008805743,0.040734226197470594,0.06087026902516854,0.03945760689642189,0.0806787593400539,0.06340057149908719,0.07210964962768897,0.07166853860409693,0.12411940188781635,0.05787363839888197,0.08919735276983297,0.053847221024582566,0.037977191594463895
2025-05-16,0.05812470205912637,0.07780522467984831,0.07681393483988885,0.05884118852136759,0.05155516579321729,0.04491745763164057,0.04029053926539121,0.06342500634770666,0.03930516555832516,0.08103775646823162,0.06439243128104236,0.07239867424919309,0.0727374441505628,0.12107839793519683,0.057918327976312085,0.08549458524736943,0.05400156412288316,0.03887062252588445
2025-05-19,0.05742311875412409,0.0770646381288439,0.07754162474978091,0.058100315640224075,0.051858474506553905,0.04427815620495548,0.04190250514228598,0.06360094027009859,0.04000411313224341,0.08284813450157068,0.06391505010869523,0.0712662284130497,0.07170676285835871,0.12047845647028133,0.05669343151421143,0.0874157416558805,0.05470596754472965,0.03958279970663002
2025-05-20,0.05535267495522665,0.07571417781348112,0.07774430990490765,0.0574108195396532,0.0490325687624937,0.04275251085815595,0.04018723077250137,0.06319812810746933,0.03904300093370773,0.0837736493025794,0.06236335881643407,0.0690232783627994,0.07225235396556758,0.11628081959561609,0.058526337984266465,0.0861038120884678,0.054811914437514694,0.0400225368997856
2025-05-21,0.05466221773674955,0.07533470963355181,0.07903265052737336,0.05824918424186551,0.04922548989285944,0.042777821299610296,0.04009653000757927,0.06445082748792826,0.0396044627278219,0.08409622102328637,0.06150339184668892,0.06946865564313201,0.07150976717452097,0.11645862509395145,0.06012888925157079,0.08132309333278354,0.05451541849018954,0.04181009909761151
2025-05-22,0.05427772224716579,0.07729670783958538,0.07761914613032692,0.059395179654770695,0.05071104879990984,0.04316040021008912,0.03893042825649322,0.06288684793498558,0.039625662575783815,0.0837420040829002,0.061203605605276136,0.06949640851743445,0.07439105176590775,0.11753821693830493,0.06305629487241436,0.07896271528363746,0.055288994085012,0.0443942833131905
2025-05-23,0.05418248702742399,0.07681571340686356,0.0778446300970296,0.05994137607402914,0.0505025552128523,0.046465177572272094,0.03808759462028562,0.059095373456652944,0.03760285718451285,0.08404292831289437,0.061400030883625424,0.06983076601276965,0.07767937985232731,0.11975704050188737,0.06327841931515152,0.07832402408509934,0.05572292916170658,0.043418158095785954
2025-05-27,0.05343591369439897,0.07808454832884444,0.07741446116721998,0.05703238234156656,0.04864283287300156,0.045848323138837285,0.03844898741901865,0.05952308999174995,0.03819888957119863,0.08476784836890891,0.06140218867896571,0.07181454625997313,0.07851966830391154,0.12116497521505017,0.06476095208996592,0.07835464728253899,0.0554518821230326,0.042685444062358364
2025-05-28,0.055421790253283205,0.07846913471792022,0.07575400409576337,0.05639145023722339,0.0505575891941572,0.04562798831054058,0.03909566461451428,0.060617578277411134,0.03833846212941008,0.08504152151084943,0.059158023804835376,0.07229476878135943,0.07933238778077731,0.12374796885716276,0.06130844664850678,0.0754149116885077,0.05562588137572809,0.04348606649820135
2025-05-29,0.05667276773619241,0.07802886370004679,0.07388661085838295,0.0534751284704392,0.04931858171679591,0.0443580572054653,0.03789867176652617,0.05863142531257813,0.03764918713223689,0.08503748889691193,0.05769103098216142,0.07234027796723058,0.0796086044695488,0.12070706616358473,0.060794478309251054,0.07557664040368446,0.05707949252398003,0.04347645114391503
2025-05-30,0.05604290479443202,0.07739040381721428,0.07588057703923418,0.05312111616170954,0.04648244541063474,0.043438248027670205,0.038769715794919384,0.059345468772627835,0.037518595663807226,0.08408489029510335,0.0586663363280298,0.0703959911002806,0.08149814203596024,0.12405361419726657,0.059972598123844034,0.07379555234962444,0.057485215208241416,0.04290343648981708
2025-06-02,0.05761552204569973,0.07630783482038629,0.07485014603306153,0.053778388034094946,0.04771635133697561,0.04309562098668045,0.039614054862390696,0.05897683016615985,0.03816826328313429,0.08349373752462504,0.0586732132818377,0.06963141822262897,0.07930906444205321,0.11953855263973509,0.05754837744710343,0.07157719977165214,0.05822439826885098,0.042176221226790225
2025-06-03,0.05585504122288161,0.0765536246039063,0.07754211129357816,0.055931976667953354,0.048378497755668694,0.04389504018722152,0.03913838711564269,0.059695694237943436,0.038592093399838774,0.08211013186004686,0.056344694094410196,0.07008733056338488,0.07556410121864598,0.11963827453916746,0.057153137127945515,0.06921065608122967,0.05597836138086042,0.041300159495964536
2025-06-04,0.05134483290147422,0.07954138828148147,0.07555344532609136,0.05691530931870617,0.048619335294574455,0.04415118571998283,0.037568513729181276,0.0564565325669208,0.036650499269765595,0.08171894494433093,0.056651249260530875,0.06696785664396651,0.07292736731603525,0.1182417374177726,0.05555253024055427,0.07148037327962085,0.05508363354084903,0.04158213919025394
2025-06-05,0.05089028319385967,0.0794795126949449,0.07421879912923816,0.05711289781895331,0.04691149529590906,0.04445152136732547,0.036890132496897994,0.05600798641483412,0.03803743110212896,0.08131816156804728,0.056303287110096314,0.06725597919398814,0.07088655647294777,0.11850290065695293,0.05756645039273714,0.07163183702759371,0.05565197684575294,0.0417645602711607
2025-06-06,0.05123170199853715,0.07816970760958382,0.07328195424395316,0.05644597815762938,0.04802263249053639,0.04400815975325285,0.038371382952682456,0.05513052185134016,0.03935496072058496,0.08214112357224757,0.05687664696436817,0.06711850470545498,0.07100503911886608,0.11371296545046597,0.055869325396143275,0.07165590292176637,0.055797126768146424,0.041858701285769816
2025-06-09,0.05153025265944404,0.07932025708945184,0.07282012839895406,0.055947118614152413,0.04836547578573931,0.044978429241494255,0.03798609434891097,0.05541340808778531,0.03718889161512234,0.08246885169487979,0.056043279087193615,0.06673953989303016,0.07117072181998549,0.1138466647449004,0.056033132510353356,0.06839178397992754,0.05492366364658531,0.03888758104667459
2025-06-10,0.04935052371117513,0.07924108862608818,0.07261268623753142,0.05595852786154012,0.04822033887720756,0.045675049290698946,0.03690120466660136,0.055467120383425085,0.03675006616335783,0.08266870056926634,0.055221649672177915,0.06467205110533843,0.07551468412624145,0.11315171153973368,0.059965826118313414,0.066400897277324,0.05416786005796959,0.036728184270921754
2025-06-11,0.04987729269211455,0.08041139804991443,0.07226863042066023,0.05709887690062005,0.049540628927840794,0.046504209442464126,0.03613503366258615,0.054286830858321276,0.03723808182679542,0.08355423904755414,0.055332748200249325,0.06285990499449398,0.07569496588820258,0.11471288017289331,0.06366622298617451,0.06588708400264015,0.056727141382722356,0.03564787761637723
2025-06-12,0.05004930355628014,0.07979728064410951,0.07265456673222437,0.056450157590260445,0.048447791881427116,0.04536705268273174,0.03641237875095518,0.05488544178038312,0.039402213035582515,0.08459653301996023,0.055791508331733325,0.06376310197111575,0.07276789252993246,0.1161978334607908,0.06560139185178039,0.06465269239893706,0.05660784988405761,0.03575740439531171
2025-06-13,0.053470465354990955,0.08048353637510745,0.07246873667449913,0.05435199095697322,0.04875588017335049,0.04493547992861943,0.036135107625268365,0.055365620501184105,0.03907947958567257,0.08376555704086938,0.05607186066938839,0.06226739774909617,0.0724906644974116,0.11489275484726064,0.0692699217868531,0.060550479889641975,0.0566666740817151,0.037642325838377205
2025-06-16,0.05293232528387973,0.0819022677817311,0.07389783735331983,0.05187050613483054,0.04935281045595366,0.045332278065474726,0.03722415432787099,0.05919166281014032,0.03886337449665195,0.0846229255349021,0.05601154952298208,0.06466763215431996,0.0735368920877848,0.11116279238727197,0.06837396129283037,0.06440968334756532,0.05625734791105107,0.03808283956209076
2025-06-17,0.05189494065609876,0.08356412230552128,0.07263003655485901,0.05088258615817502,0.04734310990771728,0.04735921056030149,0.036715947809247806,0.0627876170981711,0.03951180396350494,0.08243235707480079,0.05463047683508436,0.06507987638167338,0.0725443506594023,0.10993783262905382,0.06816540531587975,0.06169194726458708,0.056580967454508094,0.03838143986244594
2025-06-18,0.05044770886192704,0.08254193845922797,0.06897112574881271,0.05224830612908883,0.05095720089137559,0.049035191801082935,0.037871957978616574,0.062373182810356434,0.0402494928484285,0.08342438074335251,0.05495317511686794,0.06575019652778782,0.07109492268642016,0.11567883529905953,0.06969172462175278,0.06493613247340056,0.05838938291444145,0.03811706004311595
2025-06-20,0.05071735486388946,0.08224973817283784,0.06863353812643053,0.05125460987558554,0.04951015945168401,0.05076648439190035,0.03461477864859894,0.05976314755484933,0.039688081213408326,0.08333896012412606,0.0545318949404887,0.06585763876761352,0.06804626644122742,0.11478168755948366,0.06956379593366993,0.06590513001441604,0.057832875922047555,0.03749150387298469
2025-06-23,0.049865116470495366,0.08187102732578258,0.07022478586285462,0.0514535038221542,0.0472941556405593,0.049337086941586325,0.0343350850507187,0.05818492298376494,0.041062991421565685,0.08191377873739927,0.05461288427337911,0.06538447408307202,0.06635311882446523,0.11515504799833648,0.07443988712356364,0.06459810851578902,0.05679564085039311,0.038345283670658696
2025-06-24,0.052376028039569617,0.08096338668009861,0.06704826569594254,0.051993570797682,0.05053029907542006,0.05229273751753139,0.034537490873636015,0.05820608731579215,0.03815871681995988,0.08164894065581953,0.05481217549162919,0.06337571139772602,0.06700136403236398,0.11799160741048488,0.07288066474801555,0.0648627631128981,0.05877426472298576,0.03766762764677645
2025-06-25,0.0533502705886834,0.08129881164019752,0.06700742531289096,0.05227890008474446,0.051047332084939945,0.05035991075322666,0.03564841910637098,0.05843061923453088,0.038474964592006916,0.08098691711894379,0.0540347480644788,0.06363182023089588,0.06729222428941616,0.11806559828770927,0.07189841966401128,0.06315943700785676,0.05800266872329631,0.03537639316814504
2025-06-26,0.05432872016097111,0.08385272994030755,0.06703112779147434,0.05314420456160265,0.05217787239242701,0.04619697517998677,0.036386753350473366,0.05790084110776693,0.04090553331470207,0.0794970692096616,0.05369796788708088,0.06457933391902301,0.06777171446924438,0.1152787933887126,0.07289386988649096,0.06518061182187253,0.05864660532590002,0.03741799724295114
2025-06-27,0.05095375546121004,0.07776494759826444,0.06712397079043587,0.053914063515587925,0.05388813269184096,0.04673106077381787,0.03561843369124437,0.05711013660297945,0.04191169669061962,0.07938907885278998,0.05317110961031078,0.0647200731234462,0.06541710204598328,0.11559888258839812,0.07079583767115855,0.061045488089653877,0.054579847204286415,0.03553732543922859
2025-06-30,0.049295485470996624,0.07596059327434096,0.06669361071373446,0.05537174065841037,0.055313062793581246,0.04900708301244491,0.03522698313361307,0.05933391762278143,0.04189206443286633,0.0797986022133302,0.05261584331945674,0.06346799945227038,0.06887944330269279,0.11411394860653383,0.07111293350152612,0.06141262928296678,0.054197014158485095,0.03697084279745729
2025-07-01,0.05031427852048659,0.07812980512075225,0.06642956626322187,0.05531538956348318,0.05529183266639075,0.048913380859226106,0.03540780705557071,0.0596810746166283,0.04323381841305555,0.0813967774944853,0.052287488793521464,0.0634296125627069,0.06799580476185703,0.11228141842009626,0.0728092396825706,0.06066662978793195,0.055490246751081954,0.037751149975839914
2025-07-02,0.049573699505270616,0.07812983405098789,0.0631971214215215,0.05655738504534954,0.05603988756224725,0.047262682501858826,0.037802745618957086,0.06007870896309806,0.04202463927866861,0.08294852178443611,0.052687635577023065,0.06483647470230285,0.0698996223437235,0.11268305237195379,0.07213443229391621,0.06268186319950537,0.05550696607706859,0.03804030617418378
2025-07-03,0.05097590220390853,0.08230671629612075,0.06364991418558427,0.058863598696035246,0.05788227174147391,0.05079877546399797,0.037450457238364196,0.05877463669880524,0.04287686778617612,0.08168724019289805,0.05173108210252713,0.0651990518206075,0.07062865431214795,0.11324446211212501,0.07446930959777218,0.05781346648404238,0.057508289856285914,0.040995022965302
2025-07-07,0.0534720745639204,0.08420314797705666,0.062314577025384725,0.05850213827469984,0.058203396498717815,0.05052477416322923,0.03863988066286822,0.06090364230725692,0.03863411956186505,0.07947058981956535,0.051490638267436876,0.06651323909708144,0.06732892998012008,0.11470407320093766,0.07213465663674641,0.05575732766502718,0.05708503428928601,0.03913562478306387
2025-07-08,0.055083085759101556,0.08498996974066293,0.059464115525111806,0.056482263924447274,0.05725401952085598,0.05012159490240921,0.03845430808767583,0.062873600408193,0.04147983746342326,0.07905882882433156,0.052459789957807965,0.06586558736293115,0.06717626474465033,0.11400837917259954,0.07341141877522678,0.05545187767474721,0.05595642319589333,0.03881314727264599
2025-07-09,0.05420444321036318,0.08331851987816552,0.05914014393117588,0.052908177293383055,0.05429418558423542,0.048235159336824596,0.03646611019749359,0.060876524989488735,0.039612619035052025,0.07907751591862225,0.050892296106467554,0.06602407654347886,0.0645984828851916,0.11227514980066415,0.07109556367184627,0.053460728816562685,0.05561933999397662,0.03980315121931566
2025-07-10,0.056984586978829875,0.08416555156588525,0.057319801686909484,0.05480966719449437,0.05350515757399447,0.04761002708559853,0.037925038957499005,0.06234360559204841,0.040444308756625205,0.07918294619408243,0.05061452406834328,0.06622905660721308,0.06436976329029831,0.10814925763251719,0.07110404550349454,0.054967637491561236,0.056148096933249604,0.04177100151819918
2025-07-11,0.055935044005913336,0.08256715876216986,0.056262655893780225,0.056047701435661255,0.05486980287055752,0.04857753017862427,0.037121774701277595,0.0657959412191342,0.04007201203292009,0.07904260838344966,0.05050427973684583,0.0666167247266318,0.0656286664177212,0.1081416523837965,0.07122107541949162,0.05250483893674205,0.05897721194372305,0.04072568958038805
2025-07-14,0.055594822304492864,0.08435397825259189,0.05400523820318693,0.05414203543445522,0.05253186218969295,0.047815378827883656,0.037678820777309364,0.06905047446080013,0.03951620386285229,0.07897343835025288,0.0501212494802761,0.06770325167767707,0.06654739066359074,0.10763667271439588,0.07450946881141023,0.051691047206251506,0.05905881810143139,0.03978793320690269
2025-07-15,0.05399404235716211,0.08414041928385402,0.0556201670394972,0.052932998634540165,0.05212444869346842,0.048145027492380164,0.0370137318829696,0.06962117811982586,0.038570087317411614,0.07860639466177083,0.04900665460801831,0.06753442411972267,0.06642296175209238,0.1052518055275648,0.07275397908100005,0.05038502330222904,0.05927980684418985,0.040006139972949266
2025-07-16,0.055182085820679655,0.0849187231489727,0.05703942461093447,0.05437421177065337,0.054238101221631925,0.04804232941158058,0.03807356033803303,0.06823282249689253,0.041097358668014755,0.07779543068311537,0.04952308328233941,0.06745478118651194,0.0683482456689024,0.1039544917428854,0.0729841595027572,0.053212284219684096,0.05959572446161636,0.04180683886386482
2025-07-17,0.05522625728630732,0.08355303168164843,0.05709764044174983,0.054150907360408035,0.05234894027634447,0.049347078986986224,0.04038979509180416,0.06844386844066686,0.04138941943324424,0.0770042601347693,0.050728667598758416,0.06516020110433685,0.07056942490008909,0.10614604514382718,0.07090826166361489,0.055507653589409,0.059393839710741754,0.04262322224267188
2025-07-18,0.06088938484249027,0.0832432099557733,0.05644126362883289,0.057924497177449526,0.05275633910783835,0.04934814030568132,0.04041779308567652,0.065872066289988,0.0384148366020512,0.07980088254361867,0.05136482096249945,0.06649997249696804,0.07097534879746292,0.10712972864790021,0.07246012913274835,0.05347868265639226,0.060014017546424256,0.04536584950404731
2025-07-21,0.05938820355987036,0.08439230185003575,0.055867886492269474,0.059554547710038284,0.05131710023271704,0.05061115637098528,0.0398697994941409,0.06375486317075524,0.038460002869776314,0.08001846986766752,0.05008936618709951,0.06684628116156976,0.0756305708320291,0.10545719184648021,0.0755233382561201,0.05265494204536085,0.05904877156761526,0.04597063447884952
2025-07-22,0.056262903752286354,0.08033289788660196,0.05457748452720223,0.059680377749155376,0.051269521581282965,0.05122105284806915,0.0404853477348646,0.059946862032550154,0.04090053878906061,0.0772114200300347,0.05199674018215957,0.06648421353582035,0.07617496691556258,0.10846936876662493,0.07418595276399399,0.05238237170042245,0.05940213340479042,0.04540912436455575
2025-07-23,0.058045009318190864,0.08164584415427577,0.053987536079773135,0.06175477407720478,0.05302846494415649,0.05141155951330986,0.0430013664955083,0.05946516241178944,0.039930774854744305,0.07838154510843223,0.05246775964254583,0.06889462396574296,0.07246055826971168,0.10838785300027386,0.07028090063574652,0.051994390560063455,0.060373549103309554,0.04984885735187942
2025-07-24,0.05650103637625031,0.08057134147253912,0.05486428849779271,0.06388637366995523,0.05186192798173899,0.05098478972729877,0.04106896301819851,0.058504860535416356,0.0415558436280107,0.07764924863418404,0.05279014688927608,0.0700406432688582,0.07429382862594677,0.10655617785282331,0.06799643070898197,0.04965067120544759,0.060964075578610444,0.05467422626461668
2025-07-25,0.053637060951255415,0.07807454617124061,0.05508918361907653,0.0632808906380862,0.053683605112493184,0.05029745895061939,0.03963791886587621,0.05628934577576072,0.042173127952208435,0.07760624216631588,0.05392072095710981,0.07048624282184646,0.07918716330296889,0.10403639066085378,0.07152789216127683,0.053800192086973536,0.06107587888607169,0.05023161489936667
2025-07-28,0.05380852597345146,0.07788445071383682,0.05534409214539973,0.0630427573174047,0.055716647844967146,0.05038176457377754,0.03974281202863846,0.05788866832553405,0.0414304456795292,0.0773832345943534,0.05234921902052719,0.06932371845428524,0.07862578049601901,0.10509913491036088,0.07040836110919986,0.05112134022669704,0.06210506643463129,0.053643650667956004
2025-07-29,0.05578030890386987,0.08047502129844007,0.054308385837998255,0.06324249512442062,0.05458719972610716,0.048693555152042,0.03834504054771296,0.05563492298191482,0.040715081485380146,0.07708902083921522,0.05270764277729628,0.07160468153976937,0.0777343650332025,0.10631717092484747,0.06835289187942802,0.0554618882641334,0.06625257385547278,0.055339161015058556
2025-07-30,0.053419156077865286,0.08409705930495352,0.05560836949598923,0.06520268074476278,0.055054260114692305,0.049196206709978804,0.03792489345732463,0.05577958021584137,0.042464154302739046,0.07753128216637446,0.05296218783814078,0.07160583986605114,0.07691262545778882,0.10418405838276922,0.0677897753715209,0.058485716156709014,0.07049117019118256,0.060135957777706396
2025-07-31,0.050218899901627416,0.08538630135483036,0.05771446840694241,0.06171816248621434,0.055724377694916664,0.04850788729257867,0.03726137412042927,0.052935690136914654,0.04541601967090004,0.07526179350410833,0.05139212135819218,0.07052269582830012,0.07521096195410382,0.10370887626770525,0.06135665613876018,0.059625477618340306,0.07171183872996616,0.06038548571018005
2025-08-01,0.050289338356131384,0.08578783256250527,0.056802227867214075,0.061551288611663965,0.05624083235500734,0.04747610128040219,0.03770200905737258,0.05390686487741003,0.046249842947972915,0.07530273240707533,0.04928196463552796,0.07133897242098777,0.08123533350683496,0.10332212723709985,0.0631952286553191,0.06570850691607337,0.07416986351832851,0.0591262603828524
2025-08-04,0.05072221678915017,0.08486393811935089,0.06085561825314914,0.06257376199287965,0.05767249438249864,0.04854277886475731,0.03796615244805781,0.05243427113240633,0.045915308295535966,0.0756359528102141,0.05136787276785815,0.07393759133446048,0.08052199710314847,0.10260029489216287,0.06231025725495795,0.06445587821525796,0.07476137181186582,0.06380016791278117
2025-08-05,0.05240067859140059,0.08374873869529041,0.06053200269387504,0.06215851231984198,0.05931856857957809,0.04975094392016129,0.039106548288334125,0.05783999642798455,0.046437329595365485,0.07560854269876348,0.051587048912218374,0.07311206284767093,0.08481030287491673,0.10306134858520097,0.06603798062873713,0.0665381567738013,0.07852139888042328,0.06508203182993515
2025-08-06,0.05276518537218673,0.07779564611438988,0.06000685349392705,0.06246779060466543,0.05740114305913734,0.04925180122727829,0.0386322697132072,0.05679537989381744,0.045918083858122107,0.07598436941827708,0.0506759831029109,0.07231516557368764,0.08552452590088432,0.0989899602447516,0.07003986314780318,0.06571580594131304,0.07774577893667982,0.06324248737911058
2025-08-07,0.05558498585088061,0.08078487725537983,0.05801811624065862,0.060006679906554686,0.05587238805726804,0.04626012370896811,0.03916390682550095,0.058448849726050224,0.04755915142957876,0.0769551858002716,0.05112036219533199,0.07097178528161548,0.08813517311836779,0.10314929949426388,0.06971129800850503,0.07232738248856667,0.07694958081614085,0.06089981602686799
2025-08-08,0.05355449782965983,0.08208284630759276,0.058200535671994916,0.05648554464868154,0.05537326471360749,0.04570625182615795,0.03732245053722096,0.05837831063723525,0.0469822776405103,0.07676022393167183,0.049818373352449034,0.06953362226223055,0.09143636535515683,0.10885947911382936,0.07122997673218032,0.0689252130457101,0.08001903035114084,0.0616424579683283
2025-08-11,0.05233814602313361,0.08495160317849404,0.0573398195759971,0.054886865958824874,0.05662427822342437,0.046092774281661794,0.038378247995283055,0.05700056218329903,0.04527194829514146,0.07357286557657819,0.05097863384673182,0.06964010611883503,0.09620930990153378,0.10712937056483185,0.07432085874093658,0.06925902685141624,0.07823360228656771,0.061064621149912075
2025-08-12,0.05535011435399001,0.08462233037353778,0.056503793604591526,0.05538508292270042,0.05714826471295411,0.04898028961714506,0.03850654163622112,0.05772335901924821,0.04482334841929533,0.07313142092681922,0.05054747080226586,0.07014324655176737,0.09218409938822811,0.10371731334466887,0.07345094471958996,0.07483087344140295,0.0775479453447599,0.060286658735635934
2025-08-13,0.056604341037157974,0.08385574390231193,0.05474814777684099,0.05547601550167539,0.05777044734861736,0.04990406288302852,0.03866429548258962,0.05790828066982074,0.04500640198658387,0.07430343622036344,0.05157980671253511,0.07272313961866093,0.08900917213397833,0.09972977814109625,0.07700526518515981,0.07311085572003376,0.07694929402342926,0.062008982024769684
2025-08-14,0.0556430081256862,0.08265668156715338,0.05645194162148807,0.05686365846494682,0.05829626463056697,0.04979123182279042,0.0388427077573153,0.058865641688754536,0.04515187259072483,0.07637171906918647,0.05117298936477969,0.0729216820526912,0.08930840551205861,0.10157286631704598,0.07925887556803217,0.06814079854860453,0.07512144527768089,0.06200999903300963
2025-08-15,0.055550293718850265,0.08125015774001644,0.0552240228851112,0.057367375565550625,0.0572217948854,0.04993807532734003,0.03688013786428956,0.058499673844310554,0.04536590556601184,0.07496421777822865,0.0501718375299396,0.0705375711519154,0.08872433528333619,0.10204749101841983,0.07716090351892635,0.06926214889427172,0.07629051650792884,0.061614868390793776
2025-08-18,0.056525034806110576,0.08252445575434761,0.05540276254119558,0.05818015787834049,0.05570445107624943,0.05113923267192204,0.0370468937045798,0.05863588335327115,0.04508238793980722,0.07454712871524379,0.049490802546266977,0.07137984646445854,0.09212179063426013,0.10271813719867245,0.07592754785702457,0.07066437893030873,0.07315727613272367,0.05993845707304669
2025-08-19,0.05643147706184788,0.08346839762512849,0.05556361281515656,0.05723957740154175,0.056798239782730485,0.0567194805835836,0.03683719837958313,0.0574333294253316,0.045721884247666815,0.07306029720448982,0.04935110240088392,0.07175104335953976,0.0929637675667892,0.10341064439300245,0.07705090433196858,0.07206022364976875,0.07009225479662792,0.059994678951681216
2025-08-20,0.05795921059503453,0.08515212378593659,0.05634989927095206,0.05893967552912166,0.056757975954023675,0.059023687484511485,0.03546579395033194,0.05709620874634818,0.044780415306810796,0.07158129190899105,0.04733188841318078,0.07126943687606338,0.09277791681672225,0.10209294364262898,0.07969843098217165,0.07042569836291673,0.06698547641120871,0.05936066211697253
2025-08-21,0.0590094158966465,0.08507646705279417,0.05496623787459522,0.059851608729053984,0.05609107200209328,0.05910317386631976,0.03652643837545937,0.057553683008207714,0.04516064884324649,0.07178061008083257,0.04712185155812349,0.07191632912432051,0.0925432830779965,0.102201401924296,0.08319673444749102,0.07032393197071364,0.06550984378043616,0.05941659806987887
2025-08-22,0.05575514638543824,0.08356763343729401,0.05280037231891736,0.059338327685884616,0.056858109132644045,0.05877249129158153,0.03660450623202747,0.05766222978582864,0.04466721677707085,0.07066134397455079,0.04805406189063182,0.07403801400017147,0.09492330557301747,0.10112795634689403,0.0855083784971545,0.07124596539053302,0.06660503038618958,0.05496230364810122
2025-08-25,0.055541473959455495,0.08696850402716204,0.05032561544896667,0.0593794711583318,0.05919374198819098,0.060951145922414525,0.0378286917532897,0.06242759846279807,0.04555917728941489,0.07032261227886279,0.04613834572041246,0.07330215810955021,0.09469558471771004,0.10118074166153837,0.08515280296885731,0.06826792565139789,0.06744536549780872,0.05760395750022076
2025-08-26,0.05475261598705712,0.08623088700893748,0.05035235713539901,0.057337739962305165,0.05994741287923994,0.06202265769906303,0.038107381520086234,0.0638930215451726,0.04587678134140973,0.06842872401263671,0.04601868719171609,0.07096134532143131,0.09764511312440134,0.10539449113818466,0.08394379671748854,0.07045629086872392,0.06322800694706826,0.0570454529542069
2025-08-27,0.0538899086557687,0.087793937517875,0.04979478519522977,0.05848391808154162,0.059962659773904525,0.06403459341617991,0.0381047441343754,0.06377383187535852,0.04593523427779974,0.06988423642690664,0.04490705358656122,0.0715666164926975,0.09477812557996765,0.10413143928569225,0.0834113882340611,0.07319466508228313,0.06473568230582138,0.05443952507805436
2025-08-28,0.054429135869050585,0.08414094765059452,0.04819131942367939,0.05904509737063068,0.06065190666297837,0.06157850089368997,0.03845480111581664,0.06406240780821927,0.04381880744082234,0.06995225585901238,0.04512238871497446,0.07173629272297444,0.0962984130951671,0.1035335639875152,0.08446488536226766,0.07303890335987095,0.06418661465187206,0.05568792234404398
2025-08-29,0.0546045796032147,0.08451220655371641,0.04925689315197557,0.0611683157173729,0.06095895756834963,0.06384076574875568,0.03785248545188863,0.06386371491328904,0.04436756497053605,0.06757597162368008,0.04528090168988075,0.06968089364296765,0.0937730605702252,0.10413271842531056,0.08137448723957925,0.07716993691796052,0.06287321091913706,0.054472219170597656
2025-09-02,0.054681348702196785,0.08752454629121563,0.04867042435726484,0.05979205667527925,0.06294962862770585,0.06224830444599768,0.03686065362185968,0.06292901786881364,0.04426459635493691,0.06754211230317168,0.0456626351268999,0.07009778694400517,0.09540530866449756,0.10332906847274004,0.08251762104902027,0.07755336690606535,0.06360965634912875,0.05461469835611899
2025-09-03,0.054169047629971136,0.08849084103821926,0.048362692961274885,0.05987335892481024,0.06242869838329831,0.062159102395748185,0.03829766524686243,0.0661333443907737,0.045652591825249104,0.06671466265708889,0.046027763867060444,0.0705663305746614,0.09585164318463467,0.10281394798298946,0.08435800234014933,0.07675198819214955,0.060905502514558195,0.05790606702264621
2025-09-04,0.05794526111852659,0.09074685214329278,0.05123231448205087,0.06017062432314798,0.06322130173162771,0.05975173664989573,0.03810288466848439,0.06577609190685954,0.0468539314046986,0.06675245100307829,0.047003274470362975,0.0697032640247683,0.09818204353598774,0.1043642495904625,0.08549974422010512,0.0742348349758374,0.06011202058378457,0.0626921162427677
2025-09-05,0.05531650021420491,0.09036941359047614,0.05100420904869072,0.05902042901126603,0.06389592148768496,0.05905686370843745,0.038419690592525715,0.06562430853513569,0.049881445501752275,0.06569987081519059,0.04688669953715268,0.06768189466559948,0.09835219925059456,0.10307766300438868,0.08176747633559653,0.07575972231823205,0.05783397419456664,0.06570675135578755
2025-09-08,0.053784023296768076,0.08335674428196055,0.05075482736192374,0.05799851994956219,0.06251544521848959,0.05877654777253236,0.04032160048700967,0.06619665438132123,0.053080796999183485,0.06593044864053123,0.046269685774169414,0.06749839201665782,0.09482888688509991,0.10267396797443004,0.08661282460974702,0.07586494321209274,0.05785842322408239,0.06975301060607812
2025-09-09,0.05648094220671019,0.08410645835572803,0.04989532369769661,0.061183029176791436,0.06295024100806672,0.05797185319832607,0.040330285359865777,0.06610035677747544,0.05303703290252651,0.06355642240893586,0.04531532959904515,0.06840785004406925,0.09299226483519182,0.10158781146442764,0.08197287736374947,0.08203272984632175,0.0578669733598324,0.0658100909450413
2025-09-10,0.059551536258610586,0.08426511407825857,0.049713961486980006,0.060088537768564675,0.06212353062397479,0.05643811094775761,0.038986541406423825,0.0629121126361867,0.055942430761980876,0.06314893828618481,0.04507939173069555,0.06858589005048413,0.08921019366507667,0.10121550372200552,0.07528966526989142,0.07967170115886052,0.05663137998720604,0.0653749972226204
2025-09-11,0.06316221761128239,0.08596024738505023,0.048830928845294885,0.058445926520826995,0.0619227131692252,0.055551620974160165,0.03928241289876029,0.06343047554189815,0.056968304932792764,0.06274506592610168,0.044695522208447504,0.06858011185981985,0.09016973254598758,0.10339582782928584,0.07513004192946059,0.0797790464722155,0.05547838234763244,0.06500189102293114
2025-09-12,0.057730450302642636,0.08614439015773266,0.04910872085703353,0.05882799944955811,0.06348508097607256,0.05486337856280923,0.040339391053011125,0.06332447788246016,0.05674506851287349,0.060717129664526776,0.043678811241388525,0.06568706869814882,0.09054038999850707,0.10306663877085255,0.0719333772871844,0.07993596674946098,0.05415870504730977,0.06773236633566045
2025-09-15,0.05115879914758044,0.082997077748128,0.0484666089195716,0.05964980612007887,0.06465884609481341,0.05549587682858511,0.044676164850541156,0.06069021586195145,0.058619368607614665,0.06066888459767976,0.04359081639615091,0.06582046656304183,0.09409253461139766,0.10736919319716996,0.07063306428745061,0.08097279094947518,0.05636849508707864,0.0669167638995063
2025-09-16,0.05364239876650262,0.08307222837449901,0.04930355515900468,0.06061133369313133,0.06534783018261534,0.05501974939299187,0.04391151215668284,0.06052042998320014,0.05836274345894239,0.05981934091638503,0.041389623103103956,0.06445902018360285,0.10031974464752501,0.11189084580881664,0.07324918342675585,0.08144850425756585,0.057554808938287745,0.06621994224571459
2025-09-17,0.05110374007397393,0.08249715364713031,0.04931769502208855,0.06225537355513642,0.06516370856084294,0.05713265087471613,0.045131557087753967,0.06040379046168254,0.05868891399828128,0.05911990201617942,0.04050603273235254,0.0633215216984715,0.09868063335010961,0.10744612451758276,0.0779479506410482,0.07894974959295951,0.055601081000230666,0.06718995809734428
2025-09-18,0.05026580046893835,0.0832903793386072,0.04889116871779732,0.05887995014556787,0.06424228629074485,0.05783803582546739,0.04606454290792179,0.060494702741288,0.057388071589603976,0.05605921112235978,0.03944067610664692,0.0647919406502067,0.09891927509135992,0.10794108172512945,0.07820618732048097,0.07893430575679442,0.05407037487918788,0.06830271712008242
2025-09-19,0.05095760776464487,0.08773651423362698,0.04769159214235601,0.05821713640024987,0.06340487192144033,0.05751062539776089,0.046445162619825155,0.0611490088602929,0.06098024848872332,0.05619233452517161,0.0383263082804906,0.0626473555560166,0.09191123956854332,0.10434706885659295,0.0780607351377813,0.08356288419619708,0.055140275296665736,0.06857749638072129
2025-09-22,0.05426999699880343,0.09038283774791331,0.04773063070141522,0.0588516338396141,0.06358408288929068,0.06034945199181519,0.04627162792103159,0.0608980656860201,0.061369173276743245,0.05511069016658647,0.03949236065247851,0.06153253634690324,0.08638038219786444,0.10381567892299591,0.07397639936490574,0.08059232481785891,0.05149888670350697,0.06767183433630578
2025-09-23,0.05867000648309576,0.09517616330554785,0.04830687998245669,0.057877778048281175,0.06244600542478277,0.06319467581103567,0.04491943073086129,0.06041266507720403,0.06130080336587634,0.05511378193889945,0.03939930312514591,0.06116725816044634,0.08357569630935686,0.10290112208372332,0.07410690417992688,0.08289632961346068,0.053012393064497614,0.06965793402435454
2025-09-24,0.056756191824295935,0.09552839416927388,0.049821172851178645,0.058434919165798904,0.05978880509753178,0.06264411974434166,0.047340530380715465,0.06119760770738555,0.061074811542008306,0.05516895030135995,0.039060725135805476,0.05875036072679875,0.08700061648761019,0.10340821013622516,0.07628093051146037,0.08090543656909416,0.05477235236362557,0.07154332516703729
2025-09-25,0.057063054364924364,0.09542422230616643,0.04922858705313185,0.058649148798721795,0.06192188769830687,0.06576221847283283,0.04860353129954772,0.06454983744346206,0.06190354822217633,0.05519351662919727,0.03920271439675934,0.05986040621231389,0.08825200308471122,0.10355620705029811,0.07781639516567658,0.08011092848401972,0.056479176815684394,0.0737383439097043
2025-09-26,0.05453002084447826,0.09485525306507009,0.048697568045426284,0.05865165728916248,0.06434943806030992,0.0656128455984587,0.04944720241128192,0.06598958372515684,0.06343018579013583,0.05409012754711306,0.03912246191559035,0.058304165345633104,0.0970526819744181,0.10424327296575227,0.07804650136542304,0.08559504563069986,0.058625301494676,0.07387413834847634
2025-09-29,0.054713971192500634,0.09179698241978801,0.04852858511623958,0.059588303408846154,0.06418654013285448,0.06323374280507449,0.04657723412483748,0.06341422488773482,0.060838775120381834,0.054914430869641664,0.03938437489660115,0.05921561228958932,0.09689180169348145,0.10331863156564673,0.07530759475285205,0.08355814331003149,0.05868553758214947,0.07649352673536614
2025-09-30,0.0556655128236423,0.09300769406733786,0.04910193818724298,0.061564874474092805,0.06475284211576035,0.06633687327209281,0.04562231709209921,0.062373769808512836,0.06006194371855171,0.054863971677583744,0.039237367671396864,0.0592803734337833,0.09666604696046859,0.09857148164375504,0.07536359174667386,0.08028679353235275,0.05863818608992265,0.07840863447058481
2025-10-01,0.055469610064612075,0.089196227923826,0.04899254713920972,0.057832316913014326,0.0626130787501327,0.06380391233427939,0.048277101403731384,0.059907054255773765,0.059474320214277065,0.05519751962072841,0.041220535994193924,0.05942711318563607,0.09682494892943548,0.09879876395184624,0.07700374308899147,0.08543217438671842,0.05986203648509639,0.07656729854790817
2025-10-02,0.05768558995842354,0.09161380382307452,0.04957755950131041,0.05865025650225431,0.06222255318498796,0.0685650929615543,0.04779887039106208,0.0607646491034666,0.05960892067482596,0.05533314281405985,0.04219036314886921,0.057531579985615956,0.09693749717066995,0.09987688150858329,0.07519963827101217,0.08270947506413387,0.05926622186535535,0.0745837746374531
2025-10-03,0.05922437921315497,0.09396339105931759,0.0496699546199359,0.058051248488940235,0.062483552141934316,0.0714843641217627,0.04621285604443007,0.06084232744700385,0.06083204120430543,0.054643527061760046,0.042187052825408314,0.05661753195372054,0.09753706264240915,0.09891849724535692,0.07873100546707232,0.08301783344762248,0.05931301930616491,0.07448010381682393
2025-10-06,0.05896186977587169,0.09330847962592093,0.04785140832385531,0.05817332916395392,0.06220671746239769,0.07378682616967096,0.047905014316027394,0.06188358873850866,0.06091472518230142,0.0564976182924582,0.04289810274869638,0.05668376355995822,0.09439268576696118,0.09641391098953243,0.07829567721862553,0.08051573877453343,0.05833822245756895,0.07523228334766095
2025-10-07,0.0614381830039173,0.09256264394859778,0.050192646478248504,0.059728420644814643,0.060436117640339404,0.08329994624109009,0.04836900747428377,0.06141069671932018,0.061894820394996664,0.05549907525152935,0.0439216606738761,0.05682198472645209,0.0964251404173914,0.09757508190407496,0.07460925382758585,0.08409598093861453,0.05521767262880889,0.07473160919006075
2025-10-08,0.060767548753813704,0.09214865613154234,0.05014676208177043,0.0603610399846849,0.0612230694875428,0.08623530207482273,0.04654537018505467,0.059141591605117526,0.06022490106832205,0.058031636369392486,0.04501873220361009,0.05739869665660996,0.09384686277016292,0.09261359530999544,0.07160963003010683,0.07800024989437086,0.05475108674916044,0.07279958160035055
2025-10-09,0.05938717189584652,0.09244009070421348,0.04809295207967079,0.06028766503250873,0.0622772729479243,0.08531878536821393,0.04606347428390569,0.05913283129822405,0.0616442790838038,0.056646993593861925,0.04437946498794698,0.05711161589209535,0.09532219489270986,0.09220685071627897,0.0664773495799362,0.07992439719315979,0.05365645031304778,0.06820026331514281
2025-10-10,0.059325503587907696,0.0945968404659429,0.04897656128429249,0.059091681470412334,0.0627761358161053,0.08813992471526282,0.046122834319945405,0.05624219143041862,0.06329682880752018,0.055687075406291045,0.04419750570339464,0.056797982889629166,0.0967329014523561,0.09208126118831127,0.06176070606268705,0.07501422137690263,0.05414329802239818,0.06852305556247495
2025-10-13,0.06060693235683651,0.09584431528101335,0.051223030554180524,0.06126204357789692,0.06276583751579703,0.08761095339309621,0.04999301530572539,0.0583372281449499,0.06692339416831675,0.05596345746400179,0.0448810490550536,0.0571733446509566,0.10208187434848454,0.09303573550357634,0.06534964778483382,0.07498083998771139,0.05223612016161612,0.06876836708567391
2025-10-14,0.060332130044899186,0.09649483282465736,0.048614508219571764,0.060378127704729716,0.06490226438132439,0.0865580752101312,0.05009735895946398,0.058694333925103766,0.06876333498962464,0.05386885400296731,0.04569020575114699,0.05497306179832724,0.10300273567807028,0.09275269348701849,0.0642904596081155,0.07711649432935233,0.0506331629333553,0.06882175165729747
2025-10-15,0.06069027288958282,0.09761102536613447,0.049121330844738485,0.06214925631075882,0.06432746232208887,0.08546612906805638,0.04615883037506746,0.05885418518350528,0.0658194262402425,0.05379395381793951,0.04567842918588328,0.05586863775263157,0.09969609620419528,0.09064854976023115,0.06465326785825289,0.07915274178244662,0.0502163720798994,0.06882430489273879
2025-10-16,0.061684694741534596,0.09965647924797487,0.0509822081388201,0.0648828574427109,0.06558735937123213,0.08941709869907664,0.047277339541571047,0.05947276689013354,0.0657441667466447,0.05287379650425653,0.046258975505644034,0.0539769812881294,0.09996488395049782,0.09039140056990648,0.06575688378344333,0.08030598999670903,0.05014102929150611,0.0737837551625535
2025-10-17,0.06119712344834184,0.09818824240150642,0.05027875425811409,0.0650458440473432,0.06576425118329951,0.08845556811954941,0.05175543429862067,0.0623324587380368,0.06839848684393655,0.05331809555031604,0.04839046471576745,0.052380491303533026,0.1033678500479624,0.08851434573258128,0.06730341024618589,0.07985761288234128,0.04953911357482331,0.0690449287776596
2025-10-20,0.06059701042833552,0.09397249900861133,0.04973653988066668,0.06470377193800203,0.06585515134904328,0.08727570370766333,0.0496273645382124,0.06261335961628606,0.06721388750202272,0.05453994138606647,0.04789629584825314,0.05468308803586774,0.0954633381612099,0.08371431046167252,0.0603792801425739,0.08086487599402992,0.049260023922623714,0.06932350501956039
2025-10-21,0.0632475819056665,0.09497220991908388,0.05351398749490628,0.06514416125767111,0.06467430643392168,0.09236902507245882,0.05092485868133609,0.06256892924329636,0.06891798706602742,0.05415215031948609,0.04728559784767353,0.0531843768616386,0.09643631525947602,0.08368062373027324,0.06046140700166488,0.08094145354582229,0.049427084929136895,0.07064528271598138
2025-10-22,0.06326418420388008,0.09474387873097896,0.055257275102791374,0.06448591111352046,0.06467777674320659,0.09133512481168286,0.050577424527532736,0.06280810083006808,0.06948400687335236,0.0514615521446868,0.045154064960299216,0.053332530225810325,0.08800083227411297,0.08197837007733492,0.06130494499735224,0.0793795780500366,0.04902337986184789,0.07082296785351358
2025-10-23,0.06648644043243247,0.09487573122944697,0.05486585299310755,0.0637365524279532,0.06303356856324001,0.08825631436258843,0.049710183613534575,0.06388275340154774,0.07032295472877716,0.05293059114770023,0.044988760516493115,0.05263939337253691,0.08792215507042801,0.08010155282173999,0.06081408323690121,0.07907730984867371,0.0482455762447888,0.07141633882373999
2025-10-24,0.06912827330365212,0.0975577478517769,0.05679442658090263,0.06502510934516478,0.06307370394127143,0.0933599317407369,0.04963012467916334,0.06389889361623491,0.07064704341509097,0.05299017340825816,0.045069885409836793,0.05405470377415328,0.08655484914950143,0.07554909568960987,0.05789192882737452,0.07847834069396124,0.049909612801409146,0.07195416006664579
2025-10-27,0.06927042368854139,0.10322528306936465,0.0569660437191357,0.06487468819116278,0.06369994851358785,0.08947091727743225,0.04857383425888622,0.062022562961012294,0.07301497948037095,0.05357314913161852,0.046252729668826036,0.05339503007238514,0.08067617654788117,0.07535927102276326,0.05947464916134724,0.07867513454653377,0.04971366162440552,0.07101781546709506
2025-10-28,0.06956766518519038,0.1012986433668482,0.05714581881632914,0.06263061662304154,0.06434005282895124,0.09333602672450442,0.04935881588976269,0.06141095887463742,0.07291320860800125,0.052416072896667235,0.04649552998314519,0.05252287030270521,0.07594413199953112,0.0751124475971116,0.056892971484766616,0.07214327589032095,0.047636129383707114,0.07141883511050796
2025-10-29,0.07229449158221254,0.09997597632795659,0.057949282776624686,0.06248462576890266,0.061828584259936814,0.09321471961041794,0.0502696741398825,0.06262894533250556,0.07228142038482926,0.05184736278192251,0.047459043816788324,0.052172884075788815,0.07466417395815689,0.0755039000384167,0.0564470841405755,0.07390426468665137,0.049179647124910846,0.06942670743033542
2025-10-30,0.07325902426236365,0.10314857415172766,0.05730886293988554,0.05875814510275819,0.061182470027053494,0.08870481034568697,0.05264737995856726,0.06683354939649269,0.07350199530121755,0.052940773258537854,0.04726896519432993,0.05296659749117931,0.08127044023110432,0.0740893595836634,0.05785517436508418,0.0747319605645194,0.04643212348947628,0.06837914825458498
2025-10-31,0.07478045769102777,0.10073370821453166,0.05638560921258425,0.05830394354345685,0.06113514208564001,0.0871340474056625,0.053989201245995565,0.06680610528047942,0.0741971267425976,0.05354088480245256,0.045064631246539824,0.05137729682736101,0.08075957340474642,0.07050593746629616,0.05641595321903423,0.07474102278013342,0.04649008426991393,0.06633921570246029
2025-11-03,0.07156210573367464,0.09875153423666432,0.055723737043919204,0.05812962682570116,0.06189900280032627,0.0893783216356839,0.05412821934472935,0.06523441657912515,0.07293652244705705,0.056966946220789044,0.04656002754558262,0.05234582139099769,0.08225881494269036,0.06941588015426564,0.058355966746626874,0.07166197081776753,0.04820221423950221,0.06607153304956351
2025-11-04,0.0720363511780077,0.09726461579164247,0.054604400336991404,0.05855350520005366,0.06106917294984941,0.09307630424275745,0.05414459612634062,0.06781023609135384,0.07360995055735443,0.05597980785243497,0.04457986834822308,0.053823964194163694,0.07468776981362256,0.06728630971571642,0.05684490010228076,0.07583868688901546,0.0503290471850234,0.0664694692977547
2025-11-05,0.07068399655059232,0.10105545448082276,0.05359613201252468,0.05670961025347293,0.06305421983697737,0.09154019301011351,0.0521370523986326,0.06469766675013003,0.07300145979038747,0.05317783039583037,0.04665966151904406,0.05098588716618918,0.07204373750460276,0.06587338699741971,0.0516350157127762,0.0741833281992851,0.04967793511705733,0.06707782920541291
2025-11-06,0.07029339469092583,0.10087118805018515,0.056165578272420975,0.059663554711815094,0.06353506216629512,0.0915341253983995,0.05233327066925964,0.060399376805403804,0.07283773672407379,0.053508048089894344,0.04712216787116957,0.05178490265145343,0.07009919166009905,0.06619436226325863,0.054470229679394314,0.07163417112483113,0.04763820934994725,0.06619523717308205
2025-11-07,0.07200974373761661,0.10076590082479281,0.05701820040196743,0.061067158946663154,0.06463037485592703,0.0966112180539013,0.054588261613727346,0.06281199427853544,0.07264673972933738,0.05313772201792574,0.04869266183717385,0.05694722834975375,0.07138799719431202,0.06670155525721377,0.055559719023577946,0.07411307727278099,0.049353673726652926,0.06506762218853157
2025-11-10,0.07053767369747561,0.09807409659197427,0.05586081287913789,0.06258148780669232,0.06283551286537915,0.09546514572314392,0.05453144366473395,0.06138832749590559,0.06847121635505586,0.0526390732447495,0.04619543755398087,0.05471175658821026,0.07165191477965939,0.06637406184555077,0.05546981918899402,0.07623943039406807,0.05090741497416096,0.06756205291297103
2025-11-11,0.07055661006011614,0.09833596635925594,0.05644956198092017,0.06296945485438939,0.062331292535170515,0.09728965931621437,0.05431282061687077,0.06122501271434762,0.06894317601365955,0.05311776147986245,0.04584956428754737,0.0548214145641786,0.07268513134226076,0.06930763614822764,0.05694399136815539,0.0727470338126977,0.049137154643472056,0.06698261803666056
2025-11-12,0.06961162261923416,0.09684563314811283,0.05804847448197136,0.06561665507207393,0.06257324409427184,0.094143218805196,0.05199902116884928,0.06098279554716438,0.07015599545239755,0.05353115961131823,0.045857544907369485,0.05634643976505863,0.07674298449558009,0.06978728516785412,0.058644843570122784,0.07480928516782274,0.050168272146418745,0.06671923946096267
2025-11-13,0.06845410805044873,0.09627086268921595,0.05757565320098484,0.06494070725027552,0.06100542363941397,0.0940416800391724,0.053094044383096194,0.05996866811047085,0.0730191674504449,0.05174477664809708,0.04551059994567374,0.0551707500036611,0.080016698106791,0.0693191437358928,0.06305689699676606,0.07317403426228482,0.05039519078488974,0.06992463604458765
2025-11-14,0.07190962474966442,0.09830853092419967,0.05853906551090813,0.06473752240744547,0.06145585899925735,0.0957517459205477,0.05157181480051828,0.05948314282071297,0.07159861759309594,0.049619924915400904,0.04416305705291868,0.05468685133369128,0.07944362024889554,0.07145848927531878,0.06428845694450447,0.07152236500551898,0.0509533728370401,0.07021370860060393
2025-11-17,0.07255048795659928,0.09840435653192166,0.05964096176757804,0.0636106870148642,0.06018484699455345,0.0955809220279746,0.051042517990831725,0.06278428271395685,0.07146275781352825,0.04805570960400336,0.043830553017282024,0.05423613982352973,0.08248004650484698,0.07027576220726213,0.058195406480561374,0.07095472897433706,0.05175756779573221,0.06953468940992524
2025-11-18,0.07257986796888065,0.10118270054810248,0.05858913701904079,0.06388295795995846,0.06078327489876936,0.09538255947435985,0.0536682992641365,0.06443551781949573,0.07323993013408818,0.04799800460531926,0.0432993559053519,0.055148142009368344,0.0823409129669743,0.07021107838579164,0.05644463085485628,0.07445868741865305,0.051246066966299866,0.06891330849067863
2025-11-19,0.07668795191614824,0.10056218025063123,0.059826646003566054,0.06553894723053914,0.05850809165642927,0.09360470259366474,0.053028871939847136,0.06472610563007747,0.07401813490172059,0.048545098608419775,0.0433260046876237,0.05562624796953749,0.07840839076831707,0.0738722537212625,0.05637096889072345,0.07262401979598931,0.05009385579980553,0.06945016322503454
2025-11-20,0.07669473994059291,0.10077567068227411,0.05860691595254107,0.06425680341837069,0.06157508058026997,0.09937603462205861,0.05319104176199452,0.06403903314207415,0.07439990076909261,0.04922454533865548,0.04274871112384339,0.05527461594261897,0.07368450682432888,0.07773400096899272,0.05420466237826001,0.06979480391103773,0.05204226117611949,0.06956694221964388
2025-11-21,0.08036546724159568,0.10229348488964529,0.058316803740457564,0.06329000805116526,0.0615775256009738,0.09865380958021802,0.05343869617281937,0.0638757624628398,0.07554839849977678,0.05189449504409418,0.04353078677054281,0.05571294345137568,0.07627808655251761,0.07381625628781831,0.05359611628366236,0.07258998361273135,0.05174411190434383,0.06986045369170141
2025-11-24,0.07648196765605621,0.10057391653978938,0.0585837733365041,0.061241400244233406,0.06163937487317608,0.09696562834929857,0.05097788570543949,0.06295267247160483,0.07357887749066878,0.05302999895857473,0.04494049975951316,0.05693903586705466,0.07828934827073186,0.07434448220358249,0.049717999969053454,0.0692790271847052,0.05107257279276334,0.06748855979780378
2025-11-25,0.07662727838153659,0.1035721270093247,0.056950223855748834,0.062196438544439826,0.06166746269553726,0.10158590134151226,0.05104653620522798,0.06350236251281399,0.07507340987460583,0.05055850395447403,0.044588701514891305,0.05466831867605558,0.08051520735054313,0.0766760078031516,0.052310279375539795,0.06821072013498665,0.05042185455525784,0.06935304038376394
2025-11-26,0.07392258879455296,0.09854254423531425,0.057588021065788204,0.05837812083934867,0.06487399345681262,0.1035513424902415,0.0514421023466014,0.06347273638826668,0.0721499677555374,0.04911107595027553,0.04403652937360248,0.052535645578396364,0.08230651581197909,0.07615389034018998,0.053672737922430255,0.0667633432597477,0.051128418206119984,0.06704226962776774
2025-11-28,0.07790902824961321,0.10077863880900875,0.056001038211112665,0.059325118475654276,0.06505521747450846,0.10238669357313002,0.05252829549106741,0.06367642492211313,0.07385456127351343,0.049690671595723074,0.04411976671864391,0.05241756000799063,0.08618844215923968,0.07355026098318285,0.05228405874007892,0.06843863790475901,0.05383691776621043,0.06688014487160993
2025-12-01,0.08190309767243324,0.10017269326729067,0.058735253656558496,0.05977765497354489,0.06568073938938583,0.1026100328391497,0.05431977610369151,0.06380874297643382,0.07478263636530155,0.04862952754019564,0.044833842238221774,0.05200612711315199,0.08771405629820168,0.07368791613804454,0.05462483033242228,0.0722042829564806,0.05430043833831744,0.06570201224394984
2025-12-02,0.08065276906359782,0.10240681401181262,0.05608501555083666,0.05914317003296327,0.06589247184514979,0.10139069276625441,0.05451425884683363,0.0648835889893073,0.07468255339552765,0.049221203608529294,0.04646307360938026,0.05442596307653803,0.09190461780679465,0.07310158174320444,0.058811315425344575,0.07549178824249443,0.05507694693367433,0.06681450873197779
2025-12-03,0.07816807537916493,0.10300084199368094,0.05768118145768487,0.05916659255302735,0.06581777479412164,0.10488917441713526,0.054237906982389464,0.06556852217946003,0.07677748005701324,0.04863286959713423,0.04600373572940607,0.05569123464659724,0.09440995940114603,0.07196258328752239,0.06113412480846391,0.07891707458009511,0.054162967958998665,0.06306887413871554
2025-12-04,0.07740186658125192,0.09808354444607922,0.059751892246410136,0.06011934860499267,0.06608827601469007,0.10395950441873653,0.05341646336818394,0.06703918825439494,0.07656546606396307,0.04837842574849537,0.04578158197321041,0.05588642393100751,0.09506274793257437,0.06923576254439587,0.0602618355646079,0.07921536821035764,0.053066638147785186,0.06428125363280805
2025-12-05,0.0765486653653668,0.09783089093980289,0.05662469004732437,0.06013881589652119,0.06526115941172182,0.09973452895129366,0.054858041013389314,0.06522678043512457,0.07687434988192257,0.048261669207598445,0.04486614328239519,0.0557706415991364,0.09291329383950514,0.06923572291254286,0.06483127312753524,0.08110884444371994,0.05270104758523578,0.06339264045654383
2025-12-08,0.08106657595826636,0.0982080471508454,0.05990867157946796,0.059477643836323126,0.06612416110411713,0.10202169027566722,0.05379009545135596,0.06366877732696265,0.07955256246871685,0.04764460149788838,0.04249174393100891,0.053827623663919334,0.09777803611050714,0.06932147151171876,0.07056589691040531,0.07737424822605539,0.04949085790089409,0.06486403790158002
2025-12-09,0.08093829387697143,0.09589828210286647,0.05997188993332314,0.061713720989578974,0.06910372001970955,0.09803548985284923,0.05508831615709452,0.06595786059405662,0.08225806352326703,0.04844858687662041,0.04301402797668237,0.05242781030734167,0.10595738470095951,0.07033672209837886,0.07367393972648617,0.07602103503196192,0.05230340887845839,0.06804415410709769
2025-12-10,0.08174479391189393,0.10028375360307848,0.06326916741943232,0.06137095595105414,0.06867508614252343,0.09605985030285959,0.05080533545604978,0.06599780607749442,0.0863926990889574,0.0511861482175692,0.04487197532710067,0.05308777146653906,0.10366829522896037,0.06517363120756955,0.06727609484912299,0.07635737802839143,0.052483270026299086,0.06678514147373815
2025-12-11,0.07963068875910542,0.09957370172480133,0.06328155074643933,0.05925552739388901,0.06845866985434776,0.09681461164302817,0.04992724201874474,0.0654491223589722,0.08346052174715628,0.05155279711208327,0.045041633618458574,0.05553478779761822,0.10040679638738073,0.06641834126772218,0.06534737453795614,0.06952651302280903,0.05335647887079328,0.0669565204635225
2025-12-12,0.0824070198684121,0.09742302032738394,0.06267788570620232,0.06086958177442986,0.06978186843416066,0.09589264059608882,0.04910538316084098,0.06432788162982023,0.08240500408898165,0.05157950571767844,0.04773180811893174,0.05592877367259853,0.10087522947130652,0.06557326981266537,0.06247800351196244,0.07187440154986498,0.05474555494265049,0.06387733169570393
2025-12-15,0.08460274152395811,0.0990338483474176,0.06513297979059957,0.06166987314593515,0.06909991705075029,0.0929746109965911,0.05036824738091743,0.06479478918479709,0.08177648250783755,0.051417294410518184,0.04960995454422391,0.05548778569421259,0.10008729238047542,0.06619257051352764,0.06341961564783204,0.07229495115979254,0.0540189874708384,0.06604878373422816
2025-12-16,0.08130647381058584,0.09933738541497264,0.06270456715863741,0.06311132511958346,0.06823457439429012,0.09451398941470794,0.05065250570339027,0.06532952965037694,0.08006328593747501,0.05109220536401176,0.0486541057377558,0.05505610414604099,0.10028154354757962,0.06652467231338582,0.06104528562579245,0.06858480570763069,0.05154290307399727,0.06626902612861146
2025-12-17,0.083327998870656,0.09991898700990699,0.062249768314859955,0.06577080099128789,0.0679993106694082,0.09842067941510238,0.050810464658790834,0.06339221324748916,0.07956668405701393,0.05091457895728487,0.049771538245217586,0.05485042193771468,0.09721886755460629,0.06747928715486134,0.057071582516271716,0.07028929374056195,0.05218757451946359,0.06297647913560595
2025-12-18,0.08294957831438504,0.0995821563340216,0.06012007975916511,0.06144252814556902,0.06843542370390143,0.09441139993193425,0.051846340507883566,0.06423930899137305,0.07913652145717416,0.051635345031124616,0.05033449462649438,0.05582571323241905,0.09842556531914105,0.06830727571264127,0.05353543209636022,0.06943454934404089,0.049229833591296915,0.06250674315774249
2025-12-19,0.08562419743242589,0.09922037496486721,0.05700002402754394,0.061321059218711615,0.06877186696810889,0.09450460170093963,0.0503589595406492,0.06381423301000651,0.07963011034872831,0.052012087242011035,0.05055753348834223,0.05528562264167231,0.09507267003587234,0.06904042502720296,0.05223622730079886,0.06811826409496373,0.04779279387470048,0.06248881497504299
2025-12-22,0.09036943093174452,0.10493676005709522,0.05704429182722568,0.058036681888213724,0.06685318043003055,0.08932709457978956,0.05138082144214979,0.06300317764687437,0.08122009816782956,0.0511735916760115,0.05022890624163023,0.0557672515451865,0.08785233655986467,0.07048883314959825,0.05157191590592808,0.07057125000192152,0.04835438101566351,0.06161687352946357
2025-12-23,0.09053664689064723,0.10647618549225892,0.052585742549905584,0.0580422990802786,0.06747480411640788,0.08967095444288627,0.05140345637372224,0.061054437063653745,0.07634221909893792,0.05245792295133674,0.04905786914541255,0.0556531726071258,0.08637918507699549,0.0752193686903636,0.05014876560140898,0.06807096334396692,0.0510984009978761,0.05634826465553205
2025-12-24,0.09285093351020061,0.10645601375527397,0.05422871061080142,0.05796490918320883,0.06747828694941259,0.09028912044292854,0.05140914334260972,0.0617765902043434,0.07608052533092848,0.05240752513914262,0.05067045948476932,0.057579565026852284,0.08433417532942976,0.0748702638453914,0.048471948421323685,0.0643589240612773,0.050941554321945366,0.055423888942045405
2025-12-26,0.09122859608652609,0.1019659616696162,0.055529559385936345,0.057995985603696405,0.06915628832741307,0.09068687971773902,0.05163041985890564,0.062211636858461164,0.07635048916099262,0.05150135451730852,0.04987824023751701,0.05605859816090162,0.08524230171621233,0.0735442933242999,0.047808078316264845,0.06766867348532422,0.05295416130216391,0.05330709477766725
2025-12-29,0.08897255914140695,0.09845822921251716,0.05390843924859901,0.05665978806683451,0.06848925299753288,0.08505524665312925,0.05140731994499181,0.06532859866458672,0.07568970676369996,0.05106877557733457,0.04902721960826374,0.055543032106137216,0.08502176696814842,0.07149708561824243,0.047229571747681165,0.06985238861969938,0.052197168742354194,0.055397979755488096
2025-12-30,0.08831182397908723,0.09777200067716217,0.0529883155257515,0.05634858087003775,0.06921966979167388,0.0863603552496559,0.05170297574534798,0.06459196124546551,0.07571987005057255,0.0508637001164296,0.04915508482385931,0.055118035483732994,0.08577821719852778,0.07038369955102487,0.04821393928647496,0.07198409868465919,0.05137403840166159,0.054981385325055844
2025-12-31,0.08887775811686069,0.09656477202596894,0.051834891505929355,0.0561178006003392,0.06988616582112643,0.08596721953940527,0.052766007902016465,0.0659154286120294,0.07695057348891633,0.05194390977575024,0.049850347778967116,0.055599025278422046,0.08672312037326424,0.06900273992670987,0.05074292132643462,0.071192023269305,0.05117975137983061,0.05299023384241981
2026-01-02,0.08939421843288395,0.09715934191505972,0.05241167577627111,0.056864520632697875,0.06903210835718837,0.08511731968031248,0.052724097819499514,0.06657829401444414,0.07635926846595623,0.05210017384013218,0.04976086624111801,0.05622130506578728,0.08855031644422251,0.06925179998375429,0.049201845643965486,0.07436092970348869,0.050612275559453655,0.05346180679389053
2026-01-05,0.09051625689863212,0.09581332584514485,0.05372990642736489,0.0562402337356833,0.06584838043357776,0.08075898536107472,0.05383628378160033,0.06554688352113856,0.08190773508739321,0.0525016576497945,0.04995676304363926,0.05680710921658534,0.08670406797865393,0.06825065561312753,0.04930887771801416,0.07296359761011986,0.05115070158796199,0.05054257716985436
2026-01-06,0.09088474279462748,0.09604112222885623,0.05515495258559003,0.05680603719434614,0.06556911688938553,0.08562666707932384,0.05432108960347888,0.06540298558060535,0.08169378972132876,0.05063947375292569,0.05016071964561862,0.054670712643949605,0.08261040803804212,0.06459789997457169,0.051069126306866275,0.07481129446048511,0.051611764314860226,0.04837230206111474
2026-01-07,0.09591887167648257,0.09604653416478612,0.059628649515098796,0.05623429181022179,0.06272775468683726,0.08693721865021174,0.053261010510121595,0.06366308357039807,0.07993238422124709,0.050107112943882585,0.04992463654380012,0.055852886577578184,0.08513944250483156,0.06621709641852602,0.05314402902866466,0.07427679343965854,0.05209233941275413,0.04916312664248392
2026-01-08,0.09206720526321707,0.09162769863781046,0.05701131732912847,0.055964794143249036,0.06165598422069075,0.08550222750551219,0.05149883730508651,0.062343713089003314,0.08051818259703727,0.050701786499632924,0.051522681456047936,0.05598714832706332,0.08659937436190222,0.0680805544833235,0.050961215754994724,0.07402700250757027,0.05068180705761708,0.05067295850524795
2026-01-09,0.09132939477910489,0.0921534348913197,0.05724299939155551,0.0529486843401444,0.06239863002234213,0.08509659234518577,0.05175275216323293,0.06014789352276136,0.07725649779460696,0.05025750417864818,0.05181815665772459,0.0564246375153409,0.08933253265744219,0.06611452355973182,0.05164999243926179,0.07104867725246565,0.0495456569356872,0.05039852128096731
2026-01-12,0.09396333419644436,0.09432899504737943,0.06140934707341421,0.05084124584746431,0.06274044408830474,0.08661491625502642,0.05042276958297888,0.05866951292745151,0.07857079874467149,0.05121486561106455,0.05099770313699229,0.0561959388706729,0.08923623311604245,0.0653655652771608,0.05429691591764503,0.07310453047286779,0.051409029247936444,0.05201224107073334
2026-01-13,0.0953786156604038,0.09788209916107352,0.06282006514530446,0.04980345358162766,0.06274400528493627,0.08789746552607626,0.05143306065935704,0.059170848534532375,0.08164773409791119,0.05240846463134117,0.051613497582529325,0.05601985248809648,0.09651256745378886,0.0674561898611,0.05512525015320924,0.07270238982354628,0.05270720673462386,0.04972202132043057
2026-01-14,0.0937847473978992,0.09633359006739695,0.059860600941569815,0.05000577973560577,0.0614365133304643,0.08842038078441163,0.04989237722775353,0.0594234146265139,0.08205389476786705,0.05396539637802141,0.05351828891311121,0.05462209720267498,0.09866660962137466,0.06826731226240693,0.05551660113466924,0.07047010895802477,0.05511305752632408,0.04801708665140003
2026-01-15,0.0944687494445085,0.09550204168854425,0.05971963651661228,0.051852122172807054,0.06051928081576503,0.08720987344172608,0.04650118179396671,0.053057174241778894,0.08249809308664448,0.05419583263955778,0.052551356290364885,0.05475892894129038,0.0983409021603863,0.06956420770206771,0.05253505847778242,0.07721065966086146,0.05565835979336166,0.04778466462947342
2026-01-16,0.09531746780960558,0.0968798343979521,0.05685751272395112,0.052338974004749135,0.060253818367928584,0.08976050969266514,0.0469778800389482,0.053167708168963976,0.08878876171774022,0.05542545131951945,0.053355291487787344,0.055050667073591,0.09762993159827078,0.06880147406622986,0.05618550047683116,0.07796428783662601,0.05703183012331202,0.05066654136940144
2026-01-20,0.09588532135388808,0.09405507482293465,0.05821509382438004,0.051868150595014394,0.05918422376202696,0.08598532050785851,0.046155051453040274,0.05324096420021364,0.08743010825194401,0.05494765365469108,0.05266386907687436,0.058701763885082844,0.10044278481349099,0.06771122427209171,0.06016422953491079,0.07728231117269645,0.056793555654365245,0.049255269026464876
2026-01-21,0.09789148996733599,0.09635019691384196,0.05900521532303878,0.05446824241576145,0.06050223045307323,0.09232310367783997,0.04592974943915249,0.059479439107133325,0.09005321616470208,0.05552515016734972,0.051873349730347504,0.058758033067388894,0.09996651257429567,0.060867044073631894,0.05941238147548414,0.07486045914171297,0.05283652801897794,0.04888306283881569
2026-01-22,0.09879408947755991,0.09976028484869061,0.05885013506384509,0.0557585514491467,0.06365732345379432,0.09105928945907577,0.04338879116008718,0.05977768999443926,0.0895687067491954,0.05504922514450043,0.0541771246031304,0.055867299275098536,0.09691054296384528,0.06426359888588869,0.06134607463675673,0.0741680004531426,0.0538293095477198,0.04789207331251955
2026-01-23,0.09885650560448199,0.09493749959731976,0.05955989714120154,0.05574383170262758,0.0642730129348777,0.09441414880327811,0.042393562003856904,0.05980856025092466,0.08839799894560292,0.0554243167094486,0.05628122233491491,0.05658799335788185,0.09786407122316944,0.062045555016835764,0.06175597937941952,0.072251744069293,0.05058190068311042,0.04506125289052771
2026-01-26,0.09839107548763465,0.09061835944280894,0.05836010375096061,0.05628233638970033,0.06518601949709836,0.09498931486134633,0.041013966526017874,0.06310899788634321,0.08604128745271672,0.055682027294215786,0.05699344696604837,0.05796780876581191,0.10576459188681214,0.06052271556570344,0.06499275592531273,0.07245499636370012,0.05472560964855163,0.04566997664208676
2026-01-27,0.09852984996081775,0.0899662950395289,0.06115186277123068,0.054549158347831916,0.06470617996389226,0.09143187185362738,0.04068011444458904,0.06332862004532425,0.08656375912016168,0.05558332730172063,0.05491990861074382,0.05746199509202993,0.10578446968142638,0.06040981200560802,0.0644856202093996,0.07233250765437617,0.05537679887957842,0.04398910351199733
2026-01-28,0.0985876174459308,0.08995102748655971,0.06116348274618559,0.05570551284073136,0.062272120343043504,0.09642226195064303,0.04389621516306845,0.06740328808750926,0.08773477076549033,0.05725176971822637,0.052114882403794964,0.05715765134448803,0.1142037056461974,0.071945010138766,0.06860671910855791,0.07293848503722952,0.055315104258379856,0.0448137577177381
2026-01-29,0.10318222207552329,0.08989362327596248,0.060867166991395,0.05529332393211579,0.06216316037728536,0.0955847632344238,0.04596477280606253,0.06570760070862536,0.09349111915995238,0.05269299676375499,0.052365701176120626,0.060715378261408576,0.11998587366263684,0.06870805857245582,0.06772733793002896,0.07710311429971187,0.054034724604437014,0.04677476835759042
2026-01-30,0.09944701994691052,0.08796499872823846,0.05872596555306585,0.05370220835581701,0.0634595376398737,0.09348313211867082,0.04504946827505645,0.06636880267913152,0.0887888787953469,0.05598564319602556,0.05147273368989061,0.06089965877387313,0.12206866052291608,0.06955775670694508,0.07036923190971625,0.07344130196934627,0.050744203594481785,0.04555817098051089
2026-02-02,0.10039215014838389,0.08864996852178715,0.0618047787123565,0.05653147329541224,0.06294623790851366,0.09093672828245355,0.0458901635545201,0.06763713886692309,0.08862575393437223,0.05540046855728662,0.04938028885171856,0.06058632527000813,0.11525875297765627,0.07022881956290195,0.06948475646003849,0.07529949021932034,0.05210333773849827,0.044141239428161276
2026-02-03,0.10109511566409671,0.09475527110886563,0.06402599348599863,0.05582649708071207,0.06264054021485632,0.08980847623409186,0.04559112091737104,0.06876700858892162,0.08793118886255685,0.05562662845942155,0.04862247165134318,0.05919085038022516,0.11668979497086857,0.07021749834342596,0.06915862334070685,0.0754002865671188,0.053202965162739306,0.04413135881893873
2026-02-04,0.10306603212856717,0.09677365282889759,0.0659596150181417,0.057110100921061085,0.062216662265626985,0.08607001343934073,0.04910267657104808,0.07364315503495905,0.08760612448577947,0.05581120865187796,0.04900154156973818,0.059244373108142,0.1239547751608752,0.0693047434498755,0.06975399210633089,0.07396265366381041,0.05539881194483791,0.04347015036673354
2026-02-05,0.10473561088595405,0.09644512309400857,0.06660936372131794,0.056816966906888866,0.057268577411103444,0.0815701858616968,0.04697365515211789,0.07246695139062093,0.0835804185188868,0.05578373645290793,0.04812624044526877,0.056660646803996996,0.1251257936942846,0.07174980138485458,0.07421608810371232,0.08024739347058714,0.05972494843098805,0.04261280510772974
2026-02-06,0.10578906920058723,0.092015464913089,0.066251549123785,0.061682782875082616,0.05731421906092871,0.08464644583408835,0.04462352877057397,0.0725812453315267,0.0823860896228827,0.05627312215618213,0.0479591794665667,0.05726663821814832,0.12740786183491393,0.07178224332250559,0.07568646567659207,0.08095121034350088,0.06002830776779721,0.04255868886125809
2026-02-09,0.10095325089910435,0.08858699571296523,0.06646358326517808,0.06478043774791377,0.055994664655804535,0.08727896194929166,0.045820738123598215,0.07309318880951364,0.08358388177860779,0.055720907708140116,0.04867494785422201,0.055231196824351944,0.12829898718303653,0.07169690039501636,0.07638819153906704,0.08323476635602158,0.0621629124946409,0.04276099761201465
2026-02-10,0.10422164827606374,0.08924658551148205,0.06760961373166928,0.06461863945343442,0.0561136138841571,0.08655966250807176,0.04718898086542,0.0742876503909495,0.08485641662110473,0.0573465576260715,0.047060957232526214,0.05677369950769868,0.12841905282841262,0.07093003317487925,0.07868487907986092,0.08204120337230213,0.06338152639633103,0.04231297129513407
2026-02-11,0.10576972290792805,0.08888984301597398,0.06960853197373584,0.0630573869422599,0.05839580493824151,0.08617443011106425,0.046643587834225855,0.07229385904194013,0.0863148237281402,0.0571697690001104,0.047690488074889806,0.05485639555974841,0.12924160107332486,0.070609317568922,0.08277950317468309,0.082003013045531,0.06264187764700717,0.04148667224118
2026-02-12,0.10163803442936674,0.08751472111676202,0.0693637793536177,0.06399727277860287,0.058966580588181945,0.08291910786910402,0.04681521758810866,0.07222216480938769,0.08658782208421133,0.057493533424359186,0.047789818867834497,0.05737249881443782,0.12769677892983872,0.0714167423255706,0.07939973564639816,0.08788445616983628,0.06666011209503565,0.04295127432874216
2026-02-13,0.10361192830278762,0.08878520515723627,0.06985655520686902,0.06683981235626776,0.05904215979634982,0.08567420149639556,0.045694517926872395,0.07317156717342749,0.08709659850390168,0.05796165988312548,0.04805465442838929,0.05249521483262895,0.12775219670013793,0.07133262247430995,0.07989997424709636,0.08265448311108613,0.06687369124607667,0.040207827361633135
2026-02-17,0.10780422075796134,0.08914812820930854,0.07076135710307233,0.0656312216331862,0.05979283037512214,0.08547142273691404,0.04396971235185685,0.07571793746317429,0.08637308609489766,0.0568065409342839,0.04820105871206388,0.05242335479422655,0.12405746903915078,0.07000554974847115,0.07807359748316316,0.08517418533269584,0.06696681276619383,0.043621091062120726
2026-02-18,0.1046969449381136,0.08703776687864206,0.06917524140716257,0.06528310371677855,0.05659193131420125,0.08496407408451183,0.04501067704718234,0.07557618424732522,0.08830355025473667,0.05662375760661757,0.048716070620847575,0.05122254653142438,0.1239339328006703,0.07056314568667145,0.07699097938358396,0.08377701868994582,0.06284368639598024,0.04165593492186493
2026-02-19,0.10961030723797115,0.08710353332051378,0.0702602235572242,0.06367874673344122,0.05623104219563417,0.0845045443556658,0.04473951995639937,0.07532229894711301,0.08640778180979826,0.057600043488307454,0.0492608199947186,0.050763411158841074,0.1228909597114867,0.07078222166858686,0.07383744122777358,0.08261168918807647,0.06251887640227448,0.04061439816130475
2026-02-20,0.10585562531252056,0.08403102169786741,0.06772704696784024,0.06440439560506998,0.057178810336562205,0.08466580533396814,0.04581126236642158,0.07923543620135436,0.08597189494888313,0.05670342595656481,0.04800817572825867,0.05162198628854243,0.1254785054163278,0.06790047630832179,0.07027483397268923,0.08118289737640219,0.06286359017831514,0.04074348794012969
2026-02-23,0.10409181722838529,0.08928342597583092,0.06749280547170036,0.06222492407125388,0.0566787126363429,0.08511270866466097,0.04659897885221967,0.08242015482175596,0.0859948554669087,0.05606748236196589,0.048123504575381615,0.04823298558702096,0.12211001766019411,0.06685745326140317,0.06898269848819266,0.07976730342888545,0.06179556085543379,0.041422356613638626
2026-02-24,0.10538010891014415,0.09084358868333098,0.06838736218175084,0.06460683671702705,0.0587804301518771,0.08878330776798504,0.046584134279170915,0.08108785735590292,0.08847805656420767,0.05759094055576197,0.048211603174507116,0.04736864456599427,0.12127717060087917,0.06630055132945534,0.07101379452061475,0.08098593187345207,0.06087430161262514,0.04404763890671338
2026-02-25,0.10248911923402317,0.09023370784236966,0.06692278903353319,0.06119711792839478,0.0586282918372762,0.08819648991452754,0.04608012356327712,0.07582133180471944,0.08937155528212364,0.05805772264416221,0.048810105982260384,0.04615770320654878,0.11993565713773156,0.06339488290349254,0.0693027247792633,0.07892678815829914,0.06014374605492921,0.04383027255689886
2026-02-26,0.1060105786922138,0.08954512389283076,0.06724031306178435,0.06318775358324469,0.059606002135464325,0.08864229141780532,0.04833567623299897,0.07908779199246413,0.09001897259931221,0.058050625821142295,0.04907323633780705,0.046500973052166966,0.11837107676450337,0.06290936240502756,0.06912642328283064,0.07935539136581596,0.06027560766554087,0.04083109045549467
2026-02-27,0.10673127919382012,0.08874917666048227,0.0646173914768158,0.06670347346189731,0.0590854318340274,0.09076319382479656,0.04975717191254711,0.08209839418111683,0.08888521885826645,0.058378240731696764,0.049709359953869346,0.046936645714020085,0.11715724775793399,0.06370584669227009,0.07277278639750409,0.07783696793181412,0.05720782560824228,0.039408374536802765
2026-03-02,0.1036891335917538,0.08661489929955861,0.06399567314592693,0.06776645969856626,0.059088819883626506,0.08802220649823815,0.048541948889037095,0.07875298394800992,0.08407459437010122,0.059975854613975775,0.05057034707969882,0.04798024538706849,0.1189259276744424,0.06570828459324186,0.07292498676011044,0.07719980898756439,0.05987034583266422,0.03751866266562632
2026-03-03,0.10136918245607718,0.08256858295654955,0.06254981829247512,0.0686112114756302,0.062152433082923425,0.08708730880606558,0.04743677927039748,0.07988639838814199,0.0888571291046423,0.0563947345988463,0.05167200576362296,0.04773403258260354,0.11936763449327226,0.06536196657936125,0.0736685331861602,0.07951149287099493,0.060153431055489905,0.037817178520080166
2026-03-04,0.1024038521143652,0.07953155779661966,0.06377592534925325,0.06819821077977219,0.06225906182200106,0.08731799031929313,0.04774852007234507,0.08142386255677232,0.09070419588761913,0.05789800224930996,0.05258468892297817,0.04698117724674407,0.12203923961947365,0.06619073231620365,0.07343604893957206,0.0783635636033863,0.05943735645819288,0.03780998937462819
2026-03-05,0.1055786756884308,0.08236156812062297,0.06524613387913528,0.06664961072354106,0.06264000207191206,0.08612518768029873,0.045701756198160026,0.08102276625772438,0.09083442471327732,0.057138059332348834,0.05137199333684674,0.047587032472179894,0.1176040499663486,0.06703656959241014,0.07741264629660732,0.07992071606448241,0.05932463981929283,0.03731706567289756
2026-03-06,0.10653835552743177,0.07996692897326146,0.06742096662469693,0.06613770268842536,0.05767455061438798,0.08781468130077208,0.04541811793714594,0.08045915735552064,0.08851343397102758,0.05687716001174575,0.04844362706581734,0.047239332584786346,0.11710829131412273,0.0657729459737453,0.08103358827605564,0.08024978732084893,0.06146720114300474,0.03982792221671797
2026-03-09,0.10478878735583395,0.08220106246503166,0.06656324978714839,0.06999620643110863,0.05871455745932783,0.08998786009169273,0.04550301285526344,0.08280738072048266,0.08638833625013803,0.05598299738700118,0.047906734419917024,0.04772369106255535,0.12517203855392578,0.06692568488033966,0.08783274028615505,0.08039029751334488,0.06094159045014411,0.03969302306304716
2026-03-10,0.10370555758098107,0.08391038230155864,0.06646022380262967,0.06800187032335657,0.058775610370697375,0.09046091226951954,0.047433575410210045,0.08026605742510119,0.091750807714272,0.0523556806779358,0.04988491613526322,0.04570301986938695,0.12127150658763945,0.06454585670052602,0.07707804282605908,0.08181985211757249,0.0618608864294148,0.04046167420441892
2026-03-11,0.10320207727238365,0.08008311186937586,0.06439504701663137,0.06796774258236576,0.058011717694274656,0.08629307966985811,0.04867721830569604,0.08116331276347641,0.09369384634711812,0.05355691277835974,0.05088890198043587,0.047034395858901956,0.12424374877806481,0.06447892153770582,0.08062879907789455,0.08505434567896852,0.06046990897434751,0.03939685525651953
2026-03-12,0.10433432641340223,0.0811898830475128,0.06246831107189349,0.06930547692252155,0.05609478825843026,0.08469492348552576,0.05069367416059418,0.08478727054741848,0.09482389219592025,0.04900899223422496,0.050895493907709734,0.04481919520891371,0.11697970840463968,0.06435690244260608,0.08072796292303276,0.08991083154886552,0.060267361977035354,0.04048685496291294
2026-03-13,0.10609775428851193,0.08419727363962619,0.0659076996279239,0.07030516318935547,0.06052287716340631,0.08555715744443596,0.05134190630380468,0.08241264385378765,0.09157155468425975,0.04904956008508375,0.04846904573459042,0.04651608760628492,0.11998594624423073,0.06391361645416152,0.08111939421676966,0.08596676140964389,0.06314983749064962,0.03810975416576164
2026-03-16,0.10088224174462121,0.08192932271991764,0.06603436706466612,0.06873410289730983,0.060678866363343936,0.07883060243082186,0.05247409322128393,0.07930459534439224,0.08930923050912266,0.050976381152228106,0.048932327379545254,0.04541466573219265,0.12097772665572208,0.0644786799392824,0.07887970836514183,0.0862614618201921,0.06247767030831402,0.03522384564592788
2026-03-17,0.10267038826897441,0.08219305368463983,0.06669978187742018,0.06374163339298793,0.05981190650093274,0.07938750653892024,0.0529946996210819,0.07893829890069941,0.08944744526056045,0.050707948968155364,0.05073903140645224,0.047298402728570825,0.11744214075647186,0.06473853466515692,0.07541175082719666,0.08530342092283051,0.0641953615388718,0.0361477438100242
2026-03-18,0.10327390642542096,0.08430726616878732,0.0698131907322694,0.06347553665396505,0.05930850591303523,0.08343737772568123,0.052297244168406594,0.07896703011276401,0.09097823019658961,0.049742603340447625,0.05145113088982467,0.04763712869544906,0.11877954219903447,0.06459655607413661,0.08198866774367372,0.08464146892701761,0.06335957486645358,0.03548638035121649
2026-03-19,0.1017121423317986,0.08221466201038496,0.06794718469220747,0.06953761751057645,0.06085326799820552,0.08439157339826027,0.056382392460507615,0.08058499984681454,0.09198237146165916,0.04983333472645929,0.049469538913415746,0.047050781678760506,0.12602757116334556,0.06521244475765937,0.08446671660572291,0.08363544078746785,0.0612651141243557,0.03572242045498682
2026-03-20,0.10244014610103291,0.084101977680977,0.0708412201906382,0.06836002659587508,0.06047674682882253,0.08354364620018616,0.05555523427616427,0.0798781683819868,0.09253530780135423,0.04687165000188278,0.05209543396985596,0.04639679542783627,0.12533797425686255,0.06541693841709975,0.08489462079653295,0.08555267257689632,0.06211057283125009,0.03561269625182059
2026-03-23,0.10511813027984734,0.08515279352321722,0.07101658402873617,0.06950699586666458,0.06253593677529526,0.08404376877567211,0.05236894086362801,0.08022141341897174,0.09411212178428684,0.04728291401256184,0.05154285827140928,0.04676156752231908,0.12857240241293047,0.06512457154598623,0.08643962011944448,0.08516258433389914,0.061164394089785815,0.03577971088830375
2026-03-24,0.10505134914521772,0.0886239363898312,0.07432487163845122,0.07015542158576868,0.0633197387805203,0.08726153177004146,0.05248536914322037,0.07921615604908948,0.09396459231283467,0.04551746837905803,0.05152263842503477,0.04607250398704814,0.1286609473858763,0.06480121232079529,0.08398872487492487,0.08354960734620712,0.061377884510505146,0.03653029765711845
2026-03-25,0.10754418278437211,0.08943395427104993,0.07130191063449519,0.06790586792460994,0.06269012273262616,0.08215855497415873,0.050736188649351095,0.079466527773802,0.09321819995078601,0.04557370941443845,0.053061801634997054,0.04437264052098616,0.12512894312496467,0.06515278734479499,0.08249756186422928,0.08354352529478919,0.06136969534775466,0.03714029954501325
2026-03-26,0.10632223058803646,0.0888023888180294,0.07015058570963438,0.06733928828619264,0.06261627726322129,0.08289933530292962,0.05240416180056664,0.08093093636725233,0.09436921958634377,0.046262572687462825,0.04991292956518738,0.04474970159479883,0.12888081755314856,0.06546918387564586,0.08734073457968722,0.08438217296028011,0.06087049481668472,0.03889816857943115
2026-03-27,0.11134881087897945,0.09189756792119796,0.068978244024763,0.06668791299627441,0.06373464909302796,0.08003847178429065,0.05191674855054746,0.08093583415100253,0.09351613142308383,0.044908726414663654,0.05084071399622025,0.045765661035432274,0.12890341857538493,0.06614339548688077,0.09257880850480234,0.08527238262800328,0.060409142692806596,0.039782504787439
2026-03-30,0.10973898556557231,0.09056610067006177,0.06973094567982491,0.07140662286324925,0.06532313178618412,0.08482174490498925,0.05091813994860793,0.08466429080143194,0.09673048388172358,0.04425905195223204,0.05235822479894013,0.0436175327101756,0.1326161409703521,0.06708408830730783,0.09404627906301244,0.08279341429392643,0.05978985736628478,0.03915384399910649
2026-03-31,0.11463208254944877,0.09045319025070475,0.0710584324805848,0.07033440472068354,0.06410242127435499,0.08343795583321517,0.05156385471432499,0.08498767306032676,0.09671870164952558,0.04435427146876805,0.05341911904082906,0.04371465369339353,0.13159739132025067,0.06633437004609803,0.09851784818664558,0.08084027774266804,0.05923646553799283,0.03999025202581475
2026-04-01,0.11448521148745394,0.09083460163642712,0.06911086846082991,0.06604595809698771,0.064180583652632,0.07972148753476312,0.05028782036341367,0.08521318356314561,0.09711457247622686,0.04515376615789418,0.05467244028836634,0.0441328787114951,0.12804923270423285,0.06786666514268558,0.093498341221885,0.08052200090018118,0.05925045263207713,0.04099504543694514
2026-04-02,0.12029797360296317,0.09432061799338196,0.06809717135606796,0.06746304544973403,0.06455231486107842,0.08199656568295555,0.05165987985908431,0.08666473785282708,0.10128917359212405,0.04610452646075053,0.053741666048959594,0.04309286547506518,0.1254286620444826,0.06799119802730486,0.09557542588964955,0.0824562461340492,0.05726984311478096,0.03989545716903525
2026-04-06,0.12088094173364936,0.09533087259391812,0.0684636586442599,0.06375384538882074,0.06679375455180091,0.0775157001973199,0.05327314779351306,0.08738615745770262,0.0999845140505219,0.04604670476070738,0.053816075279976644,0.04391938832766231,0.1264871843265286,0.06838718790999819,0.0962457470768055,0.08219008407331099,0.057201047169082885,0.040484203321817736
2026-04-07,0.11735207107646303,0.09497433095730975,0.06835279530413012,0.06267477994160885,0.06686385314340257,0.07780566797270426,0.053502541549713616,0.0877341659453676,0.09629993318162021,0.047708814821611725,0.05678950694087094,0.04416444728479047,0.12446527738728914,0.06856095128666627,0.09599265149884416,0.08333461666389659,0.05839477857669416,0.040714160453756656
2026-04-08,0.11672771128788696,0.09542089617240627,0.06763727122174476,0.0598297789746715,0.06734821809081677,0.07703085037461627,0.05420502551990553,0.08869011531557794,0.09596836519803048,0.046861019525169835,0.05553483957785861,0.04462346813308323,0.11315546283396138,0.07197400582042146,0.09136833099196996,0.0876111633656891,0.05704177927087026,0.040786483542932905
2026-04-09,0.11622478906931016,0.09798628592529562,0.06739546019124326,0.06015194294567497,0.06656691735085662,0.07741472180444539,0.05431408468141275,0.08685321579607846,0.09540060018415851,0.04689157302661592,0.05524780697046994,0.04443776471436826,0.11367419077831241,0.07923915843734901,0.09095107819235092,0.08828315187357577,0.05681370324592193,0.03997702938600637
2026-04-10,0.11492063418520773,0.097507722540341,0.06813074823098586,0.0589672319577838,0.06579851795476835,0.07838297815831965,0.05399139238143292,0.08570387967797365,0.09465350432756635,0.04701162191212927,0.05691911846466991,0.044301527138210534,0.11669745056085368,0.07908425923732892,0.09132701228359928,0.08578081760980569,0.054967084502566155,0.04043636162163713
2026-04-13,0.1175645216789511,0.0990908145060473,0.06593624307113657,0.058386162402665795,0.06518891663891663,0.0809909867438015,0.0562415438182788,0.09008480152768944,0.09762054327928953,0.04644222060814421,0.0564194627885698,0.04374653553814272,0.11504487659052443,0.08168668289954831,0.0929880760145745,0.08660306154293565,0.05474298881312848,0.04198293274109704
2026-04-14,0.12229535134556359,0.09877880840543905,0.06826774398413528,0.05839084445228189,0.0653430797393811,0.08060468285056312,0.05547417526585518,0.08953837104024942,0.09090300802619967,0.04625161960636783,0.05490002064232036,0.04342633311333032,0.11301096445686601,0.08067065585511965,0.09444176587531458,0.08490448574788974,0.05376943942598679,0.04283456951583233
2026-04-15,0.12660985149253626,0.09823802128145961,0.06759626151517086,0.05953833394100288,0.0673428724754201,0.08157170098056805,0.052686697977678006,0.08923716908084764,0.09478662674425431,0.045785940329268186,0.055070767239099476,0.04270291193337593,0.11160982376736737,0.08266050641377179,0.08991723672034214,0.08510832810133609,0.05294860942132716,0.04331791085163794
2026-04-16,0.12936954332995848,0.09966560702905587,0.06863357968016033,0.05733251229536057,0.06883169491079962,0.0854002649193572,0.047836732530247325,0.09048115068877707,0.09168781494903772,0.04375891784807207,0.05231599484628681,0.04126000827213601,0.11183996350156618,0.08099740032847311,0.09490776635948156,0.08610114503350645,0.054666859028078905,0.043278911327909966
2026-04-17,0.13367910212117723,0.09721727750156274,0.07062874536610246,0.05721660790523469,0.06881636964069437,0.0869233782964134,0.05037194299201604,0.0872628305275754,0.09202299325457067,0.04396022580540005,0.05182899467980545,0.04142593163091127,0.10875664142195685,0.07767087618327036,0.09936135611605289,0.0845102826692879,0.05412572674348208,0.04418463349524699
2026-04-20,0.1336169775581091,0.09862475152459495,0.07176944479069591,0.058365317595805086,0.071520802664642,0.08732888078191331,0.0499057627086238,0.08557758358285424,0.0941218647834311,0.04434403380719174,0.05175617823795113,0.04060369023359347,0.1054722102993046,0.0784230025165945,0.09452787959234202,0.08378410282320287,0.054402802064070326,0.04520968383150535
2026-04-21,0.13117333930645358,0.10068102105008815,0.07241737863066351,0.057885025818676036,0.07163271835872123,0.08490704185441704,0.05088497852327189,0.08502032890374041,0.09578673069356167,0.04460137058966195,0.052278084654421506,0.04044986459045951,0.10112054535633223,0.07854460347356895,0.09841834671091979,0.08556291674500312,0.057159396670805045,0.047802977940170105
2026-04-22,0.1324966276025515,0.09640202169310956,0.07376862852730719,0.05752438805761819,0.07176004069146735,0.08637236696476455,0.05042060083993075,0.0854642721585094,0.09319374735077349,0.04194737576035194,0.052327108431995256,0.04206937191676087,0.09577248754238363,0.06431149083029482,0.0967877280191023,0.08551792079417624,0.05839714292581266,0.047619971180145625
2026-04-23,0.1324036819859319,0.09675559642340155,0.07613793464694409,0.057674496512035156,0.07120719197240624,0.0891077118848333,0.05122583648896181,0.08330280363214337,0.09535240848688356,0.04123414931630067,0.05326469392821636,0.04204881567175782,0.09061404821105276,0.06420572610324746,0.08841612434667474,0.08450824107357764,0.056516650846357507,0.05056407854458558
2026-04-24,0.13316455516963152,0.09600724303799035,0.07617868641330781,0.05761419969313326,0.07326461386704927,0.08588835944295488,0.0522873218015312,0.08340997952496128,0.0957923746996256,0.0407673547882419,0.05386190399141267,0.043008751750873465,0.0946638882405564,0.06535709165440488,0.08787038910125289,0.08642283036149875,0.05553319978938166,0.05106431118981447
2026-04-27,0.13623185188185782,0.09609754497938006,0.07603263263005133,0.057326070162520636,0.07314252016693047,0.08948794358837282,0.0511035962212977,0.08490501002988063,0.0958871305603034,0.040915579197211484,0.05164859557119072,0.044256973471714915,0.10013049156330525,0.06514777319611137,0.09800634396943371,0.08241069214384963,0.0514910286899677,0.04847742615183414
2026-04-28,0.13553138629294398,0.09662644788688037,0.07261871223921816,0.057615107803941065,0.07313121067037524,0.08928526467767665,0.05071085770363706,0.08453237263967132,0.09308296037514258,0.04107350579040825,0.05218364186449219,0.04361298068971846,0.10202982079198814,0.06624768661541315,0.0974219360361317,0.08080609651136836,0.04522952982694502,0.04756292911972301
2026-04-29,0.1304029275409985,0.09449918311286266,0.07494122325988076,0.05884438675385111,0.07436293509777371,0.0851692183389083,0.05064445767277089,0.08283529637948359,0.09080083719257176,0.04077093143729107,0.05170252916608895,0.04357162965531052,0.10579355561671402,0.06790567729299682,0.09256812255231592,0.08241713904981086,0.04599450512529316,0.048613861656396015
2026-04-30,0.13447921095007925,0.09753416349188149,0.07591742889913279,0.05882314705668988,0.07430676080765558,0.08619768909542946,0.048044130016015894,0.0839097834325147,0.08836175484929479,0.04131043054327125,0.05329970968312797,0.04370787476083068,0.10745071215218242,0.06956353755030907,0.09266210965606811,0.08223167620640151,0.05010477124640974,0.04833700648251558
2026-05-01,0.13385804257242326,0.09814748426791,0.07532475519937233,0.05849176508250666,0.07426254854525174,0.08647819278952636,0.04945444063267801,0.08382185431984229,0.09220132054864666,0.04104160783805914,0.054754609108474114,0.045150989081953294,0.10878508398712854,0.07018759898794605,0.09215827582206902,0.08229659820992972,0.05197150116637963,0.049020061704738466
2026-05-04,0.13540592397829976,0.09850564991262731,0.0788403886862885,0.059376239577405135,0.07447200970316008,0.09375651291965065,0.051272321708942865,0.086263484088116,0.09405259623750344,0.04157106359100966,0.053910600977146804,0.045750127206362276,0.10852642287464556,0.07142119417197729,0.09099919333827439,0.0822243276159191,0.05149901147767783,0.04985269140588774
2026-05-05,0.13417182132484254,0.10059621337722187,0.07948359542101262,0.06058864153169127,0.07718137310863131,0.08969048145414987,0.05085648020667842,0.08372841715260648,0.09104656667836963,0.042495270855712204,0.05374371518927557,0.046537918495577854,0.10432360647059205,0.07280003235228827,0.09155192665609203,0.08112169701365514,0.053206254325763196,0.05008370937239052
2026-05-06,0.1317262274951258,0.10753658456881672,0.08500406408082421,0.06056754555800132,0.07722816064563581,0.08845513071925194,0.05129033894704742,0.08583823232047981,0.09543724573778863,0.04194699955129099,0.054419476104842886,0.04771553745578176,0.10485995780639051,0.07364270262563731,0.09263026275659662,0.08164295804183812,0.05321652830807233,0.04927096974949794
2026-05-07,0.13292937336959512,0.11254015850194962,0.08541431900576825,0.06062560788476993,0.07910948512110638,0.08851782414692852,0.05047438640116424,0.08366855863088946,0.09752153084265754,0.042239481132402994,0.05376922941670653,0.046262528477370266,0.10450800393489791,0.073253054577307,0.0953942914876047,0.08190803377401243,0.05047241728025333,0.05050383902586426
2026-05-08,0.1337008631375128,0.1077549633931098,0.08332173824554183,0.061332726474049304,0.07591978469942247,0.0890702419971752,0.05026819787275384,0.0830574788557339,0.09798774104751794,0.0429605628207557,0.053951641959262976,0.046948162256360004,0.09999999244601113,0.07540974664204735,0.09726922039468022,0.08238243578119238,0.05215565104455242,0.051516097434316274
2026-05-11,0.1293429201897933,0.1120739661458727,0.0860593045890431,0.06172567032927341,0.07568344339446666,0.09411900070642856,0.0511220527667439,0.08257219805398615,0.10272844772158747,0.042978991075085134,0.05401014390155807,0.04734722505143365,0.10028203180630663,0.08152038267704306,0.10017126592913213,0.08246174087069012,0.05217203140479632,0.052305622323511713
2026-05-12,0.13285247019335059,0.11720434400757786,0.08524819950313581,0.0641688857486094,0.07538096195600992,0.09403309323845557,0.04820133243840235,0.07931008618843333,0.10288110631431743,0.04318380781006277,0.055447534927868976,0.045990353453133584,0.10286905713013307,0.08462845931093005,0.09899677423669007,0.0832477583980014,0.052660499953568904,0.04987067117136309
2026-05-13,0.13222155765505714,0.11854381284434398,0.08285796982577806,0.06246844548309749,0.0760338044455419,0.08832589128591184,0.04871452475853568,0.07755072814913352,0.09923645482850131,0.04369787031628189,0.05647311136299193,0.04606342553471423,0.10429937722868121,0.08569824920015409,0.09798255699121022,0.08234918415036024,0.054046396441375266,0.04998924824149906
2026-05-14,0.13088483727728412,0.12161383707868036,0.08192092889685032,0.06326398629314732,0.07556370234051484,0.09316283789004447,0.048903012605639916,0.07794647610637921,0.10348419134883041,0.04455629674907303,0.05764165302070011,0.04662364852445901,0.1072974419508836,0.08961392622625375,0.09811173362671044,0.08220017179186011,0.05924244764073797,0.049736274887652164
2026-05-15,0.13276036639040684,0.11853460345239175,0.08190457729554626,0.06194097972106574,0.07404265553571455,0.08673665215863993,0.047222618051682166,0.07691657392587022,0.10203117695254753,0.04431370287228704,0.05743162115668503,0.046346894180663484,0.10796834505997174,0.08329362092770312,0.09443139219770627,0.0793130621760139,0.060443178747087455,0.048543669997451196
2026-05-18,0.1298197099411397,0.11382535987134103,0.08401237531112293,0.06094228198430291,0.0789049661614934,0.08541840532262067,0.04574193750993902,0.07622500048998318,0.09766620384178948,0.04508965244500926,0.05722724493096959,0.04611514053159149,0.10678664632763492,0.08245851268321369,0.09446197843832076,0.07867093837272326,0.061128363419853476,0.04858732808750956
2026-05-19,0.1292802551139154,0.11226327719009124,0.08337117840901577,0.05931519987195527,0.0823163080750178,0.08532475389670986,0.04480331101172265,0.07962531939777624,0.09381210355658288,0.04525100445348139,0.056225129111794725,0.045358352324305865,0.10829309351928021,0.08356029676197571,0.09344877270530765,0.07733299783294874,0.06364578069924272,0.04768778520083956
2026-05-20,0.12689476177565037,0.11185199864818257,0.08338869843501623,0.060550106600128585,0.08161045400872978,0.0797359398787162,0.045463026888827154,0.08407805440603333,0.09521110015003405,0.04523308910903364,0.05592715635022977,0.04424061984929802,0.10689729859858525,0.07908378903519303,0.09444528127258854,0.07756141449608546,0.06503626000480105,0.047998834869082095
2026-05-21,0.12712783407478662,0.11731236249153684,0.08695443244876618,0.06271920032339644,0.08161730766982558,0.07802589365080685,0.04851606889041822,0.08362254638813924,0.10067969666547234,0.04691933834997596,0.056496308685536706,0.04374594691993685,0.1065047905176804,0.0770227878021807,0.09753565841263669,0.07568991801487318,0.06192678027883464,0.047242935919411866
2026-05-22,0.12673828255944874,0.12092107562833107,0.08965691195890295,0.062191955252488905,0.08201686158448304,0.07743142040447658,0.045505520409094835,0.08193606521241377,0.10080508957096719,0.04750853438789962,0.05841927131455819,0.04398392213982313,0.10561343232432681,0.07290687398547324,0.0950200247205695,0.07652928545126621,0.05871020664203348,0.04750301565828765
2026-05-26,0.12549620101430684,0.12373909527845717,0.09209805808331964,0.061462712192216266,0.07802631389340442,0.07963508351749869,0.04496910544124985,0.08188326752310994,0.09921004909040922,0.046024013033476106,0.059753056700796524,0.04423538140780452,0.10281251422504718,0.07284740165941377,0.09193624437758552,0.07559499894368402,0.06147412848900893,0.04719944046104444
2026-05-27,0.12936314328325138,0.13171952622761496,0.09845901724324058,0.06180772128415454,0.07769169530361814,0.07834012883309376,0.04570721097856809,0.0828207384945901,0.09737430457494521,0.04585447637726153,0.05946754640915296,0.0438136560659007,0.10217853822870902,0.0732695805707323,0.09228373781781925,0.07723616336903485,0.060180052321286155,0.048712456925265775
2026-05-28,0.12771386592960304,0.13172050475053135,0.09869933856199564,0.061046871145194824,0.07753036620511336,0.07807866070615713,0.043826335142136345,0.08123465259651082,0.09888798709071782,0.04705245619575082,0.06257462097441718,0.04147283864525963,0.10187759886731615,0.07600666024416926,0.09084329284260809,0.08017423324660405,0.05982067606538057,0.047158198205477425
2026-05-29,0.12995474629708542,0.13057770749925937,0.09995369849594793,0.06085615316931013,0.07639929920588834,0.07784023261197219,0.0423385581581165,0.0814548987709011,0.1024289586341722,0.04637378674050941,0.06255516143131795,0.04112173087807179,0.09777451871847098,0.07593769989178835,0.0889843986499121,0.07989289781884269,0.06116609042896677,0.045750944692296285
2026-06-01,0.13516230748968025,0.1308280604825541,0.106764617824586,0.06153238815123225,0.07618391038322424,0.07792166938982051,0.04157742196781348,0.0797292520184903,0.10329691731267561,0.04733056037700043,0.06519020562053465,0.04110385451813584,0.09792167544427757,0.07432281205533971,0.0951719522996751,0.07839726079005709,0.06153230072306703,0.04653132747656187
2026-06-02,0.1366139754202757,0.13174728712125866,0.1105960910523403,0.06281361070142168,0.07600651093269696,0.07918933592013418,0.04077620719382021,0.08088666391867814,0.11232411991942962,0.048555087566914464,0.06670848756759454,0.04012379051265998,0.09860827648434389,0.07718482016779579,0.09443128981756804,0.08082666595966502,0.06232932189094352,0.04775727019679141
2026-06-03,0.138630498714542,0.13788184311438617,0.11524442418965727,0.06532940032496869,0.07374965653848044,0.07789393636723012,0.043853544460172623,0.08440780531828217,0.11641922867115855,0.049026593390279975,0.06822138840723238,0.040731615814574414,0.09872350635806833,0.07618301286699418,0.09732412713465059,0.08036213972339601,0.06012432354329686,0.04723742901350796
2026-06-04,0.13586688126563054,0.13553882018287755,0.11450338969763652,0.06757023270143486,0.07124790511707778,0.07291152603744275,0.046221062953737645,0.08877267482646466,0.11745737172590787,0.04945249314257151,0.06760987093128552,0.04132556662228571,0.09628155390921238,0.07145246566913946,0.0930294943219758,0.07760380398757132,0.05863267274400784,0.04689648137670978
2026-06-05,0.1330848160802053,0.1305310412155592,0.1106938154070561,0.06665578843687033,0.07166650714921907,0.07612443427760832,0.04595540937689606,0.08824431603933137,0.11610517280620272,0.049046942650718024,0.06728263020653671,0.04120477362159013,0.10000880814806398,0.07272814958246546,0.09714791410926348,0.07744446985378609,0.05653015645810783,0.04441023203141798
2026-06-08,0.1348184165389104,0.1314591270777107,0.11191919768411875,0.06766051615684937,0.07181122644633263,0.07344020058716945,0.04643508821635687,0.08593270527774519,0.1114194663986802,0.049549763628144235,0.06921411025274743,0.040829646126319084,0.10453616974853473,0.07275943727239657,0.09775341917383104,0.07958560029044379,0.058163039201777345,0.047412221545802866
2026-06-09,0.13771965235247766,0.1407403494846137,0.11298079199312282,0.06921336012168619,0.06589388996080456,0.07736550981737021,0.049887553975401365,0.08606659332744945,0.11056764231689299,0.04910681147147078,0.06932530363530098,0.03982927996978462,0.1026994968413809,0.07777841162726494,0.09810280645714932,0.07986426250069698,0.057705100151802406,0.045464432671350155
2026-06-10,0.13647516509201513,0.13925591701683115,0.1115945173954667,0.06710154524073289,0.06700204045332138,0.07465251783332204,0.049068712656405354,0.08609534095047515,0.10755250543432929,0.04758679706504837,0.07043031361812183,0.03940779080685653,0.1019780742799295,0.07707055345836179,0.09733552175064014,0.08286110562641351,0.05684815125867654,0.0444950020690671
2026-06-11,0.13471754279472492,0.13965912089300736,0.11127710132082859,0.06775115162856198,0.06809540769782706,0.07115637330177821,0.04436177938741644,0.08629016894002804,0.10526382047736323,0.04639270140683377,0.07047437960660785,0.04110246020255715,0.10674247511860219,0.07748161776362962,0.0998918764373945,0.08541939364203172,0.05759013136260316,0.04543644357222676
2026-06-12,0.1351433322353603,0.14270862359027195,0.11305926053542108,0.06824607916297892,0.06975332300766389,0.07001156542439599,0.04433112595965724,0.08530850374563477,0.10797726180446651,0.04588668273579045,0.070776100052806,0.039487802497116795,0.10463653768569516,0.07692933690781403,0.09828341810553572,0.08593701093022146,0.057467441160215106,0.04494779108087532
2026-06-15,0.13758889090467497,0.1466003822029481,0.11404338814893591,0.06777557367922897,0.0696967007803872,0.0693245634185966,0.0445997987935037,0.08702552730185806,0.10338208137983294,0.04644630058812522,0.07017181446293402,0.039953862617713956,0.11192539795212318,0.07620750033856459,0.09920557616665521,0.08882051963644781,0.057569679158692946,0.04519453333569628
2026-06-16,0.13513858158349723,0.1479529833432719,0.11384369656770554,0.06722144591881252,0.06884206807095382,0.07314818889954827,0.04312458701542718,0.08504951118018889,0.10359291470605386,0.046440989778467036,0.06970878044101687,0.040461630399951085,0.10949937511439728,0.0797304828443198,0.0992660583786471,0.09037119192664457,0.056266844720882066,0.045792509462312975
2026-06-17,0.13355157983451676,0.14776817541395676,0.11387717576482317,0.06539199786862318,0.06756779652070756,0.07214466703882157,0.04305339165624281,0.08307053402064388,0.09981034280747753,0.045971254146257745,0.06799444484153785,0.04118975062954973,0.10583724709035966,0.07949528577311642,0.10092375645149554,0.08724122970022585,0.0555901530126306,0.04673358580936837
2026-06-18,0.13131046189846704,0.1461618785565907,0.11267538548783337,0.07014790610270709,0.06802345896298528,0.06977510429878392,0.045548245861155585,0.08429061568326161,0.10181325497750945,0.046451781988526786,0.06789470910517616,0.039388923846630064,0.11198077099865761,0.08028539268008458,0.10419362759079363,0.08760671847459522,0.05383878561095152,0.04640272663851922
2026-06-22,0.13433842723388462,0.1511162548527303,0.1137848515619514,0.06833454631657765,0.06350372007232778,0.06964434032098676,0.044354553788101214,0.08548642692927697,0.10285808002181118,0.045689565430870244,0.07013998181474387,0.040005860245932896,0.11116677556404504,0.0798478666204999,0.10346318434153906,0.08528998903427405,0.05290669838252149,0.0472717432337454
2026-06-23,0.1370634785071595,0.15497729447575012,0.11760004879644372,0.07045876787446934,0.06151144828619829,0.0676569133641345,0.04376025791553742,0.08406433194410134,0.0991214861974613,0.04645383499859693,0.07094490245810837,0.04075885677501882,0.11512014770246204,0.080303286555239,0.10162707064282471,0.08661172930990095,0.05368504203667247,0.04563214925930291
2026-06-24,0.14460037377243246,0.14966915572762007,0.11780845641675346,0.06697158179473521,0.06398088140434696,0.06785018087785621,0.043814993096507576,0.08405484936646797,0.09524491502809465,0.04551714216583923,0.07151740296717075,0.042223915793918716,0.11469583037145663,0.08117540418178633,0.09471438167016528,0.08758554445588387,0.05346650157190081,0.04590103411455515
2026-06-25,0.14109440900236536,0.1503721917031569,0.11435894180920053,0.0664307740859871,0.06278271566151583,0.07169829383862726,0.04609659702825415,0.08469347088077271,0.09679188369827729,0.045596165598828516,0.07199738576337485,0.0428038307849008,0.11216675431005466,0.07876841146279763,0.09015165436906192,0.08781403846076741,0.052172874284930046,0.044839759628145105
2026-06-26,0.1346292406073186,0.1516411669677151,0.11661673502451693,0.0688036430835539,0.06140192939456736,0.06866581274647741,0.05064554404635823,0.08953402652523539,0.09695834488041455,0.046552490694493916,0.0734478504764085,0.04396920711013021,0.11344392486369421,0.07846530674605116,0.08711870679668858,0.08548792098572393,0.05437566931029511,0.04482946320600113
2026-06-29,0.13039901913970825,0.14397443082966893,0.11934201399281288,0.06849896784698944,0.058213213701510697,0.07203097931902838,0.046543044739536514,0.08429631708339004,0.0899375416234269,0.04666168934688843,0.07298978181013313,0.043996126862861265,0.11346420036353193,0.08194890787044147,0.08902625637098081,0.08571142138947757,0.05693799412245541,0.04449858865655825
2026-06-30,0.1320592795139041,0.15113185947154434,0.12041837325388388,0.069147676074222,0.0592433927042897,0.07105384768233018,0.04496457279917051,0.08327369511210174,0.0867968130171143,0.04658199870439105,0.06968055550821918,0.0434459168759158,0.11717688128914464,0.07919350482650862,0.08948425545155933,0.08705305757114046,0.056758365356082946,0.04435067368156429
2026-07-01,0.132972272652517,0.15284362095942527,0.124816039170652,0.07100578796432333,0.058596397255429145,0.07056606873200107,0.04595789441243895,0.08360449515166322,0.08641886970466307,0.04711833253132987,0.06821545370426563,0.04274423070044791,0.11524711847460753,0.07848211527667942,0.08956808444333439,0.0903040717093264,0.05512485543620873,0.04590339586043825
2026-07-02,0.13222326296241532,0.14421844692065028,0.12282260850008675,0.07082712606901514,0.06051625563222191,0.07333930945394572,0.04641356988276784,0.08441021723744625,0.07880969730892935,0.04904611740726191,0.06830254541103925,0.042902072733069556,0.11494491608969418,0.07851670857295992,0.08694596546145217,0.08720301230185544,0.05523249410608402,0.046832240712121026
2026-07-06,0.13361455405489114,0.1396821506725845,0.1241570087714154,0.06991247584404858,0.06188246373583744,0.06989640886583566,0.04484594322649749,0.08299716449234021,0.0774476860836608,0.049906734547597136,0.06775763943915589,0.04200137998067553,0.11556508477805373,0.08204437041619435,0.09233994220539868,0.08259488324172812,0.05362189481183864,0.04864153687386498
2026-07-07,0.13521953573733572,0.13977532042674048,0.1266637301403187,0.06854655395011143,0.06220854205420768,0.0708708532045642,0.04550864109682187,0.08182704576060786,0.07771128207954729,0.04984648340204428,0.06706397375733195,0.04214276686351165,0.11239763704207807,0.08087034411480304,0.08889989055060268,0.08428605056889878,0.05345621875110113,0.04891064902438925
2026-07-08,0.13468540546390748,0.1374634213648283,0.12310954274899549,0.06722055361890128,0.06252363353306044,0.07061842342557388,0.045781153382412655,0.08282747130812665,0.07835502516347426,0.0513733941672599,0.06759302927733697,0.041578321404884294,0.11119126870457306,0.08080437716594405,0.09001198650963753,0.08622352699478016,0.051335062572722856,0.049039430319616634
2026-07-09,0.13648906850649473,0.1422420286642151,0.12013896106085852,0.07122847711406088,0.06266743075920655,0.07045100556797927,0.045866204776333235,0.08042074337691772,0.07926146201489066,0.05240444053617442,0.06815058867337159,0.0414973755203372,0.1097334299503282,0.08207132331385307,0.0915950241933463,0.08693197598896077,0.05558746962773168,0.04950665152968436
2026-07-10,0.13775062810568378,0.14264988759690192,0.1253708906623071,0.07043587772939458,0.06559763157424423,0.07248371947064737,0.04548194798553975,0.08212146528292029,0.08127718453670783,0.05290546754146374,0.06821939855523909,0.0423758333013173,0.10584225837052566,0.08369531277240991,0.0922738799950556,0.08917389213391182,0.05282805525009398,0.05062309559809492
2026-07-13,0.1384682196587392,0.14467322695599896,0.12220319466795579,0.07123278453889849,0.0646737475943882,0.07209429709877177,0.045465915329223436,0.08456458799865972,0.08126629726865246,0.05141565907674062,0.06586932259191829,0.04203583853686533,0.10694245236436596,0.08614558732354514,0.0951736986717296,0.08814788724765239,0.05576337210991294,0.05193453138502502
2026-07-14,0.14126391786862613,0.14024751356778448,0.12523458270882412,0.07102348604012765,0.06731263568238123,0.07162027478390535,0.042444288623619375,0.08298214282923014,0.07686850160681287,0.05223319787206235,0.06554879898503833,0.041687004871575804,0.10562947565841171,0.09029693310235692,0.09499552653175514,0.09183531452154231,0.05545962969930924,0.05213872588907456
2026-07-15,0.14402101374660373,0.14788205690850392,0.1259899908347152,0.07110288812918153,0.06721699337440566,0.0680086371051007,0.04334985765673964,0.0816829984690927,0.08439519702427813,0.05223319657152017,0.06725813103696048,0.04310906876471479,0.10426242992117367,0.08691082231073476,0.09387743529838898,0.09379633621891365,0.05315607616124723,0.05299518669706134
2026-07-16,0.1432082123741558,0.141791800353729,0.12305141764823906,0.06957914837249554,0.06565110626934213,0.06730649749556215,0.043703459736262815,0.08231589286783332,0.0833345698932079,0.052690680939811656,0.06785847713156935,0.04266928356673091,0.09969923312098251,0.08588553719713628,0.09450895439088423,0.09517995574387396,0.04924595641930919,0.052841122696804146
2026-07-17,0.14101615023198397,0.13621376401945692,0.12479124775863869,0.06672192871703095,0.05720094183612266,0.06939298453299239,0.042645260549995456,0.08006851803536702,0.08017410947895512,0.0511104529793872,0.06533150579881533,0.04319440828596245,0.10029477778877312,0.08816192946265859,0.09738915317168832,0.09214425793303208,0.05037653473755794,0.04973634666042995
2026-07-20,0.1413379928175131,0.1341616515081711,0.12374149409461767,0.06689511739982919,0.06313742868850547,0.06760016748522887,0.042937375797433695,0.084992188488914,0.08036543515949746,0.051325450580613705,0.0640272283162719,0.04360104619352222,0.10582323484277327,0.09134000172477834,0.09771945274060512,0.09277847623875514,0.05007081718291167,0.04584736033719589
2026-07-21,0.1359605917236189,0.13029182598697422,0.12198562262323709,0.06656517780590689,0.06534167447413063,0.06825118251637033,0.04204187621450743,0.08229720198342806,0.08382171322272522,0.05033048878029493,0.06248876676115946,0.04211861675808524,0.10524224886913491,0.09150233911449714,0.09456801033615429,0.08766180902420237,0.04965213431557144,0.04454994011587234
2026-07-22,0.14013640393280638,0.1364513770183131,0.12357578093972509,0.06742036180076608,0.06401336096137775,0.06907154177723013,0.04455365790514932,0.08303927653056477,0.0868820421829482,0.051532774234940876,0.06362171640426365,0.04309477042603018,0.1012106332840019,0.09019421060289623,0.09314250416701336,0.0868006701866466,0.047507599658479796,0.04710460789012514
2026-07-23,0.1413249325638574,0.13648350652586505,0.11745967226684312,0.06938218017016803,0.06423488326203512,0.06712430553295484,0.044338195384265144,0.08283662548605589,0.08861304321081699,0.05050228162056415,0.06262693542778562,0.0416634560352068,0.1029718227986408,0.08837164608085715,0.09365615093171589,0.0859778000191882,0.04792760326061377,0.04791390046642594
2026-07-24,0.1415226096959031,0.13558696518014493,0.11748687182017292,0.07081062324493761,0.06499705370182372,0.06900899500128363,0.04761547915823247,0.08378235449901213,0.09192463530392928,0.049215304169278135,0.06002337039919897,0.04013573760293088,0.10260681758353742,0.08191813454140283,0.0949738466228685,0.08485912459404697,0.048822819487591776,0.04906438197815939
2026-07-27,0.13780806612913754,0.13194293561943388,0.119722792696818,0.06997643812174986,0.06442279079873567,0.06950686032751592,0.04533112684008671,0.08415047256669364,0.08493588581995581,0.04940699702550274,0.06171007072991691,0.04097577562669066,0.10574735612114693,0.07813348099320748,0.09126612823277958,0.0869676577545067,0.050218321999053905,0.05164605191021706
2026-07-28,0.13464946052779353,0.1280198478708516,0.11929664819506774,0.06966982311830038,0.057868371059689,0.06948401465856571,0.043951831568153396,0.08011691360043778,0.0797780239449415,0.050239612311517946,0.06375475095195053,0.040420999625866594,0.10420452333341766,0.07758331713144877,0.08929807733733489,0.08799719761561478,0.05345179315170968,0.05051261391454495
2026-07-29,0.1354824452952489,0.12575699803554535,0.11725295901678974,0.06815786121748593,0.0583497958338436,0.0700394031253787,0.04251277562077093,0.08071187850628217,0.07493085339727046,0.05166442920987891,0.06436173180248853,0.04031190996415301,0.10613306145419878,0.07960904604738675,0.09205215010288127,0.09279227089348499,0.05690181437534536,0.053454068125431256
2026-07-30,0.13745661365698458,0.12212273759491221,0.11749027448253087,0.06666844010724786,0.05675607954795814,0.07136389094976238,0.04136896665554137,0.0780883966889856,0.07507861331070728,0.052371060768887485,0.06332240982758269,0.04090372462159385,0.10729858839227988,0.07592288116953805,0.09369562530728985,0.08938315299529642,0.06148242620079073,0.05408317105857394
2026-07-31,0.1405263607855638,0.12341404924832271,0.1177255487909574,0.06614851262562896,0.0543721877860407,0.07724661490768242,0.04204396871301472,0.07731303831792137,0.07755771128890805,0.05178002445450428,0.06221964575973558,0.04125986134801703,0.10214007384252198,0.080010725955195,0.09242329795159197,0.08822014570837995,0.05975819463512346,0.05835907081628877
2026-08-03,0.13727135023312315,0.11870410360078147,0.11592560889365068,0.0660246150918119,0.055445000296786597,0.07617685798125598,0.04010185066097231,0.07727649647467266,0.07717109431341958,0.05170888033054708,0.060200472614889276,0.0421492526941943,0.10626702388121836,0.07661358382645607,0.09812615682338897,0.08761180648154693,0.05913016949213176,0.05691938788012151
2026-08-04,0.13786550138976597,0.12222420172617958,0.11367256278410827,0.06622872297690834,0.053542272325348104,0.07628569855594715,0.03779163872404468,0.0770689324892097,0.07641651945433311,0.053539543083019545,0.06177098624176328,0.04268018491166023,0.1054604629538351,0.07698434277713734,0.09965633262100408,0.08598802711570064,0.059316038684625344,0.05648128427407685
2026-08-05,0.137051239173698,0.12523104008178063,0.1147476128997061,0.06157058562907336,0.05197828348378694,0.0781291091615469,0.03810432826252161,0.07639804991158483,0.07755476138480398,0.053900890289611085,0.05883860535074325,0.04260224209415221,0.10477775666509405,0.0792462945171226,0.10059766842596006,0.08564521233934254,0.05706505850905199,0.05750025021560054
2026-08-06,0.13440625783315155,0.1253483457499306,0.1090292615422267,0.06175588388239929,0.05179058169396603,0.07692454767645118,0.03816464183930571,0.07812925295584477,0.0760665973492469,0.0563098664466786,0.05882120982988413,0.04351987781843749,0.10462618869176758,0.07974973965803668,0.10055312984784189,0.08666769519480522,0.05857539274486151,0.0574665614892054
2026-08-07,0.13160606958266827,0.12149268804312197,0.1080530837798997,0.06170498065908521,0.05195627245692337,0.07873027201049054,0.03817713708819157,0.07845338999963661,0.07724794588255175,0.05694921465971804,0.0625879086225294,0.04440287843265472,0.10244469778036312,0.07486338256201415,0.10197245901201733,0.08677960525051744,0.059123880658988166,0.05785242359873186
2026-08-10,0.13211951585926132,0.11890591464375212,0.10513018757193002,0.059603293532360255,0.052247058733698,0.07975492954905254,0.041277895819094405,0.08379906596676905,0.07926698340662174,0.05661119855307996,0.0615738250012614,0.04290840277852828,0.09921376367651281,0.07287859925394674,0.1008337193286993,0.08480479537853333,0.059303711460151724,0.056473427328562205
2026-08-11,0.1343155224994716,0.11405514354834279,0.10497022893476267,0.05963869368360017,0.052008683022096845,0.08212810910700181,0.0414770289027256,0.08382743255278839,0.07919751541320273,0.05672893718364945,0.06238604801113735,0.0430363118805331,0.09400331983051878,0.07096860042486694,0.09754088844827599,0.08342776489966788,0.05979218655357701,0.0572884650734196
2026-08-12,0.13419488302285268,0.11134236734843679,0.1036160388475728,0.059010883899146195,0.051164656325789135,0.08047007613232568,0.04389108217400916,0.08426760548903803,0.08132986691463255,0.05878060473236187,0.06513910070396083,0.042317506043158336,0.09232789128959348,0.07002948025422208,0.09552846882068058,0.0841679421789768,0.06173550517689148,0.0574184226787771
2026-08-13,0.13680618344258677,0.11713932526696147,0.10285252260360936,0.05949873586835517,0.05208699315553242,0.07881171854272438,0.04458498658374177,0.0853696384440242,0.08133762981088279,0.05863125841438501,0.0658708334038157,0.041333557481666235,0.09236656532798623,0.07024353968275618,0.0923587937265476,0.0789234373991356,0.06076673612708387,0.056676938916083
2026-08-14,0.13497041986354058,0.1175226381356005,0.10064200869637092,0.06127486302573746,0.051804276982967946,0.07992151472031951,0.04159299472241141,0.07962522898559236,0.07723461792264721,0.05858935805276849,0.06489571513456506,0.04315092038304452,0.09832481321205074,0.07121729057931837,0.09377991435862885,0.08176853675083871,0.06173046844219736,0.05760383903192615
2026-08-17,0.13708537804350576,0.11688490861426987,0.09839270033524662,0.0633347700748586,0.05118132574426617,0.07992588662218025,0.04589465242285903,0.08675368934378715,0.07866851954422527,0.05850489462147574,0.06461258976375421,0.043138528857073845,0.0982054989533702,0.07331394823467921,0.09534346874645803,0.08382072338581222,0.061404881517592526,0.05813730350822263
2026-08-18,0.1376453709129297,0.12032810244543068,0.10088357231310324,0.06504016329379449,0.05342841369352116,0.07339786394324588,0.043748328258534204,0.08741328682309438,0.08109695148848346,0.058874137674855845,0.06415288659737348,0.04301493050552405,0.1027819291919918,0.0738459575368693,0.09835544667271816,0.083570374633434,0.06039945964172092,0.0610365123696905
2026-08-19,0.1363881264953718,0.11935114989391878,0.1006394336599686,0.06545115180181325,0.053514787224935426,0.07261810323044429,0.044199426348781955,0.08698321778027686,0.07924395019485045,0.060329330923588394,0.0682718334529678,0.04247539447806289,0.10132770244122051,0.0746850845354138,0.09989961008322075,0.08662807091008547,0.06165441339027454,0.060526978294091614
2026-08-20,0.13244655221826016,0.1148143098884103,0.10155748930602822,0.06618755236106615,0.05379080750370085,0.06806075162986348,0.045148060471726474,0.08417197689541679,0.07986388079765565,0.0612955108901254,0.06562596799338802,0.0410465185689077,0.10146390413966105,0.07764614834607113,0.09950449609825297,0.08868146085171803,0.06396621761081232,0.0629633643484364
2026-08-21,0.12565133008035737,0.11433958985199472,0.10155034089694986,0.06910920275350829,0.056654086219066396,0.06680265635231128,0.046984465103205204,0.08410976320168717,0.08037714080938496,0.06134906990315694,0.06732782006054358,0.04168323049093361,0.10111517524605568,0.07982292115619699,0.09973823451814096,0.08644222759470263,0.06360724343529277,0.0674922656229406
