Date,AAPL,MSFT,NVDA,TSLA,AMZN,HD,JPM,BAC,GS,XOM,CVX,COP,JNJ,UNH,PFE,WMT,PG,KO
2022-08-25,0.01098901098901099,0.5014985014985015,0.11488511488511488,0.022977022977022976,0.08691308691308691,0.5964035964035964,0.7892107892107892,0.11488511488511488,0.00999000999000999,0.4325674325674326,0.26373626373626374,0.4035964035964036,0.02197802197802198,0.000999000999000999,0.003996003996003996,0.7772227772227772,0.5434565434565435,0.8941058941058941
2022-08-26,0.01098901098901099,0.5014985014985015,0.11488511488511488,0.022977022977022976,0.08691308691308691,0.5964035964035964,0.7892107892107892,0.11488511488511488,0.00999000999000999,0.4325674325674326,0.26373626373626374,0.4035964035964036,0.02197802197802198,0.000999000999000999,0.000999000999000999,0.7772227772227772,0.5434565434565435,0.8941058941058941
2022-08-29,0.008991008991008992,0.5274725274725275,0.10589410589410589,0.01098901098901099,0.0939060939060939,0.6673326673326674,0.8081918081918081,0.13286713286713286,0.01098901098901099,0.4325674325674326,0.26373626373626374,0.4035964035964036,0.02197802197802198,0.000999000999000999,0.001998001998001998,0.6533466533466533,0.5034965034965035,0.926073926073926
2022-08-30,0.008991008991008992,0.5274725274725275,0.10589410589410589,0.01098901098901099,0.0939060939060939,0.6673326673326674,0.8081918081918081,0.13286713286713286,0.01098901098901099,0.4325674325674326,0.26373626373626374,0.4035964035964036,0.02197802197802198,0.000999000999000999,0.001998001998001998,0.6533466533466533,0.5034965034965035,0.926073926073926
2022-08-31,0.008991008991008992,0.5274725274725275,0.10589410589410589,0.01098901098901099,0.0939060939060939,0.6673326673326674,0.8081918081918081,0.13286713286713286,0.01098901098901099,0.42957042957042957,0.24975024975024976,0.3256743256743257,0.02197802197802198,0.000999000999000999,0.001998001998001998,0.6213786213786214,0.4745254745254745,0.9310689310689311
2022-09-01,0.008991008991008992,0.5274725274725275,0.10589410589410589,0.01098901098901099,0.0939060939060939,0.6673326673326674,0.8081918081918081,0.13286713286713286,0.01098901098901099,0.42957042957042957,0.25874125874125875,0.3256743256743257,0.02197802197802198,0.000999000999000999,0.001998001998001998,0.6213786213786214,0.4745254745254745,0.9310689310689311
2022-09-02,0.008991008991008992,0.5274725274725275,0.19080919080919082,0.01098901098901099,0.0939060939060939,0.6673326673326674,0.8081918081918081,0.13286713286713286,0.01098901098901099,0.42957042957042957,0.25874125874125875,0.3256743256743257,0.02197802197802198,0.000999000999000999,0.001998001998001998,0.6213786213786214,0.4745254745254745,0.9310689310689311
2022-09-06,0.008991008991008992,0.5274725274725275,0.19080919080919082,0.01098901098901099,0.0939060939060939,0.6673326673326674,0.8081918081918081,0.13286713286713286,0.01098901098901099,0.42957042957042957,0.25874125874125875,0.3256743256743257,0.02097902097902098,0.000999000999000999,0.001998001998001998,0.5414585414585414,0.4225774225774226,0.8641358641358642
2022-09-07,0.008991008991008992,0.5274725274725275,0.19080919080919082,0.01098901098901099,0.0939060939060939,0.6673326673326674,0.8081918081918081,0.13286713286713286,0.01098901098901099,0.42957042957042957,0.25874125874125875,0.3256743256743257,0.02097902097902098,0.000999000999000999,0.001998001998001998,0.5414585414585414,0.4225774225774226,0.8641358641358642
2022-09-08,0.008991008991008992,0.5274725274725275,0.19080919080919082,0.01098901098901099,0.0939060939060939,0.6673326673326674,0.8081918081918081,0.13286713286713286,0.01098901098901099,0.42957042957042957,0.25874125874125875,0.3256743256743257,0.016983016983016984,0.000999000999000999,0.001998001998001998,0.6323676323676324,0.4945054945054945,0.8811188811188811
2022-09-09,0.008991008991008992,0.5274725274725275,0.19080919080919082,0.01098901098901099,0.0939060939060939,0.6673326673326674,0.8081918081918081,0.13286713286713286,0.01098901098901099,0.42957042957042957,0.25874125874125875,0.3256743256743257,0.016983016983016984,0.000999000999000999,0.001998001998001998,0.6323676323676324,0.4945054945054945,0.8811188811188811
2022-09-12,0.008991008991008992,0.5274725274725275,0.19080919080919082,0.01098901098901099,0.0939060939060939,0.6673326673326674,0.8081918081918081,0.13286713286713286,0.01098901098901099,0.42957042957042957,0.25874125874125875,0.3256743256743257,0.004995004995004995,0.000999000999000999,0.004995004995004995,0.6323676323676324,0.4945054945054945,0.8811188811188811
2022-09-13,0.004995004995004995,0.5274725274725275,0.19080919080919082,0.01098901098901099,0.0939060939060939,0.6673326673326674,0.8081918081918081,0.13286713286713286,0.01098901098901099,0.42957042957042957,0.25874125874125875,0.3256743256743257,0.004995004995004995,0.000999000999000999,0.004995004995004995,0.6323676323676324,0.4945054945054945,0.8811188811188811
2022-09-14,0.003996003996003996,0.5934065934065934,0.16983016983016982,0.002997002997002997,0.1018981018981019,0.6343656343656343,0.8241758241758241,0.14285714285714285,0.023976023976023976,0.4305694305694306,0.26873126873126874,0.32367632367632365,0.004995004995004995,0.000999000999000999,0.002997002997002997,0.3956043956043956,0.4015984015984016,0.8271728271728271
2022-09-15,0.003996003996003996,0.5934065934065934,0.16983016983016982,0.002997002997002997,0.1018981018981019,0.6343656343656343,0.8241758241758241,0.08891108891108891,0.023976023976023976,0.4305694305694306,0.22277722277722278,0.32367632367632365,0.004995004995004995,0.000999000999000999,0.002997002997002997,0.3956043956043956,0.4015984015984016,0.8271728271728271
2022-09-16,0.003996003996003996,0.5934065934065934,0.16983016983016982,0.002997002997002997,0.1018981018981019,0.6343656343656343,0.8241758241758241,0.08891108891108891,0.023976023976023976,0.5334665334665335,0.22477522477522477,0.3246753246753247,0.004995004995004995,0.000999000999000999,0.002997002997002997,0.3956043956043956,0.4015984015984016,0.8271728271728271
2022-09-19,0.003996003996003996,0.5934065934065934,0.16983016983016982,0.002997002997002997,0.1018981018981019,0.6343656343656343,0.8241758241758241,0.08891108891108891,0.023976023976023976,0.5334665334665335,0.35564435564435565,0.3246753246753247,0.004995004995004995,0.000999000999000999,0.002997002997002997,0.3956043956043956,0.4015984015984016,0.8271728271728271
2022-09-20,0.013986013986013986,0.6493506493506493,0.3226773226773227,0.002997002997002997,0.1018981018981019,0.6343656343656343,0.8241758241758241,0.08891108891108891,0.023976023976023976,0.5334665334665335,0.35564435564435565,0.3246753246753247,0.004995004995004995,0.000999000999000999,0.002997002997002997,0.3956043956043956,0.4015984015984016,0.5504495504495505
2022-09-21,0.028971028971028972,0.6273726273726273,0.3626373626373626,0.002997002997002997,0.0999000999000999,0.7462537462537463,0.8291708291708292,0.08191808191808192,0.022977022977022976,0.5814185814185814,0.3826173826173826,0.24975024975024976,0.004995004995004995,0.000999000999000999,0.006993006993006993,0.42857142857142855,0.47652347652347654,0.8221778221778222
2022-09-22,0.028971028971028972,0.6273726273726273,0.3626373626373626,0.002997002997002997,0.0999000999000999,0.7462537462537463,0.9310689310689311,0.11288711288711288,0.013986013986013986,0.5814185814185814,0.3826173826173826,0.24975024975024976,0.004995004995004995,0.000999000999000999,0.006993006993006993,0.42857142857142855,0.47652347652347654,0.8221778221778222
2022-09-23,0.028971028971028972,0.6273726273726273,0.37362637362637363,0.003996003996003996,0.0999000999000999,0.7462537462537463,0.9310689310689311,0.11288711288711288,0.008991008991008992,0.5814185814185814,0.3826173826173826,0.24975024975024976,0.004995004995004995,0.000999000999000999,0.006993006993006993,0.42857142857142855,0.47652347652347654,0.8221778221778222
2022-09-26,0.028971028971028972,0.6273726273726273,0.37362637362637363,0.005994005994005994,0.0999000999000999,0.7462537462537463,0.9310689310689311,0.11288711288711288,0.03296703296703297,0.6583416583416584,0.44655344655344653,0.34265734265734266,0.004995004995004995,0.000999000999000999,0.006993006993006993,0.37462537462537465,0.45454545454545453,0.4975024975024975
2022-09-27,0.028971028971028972,0.6273726273726273,0.37362637362637363,0.005994005994005994,0.0999000999000999,0.7462537462537463,0.9310689310689311,0.11288711288711288,0.03296703296703297,0.6583416583416584,0.44655344655344653,0.34265734265734266,0.004995004995004995,0.000999000999000999,0.006993006993006993,0.37462537462537465,0.45454545454545453,0.4975024975024975
2022-09-28,0.028971028971028972,0.6493506493506493,0.37362637362637363,0.005994005994005994,0.0999000999000999,0.7462537462537463,0.9310689310689311,0.11288711288711288,0.03296703296703297,0.6583416583416584,0.44655344655344653,0.34265734265734266,0.011988011988011988,0.000999000999000999,0.008991008991008992,0.26173826173826176,0.3906093906093906,0.4675324675324675
2022-09-29,0.03896103896103896,0.5574425574425574,0.45354645354645357,0.007992007992007992,0.09290709290709291,0.6693306693306693,0.9310689310689311,0.11288711288711288,0.029970029970029972,0.6583416583416584,0.44655344655344653,0.34265734265734266,0.024975024975024976,0.000999000999000999,0.015984015984015984,0.34465534465534464,0.5074925074925075,0.5114885114885115
2022-09-30,0.04195804195804196,0.4355644355644356,0.22577422577422576,0.02197802197802198,0.06293706293706294,0.5694305694305695,0.9310689310689311,0.11288711288711288,0.029970029970029972,0.6583416583416584,0.44655344655344653,0.34265734265734266,0.024975024975024976,0.000999000999000999,0.015984015984015984,0.3036963036963037,0.5564435564435565,0.3146853146853147
2022-10-03,0.04195804195804196,0.4355644355644356,0.22577422577422576,0.017982017982017984,0.07192807192807193,0.5214785214785215,0.9310689310689311,0.11288711288711288,0.029970029970029972,0.6583416583416584,0.4485514485514486,0.34265734265734266,0.029970029970029972,0.000999000999000999,0.026973026973026972,0.4985014985014985,0.4775224775224775,0.3336663336663337
2022-10-04,0.04195804195804196,0.4355644355644356,0.22577422577422576,0.04595404595404595,0.07192807192807193,0.5214785214785215,0.9310689310689311,0.11288711288711288,0.029970029970029972,0.6583416583416584,0.4485514485514486,0.34265734265734266,0.029970029970029972,0.000999000999000999,0.026973026973026972,0.2827172827172827,0.4775224775224775,0.3336663336663337
2022-10-05,0.03196803196803197,0.5454545454545454,0.27172827172827174,0.04595404595404595,0.03596403596403597,0.5214785214785215,0.9310689310689311,0.11288711288711288,0.029970029970029972,0.6583416583416584,0.4485514485514486,0.34265734265734266,0.04695304695304695,0.001998001998001998,0.054945054945054944,0.2827172827172827,0.4775224775224775,0.3336663336663337
2022-10-06,0.03196803196803197,0.5454545454545454,0.27172827172827174,0.04595404595404595,0.03596403596403597,0.5214785214785215,0.9310689310689311,0.11288711288711288,0.029970029970029972,0.6583416583416584,0.4485514485514486,0.34265734265734266,0.04695304695304695,0.001998001998001998,0.054945054945054944,0.2827172827172827,0.4775224775224775,0.3336663336663337
2022-10-07,0.03196803196803197,0.5454545454545454,0.27172827172827174,0.04595404595404595,0.03596403596403597,0.5214785214785215,0.9310689310689311,0.11288711288711288,0.029970029970029972,0.6583416583416584,0.4485514485514486,0.34265734265734266,0.07192807192807193,0.001998001998001998,0.1108891108891109,0.3076923076923077,0.6223776223776224,0.4595404595404595
2022-10-10,0.03496503496503497,0.6273726273726273,0.25274725274725274,0.04395604395604396,0.04695304695304695,0.37462537462537465,0.9310689310689311,0.11288711288711288,0.029970029970029972,0.6583416583416584,0.4485514485514486,0.34265734265734266,0.057942057942057944,0.001998001998001998,0.07792207792207792,0.4745254745254745,0.6623376623376623,0.3336663336663337
2022-10-11,0.03496503496503497,0.6273726273726273,0.25274725274725274,0.04395604395604396,0.04695304695304695,0.37462537462537465,0.9310689310689311,0.11288711288711288,0.029970029970029972,0.6583416583416584,0.4485514485514486,0.34265734265734266,0.057942057942057944,0.001998001998001998,0.07792207792207792,0.4745254745254745,0.6623376623376623,0.3336663336663337
2022-10-12,0.03496503496503497,0.6273726273726273,0.25274725274725274,0.04395604395604396,0.04695304695304695,0.37462537462537465,0.8881118881118881,0.18981018981018982,0.029970029970029972,0.6583416583416584,0.4485514485514486,0.34265734265734266,0.057942057942057944,0.001998001998001998,0.07792207792207792,0.4745254745254745,0.6623376623376623,0.3336663336663337
2022-10-13,0.03496503496503497,0.6273726273726273,0.25274725274725274,0.04395604395604396,0.04695304695304695,0.37462537462537465,0.8881118881118881,0.18981018981018982,0.029970029970029972,0.6583416583416584,0.4485514485514486,0.34265734265734266,0.03196803196803197,0.001998001998001998,0.07792207792207792,0.4745254745254745,0.6623376623376623,0.3336663336663337
2022-10-14,0.03496503496503497,0.6273726273726273,0.25274725274725274,0.04395604395604396,0.04695304695304695,0.37462537462537465,0.7612387612387612,0.18981018981018982,0.029970029970029972,0.6583416583416584,0.4485514485514486,0.34265734265734266,0.03196803196803197,0.001998001998001998,0.07792207792207792,0.4745254745254745,0.6623376623376623,0.3336663336663337
2022-10-17,0.04095904095904096,0.6273726273726273,0.4195804195804196,0.03596403596403597,0.04495504495504495,0.22377622377622378,0.7612387612387612,0.18981018981018982,0.029970029970029972,0.4825174825174825,0.4775224775224775,0.33666333666333664,0.03196803196803197,0.001998001998001998,0.07792207792207792,0.32967032967032966,0.4695304695304695,0.24475524475524477
2022-10-18,0.04095904095904096,0.6273726273726273,0.4195804195804196,0.03596403596403597,0.04495504495504495,0.22377622377622378,0.7612387612387612,0.18981018981018982,0.029970029970029972,0.4825174825174825,0.4775224775224775,0.33666333666333664,0.03196803196803197,0.001998001998001998,0.07792207792207792,0.32967032967032966,0.4695304695304695,0.24475524475524477
2022-10-19,0.04095904095904096,0.6273726273726273,0.4195804195804196,0.03596403596403597,0.04495504495504495,0.22377622377622378,0.7612387612387612,0.18981018981018982,0.029970029970029972,0.4825174825174825,0.4775224775224775,0.33666333666333664,0.03196803196803197,0.001998001998001998,0.07792207792207792,0.32967032967032966,0.26873126873126874,0.24475524475524477
2022-10-20,0.04095904095904096,0.6273726273726273,0.4195804195804196,0.03596403596403597,0.04495504495504495,0.38461538461538464,0.7612387612387612,0.18981018981018982,0.029970029970029972,0.4825174825174825,0.4775224775224775,0.33666333666333664,0.03196803196803197,0.001998001998001998,0.08891108891108891,0.32967032967032966,0.2817182817182817,0.24475524475524477
2022-10-21,0.04095904095904096,0.6273726273726273,0.4195804195804196,0.08891108891108891,0.04495504495504495,0.38461538461538464,0.7612387612387612,0.18981018981018982,0.029970029970029972,0.4825174825174825,0.4775224775224775,0.33666333666333664,0.03196803196803197,0.001998001998001998,0.08891108891108891,0.32967032967032966,0.2817182817182817,0.3166833166833167
2022-10-24,0.04095904095904096,0.6273726273726273,0.4195804195804196,0.08891108891108891,0.04495504495504495,0.38461538461538464,0.7612387612387612,0.18981018981018982,0.029970029970029972,0.4825174825174825,0.4775224775224775,0.33666333666333664,0.03196803196803197,0.001998001998001998,0.08891108891108891,0.32967032967032966,0.2817182817182817,0.3166833166833167
2022-10-25,0.04095904095904096,0.6273726273726273,0.4195804195804196,0.08891108891108891,0.02097902097902098,0.38461538461538464,0.7612387612387612,0.18981018981018982,0.029970029970029972,0.4825174825174825,0.4775224775224775,0.33666333666333664,0.03196803196803197,0.001998001998001998,0.08891108891108891,0.32967032967032966,0.2817182817182817,0.3166833166833167
2022-10-26,0.04095904095904096,0.6273726273726273,0.4195804195804196,0.08891108891108891,0.02097902097902098,0.38461538461538464,0.7612387612387612,0.18981018981018982,0.029970029970029972,0.4825174825174825,0.4775224775224775,0.33666333666333664,0.03196803196803197,0.001998001998001998,0.08891108891108891,0.32967032967032966,0.2817182817182817,0.3166833166833167
2022-10-27,0.04095904095904096,0.5584415584415584,0.4195804195804196,0.08891108891108891,0.022977022977022976,0.38461538461538464,0.7612387612387612,0.18981018981018982,0.029970029970029972,0.4825174825174825,0.4775224775224775,0.33666333666333664,0.03196803196803197,0.001998001998001998,0.08891108891108891,0.32967032967032966,0.2817182817182817,0.3166833166833167
2022-10-28,0.04295704295704296,0.5584415584415584,0.4195804195804196,0.08891108891108891,0.025974025974025976,0.38461538461538464,0.7302697302697303,0.25574425574425574,0.030969030969030968,0.5224775224775224,0.6463536463536463,0.25674325674325676,0.04295704295704296,0.001998001998001998,0.08891108891108891,0.32967032967032966,0.2817182817182817,0.3166833166833167
2022-10-31,0.04295704295704296,0.5584415584415584,0.4195804195804196,0.08891108891108891,0.059940059940059943,0.38461538461538464,0.7302697302697303,0.25574425574425574,0.030969030969030968,0.5224775224775224,0.6463536463536463,0.25674325674325676,0.04295704295704296,0.001998001998001998,0.08891108891108891,0.32967032967032966,0.2817182817182817,0.3166833166833167
2022-11-01,0.04195804195804196,0.5584415584415584,0.4195804195804196,0.08891108891108891,0.059940059940059943,0.38461538461538464,0.7302697302697303,0.25574425574425574,0.030969030969030968,0.5224775224775224,0.6463536463536463,0.25674325674325676,0.04295704295704296,0.001998001998001998,0.08891108891108891,0.32967032967032966,0.2817182817182817,0.3166833166833167
2022-11-02,0.04195804195804196,0.5584415584415584,0.4195804195804196,0.08891108891108891,0.1038961038961039,0.38461538461538464,0.7302697302697303,0.25574425574425574,0.030969030969030968,0.5224775224775224,0.6463536463536463,0.25674325674325676,0.04295704295704296,0.001998001998001998,0.08891108891108891,0.32967032967032966,0.2817182817182817,0.3166833166833167
2022-11-03,0.02097902097902098,0.4855144855144855,0.21978021978021978,0.04495504495504495,0.07692307692307693,0.1918081918081918,0.7302697302697303,0.25574425574425574,0.030969030969030968,0.5224775224775224,0.7912087912087912,0.2787212787212787,0.03196803196803197,0.001998001998001998,0.07492507492507493,0.2037962037962038,0.12987012987012986,0.17882117882117882
2022-11-04,0.01898101898101898,0.4855144855144855,0.21978021978021978,0.04495504495504495,0.07692307692307693,0.1918081918081918,0.7302697302697303,0.25574425574425574,0.030969030969030968,0.5224775224775224,0.7912087912087912,0.2787212787212787,0.03196803196803197,0.001998001998001998,0.07492507492507493,0.2037962037962038,0.12987012987012986,0.17882117882117882
2022-11-07,0.01898101898101898,0.4855144855144855,0.21978021978021978,0.04495504495504495,0.07692307692307693,0.1918081918081918,0.7232767232767233,0.24575424575424576,0.029970029970029972,0.5224775224775224,0.7912087912087912,0.2787212787212787,0.03196803196803197,0.001998001998001998,0.07492507492507493,0.2037962037962038,0.12987012987012986,0.17882117882117882
2022-11-08,0.01898101898101898,0.4855144855144855,0.21978021978021978,0.04495504495504495,0.07692307692307693,0.1918081918081918,0.7232767232767233,0.24575424575424576,0.029970029970029972,0.5224775224775224,0.7912087912087912,0.2787212787212787,0.03196803196803197,0.001998001998001998,0.07492507492507493,0.2037962037962038,0.12987012987012986,0.17882117882117882
2022-11-09,0.01898101898101898,0.4855144855144855,0.21978021978021978,0.04895104895104895,0.07692307692307693,0.1918081918081918,0.7232767232767233,0.24575424575424576,0.029970029970029972,0.5224775224775224,0.7912087912087912,0.2787212787212787,0.03196803196803197,0.001998001998001998,0.07492507492507493,0.2037962037962038,0.12987012987012986,0.17882117882117882
2022-11-10,0.01898101898101898,0.4855144855144855,0.37462537462537465,0.03196803196803197,0.04695304695304695,0.16883116883116883,0.7232767232767233,0.24575424575424576,0.029970029970029972,0.5924075924075924,0.8091908091908092,0.34265734265734266,0.03196803196803197,0.000999000999000999,0.07492507492507493,0.4155844155844156,0.12987012987012986,0.17882117882117882
2022-11-11,0.027972027972027972,0.5834165834165834,0.6623376623376623,0.03196803196803197,0.04695304695304695,0.16883116883116883,0.7232767232767233,0.24575424575424576,0.029970029970029972,0.8541458541458542,0.9050949050949051,0.2937062937062937,0.03196803196803197,0.000999000999000999,0.07492507492507493,0.4155844155844156,0.12987012987012986,0.17882117882117882
2022-11-14,0.027972027972027972,0.5834165834165834,0.6623376623376623,0.03196803196803197,0.04695304695304695,0.16883116883116883,0.7232767232767233,0.24575424575424576,0.029970029970029972,0.8541458541458542,0.9050949050949051,0.2937062937062937,0.08791208791208792,0.000999000999000999,0.07492507492507493,0.4155844155844156,0.12987012987012986,0.17882117882117882
2022-11-15,0.027972027972027972,0.5834165834165834,0.6623376623376623,0.03196803196803197,0.04695304695304695,0.16883116883116883,0.7232767232767233,0.24575424575424576,0.029970029970029972,0.8541458541458542,0.9050949050949051,0.2937062937062937,0.08791208791208792,0.000999000999000999,0.07492507492507493,0.6913086913086913,0.12987012987012986,0.17882117882117882
2022-11-16,0.027972027972027972,0.5834165834165834,0.6623376623376623,0.03196803196803197,0.04695304695304695,0.16883116883116883,0.7232767232767233,0.24575424575424576,0.029970029970029972,0.8541458541458542,0.9050949050949051,0.2937062937062937,0.08791208791208792,0.000999000999000999,0.07492507492507493,0.6913086913086913,0.12987012987012986,0.17882117882117882
2022-11-17,0.027972027972027972,0.5834165834165834,0.6623376623376623,0.03196803196803197,0.04695304695304695,0.16883116883116883,0.7232767232767233,0.24575424575424576,0.029970029970029972,0.8541458541458542,0.9050949050949051,0.3436563436563437,0.08791208791208792,0.000999000999000999,0.07492507492507493,0.4095904095904096,0.12987012987012986,0.17882117882117882
2022-11-18,0.027972027972027972,0.5834165834165834,0.6623376623376623,0.03196803196803197,0.04695304695304695,0.16883116883116883,0.7412587412587412,0.4005994005994006,0.016983016983016984,0.8541458541458542,0.9050949050949051,0.3436563436563437,0.08791208791208792,0.000999000999000999,0.07492507492507493,0.4095904095904096,0.12987012987012986,0.17882117882117882
2022-11-21,0.027972027972027972,0.5834165834165834,0.6623376623376623,0.03196803196803197,0.04695304695304695,0.16883116883116883,0.7412587412587412,0.4005994005994006,0.016983016983016984,0.8541458541458542,0.9050949050949051,0.3436563436563437,0.08791208791208792,0.000999000999000999,0.07492507492507493,0.4095904095904096,0.12987012987012986,0.17882117882117882
2022-11-22,0.027972027972027972,0.5834165834165834,0.6623376623376623,0.06993006993006994,0.04695304695304695,0.16883116883116883,0.7412587412587412,0.4005994005994006,0.016983016983016984,0.7342657342657343,0.8761238761238761,0.22677322677322678,0.08791208791208792,0.000999000999000999,0.07492507492507493,0.4095904095904096,0.12987012987012986,0.17882117882117882
2022-11-23,0.027972027972027972,0.5834165834165834,0.6623376623376623,0.06993006993006994,0.05094905094905095,0.16883116883116883,0.7412587412587412,0.4005994005994006,0.016983016983016984,0.7342657342657343,0.8761238761238761,0.22677322677322678,0.07892107892107893,0.000999000999000999,0.07492507492507493,0.4095904095904096,0.12987012987012986,0.17882117882117882
2022-11-25,0.027972027972027972,0.5834165834165834,0.6623376623376623,0.06993006993006994,0.05094905094905095,0.16883116883116883,0.7412587412587412,0.4005994005994006,0.016983016983016984,0.7342657342657343,0.8761238761238761,0.22677322677322678,0.07892107892107893,0.000999000999000999,0.07492507492507493,0.4095904095904096,0.12987012987012986,0.17882117882117882
2022-11-28,0.027972027972027972,0.5834165834165834,0.6623376623376623,0.06993006993006994,0.05094905094905095,0.16883116883116883,0.7412587412587412,0.4005994005994006,0.016983016983016984,0.7342657342657343,0.8761238761238761,0.22677322677322678,0.07892107892107893,0.000999000999000999,0.07492507492507493,0.4095904095904096,0.12987012987012986,0.17882117882117882
2022-11-29,0.02197802197802198,0.4405594405594406,0.9170829170829171,0.1068931068931069,0.07892107892107893,0.22877122877122877,0.5884115884115884,0.33466533466533466,0.013986013986013986,0.7342657342657343,0.7922077922077922,0.14485514485514486,0.07892107892107893,0.000999000999000999,0.07492507492507493,0.6713286713286714,0.2947052947052947,0.21878121878121878
2022-11-30,0.02197802197802198,0.4405594405594406,0.9170829170829171,0.1068931068931069,0.07892107892107893,0.22877122877122877,0.5884115884115884,0.33466533466533466,0.013986013986013986,0.7342657342657343,0.7922077922077922,0.14485514485514486,0.07892107892107893,0.000999000999000999,0.07492507492507493,0.5924075924075924,0.2947052947052947,0.21878121878121878
2022-12-01,0.02197802197802198,0.4405594405594406,0.9170829170829171,0.1068931068931069,0.07892107892107893,0.22877122877122877,0.6603396603396603,0.5364635364635365,0.017982017982017984,0.5384615384615384,0.8081918081918081,0.14685314685314685,0.06693306693306693,0.000999000999000999,0.14185814185814186,0.8481518481518482,0.36363636363636365,0.17882117882117882
2022-12-02,0.02197802197802198,0.4405594405594406,0.9170829170829171,0.1068931068931069,0.07892107892107893,0.22877122877122877,0.6603396603396603,0.7652347652347652,0.017982017982017984,0.5384615384615384,0.8081918081918081,0.14685314685314685,0.06693306693306693,0.000999000999000999,0.14185814185814186,0.5864135864135864,0.36363636363636365,0.17882117882117882
2022-12-05,0.02197802197802198,0.4405594405594406,0.9170829170829171,0.1068931068931069,0.07892107892107893,0.22877122877122877,0.6603396603396603,0.7652347652347652,0.017982017982017984,0.5384615384615384,0.8081918081918081,0.14685314685314685,0.06693306693306693,0.000999000999000999,0.13686313686313686,0.5864135864135864,0.36363636363636365,0.17882117882117882
2022-12-06,0.02197802197802198,0.4405594405594406,0.9170829170829171,0.0919080919080919,0.06293706293706294,0.22977022977022976,0.7132867132867133,0.7252747252747253,0.02197802197802198,0.6173826173826173,0.8341658341658341,0.0919080919080919,0.06693306693306693,0.000999000999000999,0.13686313686313686,0.5974025974025974,0.2887112887112887,0.17482517482517482
2022-12-07,0.02197802197802198,0.4405594405594406,0.9170829170829171,0.0919080919080919,0.06293706293706294,0.22977022977022976,0.7132867132867133,0.8511488511488512,0.01998001998001998,0.7202797202797203,0.7652347652347652,0.1088911088911089,0.0979020979020979,0.000999000999000999,0.07292707292707293,0.5974025974025974,0.2887112887112887,0.17482517482517482
2022-12-08,0.02197802197802198,0.4405594405594406,0.9170829170829171,0.0919080919080919,0.06293706293706294,0.22977022977022976,0.7132867132867133,0.8511488511488512,0.01998001998001998,0.7202797202797203,0.7652347652347652,0.1088911088911089,0.0979020979020979,0.000999000999000999,0.07292707292707293,0.5974025974025974,0.2887112887112887,0.17482517482517482
2022-12-09,0.02197802197802198,0.4405594405594406,0.9170829170829171,0.0919080919080919,0.06293706293706294,0.22977022977022976,0.7132867132867133,0.8511488511488512,0.01998001998001998,0.7202797202797203,0.7652347652347652,0.1088911088911089,0.0979020979020979,0.000999000999000999,0.07292707292707293,0.5974025974025974,0.2887112887112887,0.17482517482517482
2022-12-12,0.02197802197802198,0.4405594405594406,0.9170829170829171,0.08591408591408592,0.06293706293706294,0.22977022977022976,0.7132867132867133,0.8511488511488512,0.01998001998001998,0.7202797202797203,0.44755244755244755,0.1088911088911089,0.0979020979020979,0.000999000999000999,0.07292707292707293,0.8341658341658341,0.2887112887112887,0.17482517482517482
2022-12-13,0.02197802197802198,0.4405594405594406,0.9170829170829171,0.09290709290709291,0.06293706293706294,0.22977022977022976,0.7132867132867133,0.8511488511488512,0.01998001998001998,0.7202797202797203,0.44755244755244755,0.1088911088911089,0.0979020979020979,0.000999000999000999,0.07292707292707293,0.8341658341658341,0.2887112887112887,0.17482517482517482
2022-12-14,0.02197802197802198,0.4405594405594406,0.7342657342657343,0.13286713286713286,0.08891108891108891,0.16483516483516483,0.7132867132867133,0.8511488511488512,0.01998001998001998,0.8231768231768232,0.5064935064935064,0.08291708291708291,0.0979020979020979,0.000999000999000999,0.07292707292707293,0.8341658341658341,0.2887112887112887,0.17482517482517482
2022-12-15,0.02197802197802198,0.42657342657342656,0.7342657342657343,0.13286713286713286,0.08891108891108891,0.16483516483516483,0.7132867132867133,0.8511488511488512,0.01998001998001998,0.8231768231768232,0.5064935064935064,0.08291708291708291,0.0979020979020979,0.000999000999000999,0.07292707292707293,0.8341658341658341,0.2887112887112887,0.17482517482517482
2022-12-16,0.029970029970029972,0.34465534465534464,0.33166833166833165,0.13286713286713286,0.08891108891108891,0.16483516483516483,0.8401598401598401,0.5944055944055944,0.024975024975024976,0.8231768231768232,0.5064935064935064,0.08291708291708291,0.060939060939060936,0.000999000999000999,0.03696303696303696,0.6023976023976024,0.14285714285714285,0.12687312687312688
2022-12-19,0.02097902097902098,0.3256743256743257,0.3926073926073926,0.13286713286713286,0.08891108891108891,0.14485514485514486,0.8401598401598401,0.5944055944055944,0.024975024975024976,0.8231768231768232,0.5064935064935064,0.08291708291708291,0.060939060939060936,0.000999000999000999,0.08491508491508491,0.5394605394605395,0.14285714285714285,0.12687312687312688
2022-12-20,0.02097902097902098,0.3256743256743257,0.3926073926073926,0.13286713286713286,0.08891108891108891,0.08891108891108891,0.8591408591408591,0.8391608391608392,0.013986013986013986,0.6393606393606394,0.7592407592407593,0.060939060939060936,0.02197802197802198,0.000999000999000999,0.08491508491508491,0.38961038961038963,0.15284715284715283,0.2217782217782218
2022-12-21,0.02097902097902098,0.3256743256743257,0.3926073926073926,0.23076923076923078,0.08891108891108891,0.08891108891108891,0.8591408591408591,0.8391608391608392,0.013986013986013986,0.6393606393606394,0.7592407592407593,0.060939060939060936,0.02197802197802198,0.000999000999000999,0.08491508491508491,0.38961038961038963,0.15284715284715283,0.2217782217782218
2022-12-22,0.02097902097902098,0.3256743256743257,0.3926073926073926,0.23076923076923078,0.08891108891108891,0.08891108891108891,0.8591408591408591,0.8391608391608392,0.013986013986013986,0.6393606393606394,0.7592407592407593,0.060939060939060936,0.02197802197802198,0.000999000999000999,0.0919080919080919,0.38961038961038963,0.15284715284715283,0.2217782217782218
2022-12-23,0.02097902097902098,0.3256743256743257,0.7122877122877123,0.33766233766233766,0.06993006993006994,0.08691308691308691,0.8591408591408591,0.8391608391608392,0.013986013986013986,0.6753246753246753,0.7502497502497503,0.053946053946053944,0.02197802197802198,0.000999000999000999,0.0919080919080919,0.38961038961038963,0.15284715284715283,0.2217782217782218
2022-12-27,0.02097902097902098,0.3256743256743257,0.7122877122877123,0.33766233766233766,0.06993006993006994,0.08691308691308691,0.8591408591408591,0.8391608391608392,0.013986013986013986,0.6753246753246753,0.7502497502497503,0.053946053946053944,0.02197802197802198,0.000999000999000999,0.0919080919080919,0.38961038961038963,0.15284715284715283,0.2217782217782218
2022-12-28,0.02097902097902098,0.3256743256743257,0.9040959040959041,0.5574425574425574,0.06993006993006994,0.08691308691308691,0.8591408591408591,0.8391608391608392,0.013986013986013986,0.6753246753246753,0.7502497502497503,0.053946053946053944,0.02197802197802198,0.000999000999000999,0.0919080919080919,0.38961038961038963,0.15284715284715283,0.2217782217782218
2022-12-29,0.026973026973026972,0.3256743256743257,0.9040959040959041,0.5574425574425574,0.06993006993006994,0.08691308691308691,0.8591408591408591,0.8391608391608392,0.013986013986013986,0.6753246753246753,0.7502497502497503,0.04995004995004995,0.02197802197802198,0.000999000999000999,0.0919080919080919,0.4195804195804196,0.07192807192807193,0.14985014985014986
2022-12-30,0.026973026973026972,0.3256743256743257,0.9040959040959041,0.5574425574425574,0.06993006993006994,0.08691308691308691,0.8591408591408591,0.8391608391608392,0.013986013986013986,0.6753246753246753,0.7502497502497503,0.04995004995004995,0.02197802197802198,0.000999000999000999,0.0919080919080919,0.4195804195804196,0.07192807192807193,0.14985014985014986
2023-01-03,0.026973026973026972,0.3256743256743257,0.9040959040959041,0.5574425574425574,0.06993006993006994,0.08691308691308691,0.8591408591408591,0.8391608391608392,0.013986013986013986,0.6753246753246753,0.7502497502497503,0.04995004995004995,0.02197802197802198,0.000999000999000999,0.0919080919080919,0.4195804195804196,0.07192807192807193,0.14985014985014986
2023-01-04,0.053946053946053944,0.3256743256743257,0.9040959040959041,0.6473526473526473,0.06993006993006994,0.08691308691308691,0.8591408591408591,0.8391608391608392,0.013986013986013986,0.8111888111888111,0.7392607392607392,0.06693306693306693,0.02197802197802198,0.000999000999000999,0.0919080919080919,0.4195804195804196,0.07192807192807193,0.14985014985014986
2023-01-05,0.053946053946053944,0.33666333666333664,0.9040959040959041,0.6473526473526473,0.06993006993006994,0.08691308691308691,0.8591408591408591,0.8391608391608392,0.013986013986013986,0.8111888111888111,0.7392607392607392,0.06693306693306693,0.02197802197802198,0.001998001998001998,0.05094905094905095,0.4195804195804196,0.07192807192807193,0.14985014985014986
2023-01-06,0.053946053946053944,0.33666333666333664,0.9040959040959041,0.6473526473526473,0.06993006993006994,0.08691308691308691,0.8591408591408591,0.8391608391608392,0.013986013986013986,0.8111888111888111,0.7392607392607392,0.06693306693306693,0.03196803196803197,0.005994005994005994,0.054945054945054944,0.2947052947052947,0.07192807192807193,0.14985014985014986
2023-01-09,0.0939060939060939,0.42157842157842157,0.8561438561438561,0.7222777222777222,0.0959040959040959,0.0899100899100899,0.8591408591408591,0.8391608391608392,0.013986013986013986,0.8111888111888111,0.7392607392607392,0.06693306693306693,0.03196803196803197,0.005994005994005994,0.054945054945054944,0.2947052947052947,0.07192807192807193,0.14985014985014986
2023-01-10,0.0939060939060939,0.42157842157842157,0.8561438561438561,0.7222777222777222,0.0959040959040959,0.0899100899100899,0.8591408591408591,0.8391608391608392,0.013986013986013986,0.8111888111888111,0.7392607392607392,0.06693306693306693,0.04395604395604396,0.000999000999000999,0.06993006993006994,0.3026973026973027,0.07192807192807193,0.14985014985014986
2023-01-11,0.0939060939060939,0.42157842157842157,0.8561438561438561,0.7222777222777222,0.0959040959040959,0.053946053946053944,0.8591408591408591,0.8391608391608392,0.013986013986013986,0.8111888111888111,0.7392607392607392,0.06693306693306693,0.04395604395604396,0.000999000999000999,0.06993006993006994,0.3026973026973027,0.07192807192807193,0.14985014985014986
2023-01-12,0.0939060939060939,0.42157842157842157,0.8561438561438561,0.7222777222777222,0.0959040959040959,0.053946053946053944,0.8591408591408591,0.8391608391608392,0.013986013986013986,0.8111888111888111,0.7392607392607392,0.06693306693306693,0.04395604395604396,0.000999000999000999,0.06993006993006994,0.3026973026973027,0.060939060939060936,0.14985014985014986
2023-01-13,0.0939060939060939,0.42157842157842157,0.8561438561438561,0.7222777222777222,0.0959040959040959,0.053946053946053944,0.8591408591408591,0.8391608391608392,0.013986013986013986,0.8111888111888111,0.7392607392607392,0.06693306693306693,0.04395604395604396,0.000999000999000999,0.06993006993006994,0.3026973026973027,0.060939060939060936,0.14585414585414586
2023-01-17,0.0939060939060939,0.42157842157842157,0.8561438561438561,0.7222777222777222,0.0959040959040959,0.053946053946053944,0.8591408591408591,0.8391608391608392,0.007992007992007992,0.8111888111888111,0.7392607392607392,0.06693306693306693,0.04395604395604396,0.000999000999000999,0.06993006993006994,0.3026973026973027,0.060939060939060936,0.14585414585414586
2023-01-18,0.22277722277722278,0.6193806193806194,0.9240759240759241,0.6303696303696303,0.0999000999000999,0.053946053946053944,0.8591408591408591,0.8391608391608392,0.017982017982017984,0.8111888111888111,0.7392607392607392,0.06693306693306693,0.07092907092907093,0.002997002997002997,0.26573426573426573,0.3026973026973027,0.060939060939060936,0.14585414585414586
2023-01-19,0.22277722277722278,0.6193806193806194,0.9240759240759241,0.6303696303696303,0.0999000999000999,0.027972027972027972,0.6003996003996004,0.48951048951048953,0.011988011988011988,0.8261738261738262,0.7182817182817183,0.06693306693306693,0.08891108891108891,0.001998001998001998,0.15484515484515485,0.26873126873126874,0.058941058941058944,0.12287712287712288
2023-01-20,0.3516483516483517,0.7922077922077922,0.935064935064935,0.6303696303696303,0.0999000999000999,0.058941058941058944,0.7042957042957043,0.6093906093906094,0.008991008991008992,0.8261738261738262,0.7182817182817183,0.06693306693306693,0.12287712287712288,0.000999000999000999,0.28471528471528473,0.32167832167832167,0.11788211788211789,0.23476523476523475
2023-01-23,0.3516483516483517,0.7922077922077922,0.935064935064935,0.6303696303696303,0.0999000999000999,0.058941058941058944,0.7042957042957043,0.6093906093906094,0.008991008991008992,0.8261738261738262,0.7182817182817183,0.06693306693306693,0.12287712287712288,0.000999000999000999,0.28471528471528473,0.32167832167832167,0.11788211788211789,0.23476523476523475
2023-01-24,0.3516483516483517,0.7922077922077922,0.935064935064935,0.6303696303696303,0.08091908091908091,0.03396603396603397,0.7042957042957043,0.6093906093906094,0.008991008991008992,0.8261738261738262,0.7182817182817183,0.06693306693306693,0.12287712287712288,0.000999000999000999,0.28471528471528473,0.1998001998001998,0.11788211788211789,0.23476523476523475
2023-01-25,0.3516483516483517,0.7922077922077922,0.935064935064935,0.7812187812187812,0.08191808191808192,0.04795204795204795,0.7632367632367633,0.8041958041958042,0.01098901098901099,0.8261738261738262,0.7182817182817183,0.03696303696303696,0.12287712287712288,0.000999000999000999,0.18681318681318682,0.1998001998001998,0.11788211788211789,0.23476523476523475
2023-01-26,0.3516483516483517,0.7922077922077922,0.935064935064935,0.7812187812187812,0.08191808191808192,0.04795204795204795,0.7632367632367633,0.8041958041958042,0.01098901098901099,0.8261738261738262,0.7182817182817183,0.03696303696303696,0.12287712287712288,0.000999000999000999,0.13386613386613386,0.1998001998001998,0.11788211788211789,0.23476523476523475
2023-01-27,0.44455544455544455,0.7892107892107892,0.9120879120879121,0.7812187812187812,0.052947052947052944,0.04795204795204795,0.7632367632367633,0.8041958041958042,0.01098901098901099,0.8261738261738262,0.7182817182817183,0.03696303696303696,0.12287712287712288,0.000999000999000999,0.13386613386613386,0.15484515484515485,0.23976023976023977,0.35664335664335667
2023-01-30,0.44455544455544455,0.7892107892107892,0.9120879120879121,0.7812187812187812,0.052947052947052944,0.04795204795204795,0.7632367632367633,0.8041958041958042,0.01098901098901099,0.8261738261738262,0.34565434565434566,0.03696303696303696,0.12287712287712288,0.000999000999000999,0.13386613386613386,0.15484515484515485,0.23976023976023977,0.35664335664335667
2023-01-31,0.44455544455544455,0.7892107892107892,0.7332667332667333,0.7962037962037962,0.06393606393606394,0.04795204795204795,0.7632367632367633,0.8041958041958042,0.01098901098901099,0.8141858141858141,0.36163836163836166,0.04195804195804196,0.27672327672327673,0.000999000999000999,0.13386613386613386,0.15484515484515485,0.23976023976023977,0.35664335664335667
2023-02-01,0.44455544455544455,0.7892107892107892,0.7332667332667333,0.7962037962037962,0.06393606393606394,0.04795204795204795,0.7632367632367633,0.8041958041958042,0.01098901098901099,0.8141858141858141,0.6933066933066933,0.04195804195804196,0.27672327672327673,0.000999000999000999,0.13386613386613386,0.15484515484515485,0.23976023976023977,0.35664335664335667
2023-02-02,0.44455544455544455,0.7892107892107892,0.7332667332667333,0.7962037962037962,0.06393606393606394,0.04795204795204795,0.7632367632367633,0.8041958041958042,0.01098901098901099,0.8141858141858141,0.6933066933066933,0.07992007992007992,0.27672327672327673,0.000999000999000999,0.08691308691308691,0.15484515484515485,0.23976023976023977,0.35664335664335667
2023-02-03,0.44455544455544455,0.7892107892107892,0.7332667332667333,0.7962037962037962,0.06393606393606394,0.04795204795204795,0.7632367632367633,0.8041958041958042,0.01098901098901099,0.9440559440559441,0.6933066933066933,0.1068931068931069,0.27672327672327673,0.006993006993006993,0.08691308691308691,0.15484515484515485,0.23976023976023977,0.6383616383616384
2023-02-06,0.44455544455544455,0.7892107892107892,0.7332667332667333,0.5314685314685315,0.0989010989010989,0.03796203796203796,0.7632367632367633,0.8041958041958042,0.01098901098901099,0.9440559440559441,0.6933066933066933,0.1108891108891109,0.27672327672327673,0.006993006993006993,0.08691308691308691,0.15584415584415584,0.23976023976023977,0.6383616383616384
2023-02-07,0.6813186813186813,0.8571428571428571,0.8101898101898102,0.7872127872127872,0.08691308691308691,0.04895104895104895,0.7632367632367633,0.8041958041958042,0.01098901098901099,0.9440559440559441,0.6933066933066933,0.1108891108891109,0.27672327672327673,0.006993006993006993,0.08691308691308691,0.15584415584415584,0.23976023976023977,0.6383616383616384
2023-02-08,0.6813186813186813,0.8571428571428571,0.8101898101898102,0.7872127872127872,0.08691308691308691,0.04895104895104895,0.7632367632367633,0.8041958041958042,0.01098901098901099,0.9440559440559441,0.6933066933066933,0.1108891108891109,0.27672327672327673,0.006993006993006993,0.08691308691308691,0.2087912087912088,0.34165834165834164,0.8751248751248751
2023-02-09,0.6813186813186813,0.8571428571428571,0.8101898101898102,0.7872127872127872,0.08691308691308691,0.04895104895104895,0.7632367632367633,0.8041958041958042,0.01098901098901099,0.9440559440559441,0.5464535464535465,0.1108891108891109,0.27672327672327673,0.006993006993006993,0.08691308691308691,0.2087912087912088,0.34165834165834164,0.8751248751248751
2023-02-10,0.6813186813186813,0.8571428571428571,0.8101898101898102,0.7872127872127872,0.08691308691308691,0.04895104895104895,0.7632367632367633,0.7442557442557443,0.00999000999000999,0.8111888111888111,0.5484515484515484,0.10989010989010989,0.26673326673326675,0.006993006993006993,0.029970029970029972,0.2087912087912088,0.34165834165834164,0.8751248751248751
2023-02-13,0.6813186813186813,0.8571428571428571,0.6793206793206793,0.7872127872127872,0.08691308691308691,0.04895104895104895,0.7632367632367633,0.7442557442557443,0.00999000999000999,0.8111888111888111,0.5484515484515484,0.10989010989010989,0.26673326673326675,0.006993006993006993,0.029970029970029972,0.2087912087912088,0.34165834165834164,0.6093906093906094
2023-02-14,0.6343656343656343,0.8521478521478522,0.5244755244755245,0.7872127872127872,0.08691308691308691,0.04495504495504495,0.7632367632367633,0.7442557442557443,0.00999000999000999,0.8111888111888111,0.5484515484515484,0.10989010989010989,0.4205794205794206,0.01098901098901099,0.052947052947052944,0.23776223776223776,0.3856143856143856,0.8461538461538461
2023-02-15,0.6073926073926074,0.9250749250749251,0.5614385614385614,0.9140859140859141,0.14785214785214784,0.058941058941058944,0.7632367632367633,0.7822177822177823,0.006993006993006993,0.8111888111888111,0.5484515484515484,0.10989010989010989,0.4965034965034965,0.01898101898101898,0.07792207792207792,0.23776223776223776,0.3856143856143856,0.8601398601398601
2023-02-16,0.6073926073926074,0.9250749250749251,0.5614385614385614,0.9140859140859141,0.14785214785214784,0.058941058941058944,0.7632367632367633,0.7822177822177823,0.006993006993006993,0.8131868131868132,0.43356643356643354,0.14085914085914086,0.6853146853146853,0.01898101898101898,0.07892107892107893,0.23776223776223776,0.3856143856143856,0.8601398601398601
2023-02-17,0.6073926073926074,0.9250749250749251,0.5614385614385614,0.9140859140859141,0.15484515484515485,0.06493506493506493,0.7632367632367633,0.7822177822177823,0.006993006993006993,0.8131868131868132,0.43356643356643354,0.14185814185814186,0.6853146853146853,0.01898101898101898,0.07892107892107893,0.34165834165834164,0.45554445554445555,0.8601398601398601
2023-02-21,0.6073926073926074,0.9250749250749251,0.5614385614385614,0.9140859140859141,0.15484515484515485,0.06493506493506493,0.7632367632367633,0.7822177822177823,0.006993006993006993,0.9050949050949051,0.6613386613386614,0.19480519480519481,0.6853146853146853,0.01898101898101898,0.07892107892107893,0.34165834165834164,0.45554445554445555,0.8601398601398601
2023-02-22,0.4945054945054945,0.7842157842157842,0.8091908091908092,0.8071928071928072,0.08591408591408592,0.06593406593406594,0.6763236763236763,0.6133866133866134,0.005994005994005994,0.9050949050949051,0.6613386613386614,0.19480519480519481,0.8741258741258742,0.01998001998001998,0.0899100899100899,0.34165834165834164,0.45554445554445555,0.8601398601398601
2023-02-23,0.4945054945054945,0.7842157842157842,0.8091908091908092,0.8071928071928072,0.08591408591408592,0.06593406593406594,0.6763236763236763,0.6133866133866134,0.005994005994005994,0.9050949050949051,0.6613386613386614,0.19480519480519481,0.8741258741258742,0.01998001998001998,0.0899100899100899,0.5484515484515484,0.45554445554445555,0.8601398601398601
2023-02-24,0.4945054945054945,0.7842157842157842,0.8091908091908092,0.9070929070929071,0.16983016983016982,0.06393606393606394,0.6763236763236763,0.6133866133866134,0.005994005994005994,0.9050949050949051,0.6613386613386614,0.19480519480519481,0.8551448551448552,0.01998001998001998,0.07492507492507493,0.5794205794205795,0.45554445554445555,0.8601398601398601
2023-02-27,0.4865134865134865,0.6243756243756243,0.8001998001998002,0.8411588411588412,0.2627372627372627,0.1038961038961039,0.6013986013986014,0.5884115884115884,0.006993006993006993,0.9050949050949051,0.6613386613386614,0.19480519480519481,0.7642357642357642,0.013986013986013986,0.04895104895104895,0.5794205794205795,0.45554445554445555,0.8601398601398601
2023-02-28,0.4865134865134865,0.6243756243756243,0.8001998001998002,0.8411588411588412,0.2627372627372627,0.1038961038961039,0.3676323676323676,0.6283716283716284,0.006993006993006993,0.9050949050949051,0.6613386613386614,0.19480519480519481,0.4225774225774226,0.013986013986013986,0.09090909090909091,0.7172827172827173,0.45354645354645357,0.8621378621378621
2023-03-01,0.4865134865134865,0.6243756243756243,0.8001998001998002,0.8411588411588412,0.2627372627372627,0.1038961038961039,0.3676323676323676,0.6283716283716284,0.01098901098901099,0.9050949050949051,0.6613386613386614,0.19480519480519481,0.5414585414585414,0.013986013986013986,0.09090909090909091,0.7172827172827173,0.45354645354645357,0.8621378621378621
2023-03-02,0.4865134865134865,0.6243756243756243,0.8001998001998002,0.8411588411588412,0.2627372627372627,0.1038961038961039,0.1978021978021978,0.6283716283716284,0.01898101898101898,0.9050949050949051,0.6613386613386614,0.19480519480519481,0.5414585414585414,0.013986013986013986,0.09090909090909091,0.7372627372627373,0.45354645354645357,0.8621378621378621
2023-03-03,0.4865134865134865,0.6243756243756243,0.8001998001998002,0.8411588411588412,0.2627372627372627,0.1038961038961039,0.22977022977022976,0.7632367632367633,0.012987012987012988,0.9050949050949051,0.6613386613386614,0.19480519480519481,0.5414585414585414,0.013986013986013986,0.08291708291708291,0.7372627372627373,0.47652347652347654,0.8621378621378621
2023-03-06,0.4865134865134865,0.6243756243756243,0.8001998001998002,0.8411588411588412,0.2627372627372627,0.1038961038961039,0.22977022977022976,0.7632367632367633,0.012987012987012988,0.9050949050949051,0.6613386613386614,0.19480519480519481,0.5414585414585414,0.013986013986013986,0.08291708291708291,0.7372627372627373,0.47652347652347654,0.8621378621378621
2023-03-07,0.4865134865134865,0.6243756243756243,0.8001998001998002,0.8411588411588412,0.2627372627372627,0.1038961038961039,0.22977022977022976,0.7632367632367633,0.012987012987012988,0.9050949050949051,0.6613386613386614,0.19480519480519481,0.5414585414585414,0.013986013986013986,0.08291708291708291,0.7372627372627373,0.47652347652347654,0.8621378621378621
2023-03-08,0.4865134865134865,0.6243756243756243,0.8001998001998002,0.8411588411588412,0.2627372627372627,0.12687312687312688,0.25074925074925075,0.4645354645354645,0.01098901098901099,0.9050949050949051,0.6613386613386614,0.19480519480519481,0.32367632367632365,0.005994005994005994,0.06293706293706294,0.7262737262737263,0.7552447552447552,0.8471528471528471
2023-03-09,0.3946053946053946,0.47152847152847155,0.8681318681318682,0.7372627372627373,0.25574425574425574,0.2757242757242757,0.22077922077922077,0.3786213786213786,0.03696303696303696,0.9050949050949051,0.6613386613386614,0.19480519480519481,0.5064935064935064,0.007992007992007992,0.08291708291708291,0.7152847152847153,0.8691308691308691,0.8561438561438561
2023-03-10,0.3946053946053946,0.47152847152847155,0.8681318681318682,0.8321678321678322,0.16783216783216784,0.14085914085914086,0.27472527472527475,0.4045954045954046,0.01998001998001998,0.9050949050949051,0.6613386613386614,0.18981018981018982,0.5334665334665335,0.022977022977022976,0.12887112887112886,0.5814185814185814,0.9050949050949051,0.7732267732267732
2023-03-13,0.3946053946053946,0.47152847152847155,0.8681318681318682,0.8321678321678322,0.16783216783216784,0.14085914085914086,0.27472527472527475,0.4045954045954046,0.03696303696303696,0.8691308691308691,0.4245754245754246,0.24775224775224775,0.5334665334665335,0.022977022977022976,0.12887112887112886,0.5814185814185814,0.9050949050949051,0.7732267732267732
2023-03-14,0.6973026973026973,0.47152847152847155,0.8681318681318682,0.8321678321678322,0.16783216783216784,0.14085914085914086,0.2007992007992008,0.43456543456543456,0.03796203796203796,0.8691308691308691,0.4245754245754246,0.37362637362637363,0.5334665334665335,0.022977022977022976,0.12887112887112886,0.5814185814185814,0.6513486513486514,0.6523476523476524
2023-03-15,0.6973026973026973,0.47152847152847155,0.8681318681318682,0.8321678321678322,0.16783216783216784,0.14085914085914086,0.2007992007992008,0.43456543456543456,0.03796203796203796,0.8691308691308691,0.4245754245754246,0.37362637362637363,0.5334665334665335,0.022977022977022976,0.12887112887112886,0.5814185814185814,0.6513486513486514,0.6523476523476524
2023-03-16,0.6973026973026973,0.47152847152847155,0.8681318681318682,0.8321678321678322,0.16783216783216784,0.14085914085914086,0.32967032967032966,0.43456543456543456,0.03496503496503497,0.8531468531468531,0.3546453546453546,0.5314685314685315,0.5334665334665335,0.022977022977022976,0.12887112887112886,0.5814185814185814,0.6513486513486514,0.6523476523476524
2023-03-17,0.6973026973026973,0.47152847152847155,0.8681318681318682,0.8321678321678322,0.16783216783216784,0.14085914085914086,0.32967032967032966,0.43456543456543456,0.03496503496503497,0.7412587412587412,0.3076923076923077,0.5864135864135864,0.5334665334665335,0.022977022977022976,0.12887112887112886,0.5814185814185814,0.6513486513486514,0.6523476523476524
2023-03-20,0.6973026973026973,0.47152847152847155,0.8681318681318682,0.8321678321678322,0.16783216783216784,0.14085914085914086,0.3596403596403596,0.5144855144855145,0.04095904095904096,0.7412587412587412,0.3076923076923077,0.5864135864135864,0.3886113886113886,0.012987012987012988,0.1048951048951049,0.5814185814185814,0.6513486513486514,0.6523476523476524
2023-03-21,0.6973026973026973,0.4905094905094905,0.8681318681318682,0.8321678321678322,0.16783216783216784,0.14085914085914086,0.3596403596403596,0.5144855144855145,0.04095904095904096,0.7412587412587412,0.3076923076923077,0.5864135864135864,0.3886113886113886,0.012987012987012988,0.1048951048951049,0.5814185814185814,0.6513486513486514,0.6523476523476524
2023-03-22,0.6973026973026973,0.4905094905094905,0.8681318681318682,0.8321678321678322,0.16783216783216784,0.14085914085914086,0.3596403596403596,0.5144855144855145,0.04095904095904096,0.7412587412587412,0.3076923076923077,0.5864135864135864,0.3886113886113886,0.012987012987012988,0.1048951048951049,0.5814185814185814,0.6513486513486514,0.6523476523476524
2023-03-23,0.6973026973026973,0.4905094905094905,0.8681318681318682,0.8271728271728271,0.17882117882117882,0.052947052947052944,0.3596403596403596,0.6273726273726273,0.04095904095904096,0.7112887112887113,0.3076923076923077,0.5864135864135864,0.3706293706293706,0.005994005994005994,0.058941058941058944,0.5814185814185814,0.6513486513486514,0.6523476523476524
2023-03-24,0.6973026973026973,0.4905094905094905,0.8681318681318682,0.8271728271728271,0.17882117882117882,0.052947052947052944,0.3596403596403596,0.6273726273726273,0.04095904095904096,0.7112887112887113,0.3076923076923077,0.5864135864135864,0.3706293706293706,0.005994005994005994,0.060939060939060936,0.5814185814185814,0.6513486513486514,0.6523476523476524
2023-03-27,0.6973026973026973,0.4905094905094905,0.8681318681318682,0.8271728271728271,0.17882117882117882,0.024975024975024976,0.3596403596403596,0.6273726273726273,0.03196803196803197,0.7112887112887113,0.3076923076923077,0.5864135864135864,0.6233766233766234,0.00999000999000999,0.1068931068931069,0.5814185814185814,0.6513486513486514,0.6523476523476524
2023-03-28,0.6973026973026973,0.4905094905094905,0.8681318681318682,0.8271728271728271,0.17882117882117882,0.024975024975024976,0.3596403596403596,0.6273726273726273,0.03196803196803197,0.7112887112887113,0.3076923076923077,0.5864135864135864,0.6233766233766234,0.00999000999000999,0.1068931068931069,0.5814185814185814,0.6513486513486514,0.6523476523476524
2023-03-29,0.6973026973026973,0.4905094905094905,0.8681318681318682,0.8271728271728271,0.17882117882117882,0.024975024975024976,0.3596403596403596,0.6273726273726273,0.03196803196803197,0.7112887112887113,0.3076923076923077,0.5864135864135864,0.6233766233766234,0.011988011988011988,0.1068931068931069,0.5814185814185814,0.6513486513486514,0.6523476523476524
2023-03-30,0.6973026973026973,0.4905094905094905,0.8681318681318682,0.8271728271728271,0.17882117882117882,0.024975024975024976,0.3596403596403596,0.6273726273726273,0.03196803196803197,0.7242757242757243,0.3076923076923077,0.43656343656343655,0.6233766233766234,0.011988011988011988,0.1068931068931069,0.5814185814185814,0.6513486513486514,0.6523476523476524
2023-03-31,0.6973026973026973,0.4905094905094905,0.8681318681318682,0.8271728271728271,0.17882117882117882,0.024975024975024976,0.3596403596403596,0.6273726273726273,0.03196803196803197,0.7242757242757243,0.3076923076923077,0.43656343656343655,0.6233766233766234,0.011988011988011988,0.1068931068931069,0.5814185814185814,0.6513486513486514,0.6523476523476524
2023-04-03,0.6973026973026973,0.4905094905094905,0.8681318681318682,0.8271728271728271,0.17882117882117882,0.02097902097902098,0.3596403596403596,0.6273726273726273,0.03196803196803197,0.7242757242757243,0.3076923076923077,0.43656343656343655,0.6233766233766234,0.011988011988011988,0.1068931068931069,0.5814185814185814,0.6513486513486514,0.6523476523476524
2023-04-04,0.6973026973026973,0.4905094905094905,0.8681318681318682,0.8301698301698301,0.17882117882117882,0.00999000999000999,0.3036963036963037,0.5554445554445554,0.08191808191808192,0.7242757242757243,0.3076923076923077,0.43656343656343655,0.6233766233766234,0.012987012987012988,0.1068931068931069,0.5814185814185814,0.6513486513486514,0.6523476523476524
2023-04-05,0.6973026973026973,0.4905094905094905,0.8681318681318682,0.8301698301698301,0.17882117882117882,0.00999000999000999,0.3036963036963037,0.5554445554445554,0.08191808191808192,0.7242757242757243,0.3076923076923077,0.43656343656343655,0.6233766233766234,0.012987012987012988,0.1068931068931069,0.5814185814185814,0.6513486513486514,0.6523476523476524
2023-04-06,0.6973026973026973,0.4905094905094905,0.8681318681318682,0.8001998001998002,0.17182817182817184,0.006993006993006993,0.3036963036963037,0.5554445554445554,0.08191808191808192,0.7242757242757243,0.3076923076923077,0.43656343656343655,0.6233766233766234,0.012987012987012988,0.1068931068931069,0.5814185814185814,0.6513486513486514,0.6523476523476524
2023-04-10,0.6973026973026973,0.4905094905094905,0.98001998001998,0.8001998001998002,0.17182817182817184,0.006993006993006993,0.3036963036963037,0.5554445554445554,0.08191808191808192,0.7242757242757243,0.3076923076923077,0.43656343656343655,0.6233766233766234,0.012987012987012988,0.1068931068931069,0.5814185814185814,0.6513486513486514,0.6523476523476524
2023-04-11,0.6883116883116883,0.4935064935064935,0.993006993006993,0.8001998001998002,0.18281718281718282,0.006993006993006993,0.3036963036963037,0.5554445554445554,0.053946053946053944,0.7242757242757243,0.3076923076923077,0.43656343656343655,0.6233766233766234,0.012987012987012988,0.1068931068931069,0.5814185814185814,0.6513486513486514,0.6523476523476524
2023-04-12,0.6883116883116883,0.6043956043956044,0.993006993006993,0.8001998001998002,0.18281718281718282,0.006993006993006993,0.3036963036963037,0.5554445554445554,0.053946053946053944,0.7242757242757243,0.3076923076923077,0.43656343656343655,0.6233766233766234,0.012987012987012988,0.1068931068931069,0.5814185814185814,0.6513486513486514,0.6523476523476524
2023-04-13,0.6883116883116883,0.6043956043956044,0.993006993006993,0.8001998001998002,0.18281718281718282,0.006993006993006993,0.3036963036963037,0.5554445554445554,0.053946053946053944,0.7242757242757243,0.3076923076923077,0.43656343656343655,0.6233766233766234,0.012987012987012988,0.1068931068931069,0.5814185814185814,0.6513486513486514,0.6523476523476524
2023-04-14,0.6953046953046953,0.6573426573426573,0.972027972027972,0.8001998001998002,0.18281718281718282,0.006993006993006993,0.3036963036963037,0.5554445554445554,0.053946053946053944,0.5534465534465535,0.24575424575424576,0.3436563436563437,0.8091908091908092,0.022977022977022976,0.12287712287712288,0.44555444555444557,0.6513486513486514,0.6523476523476524
2023-04-17,0.6953046953046953,0.6573426573426573,0.972027972027972,0.8001998001998002,0.18281718281718282,0.006993006993006993,0.3036963036963037,0.5554445554445554,0.053946053946053944,0.5534465534465535,0.24575424575424576,0.3436563436563437,0.8091908091908092,0.03396603396603397,0.12287712287712288,0.44555444555444557,0.6513486513486514,0.6523476523476524
2023-04-18,0.6953046953046953,0.6573426573426573,0.972027972027972,0.8001998001998002,0.18281718281718282,0.006993006993006993,0.16783216783216784,0.5554445554445554,0.053946053946053944,0.5534465534465535,0.24575424575424576,0.3436563436563437,0.8091908091908092,0.03396603396603397,0.12287712287712288,0.44555444555444557,0.6513486513486514,0.6523476523476524
2023-04-19,0.6913086913086913,0.8051948051948052,0.942057942057942,0.8001998001998002,0.18281718281718282,0.006993006993006993,0.16783216783216784,0.28471528471528473,0.053946053946053944,0.5534465534465535,0.24575424575424576,0.3436563436563437,0.945054945054945,0.03396603396603397,0.12287712287712288,0.44555444555444557,0.6513486513486514,0.6523476523476524
2023-04-20,0.6913086913086913,0.8051948051948052,0.942057942057942,0.8001998001998002,0.18281718281718282,0.006993006993006993,0.16783216783216784,0.28471528471528473,0.053946053946053944,0.5534465534465535,0.24575424575424576,0.3436563436563437,0.945054945054945,0.11888111888111888,0.07592407592407592,0.44555444555444557,0.6513486513486514,0.6523476523476524
2023-04-21,0.6913086913086913,0.8051948051948052,0.9300699300699301,0.6943056943056943,0.18281718281718282,0.006993006993006993,0.16783216783216784,0.28471528471528473,0.053946053946053944,0.5534465534465535,0.24575424575424576,0.3436563436563437,0.945054945054945,0.11888111888111888,0.03196803196803197,0.44555444555444557,0.6513486513486514,0.6523476523476524
2023-04-24,0.6913086913086913,0.8051948051948052,0.9300699300699301,0.6943056943056943,0.18281718281718282,0.006993006993006993,0.16783216783216784,0.28471528471528473,0.053946053946053944,0.5534465534465535,0.24575424575424576,0.3436563436563437,0.945054945054945,0.11888111888111888,0.03196803196803197,0.44555444555444557,0.6513486513486514,0.6523476523476524
2023-04-25,0.6913086913086913,0.8051948051948052,0.9240759240759241,0.6943056943056943,0.13486513486513488,0.006993006993006993,0.23476523476523475,0.35764235764235763,0.09090909090909091,0.4915084915084915,0.30569430569430567,0.2967032967032967,0.945054945054945,0.11888111888111888,0.03196803196803197,0.44555444555444557,0.6513486513486514,0.6523476523476524
2023-04-26,0.7442557442557443,0.8851148851148851,0.9410589410589411,0.7482517482517482,0.12187812187812187,0.004995004995004995,0.16083916083916083,0.43156843156843155,0.03896103896103896,0.4915084915084915,0.30569430569430567,0.2807192807192807,0.8221778221778222,0.08291708291708291,0.052947052947052944,0.3026973026973027,0.9080919080919081,0.7862137862137862
2023-04-27,0.7442557442557443,0.8851148851148851,0.9410589410589411,0.7482517482517482,0.12187812187812187,0.008991008991008992,0.16083916083916083,0.43156843156843155,0.03896103896103896,0.3246753246753247,0.13386613386613386,0.2037962037962038,0.8401598401598401,0.058941058941058944,0.04495504495504495,0.3026973026973027,0.9080919080919081,0.7862137862137862
2023-04-28,0.8051948051948052,0.9000999000999002,0.9590409590409591,0.6563436563436563,0.0969030969030969,0.00999000999000999,0.13086913086913088,0.6223776223776224,0.07992007992007992,0.3246753246753247,0.13386613386613386,0.2037962037962038,0.8051948051948052,0.04795204795204795,0.04595404595404595,0.3256743256743257,0.9660339660339661,0.9070929070929071
2023-05-01,0.8051948051948052,0.9000999000999002,0.9590409590409591,0.6563436563436563,0.2037962037962038,0.00999000999000999,0.13086913086913088,0.6223776223776224,0.07992007992007992,0.3246753246753247,0.13386613386613386,0.2037962037962038,0.8051948051948052,0.04795204795204795,0.04595404595404595,0.3256743256743257,0.9660339660339661,0.9070929070929071
2023-05-02,0.8051948051948052,0.9000999000999002,0.9590409590409591,0.6563436563436563,0.2007992007992008,0.00999000999000999,0.13086913086913088,0.6223776223776224,0.07992007992007992,0.40559440559440557,0.13386613386613386,0.2037962037962038,0.8051948051948052,0.04795204795204795,0.04595404595404595,0.3256743256743257,0.9660339660339661,0.9070929070929071
2023-05-03,0.8471528471528471,0.8311688311688312,0.9040959040959041,0.4255744255744256,0.1798201798201798,0.006993006993006993,0.057942057942057944,0.6483516483516484,0.01898101898101898,0.4955044955044955,0.1848151848151848,0.3806193806193806,0.7742257742257742,0.04095904095904096,0.03396603396603397,0.24675324675324675,0.957042957042957,0.922077922077922
2023-05-04,0.8471528471528471,0.8311688311688312,0.9040959040959041,0.4255744255744256,0.1798201798201798,0.006993006993006993,0.06493506493506493,0.6483516483516484,0.01898101898101898,0.4955044955044955,0.1848151848151848,0.4095904095904096,0.7742257742257742,0.04095904095904096,0.03396603396603397,0.24975024975024976,0.9460539460539461,0.7902097902097902
2023-05-05,0.8471528471528471,0.8311688311688312,0.9040959040959041,0.4255744255744256,0.1798201798201798,0.012987012987012988,0.06493506493506493,0.6533466533466533,0.04495504495504495,0.4955044955044955,0.1848151848151848,0.4095904095904096,0.7742257742257742,0.04095904095904096,0.03396603396603397,0.24975024975024976,0.9460539460539461,0.7902097902097902
2023-05-08,0.8471528471528471,0.8311688311688312,0.9040959040959041,0.4255744255744256,0.1798201798201798,0.012987012987012988,0.06493506493506493,0.6533466533466533,0.04495504495504495,0.4955044955044955,0.1848151848151848,0.4095904095904096,0.7742257742257742,0.04095904095904096,0.03396603396603397,0.24975024975024976,0.9460539460539461,0.7902097902097902
2023-05-09,0.8421578421578422,0.7012987012987013,0.8591408591408591,0.2907092907092907,0.21078921078921078,0.012987012987012988,0.14185814185814186,0.5924075924075924,0.03396603396603397,0.4955044955044955,0.1848151848151848,0.4095904095904096,0.7772227772227772,0.027972027972027972,0.029970029970029972,0.2967032967032967,0.9400599400599401,0.967032967032967
2023-05-10,0.8421578421578422,0.7012987012987013,0.8591408591408591,0.2907092907092907,0.21078921078921078,0.012987012987012988,0.14185814185814186,0.5924075924075924,0.03396603396603397,0.4955044955044955,0.1848151848151848,0.4095904095904096,0.7772227772227772,0.027972027972027972,0.029970029970029972,0.18681318681318682,0.9400599400599401,0.967032967032967
2023-05-11,0.7002997002997003,0.6633366633366633,0.9600399600399601,0.45354645354645357,0.3336663336663337,0.029970029970029972,0.16383616383616384,0.6703296703296703,0.04495504495504495,0.36363636363636365,0.23676323676323677,0.3126873126873127,0.6583416583416584,0.04195804195804196,0.04695304695304695,0.18681318681318682,0.9400599400599401,0.967032967032967
2023-05-12,0.7002997002997003,0.6633366633366633,0.9600399600399601,0.45354645354645357,0.3336663336663337,0.029970029970029972,0.15684315684315683,0.6703296703296703,0.04495504495504495,0.36363636363636365,0.23676323676323677,0.3126873126873127,0.6583416583416584,0.04195804195804196,0.04695304695304695,0.18581418581418582,0.9400599400599401,0.967032967032967
2023-05-15,0.6453546453546454,0.5114885114885115,0.987012987012987,0.6343656343656343,0.46353646353646355,0.03896103896103896,0.15684315684315683,0.6703296703296703,0.04495504495504495,0.36363636363636365,0.23676323676323677,0.3126873126873127,0.6583416583416584,0.04195804195804196,0.04695304695304695,0.18581418581418582,0.9270729270729271,0.967032967032967
2023-05-16,0.6453546453546454,0.5114885114885115,0.987012987012987,0.6343656343656343,0.46353646353646355,0.03896103896103896,0.15684315684315683,0.6703296703296703,0.04495504495504495,0.36363636363636365,0.23676323676323677,0.3126873126873127,0.6583416583416584,0.04195804195804196,0.04695304695304695,0.18581418581418582,0.9270729270729271,0.967032967032967
2023-05-17,0.6453546453546454,0.5114885114885115,0.987012987012987,0.6343656343656343,0.46353646353646355,0.059940059940059943,0.15684315684315683,0.6703296703296703,0.04495504495504495,0.5104895104895105,0.18281718281718282,0.2097902097902098,0.6583416583416584,0.04195804195804196,0.04695304695304695,0.23476523476523475,0.8441558441558441,0.955044955044955
2023-05-18,0.6453546453546454,0.5114885114885115,0.987012987012987,0.6343656343656343,0.46353646353646355,0.059940059940059943,0.15684315684315683,0.6703296703296703,0.04495504495504495,0.5104895104895105,0.18281718281718282,0.2097902097902098,0.6583416583416584,0.04195804195804196,0.04695304695304695,0.23476523476523475,0.8441558441558441,0.955044955044955
2023-05-19,0.6453546453546454,0.5114885114885115,0.987012987012987,0.6343656343656343,0.46353646353646355,0.059940059940059943,0.15684315684315683,0.6703296703296703,0.04495504495504495,0.5104895104895105,0.18281718281718282,0.2097902097902098,0.6583416583416584,0.04195804195804196,0.04695304695304695,0.16383616383616384,0.8801198801198801,0.955044955044955
2023-05-22,0.6873126873126874,0.45854145854145856,0.995004995004995,0.4155844155844156,0.46153846153846156,0.04695304695304695,0.2947052947052947,0.6903096903096904,0.08391608391608392,0.5104895104895105,0.34165834165834164,0.2097902097902098,0.6223776223776224,0.03396603396603397,0.07792207792207792,0.11988011988011989,0.8101898101898102,0.958041958041958
2023-05-23,0.6873126873126874,0.45854145854145856,0.995004995004995,0.4155844155844156,0.46153846153846156,0.04695304695304695,0.2947052947052947,0.6903096903096904,0.08391608391608392,0.5104895104895105,0.33766233766233766,0.2097902097902098,0.6223776223776224,0.03396603396603397,0.07792207792207792,0.0999000999000999,0.7452547452547452,0.957042957042957
2023-05-24,0.5014985014985015,0.3826173826173826,0.9460539460539461,0.4085914085914086,0.46153846153846156,0.04695304695304695,0.2947052947052947,0.6903096903096904,0.08391608391608392,0.5104895104895105,0.33766233766233766,0.2097902097902098,0.7062937062937062,0.016983016983016984,0.053946053946053944,0.0999000999000999,0.7452547452547452,0.957042957042957
2023-05-25,0.5014985014985015,0.3826173826173826,0.9460539460539461,0.4085914085914086,0.46153846153846156,0.04695304695304695,0.2947052947052947,0.6903096903096904,0.08391608391608392,0.5104895104895105,0.33766233766233766,0.2097902097902098,0.7062937062937062,0.016983016983016984,0.05094905094905095,0.0999000999000999,0.7452547452547452,0.957042957042957
2023-05-26,0.5014985014985015,0.3826173826173826,0.9460539460539461,0.6193806193806194,0.46153846153846156,0.04695304695304695,0.2947052947052947,0.6903096903096904,0.08391608391608392,0.5104895104895105,0.33766233766233766,0.2077922077922078,0.6633366633366633,0.012987012987012988,0.03596403596403597,0.0969030969030969,0.7452547452547452,0.957042957042957
2023-05-30,0.5014985014985015,0.3826173826173826,0.9460539460539461,0.6193806193806194,0.46153846153846156,0.04695304695304695,0.2947052947052947,0.6903096903096904,0.08391608391608392,0.5104895104895105,0.33766233766233766,0.2077922077922078,0.6633366633366633,0.012987012987012988,0.03596403596403597,0.0969030969030969,0.7452547452547452,0.957042957042957
2023-05-31,0.5014985014985015,0.3826173826173826,0.9460539460539461,0.6193806193806194,0.46153846153846156,0.04695304695304695,0.2947052947052947,0.6903096903096904,0.08391608391608392,0.5104895104895105,0.33766233766233766,0.2077922077922078,0.6633366633366633,0.012987012987012988,0.03596403596403597,0.07892107892107893,0.8521478521478522,0.7342657342657343
2023-06-01,0.5014985014985015,0.3826173826173826,0.949050949050949,0.6193806193806194,0.46153846153846156,0.1028971028971029,0.2947052947052947,0.6903096903096904,0.08391608391608392,0.5104895104895105,0.33766233766233766,0.2077922077922078,0.6633366633366633,0.012987012987012988,0.03596403596403597,0.07892107892107893,0.8521478521478522,0.7342657342657343
2023-06-02,0.5014985014985015,0.3826173826173826,0.949050949050949,0.6193806193806194,0.46153846153846156,0.1028971028971029,0.2947052947052947,0.6903096903096904,0.07092907092907093,0.5104895104895105,0.4975024975024975,0.2077922077922078,0.6633366633366633,0.00999000999000999,0.03596403596403597,0.07892107892107893,0.8521478521478522,0.7342657342657343
2023-06-05,0.5014985014985015,0.3826173826173826,0.949050949050949,0.6193806193806194,0.46153846153846156,0.1028971028971029,0.2947052947052947,0.6903096903096904,0.07092907092907093,0.5104895104895105,0.4975024975024975,0.2077922077922078,0.6633366633366633,0.00999000999000999,0.03596403596403597,0.09490509490509491,0.8521478521478522,0.7342657342657343
2023-06-06,0.5014985014985015,0.3826173826173826,0.949050949050949,0.6193806193806194,0.46153846153846156,0.1028971028971029,0.2947052947052947,0.6903096903096904,0.07092907092907093,0.5104895104895105,0.4975024975024975,0.2077922077922078,0.6633366633366633,0.00999000999000999,0.03596403596403597,0.09490509490509491,0.8521478521478522,0.7342657342657343
2023-06-07,0.35664335664335667,0.3826173826173826,0.949050949050949,0.7742257742257742,0.46153846153846156,0.1028971028971029,0.2947052947052947,0.6903096903096904,0.07092907092907093,0.5104895104895105,0.4975024975024975,0.2077922077922078,0.6633366633366633,0.01098901098901099,0.03596403596403597,0.09490509490509491,0.8521478521478522,0.7342657342657343
2023-06-08,0.35664335664335667,0.5784215784215784,0.949050949050949,0.7742257742257742,0.7682317682317682,0.1028971028971029,0.2947052947052947,0.6903096903096904,0.07092907092907093,0.5104895104895105,0.4975024975024975,0.2077922077922078,0.6633366633366633,0.01098901098901099,0.03596403596403597,0.09490509490509491,0.8521478521478522,0.7342657342657343
2023-06-09,0.35664335664335667,0.5784215784215784,0.949050949050949,0.7742257742257742,0.7682317682317682,0.1028971028971029,0.2947052947052947,0.6903096903096904,0.07092907092907093,0.5104895104895105,0.4975024975024975,0.2077922077922078,0.6633366633366633,0.01098901098901099,0.03596403596403597,0.09490509490509491,0.8521478521478522,0.7342657342657343
2023-06-12,0.35664335664335667,0.5784215784215784,0.949050949050949,0.7742257742257742,0.7682317682317682,0.1028971028971029,0.4155844155844156,0.5954045954045954,0.09090909090909091,0.5104895104895105,0.4975024975024975,0.2077922077922078,0.6633366633366633,0.01098901098901099,0.03596403596403597,0.09490509490509491,0.8521478521478522,0.7342657342657343
2023-06-13,0.37162837162837165,0.7152847152847153,0.988011988011988,0.7742257742257742,0.6783216783216783,0.1028971028971029,0.4515484515484515,0.4225774225774226,0.1038961038961039,0.5104895104895105,0.5584415584415584,0.2077922077922078,0.7002997002997003,0.026973026973026972,0.024975024975024976,0.09490509490509491,0.7272727272727273,0.6503496503496503
2023-06-14,0.43656343656343655,0.7652347652347652,0.9790209790209791,0.7362637362637363,0.6253746253746254,0.060939060939060936,0.3966033966033966,0.5584415584415584,0.11188811188811189,0.5104895104895105,0.5584415584415584,0.2077922077922078,0.7002997002997003,0.026973026973026972,0.01898101898101898,0.09490509490509491,0.7272727272727273,0.6503496503496503
2023-06-15,0.44555444555444557,0.6713286713286714,0.957042957042957,0.6063936063936064,0.5154845154845155,0.12887112887112886,0.47652347652347654,0.5714285714285714,0.22477522477522477,0.4175824175824176,0.6133866133866134,0.17682317682317683,0.5214785214785215,0.030969030969030968,0.014985014985014986,0.10789210789210789,0.7032967032967034,0.9280719280719281
2023-06-16,0.44555444555444557,0.6713286713286714,0.957042957042957,0.6063936063936064,0.5154845154845155,0.12887112887112886,0.47652347652347654,0.5714285714285714,0.22477522477522477,0.4175824175824176,0.6133866133866134,0.17682317682317683,0.5164835164835165,0.030969030969030968,0.014985014985014986,0.10789210789210789,0.5094905094905094,0.7092907092907093
2023-06-20,0.44555444555444557,0.6713286713286714,0.957042957042957,0.6063936063936064,0.5154845154845155,0.12887112887112886,0.47652347652347654,0.5714285714285714,0.22477522477522477,0.4175824175824176,0.6133866133866134,0.17682317682317683,0.5164835164835165,0.030969030969030968,0.014985014985014986,0.17382617382617382,0.5094905094905094,0.7092907092907093
2023-06-21,0.4125874125874126,0.7812187812187812,0.9240759240759241,0.6503496503496503,0.6753246753246753,0.22277722277722278,0.6403596403596403,0.43356643356643354,0.2967032967032967,0.3946053946053946,0.5554445554445554,0.15084915084915085,0.5164835164835165,0.030969030969030968,0.005994005994005994,0.17382617382617382,0.5094905094905094,0.7092907092907093
2023-06-22,0.31368631368631367,0.5294705294705294,0.7982017982017982,0.6143856143856143,0.6753246753246753,0.22277722277722278,0.6403596403596403,0.43356643356643354,0.2967032967032967,0.27172827172827174,0.6303696303696303,0.12687312687312688,0.5164835164835165,0.030969030969030968,0.005994005994005994,0.16483516483516483,0.5094905094905094,0.7092907092907093
2023-06-23,0.31368631368631367,0.5294705294705294,0.7982017982017982,0.6143856143856143,0.6753246753246753,0.22277722277722278,0.8471528471528471,0.2857142857142857,0.2967032967032967,0.27172827172827174,0.6303696303696303,0.1838161838161838,0.5164835164835165,0.030969030969030968,0.005994005994005994,0.16483516483516483,0.5094905094905094,0.7092907092907093
2023-06-26,0.31368631368631367,0.5294705294705294,0.7982017982017982,0.6143856143856143,0.6753246753246753,0.22277722277722278,0.8471528471528471,0.2857142857142857,0.2967032967032967,0.22277722277722278,0.7372627372627373,0.14685314685314685,0.5164835164835165,0.030969030969030968,0.005994005994005994,0.16483516483516483,0.5094905094905094,0.8331668331668332
2023-06-27,0.31368631368631367,0.6243756243756243,0.7982017982017982,0.34265734265734266,0.6753246753246753,0.22277722277722278,0.8471528471528471,0.2857142857142857,0.2967032967032967,0.22077922077922077,0.6533466533466533,0.07792207792207792,0.5164835164835165,0.030969030969030968,0.03296703296703297,0.16483516483516483,0.5094905094905094,0.8331668331668332
2023-06-28,0.31368631368631367,0.6243756243756243,0.7982017982017982,0.34265734265734266,0.6753246753246753,0.22277722277722278,0.8471528471528471,0.2857142857142857,0.2967032967032967,0.22077922077922077,0.6533466533466533,0.07792207792207792,0.5164835164835165,0.030969030969030968,0.03296703296703297,0.16483516483516483,0.5094905094905094,0.8331668331668332
2023-06-29,0.31368631368631367,0.6243756243756243,0.7982017982017982,0.34265734265734266,0.6753246753246753,0.27972027972027974,0.8471528471528471,0.2857142857142857,0.2967032967032967,0.22077922077922077,0.6533466533466533,0.07792207792207792,0.5164835164835165,0.026973026973026972,0.03296703296703297,0.16483516483516483,0.5094905094905094,0.8331668331668332
2023-06-30,0.2907092907092907,0.7272727272727273,0.9120879120879121,0.23476523476523475,0.5724275724275725,0.37362637362637363,0.8471528471528471,0.2857142857142857,0.2967032967032967,0.22077922077922077,0.6533466533466533,0.07792207792207792,0.7352647352647352,0.04295704295704296,0.03696303696303696,0.16483516483516483,0.5094905094905094,0.8331668331668332
2023-07-03,0.2907092907092907,0.7272727272727273,0.9120879120879121,0.23476523476523475,0.5724275724275725,0.37362637362637363,0.8471528471528471,0.2857142857142857,0.2967032967032967,0.14985014985014986,0.6473526473526473,0.07392607392607392,0.7352647352647352,0.04295704295704296,0.03696303696303696,0.16483516483516483,0.5094905094905094,0.8331668331668332
2023-07-05,0.2907092907092907,0.7272727272727273,0.9120879120879121,0.23476523476523475,0.5724275724275725,0.37362637362637363,0.6653346653346653,0.43956043956043955,0.2967032967032967,0.14985014985014986,0.6473526473526473,0.07392607392607392,0.7772227772227772,0.04295704295704296,0.03696303696303696,0.16483516483516483,0.5094905094905094,0.8331668331668332
2023-07-06,0.2907092907092907,0.7272727272727273,0.8331668331668332,0.23476523476523475,0.5724275724275725,0.37362637362637363,0.6653346653346653,0.43956043956043955,0.2817182817182817,0.14985014985014986,0.6473526473526473,0.07392607392607392,0.7772227772227772,0.04295704295704296,0.03696303696303696,0.16483516483516483,0.5094905094905094,0.8331668331668332
2023-07-07,0.2907092907092907,0.7272727272727273,0.8331668331668332,0.3046953046953047,0.5054945054945055,0.4785214785214785,0.6653346653346653,0.2977022977022977,0.23176823176823177,0.22377622377622378,0.6743256743256744,0.1028971028971029,0.7772227772227772,0.01898101898101898,0.07492507492507493,0.16483516483516483,0.5094905094905094,0.6053946053946054
2023-07-10,0.2907092907092907,0.7272727272727273,0.8331668331668332,0.3046953046953047,0.5054945054945055,0.4785214785214785,0.6653346653346653,0.2977022977022977,0.23176823176823177,0.22377622377622378,0.6743256743256744,0.1028971028971029,0.7342657342657343,0.016983016983016984,0.03196803196803197,0.24975024975024976,0.6253746253746254,0.5254745254745254
2023-07-11,0.2907092907092907,0.7532467532467533,0.8331668331668332,0.3046953046953047,0.5054945054945055,0.4785214785214785,0.6653346653346653,0.2977022977022977,0.23176823176823177,0.22377622377622378,0.6743256743256744,0.1028971028971029,0.7342657342657343,0.016983016983016984,0.03196803196803197,0.24975024975024976,0.6253746253746254,0.5254745254745254
2023-07-12,0.2907092907092907,0.7532467532467533,0.8331668331668332,0.3046953046953047,0.5054945054945055,0.4785214785214785,0.6653346653346653,0.2977022977022977,0.23176823176823177,0.22377622377622378,0.6743256743256744,0.1028971028971029,0.7342657342657343,0.016983016983016984,0.03196803196803197,0.24975024975024976,0.6253746253746254,0.5254745254745254
2023-07-13,0.2907092907092907,0.7532467532467533,0.6693306693306693,0.41858141858141856,0.5014985014985015,0.5994005994005994,0.6653346653346653,0.2977022977022977,0.23176823176823177,0.22377622377622378,0.6743256743256744,0.1028971028971029,0.7342657342657343,0.03896103896103896,0.03196803196803197,0.24975024975024976,0.6253746253746254,0.5254745254745254
2023-07-14,0.2907092907092907,0.5194805194805194,0.6693306693306693,0.41858141858141856,0.5014985014985015,0.5994005994005994,0.6653346653346653,0.2977022977022977,0.23176823176823177,0.2137862137862138,0.6743256743256744,0.1028971028971029,0.7002997002997003,0.03896103896103896,0.03196803196803197,0.24975024975024976,0.6253746253746254,0.5254745254745254
2023-07-17,0.2907092907092907,0.5194805194805194,0.6693306693306693,0.41858141858141856,0.5014985014985015,0.5994005994005994,0.6653346653346653,0.23076923076923078,0.23176823176823177,0.2677322677322677,0.7602397602397603,0.13386613386613386,0.7002997002997003,0.012987012987012988,0.03196803196803197,0.24975024975024976,0.6253746253746254,0.5254745254745254
2023-07-18,0.2907092907092907,0.5194805194805194,0.6693306693306693,0.41858141858141856,0.5014985014985015,0.5994005994005994,0.4775224775224775,0.16683316683316685,0.25674325674325676,0.2677322677322677,0.7602397602397603,0.13386613386613386,0.7002997002997003,0.012987012987012988,0.03196803196803197,0.24975024975024976,0.6253746253746254,0.5254745254745254
2023-07-19,0.2907092907092907,0.5194805194805194,0.6693306693306693,0.41858141858141856,0.5014985014985015,0.5994005994005994,0.4775224775224775,0.16683316683316685,0.25674325674325676,0.2677322677322677,0.7602397602397603,0.13386613386613386,0.7002997002997003,0.012987012987012988,0.03196803196803197,0.24975024975024976,0.6253746253746254,0.5254745254745254
2023-07-20,0.1938061938061938,0.5194805194805194,0.6693306693306693,0.41858141858141856,0.5014985014985015,0.5994005994005994,0.4775224775224775,0.16683316683316685,0.25674325674325676,0.2677322677322677,0.7602397602397603,0.13386613386613386,0.8771228771228772,0.02097902097902098,0.04695304695304695,0.24975024975024976,0.6253746253746254,0.4115884115884116
2023-07-21,0.13386613386613386,0.43356643356643354,0.6583416583416584,0.42157842157842157,0.6703296703296703,0.3096903096903097,0.4775224775224775,0.16683316683316685,0.25674325674325676,0.2677322677322677,0.7602397602397603,0.13386613386613386,0.8741258741258742,0.02097902097902098,0.04695304695304695,0.24975024975024976,0.6253746253746254,0.4115884115884116
2023-07-24,0.13386613386613386,0.43356643356643354,0.6583416583416584,0.42157842157842157,0.6703296703296703,0.3096903096903097,0.4775224775224775,0.16683316683316685,0.25674325674325676,0.2677322677322677,0.7602397602397603,0.13386613386613386,0.8741258741258742,0.025974025974025976,0.04695304695304695,0.24975024975024976,0.4355644355644356,0.25274725274725274
2023-07-25,0.13386613386613386,0.43356643356643354,0.6583416583416584,0.42157842157842157,0.6703296703296703,0.3096903096903097,0.4775224775224775,0.16683316683316685,0.25674325674325676,0.2677322677322677,0.7602397602397603,0.13386613386613386,0.8741258741258742,0.025974025974025976,0.04695304695304695,0.24975024975024976,0.4355644355644356,0.25274725274725274
2023-07-26,0.13386613386613386,0.43356643356643354,0.48451548451548454,0.42157842157842157,0.6703296703296703,0.3096903096903097,0.4775224775224775,0.16683316683316685,0.25674325674325676,0.2677322677322677,0.7602397602397603,0.13386613386613386,0.8741258741258742,0.025974025974025976,0.04695304695304695,0.24975024975024976,0.4355644355644356,0.25274725274725274
2023-07-27,0.12187812187812187,0.47152847152847155,0.4165834165834166,0.42157842157842157,0.6703296703296703,0.3096903096903097,0.4775224775224775,0.16683316683316685,0.25674325674325676,0.2677322677322677,0.7602397602397603,0.13386613386613386,0.8741258741258742,0.025974025974025976,0.04695304695304695,0.24975024975024976,0.4355644355644356,0.25274725274725274
2023-07-28,0.12187812187812187,0.3906093906093906,0.4165834165834166,0.28771228771228774,0.5694305694305695,0.4915084915084915,0.3596403596403596,0.27472527472527475,0.23676323676323677,0.2677322677322677,0.7602397602397603,0.13386613386613386,0.8741258741258742,0.025974025974025976,0.055944055944055944,0.1068931068931069,0.3866133866133866,0.16483516483516483
2023-07-31,0.12187812187812187,0.3906093906093906,0.4165834165834166,0.28771228771228774,0.5694305694305695,0.4915084915084915,0.3596403596403596,0.27472527472527475,0.23676323676323677,0.2677322677322677,0.7602397602397603,0.13386613386613386,0.8741258741258742,0.025974025974025976,0.055944055944055944,0.1068931068931069,0.3866133866133866,0.16483516483516483
2023-08-01,0.12187812187812187,0.3906093906093906,0.4165834165834166,0.28771228771228774,0.5694305694305695,0.4915084915084915,0.3596403596403596,0.27472527472527475,0.23676323676323677,0.2677322677322677,0.7602397602397603,0.13386613386613386,0.6113886113886113,0.025974025974025976,0.058941058941058944,0.1068931068931069,0.3866133866133866,0.16483516483516483
2023-08-02,0.12187812187812187,0.3906093906093906,0.4165834165834166,0.28771228771228774,0.5694305694305695,0.4915084915084915,0.3596403596403596,0.27472527472527475,0.23676323676323677,0.2677322677322677,0.7602397602397603,0.13386613386613386,0.6113886113886113,0.025974025974025976,0.058941058941058944,0.1068931068931069,0.19080919080919082,0.16483516483516483
2023-08-03,0.12687312687312688,0.3786213786213786,0.4875124875124875,0.34965034965034963,0.6073926073926074,0.24975024975024976,0.3596403596403596,0.27472527472527475,0.21878121878121878,0.2677322677322677,0.7602397602397603,0.13386613386613386,0.6113886113886113,0.025974025974025976,0.058941058941058944,0.1068931068931069,0.19080919080919082,0.16483516483516483
2023-08-04,0.12687312687312688,0.3786213786213786,0.4875124875124875,0.34965034965034963,0.6073926073926074,0.24975024975024976,0.3256743256743257,0.33666333666333664,0.21878121878121878,0.2677322677322677,0.7602397602397603,0.13386613386613386,0.6113886113886113,0.025974025974025976,0.04395604395604396,0.1068931068931069,0.19080919080919082,0.12687312687312688
2023-08-07,0.24775224775224775,0.3786213786213786,0.4875124875124875,0.34965034965034963,0.6073926073926074,0.24975024975024976,0.3256743256743257,0.33666333666333664,0.21878121878121878,0.21178821178821178,0.7532467532467533,0.11388611388611389,0.6113886113886113,0.025974025974025976,0.04395604395604396,0.08491508491508491,0.1048951048951049,0.14285714285714285
2023-08-08,0.24775224775224775,0.3786213786213786,0.4875124875124875,0.34965034965034963,0.6073926073926074,0.24975024975024976,0.3256743256743257,0.33666333666333664,0.21878121878121878,0.16683316683316685,0.6413586413586414,0.14885114885114886,0.6813186813186813,0.025974025974025976,0.04395604395604396,0.04595404595404595,0.1048951048951049,0.14285714285714285
2023-08-09,0.24775224775224775,0.3786213786213786,0.4875124875124875,0.5284715284715285,0.6073926073926074,0.24975024975024976,0.3256743256743257,0.23776223776223776,0.23776223776223776,0.16683316683316685,0.6413586413586414,0.14885114885114886,0.6813186813186813,0.025974025974025976,0.04395604395604396,0.04595404595404595,0.1048951048951049,0.14285714285714285
2023-08-10,0.24775224775224775,0.3786213786213786,0.45554445554445555,0.5284715284715285,0.6073926073926074,0.24975024975024976,0.33766233766233766,0.23776223776223776,0.23776223776223776,0.16683316683316685,0.6413586413586414,0.14885114885114886,0.6813186813186813,0.025974025974025976,0.04395604395604396,0.04595404595404595,0.1048951048951049,0.14285714285714285
2023-08-11,0.24775224775224775,0.3786213786213786,0.32367632367632365,0.5284715284715285,0.6073926073926074,0.1838161838161838,0.33766233766233766,0.23776223776223776,0.23776223776223776,0.16683316683316685,0.6413586413586414,0.14885114885114886,0.6813186813186813,0.025974025974025976,0.04395604395604396,0.04595404595404595,0.1048951048951049,0.14285714285714285
2023-08-14,0.24775224775224775,0.3786213786213786,0.5184815184815185,0.5284715284715285,0.6073926073926074,0.1838161838161838,0.33766233766233766,0.23776223776223776,0.23776223776223776,0.16683316683316685,0.6413586413586414,0.14885114885114886,0.6813186813186813,0.025974025974025976,0.04395604395604396,0.04595404595404595,0.1048951048951049,0.14285714285714285
2023-08-15,0.24775224775224775,0.3786213786213786,0.5184815184815185,0.5284715284715285,0.6073926073926074,0.1838161838161838,0.33766233766233766,0.23776223776223776,0.23776223776223776,0.16683316683316685,0.6413586413586414,0.14885114885114886,0.6843156843156843,0.025974025974025976,0.01898101898101898,0.04595404595404595,0.1048951048951049,0.14285714285714285
2023-08-16,0.24775224775224775,0.3786213786213786,0.5184815184815185,0.5284715284715285,0.6073926073926074,0.1838161838161838,0.30569430569430567,0.2517482517482518,0.13086913086913088,0.2017982017982018,0.6313686313686314,0.10789210789210789,0.6843156843156843,0.025974025974025976,0.028971028971028972,0.023976023976023976,0.06593406593406594,0.1108891108891109
2023-08-17,0.24775224775224775,0.3786213786213786,0.5184815184815185,0.5284715284715285,0.6073926073926074,0.1838161838161838,0.30569430569430567,0.2517482517482518,0.13086913086913088,0.2097902097902098,0.6313686313686314,0.10789210789210789,0.6843156843156843,0.025974025974025976,0.028971028971028972,0.023976023976023976,0.06593406593406594,0.1108891108891109
2023-08-18,0.24775224775224775,0.3786213786213786,0.5184815184815185,0.5294705294705294,0.5124875124875125,0.15684315684315683,0.30569430569430567,0.2517482517482518,0.13086913086913088,0.2097902097902098,0.6313686313686314,0.10789210789210789,0.6843156843156843,0.029970029970029972,0.028971028971028972,0.055944055944055944,0.04995004995004995,0.07792207792207792
2023-08-21,0.24775224775224775,0.3786213786213786,0.5184815184815185,0.5294705294705294,0.5124875124875125,0.15684315684315683,0.30569430569430567,0.2517482517482518,0.13086913086913088,0.2097902097902098,0.6313686313686314,0.10789210789210789,0.6843156843156843,0.029970029970029972,0.028971028971028972,0.055944055944055944,0.04995004995004995,0.07792207792207792
2023-08-22,0.24775224775224775,0.3786213786213786,0.5184815184815185,0.5294705294705294,0.5124875124875125,0.15684315684315683,0.30569430569430567,0.2517482517482518,0.13086913086913088,0.2097902097902098,0.6313686313686314,0.10789210789210789,0.6783216783216783,0.029970029970029972,0.028971028971028972,0.055944055944055944,0.04995004995004995,0.07792207792207792
2023-08-23,0.3276723276723277,0.5914085914085914,0.48151848151848153,0.5944055944055944,0.5284715284715285,0.17682317682317683,0.5304695304695305,0.17482517482517482,0.23776223776223776,0.2097902097902098,0.6313686313686314,0.10789210789210789,0.6783216783216783,0.029970029970029972,0.028971028971028972,0.055944055944055944,0.04995004995004995,0.07792207792207792
2023-08-24,0.2627372627372627,0.5394605394605395,0.3646353646353646,0.42657342657342656,0.5454545454545454,0.16983016983016982,0.7062937062937062,0.1028971028971029,0.3026973026973027,0.2097902097902098,0.6313686313686314,0.10789210789210789,0.6473526473526473,0.05094905094905095,0.05094905094905095,0.055944055944055944,0.058941058941058944,0.04095904095904096
2023-08-25,0.35064935064935066,0.5664335664335665,0.2827172827172827,0.5634365634365635,0.5164835164835165,0.08491508491508491,0.7062937062937062,0.1028971028971029,0.3026973026973027,0.2097902097902098,0.6313686313686314,0.10789210789210789,0.5954045954045954,0.06293706293706294,0.06293706293706294,0.055944055944055944,0.03396603396603397,0.04095904095904096
2023-08-28,0.35064935064935066,0.5664335664335665,0.2827172827172827,0.5634365634365635,0.5164835164835165,0.08491508491508491,0.7062937062937062,0.1028971028971029,0.3026973026973027,0.2097902097902098,0.6313686313686314,0.10789210789210789,0.5954045954045954,0.06293706293706294,0.06293706293706294,0.055944055944055944,0.03396603396603397,0.04095904095904096
2023-08-29,0.35064935064935066,0.5664335664335665,0.2827172827172827,0.5634365634365635,0.5164835164835165,0.08491508491508491,0.7062937062937062,0.1028971028971029,0.3026973026973027,0.2097902097902098,0.6313686313686314,0.10789210789210789,0.5954045954045954,0.06293706293706294,0.06293706293706294,0.055944055944055944,0.03396603396603397,0.04095904095904096
2023-08-30,0.26173826173826176,0.46853146853146854,0.22677322677322678,0.3036963036963037,0.4045954045954046,0.06793206793206794,0.8341658341658341,0.09290709290709291,0.28471528471528473,0.2097902097902098,0.6313686313686314,0.10789210789210789,0.3826173826173826,0.04795204795204795,0.053946053946053944,0.056943056943056944,0.024975024975024976,0.023976023976023976
2023-08-31,0.26173826173826176,0.46853146853146854,0.22677322677322678,0.3036963036963037,0.4045954045954046,0.06793206793206794,0.8341658341658341,0.09290709290709291,0.28471528471528473,0.2097902097902098,0.6313686313686314,0.10789210789210789,0.3826173826173826,0.04795204795204795,0.053946053946053944,0.056943056943056944,0.024975024975024976,0.023976023976023976
2023-09-01,0.26173826173826176,0.46853146853146854,0.22677322677322678,0.3036963036963037,0.4045954045954046,0.06793206793206794,0.8341658341658341,0.09290709290709291,0.28471528471528473,0.19480519480519481,0.5794205794205795,0.13186813186813187,0.4035964035964036,0.03696303696303696,0.027972027972027972,0.056943056943056944,0.024975024975024976,0.03996003996003996
2023-09-05,0.26173826173826176,0.46853146853146854,0.22677322677322678,0.22677322677322678,0.4045954045954046,0.06793206793206794,0.8341658341658341,0.09290709290709291,0.28471528471528473,0.19480519480519481,0.5794205794205795,0.13186813186813187,0.4035964035964036,0.03696303696303696,0.027972027972027972,0.056943056943056944,0.023976023976023976,0.03896103896103896
2023-09-06,0.26173826173826176,0.46853146853146854,0.11288711288711288,0.22677322677322678,0.4045954045954046,0.09490509490509491,0.7122877122877123,0.08791208791208792,0.36663336663336665,0.19480519480519481,0.5794205794205795,0.13186813186813187,0.3706293706293706,0.017982017982017984,0.015984015984015984,0.056943056943056944,0.04595404595404595,0.04295704295704296
2023-09-07,0.35564435564435565,0.46853146853146854,0.11588411588411589,0.22677322677322678,0.4045954045954046,0.09490509490509491,0.7122877122877123,0.08791208791208792,0.36663336663336665,0.19480519480519481,0.5794205794205795,0.13186813186813187,0.44555444555444557,0.03896103896103896,0.05094905094905095,0.05194805194805195,0.04095904095904096,0.03896103896103896
2023-09-08,0.41858141858141856,0.33766233766233766,0.0989010989010989,0.22677322677322678,0.4045954045954046,0.09490509490509491,0.7122877122877123,0.08791208791208792,0.36663336663336665,0.19480519480519481,0.5794205794205795,0.13186813186813187,0.44555444555444557,0.03896103896103896,0.05094905094905095,0.05194805194805195,0.04095904095904096,0.03896103896103896
2023-09-11,0.41858141858141856,0.33766233766233766,0.0989010989010989,0.22677322677322678,0.4045954045954046,0.09490509490509491,0.7122877122877123,0.08791208791208792,0.36663336663336665,0.19480519480519481,0.5794205794205795,0.13186813186813187,0.44555444555444557,0.03896103896103896,0.05094905094905095,0.05194805194805195,0.04095904095904096,0.03896103896103896
2023-09-12,0.41858141858141856,0.33766233766233766,0.0989010989010989,0.22677322677322678,0.4045954045954046,0.09490509490509491,0.7122877122877123,0.08791208791208792,0.36663336663336665,0.15884115884115885,0.3806193806193806,0.2127872127872128,0.44555444555444557,0.03896103896103896,0.05094905094905095,0.05194805194805195,0.04095904095904096,0.03896103896103896
2023-09-13,0.4155844155844156,0.2727272727272727,0.06893106893106893,0.22677322677322678,0.4045954045954046,0.09490509490509491,0.7122877122877123,0.08791208791208792,0.36663336663336665,0.15884115884115885,0.3806193806193806,0.2127872127872128,0.44555444555444557,0.03896103896103896,0.05094905094905095,0.05194805194805195,0.07392607392607392,0.03596403596403597
2023-09-14,0.4155844155844156,0.2727272727272727,0.06893106893106893,0.22677322677322678,0.4045954045954046,0.09490509490509491,0.7122877122877123,0.08791208791208792,0.36663336663336665,0.15884115884115885,0.3806193806193806,0.2127872127872128,0.44555444555444557,0.03896103896103896,0.05094905094905095,0.05194805194805195,0.07392607392607392,0.03596403596403597
2023-09-15,0.3076923076923077,0.25774225774225773,0.05194805194805195,0.0939060939060939,0.32167832167832167,0.1068931068931069,0.6583416583416584,0.0959040959040959,0.32867132867132864,0.18581418581418582,0.35564435564435565,0.26373626373626374,0.33966033966033965,0.030969030969030968,0.03196803196803197,0.03896103896103896,0.054945054945054944,0.011988011988011988
2023-09-18,0.22377622377622378,0.26973026973026976,0.059940059940059943,0.0939060939060939,0.42157842157842157,0.12787212787212787,0.6583416583416584,0.0959040959040959,0.32867132867132864,0.15484515484515485,0.33766233766233766,0.2597402597402597,0.3946053946053946,0.030969030969030968,0.03296703296703297,0.03896103896103896,0.054945054945054944,0.011988011988011988
2023-09-19,0.22377622377622378,0.16683316683316685,0.059940059940059943,0.0939060939060939,0.42157842157842157,0.12787212787212787,0.6583416583416584,0.0959040959040959,0.32867132867132864,0.13386613386613386,0.2827172827172827,0.3106893106893107,0.3946053946053946,0.030969030969030968,0.03296703296703297,0.03896103896103896,0.054945054945054944,0.01098901098901099
2023-09-20,0.22377622377622378,0.16683316683316685,0.059940059940059943,0.0939060939060939,0.42157842157842157,0.12787212787212787,0.6583416583416584,0.0959040959040959,0.32867132867132864,0.13386613386613386,0.4355644355644356,0.3106893106893107,0.3946053946053946,0.030969030969030968,0.03296703296703297,0.03896103896103896,0.054945054945054944,0.01098901098901099
2023-09-21,0.25774225774225773,0.2777222777222777,0.04395604395604396,0.0939060939060939,0.42157842157842157,0.12787212787212787,0.6583416583416584,0.0959040959040959,0.32867132867132864,0.13386613386613386,0.4355644355644356,0.3046953046953047,0.3946053946053946,0.030969030969030968,0.03296703296703297,0.03896103896103896,0.054945054945054944,0.01098901098901099
2023-09-22,0.2047952047952048,0.23376623376623376,0.04495504495504495,0.1968031968031968,0.5104895104895105,0.060939060939060936,0.2867132867132867,0.14785214785214784,0.2517482517482518,0.13386613386613386,0.4355644355644356,0.3036963036963037,0.3676323676323676,0.016983016983016984,0.052947052947052944,0.04695304695304695,0.03496503496503497,0.03296703296703297
2023-09-25,0.2047952047952048,0.23376623376623376,0.04495504495504495,0.16783216783216784,0.5204795204795205,0.06593406593406594,0.22677322677322678,0.15484515484515485,0.25274725274725274,0.13386613386613386,0.4355644355644356,0.3036963036963037,0.3956043956043956,0.026973026973026972,0.057942057942057944,0.04695304695304695,0.03496503496503497,0.03296703296703297
2023-09-26,0.2047952047952048,0.23376623376623376,0.016983016983016984,0.1928071928071928,0.5174825174825175,0.10589410589410589,0.25374625374625376,0.16783216783216784,0.2887112887112887,0.13386613386613386,0.4355644355644356,0.3036963036963037,0.3956043956043956,0.026973026973026972,0.057942057942057944,0.04695304695304695,0.03496503496503497,0.04195804195804196
2023-09-27,0.29270729270729273,0.1928071928071928,0.011988011988011988,0.2547452547452547,0.6153846153846154,0.0999000999000999,0.16483516483516483,0.3336663336663337,0.2077922077922078,0.0979020979020979,0.36863136863136864,0.26073926073926074,0.3626373626373626,0.025974025974025976,0.029970029970029972,0.022977022977022976,0.05094905094905095,0.04395604395604396
2023-09-28,0.29270729270729273,0.1928071928071928,0.011988011988011988,0.2547452547452547,0.6153846153846154,0.0999000999000999,0.11888111888111888,0.3336663336663337,0.2077922077922078,0.0979020979020979,0.36863136863136864,0.26073926073926074,0.37362637362637363,0.025974025974025976,0.029970029970029972,0.022977022977022976,0.08691308691308691,0.027972027972027972
2023-09-29,0.29270729270729273,0.1928071928071928,0.011988011988011988,0.2547452547452547,0.6153846153846154,0.0999000999000999,0.11888111888111888,0.3336663336663337,0.2077922077922078,0.0979020979020979,0.36863136863136864,0.26073926073926074,0.37362637362637363,0.025974025974025976,0.029970029970029972,0.026973026973026972,0.0899100899100899,0.01898101898101898
2023-10-02,0.29270729270729273,0.1928071928071928,0.011988011988011988,0.2547452547452547,0.6153846153846154,0.0999000999000999,0.1848151848151848,0.3336663336663337,0.2077922077922078,0.08691308691308691,0.47352647352647353,0.32167832167832167,0.37362637362637363,0.025974025974025976,0.029970029970029972,0.06993006993006994,0.0899100899100899,0.01898101898101898
2023-10-03,0.3016983016983017,0.22977022977022976,0.00999000999000999,0.2787212787212787,0.7442557442557443,0.1978021978021978,0.1848151848151848,0.15084915084915085,0.2077922077922078,0.06793206793206794,0.5184815184815185,0.4205794205794206,0.37362637362637363,0.025974025974025976,0.029970029970029972,0.08291708291708291,0.07292707292707293,0.04295704295704296
2023-10-04,0.21978021978021978,0.32967032967032966,0.00999000999000999,0.41358641358641357,0.8321678321678322,0.21978021978021978,0.11388611388611389,0.11288711288711288,0.2857142857142857,0.06793206793206794,0.5184815184815185,0.4205794205794206,0.2897102897102897,0.013986013986013986,0.03396603396603397,0.05094905094905095,0.04295704295704296,0.1028971028971029
2023-10-05,0.21978021978021978,0.32967032967032966,0.00999000999000999,0.6103896103896104,0.8321678321678322,0.21978021978021978,0.11388611388611389,0.11288711288711288,0.2857142857142857,0.1028971028971029,0.6903096903096904,0.5594405594405595,0.2897102897102897,0.013986013986013986,0.03396603396603397,0.05094905094905095,0.04295704295704296,0.1028971028971029
2023-10-06,0.21978021978021978,0.32967032967032966,0.00999000999000999,0.6103896103896104,0.8321678321678322,0.21978021978021978,0.11388611388611389,0.11288711288711288,0.2857142857142857,0.1798201798201798,0.6903096903096904,0.5594405594405595,0.2897102897102897,0.013986013986013986,0.03396603396603397,0.06793206793206794,0.07392607392607392,0.1048951048951049
2023-10-09,0.21978021978021978,0.32967032967032966,0.00999000999000999,0.6103896103896104,0.8321678321678322,0.21978021978021978,0.11388611388611389,0.11288711288711288,0.2857142857142857,0.1798201798201798,0.6903096903096904,0.5594405594405595,0.2897102897102897,0.013986013986013986,0.03396603396603397,0.11888111888111888,0.07392607392607392,0.1048951048951049
2023-10-10,0.21978021978021978,0.32967032967032966,0.00999000999000999,0.6103896103896104,0.8321678321678322,0.21978021978021978,0.11388611388611389,0.11288711288711288,0.2857142857142857,0.1798201798201798,0.6903096903096904,0.5594405594405595,0.23576423576423577,0.013986013986013986,0.017982017982017984,0.15384615384615385,0.03796203796203796,0.08591408591408592
2023-10-11,0.17482517482517482,0.2707292707292707,0.008991008991008992,0.6393606393606394,0.7982017982017982,0.43356643356643354,0.13986013986013987,0.09290709290709291,0.33266733266733267,0.1798201798201798,0.6903096903096904,0.5594405594405595,0.3096903096903097,0.011988011988011988,0.022977022977022976,0.0989010989010989,0.024975024975024976,0.17282717282717283
2023-10-12,0.17482517482517482,0.2707292707292707,0.008991008991008992,0.6393606393606394,0.7982017982017982,0.43356643356643354,0.13986013986013987,0.09290709290709291,0.33266733266733267,0.1938061938061938,0.47152847152847155,0.5594405594405595,0.3696303696303696,0.011988011988011988,0.022977022977022976,0.0989010989010989,0.04395604395604396,0.17282717282717283
2023-10-13,0.17482517482517482,0.2707292707292707,0.008991008991008992,0.6393606393606394,0.7982017982017982,0.46553446553446554,0.07692307692307693,0.16683316683316685,0.35764235764235763,0.1938061938061938,0.47152847152847155,0.5594405594405595,0.34065934065934067,0.004995004995004995,0.015984015984015984,0.08191808191808192,0.03996003996003996,0.14185814185814186
2023-10-16,0.15084915084915085,0.2547452547452547,0.015984015984015984,0.6023976023976024,0.7572427572427572,0.44755244755244755,0.07692307692307693,0.16683316683316685,0.35764235764235763,0.1938061938061938,0.47152847152847155,0.5594405594405595,0.34065934065934067,0.004995004995004995,0.04395604395604396,0.08191808191808192,0.03996003996003996,0.14185814185814186
2023-10-17,0.15084915084915085,0.2547452547452547,0.015984015984015984,0.6023976023976024,0.7572427572427572,0.44755244755244755,0.07692307692307693,0.16683316683316685,0.35764235764235763,0.1938061938061938,0.47152847152847155,0.5594405594405595,0.34065934065934067,0.004995004995004995,0.04395604395604396,0.08191808191808192,0.03996003996003996,0.14185814185814186
2023-10-18,0.0969030969030969,0.26973026973026976,0.02097902097902098,0.5644355644355644,0.6653346653346653,0.6493506493506493,0.07692307692307693,0.16683316683316685,0.3516483516483517,0.23676323676323677,0.43356643356643354,0.4775224775224775,0.34065934065934067,0.004995004995004995,0.04395604395604396,0.0979020979020979,0.058941058941058944,0.13786213786213786
2023-10-19,0.0969030969030969,0.26973026973026976,0.028971028971028972,0.7092907092907093,0.6773226773226774,0.5974025974025974,0.03596403596403597,0.2647352647352647,0.18681318681318682,0.23676323676323677,0.43356643356643354,0.4775224775224775,0.24275724275724275,0.003996003996003996,0.04395604395604396,0.0979020979020979,0.058941058941058944,0.13786213786213786
2023-10-20,0.0969030969030969,0.26973026973026976,0.028971028971028972,0.5494505494505495,0.5184815184815185,0.2827172827172827,0.028971028971028972,0.2867132867132867,0.16983016983016982,0.23676323676323677,0.43356643356643354,0.4775224775224775,0.2007992007992008,0.002997002997002997,0.027972027972027972,0.0979020979020979,0.058941058941058944,0.13786213786213786
2023-10-23,0.07892107892107893,0.23776223776223776,0.027972027972027972,0.5494505494505495,0.5304695304695305,0.1258741258741259,0.04295704295704296,0.1998001998001998,0.11288711288711288,0.23676323676323677,0.43356643356643354,0.4775224775224775,0.2007992007992008,0.002997002997002997,0.024975024975024976,0.16483516483516483,0.058941058941058944,0.13786213786213786
2023-10-24,0.07892107892107893,0.23776223776223776,0.027972027972027972,0.41358641358641357,0.5304695304695305,0.11688311688311688,0.04295704295704296,0.15784215784215785,0.11288711288711288,0.23676323676323677,0.2597402597402597,0.4485514485514486,0.2007992007992008,0.002997002997002997,0.024975024975024976,0.1888111888111888,0.056943056943056944,0.15384615384615385
2023-10-25,0.07892107892107893,0.23776223776223776,0.027972027972027972,0.41358641358641357,0.5304695304695305,0.11688311688311688,0.04295704295704296,0.15784215784215785,0.11288711288711288,0.23676323676323677,0.2547452547452547,0.4485514485514486,0.2007992007992008,0.002997002997002997,0.024975024975024976,0.1888111888111888,0.056943056943056944,0.15384615384615385
2023-10-26,0.06493506493506493,0.23776223776223776,0.057942057942057944,0.2817182817182817,0.5184815184815185,0.06893106893106893,0.04295704295704296,0.15784215784215785,0.11288711288711288,0.23676323676323677,0.2547452547452547,0.4485514485514486,0.17182817182817184,0.002997002997002997,0.024975024975024976,0.1888111888111888,0.056943056943056944,0.15384615384615385
2023-10-27,0.1008991008991009,0.24975024975024976,0.052947052947052944,0.2817182817182817,0.5184815184815185,0.06893106893106893,0.04295704295704296,0.15784215784215785,0.11288711288711288,0.23676323676323677,0.2547452547452547,0.4485514485514486,0.14485514485514486,0.002997002997002997,0.025974025974025976,0.1888111888111888,0.056943056943056944,0.15384615384615385
2023-10-30,0.1008991008991009,0.16883116883116883,0.052947052947052944,0.2817182817182817,0.3876123876123876,0.06893106893106893,0.07592407592407592,0.27972027972027974,0.07692307692307693,0.21578421578421578,0.17182817182817184,0.37162837162837165,0.14685314685314685,0.000999000999000999,0.024975024975024976,0.14585414585414586,0.09290709290709291,0.07192807192807193
2023-10-31,0.057942057942057944,0.16883116883116883,0.052947052947052944,0.36563436563436563,0.23376623376623376,0.06893106893106893,0.07592407592407592,0.27972027972027974,0.07692307692307693,0.21578421578421578,0.17182817182817184,0.37162837162837165,0.14685314685314685,0.000999000999000999,0.024975024975024976,0.14585414585414586,0.09290709290709291,0.07192807192807193
2023-11-01,0.057942057942057944,0.16883116883116883,0.052947052947052944,0.36563436563436563,0.11488511488511488,0.06893106893106893,0.07592407592407592,0.27972027972027974,0.07692307692307693,0.21578421578421578,0.17182817182817184,0.37162837162837165,0.14685314685314685,0.000999000999000999,0.024975024975024976,0.14585414585414586,0.09290709290709291,0.07192807192807193
2023-11-02,0.057942057942057944,0.16883116883116883,0.052947052947052944,0.36563436563436563,0.11488511488511488,0.06893106893106893,0.07592407592407592,0.27972027972027974,0.07692307692307693,0.21578421578421578,0.17182817182817184,0.37162837162837165,0.14685314685314685,0.000999000999000999,0.024975024975024976,0.14585414585414586,0.09290709290709291,0.07192807192807193
2023-11-03,0.057942057942057944,0.16883116883116883,0.052947052947052944,0.36563436563436563,0.05194805194805195,0.06893106893106893,0.07592407592407592,0.27972027972027974,0.07692307692307693,0.21578421578421578,0.17182817182817184,0.37162837162837165,0.14685314685314685,0.000999000999000999,0.024975024975024976,0.14585414585414586,0.09290709290709291,0.07192807192807193
2023-11-06,0.05194805194805195,0.15784215784215785,0.07492507492507493,0.3246753246753247,0.059940059940059943,0.12087912087912088,0.07592407592407592,0.27972027972027974,0.07692307692307693,0.21578421578421578,0.24975024975024976,0.37162837162837165,0.12187812187812187,0.000999000999000999,0.03396603396603397,0.1938061938061938,0.12887112887112886,0.15384615384615385
2023-11-07,0.03296703296703297,0.16883116883116883,0.1048951048951049,0.3246753246753247,0.059940059940059943,0.08591408591408592,0.07592407592407592,0.27972027972027974,0.07692307692307693,0.21578421578421578,0.24975024975024976,0.37162837162837165,0.12187812187812187,0.000999000999000999,0.03396603396603397,0.1938061938061938,0.12887112887112886,0.15384615384615385
2023-11-08,0.03296703296703297,0.16883116883116883,0.1048951048951049,0.3246753246753247,0.059940059940059943,0.08591408591408592,0.07592407592407592,0.27972027972027974,0.07692307692307693,0.18981018981018982,0.3036963036963037,0.4485514485514486,0.12187812187812187,0.000999000999000999,0.03396603396603397,0.1938061938061938,0.12887112887112886,0.15384615384615385
2023-11-09,0.03296703296703297,0.16883116883116883,0.1048951048951049,0.22777222777222778,0.059940059940059943,0.08591408591408592,0.07592407592407592,0.27972027972027974,0.07692307692307693,0.18981018981018982,0.3036963036963037,0.4485514485514486,0.12187812187812187,0.000999000999000999,0.03396603396603397,0.1938061938061938,0.12887112887112886,0.15384615384615385
2023-11-10,0.03296703296703297,0.16883116883116883,0.1048951048951049,0.22277722277722278,0.03896103896103896,0.12987012987012986,0.07592407592407592,0.27972027972027974,0.07692307692307693,0.18981018981018982,0.3036963036963037,0.4485514485514486,0.2017982017982018,0.004995004995004995,0.060939060939060936,0.1938061938061938,0.12887112887112886,0.15384615384615385
2023-11-13,0.016983016983016984,0.2917082917082917,0.0959040959040959,0.32167832167832167,0.03796203796203796,0.29270729270729273,0.1038961038961039,0.17382617382617382,0.12287712287712288,0.14085914085914086,0.3026973026973027,0.38161838161838163,0.2017982017982018,0.001998001998001998,0.060939060939060936,0.0979020979020979,0.12887112887112886,0.14085914085914086
2023-11-14,0.016983016983016984,0.2917082917082917,0.0959040959040959,0.32167832167832167,0.03796203796203796,0.29270729270729273,0.1038961038961039,0.17382617382617382,0.12287712287712288,0.14085914085914086,0.3026973026973027,0.38161838161838163,0.2017982017982018,0.001998001998001998,0.060939060939060936,0.0979020979020979,0.12887112887112886,0.14085914085914086
2023-11-15,0.016983016983016984,0.2917082917082917,0.0959040959040959,0.32167832167832167,0.03796203796203796,0.29270729270729273,0.1038961038961039,0.17382617382617382,0.12287712287712288,0.14085914085914086,0.3026973026973027,0.38161838161838163,0.32667332667332666,0.000999000999000999,0.060939060939060936,0.0979020979020979,0.12887112887112886,0.14085914085914086
2023-11-16,0.016983016983016984,0.2917082917082917,0.0959040959040959,0.32167832167832167,0.03796203796203796,0.2727272727272727,0.1038961038961039,0.17382617382617382,0.12287712287712288,0.14085914085914086,0.3026973026973027,0.38161838161838163,0.32667332667332666,0.000999000999000999,0.060939060939060936,0.04595404595404595,0.12887112887112886,0.14085914085914086
2023-11-17,0.016983016983016984,0.2917082917082917,0.0959040959040959,0.32167832167832167,0.03796203796203796,0.2727272727272727,0.1038961038961039,0.17382617382617382,0.12287712287712288,0.1108891108891109,0.3206793206793207,0.45554445554445555,0.32667332667332666,0.000999000999000999,0.060939060939060936,0.10789210789210789,0.1048951048951049,0.06593406593406594
2023-11-20,0.016983016983016984,0.2807192807192807,0.1048951048951049,0.32167832167832167,0.03796203796203796,0.2727272727272727,0.1038961038961039,0.17382617382617382,0.12287712287712288,0.1108891108891109,0.3206793206793207,0.2917082917082917,0.32667332667332666,0.000999000999000999,0.060939060939060936,0.10789210789210789,0.13386613386613386,0.06593406593406594
2023-11-21,0.016983016983016984,0.2807192807192807,0.1048951048951049,0.32167832167832167,0.03796203796203796,0.2727272727272727,0.1038961038961039,0.17382617382617382,0.12287712287712288,0.1108891108891109,0.3206793206793207,0.2917082917082917,0.32667332667332666,0.000999000999000999,0.060939060939060936,0.10789210789210789,0.13386613386613386,0.06593406593406594
2023-11-22,0.016983016983016984,0.2807192807192807,0.1048951048951049,0.32167832167832167,0.03796203796203796,0.2727272727272727,0.1038961038961039,0.17382617382617382,0.12287712287712288,0.1108891108891109,0.3206793206793207,0.2917082917082917,0.32667332667332666,0.000999000999000999,0.060939060939060936,0.10789210789210789,0.13386613386613386,0.06593406593406594
2023-11-24,0.016983016983016984,0.2807192807192807,0.11488511488511488,0.22077922077922077,0.03796203796203796,0.2727272727272727,0.1038961038961039,0.17382617382617382,0.12287712287712288,0.1108891108891109,0.3206793206793207,0.2917082917082917,0.32667332667332666,0.000999000999000999,0.060939060939060936,0.10789210789210789,0.13386613386613386,0.06593406593406594
2023-11-27,0.016983016983016984,0.2807192807192807,0.11488511488511488,0.22077922077922077,0.03796203796203796,0.2727272727272727,0.1038961038961039,0.17382617382617382,0.12287712287712288,0.1108891108891109,0.3206793206793207,0.2917082917082917,0.32667332667332666,0.000999000999000999,0.060939060939060936,0.10789210789210789,0.13386613386613386,0.06593406593406594
2023-11-28,0.016983016983016984,0.2807192807192807,0.11488511488511488,0.22077922077922077,0.03796203796203796,0.2727272727272727,0.1038961038961039,0.17382617382617382,0.12287712287712288,0.1108891108891109,0.3206793206793207,0.2917082917082917,0.32667332667332666,0.000999000999000999,0.060939060939060936,0.10789210789210789,0.13386613386613386,0.06593406593406594
2023-11-29,0.016983016983016984,0.2807192807192807,0.11488511488511488,0.22077922077922077,0.03796203796203796,0.2727272727272727,0.1038961038961039,0.17382617382617382,0.12287712287712288,0.1108891108891109,0.3206793206793207,0.2917082917082917,0.32667332667332666,0.000999000999000999,0.060939060939060936,0.10789210789210789,0.13386613386613386,0.06593406593406594
2023-11-30,0.023976023976023976,0.2807192807192807,0.11488511488511488,0.22077922077922077,0.03796203796203796,0.2807192807192807,0.08891108891108891,0.13486513486513488,0.22977022977022976,0.07492507492507493,0.40559440559440557,0.3726273726273726,0.32667332667332666,0.000999000999000999,0.060939060939060936,0.0899100899100899,0.13386613386613386,0.06593406593406594
2023-12-01,0.023976023976023976,0.2807192807192807,0.19080919080919082,0.22077922077922077,0.03796203796203796,0.2807192807192807,0.08891108891108891,0.13486513486513488,0.22977022977022976,0.07492507492507493,0.40559440559440557,0.3726273726273726,0.32667332667332666,0.000999000999000999,0.060939060939060936,0.0899100899100899,0.13386613386613386,0.06593406593406594
2023-12-04,0.023976023976023976,0.2807192807192807,0.19080919080919082,0.22077922077922077,0.03796203796203796,0.2807192807192807,0.08891108891108891,0.13486513486513488,0.22977022977022976,0.07492507492507493,0.40559440559440557,0.3726273726273726,0.32667332667332666,0.000999000999000999,0.08591408591408592,0.0899100899100899,0.13386613386613386,0.06593406593406594
2023-12-05,0.016983016983016984,0.14685314685314685,0.11588411588411589,0.22077922077922077,0.03796203796203796,0.2807192807192807,0.08891108891108891,0.18281718281718282,0.22977022977022976,0.07492507492507493,0.40559440559440557,0.3726273726273726,0.32667332667332666,0.000999000999000999,0.08591408591408592,0.0899100899100899,0.13386613386613386,0.06593406593406594
2023-12-06,0.016983016983016984,0.14685314685314685,0.11588411588411589,0.22077922077922077,0.03796203796203796,0.2807192807192807,0.08891108891108891,0.18281718281718282,0.24675324675324675,0.12087912087912088,0.4115884115884116,0.28471528471528473,0.32667332667332666,0.000999000999000999,0.08591408591408592,0.0899100899100899,0.23976023976023977,0.06593406593406594
2023-12-07,0.016983016983016984,0.14685314685314685,0.11588411588411589,0.2057942057942058,0.06593406593406594,0.2957042957042957,0.08491508491508491,0.21078921078921078,0.36663336663336665,0.06893106893106893,0.4115884115884116,0.6233766233766234,0.32667332667332666,0.000999000999000999,0.08591408591408592,0.0999000999000999,0.2857142857142857,0.09290709290709291
2023-12-08,0.015984015984015984,0.14685314685314685,0.11588411588411589,0.2057942057942058,0.052947052947052944,0.2957042957042957,0.08491508491508491,0.4065934065934066,0.3546453546453546,0.060939060939060936,0.3626373626373626,0.5084915084915085,0.27172827172827174,0.000999000999000999,0.055944055944055944,0.0999000999000999,0.2857142857142857,0.09290709290709291
2023-12-11,0.015984015984015984,0.14685314685314685,0.11588411588411589,0.2057942057942058,0.052947052947052944,0.2957042957042957,0.08491508491508491,0.4065934065934066,0.3546453546453546,0.060939060939060936,0.3626373626373626,0.5084915084915085,0.27172827172827174,0.000999000999000999,0.055944055944055944,0.0999000999000999,0.2857142857142857,0.09290709290709291
2023-12-12,0.00999000999000999,0.14685314685314685,0.11588411588411589,0.2057942057942058,0.052947052947052944,0.2957042957042957,0.08491508491508491,0.4065934065934066,0.3546453546453546,0.060939060939060936,0.3626373626373626,0.5084915084915085,0.27172827172827174,0.000999000999000999,0.055944055944055944,0.0999000999000999,0.2857142857142857,0.09290709290709291
2023-12-13,0.00999000999000999,0.14685314685314685,0.11588411588411589,0.2057942057942058,0.052947052947052944,0.2957042957042957,0.08491508491508491,0.4065934065934066,0.3546453546453546,0.06693306693306693,0.37462537462537465,0.5934065934065934,0.27172827172827174,0.001998001998001998,0.055944055944055944,0.04095904095904096,0.2857142857142857,0.09290709290709291
2023-12-14,0.00999000999000999,0.14685314685314685,0.11588411588411589,0.10589410589410589,0.052947052947052944,0.2957042957042957,0.08491508491508491,0.4065934065934066,0.3546453546453546,0.06693306693306693,0.37462537462537465,0.5934065934065934,0.27172827172827174,0.001998001998001998,0.053946053946053944,0.04095904095904096,0.2857142857142857,0.09290709290709291
2023-12-15,0.00999000999000999,0.23376623376623376,0.11588411588411589,0.10989010989010989,0.052947052947052944,0.2957042957042957,0.08491508491508491,0.4065934065934066,0.3546453546453546,0.06693306693306693,0.37462537462537465,0.5934065934065934,0.27172827172827174,0.000999000999000999,0.053946053946053944,0.03196803196803197,0.34465534465534464,0.08591408591408592
2023-12-18,0.00999000999000999,0.23376623376623376,0.11588411588411589,0.10989010989010989,0.052947052947052944,0.2957042957042957,0.11988011988011989,0.3866133866133866,0.3206793206793207,0.06693306693306693,0.37462537462537465,0.5934065934065934,0.27172827172827174,0.000999000999000999,0.053946053946053944,0.03196803196803197,0.34465534465534464,0.08591408591408592
2023-12-19,0.00999000999000999,0.2757242757242757,0.17482517482517482,0.10989010989010989,0.05194805194805195,0.2957042957042957,0.09490509490509491,0.26373626373626374,0.41358641358641357,0.06693306693306693,0.37462537462537465,0.5934065934065934,0.24975024975024976,0.003996003996003996,0.04495504495504495,0.04395604395604396,0.34065934065934067,0.12287712287712288
2023-12-20,0.00999000999000999,0.2757242757242757,0.17482517482517482,0.10989010989010989,0.04795204795204795,0.3436563436563437,0.09490509490509491,0.26373626373626374,0.41358641358641357,0.06693306693306693,0.37462537462537465,0.5934065934065934,0.26173826173826176,0.000999000999000999,0.04495504495504495,0.02097902097902098,0.34065934065934067,0.12287712287712288
2023-12-21,0.001998001998001998,0.13386613386613386,0.14385614385614387,0.0989010989010989,0.02097902097902098,0.2017982017982018,0.04295704295704296,0.36363636363636365,0.1958041958041958,0.07892107892107893,0.37462537462537465,0.5934065934065934,0.25574425574425574,0.002997002997002997,0.04795204795204795,0.01098901098901099,0.5474525474525475,0.13186813186813187
2023-12-22,0.001998001998001998,0.13386613386613386,0.14385614385614387,0.04395604395604396,0.02097902097902098,0.2017982017982018,0.04295704295704296,0.36363636363636365,0.1958041958041958,0.07892107892107893,0.37462537462537465,0.5934065934065934,0.25574425574425574,0.002997002997002997,0.04795204795204795,0.01098901098901099,0.5474525474525475,0.13186813186813187
2023-12-26,0.001998001998001998,0.13386613386613386,0.14385614385614387,0.04395604395604396,0.02097902097902098,0.2017982017982018,0.04295704295704296,0.36363636363636365,0.1958041958041958,0.07892107892107893,0.37462537462537465,0.5934065934065934,0.25574425574425574,0.002997002997002997,0.04795204795204795,0.01098901098901099,0.5474525474525475,0.13186813186813187
2023-12-27,0.007992007992007992,0.20679320679320679,0.16583416583416583,0.03696303696303696,0.01898101898101898,0.3036963036963037,0.04295704295704296,0.36363636363636365,0.1958041958041958,0.11488511488511488,0.38161838161838163,0.46653346653346656,0.25574425574425574,0.002997002997002997,0.04795204795204795,0.015984015984015984,0.5474525474525475,0.13186813186813187
2023-12-28,0.007992007992007992,0.20679320679320679,0.16583416583416583,0.03696303696303696,0.01898101898101898,0.3036963036963037,0.04295704295704296,0.36363636363636365,0.1958041958041958,0.11488511488511488,0.38161838161838163,0.46653346653346656,0.25574425574425574,0.002997002997002997,0.04795204795204795,0.015984015984015984,0.5474525474525475,0.13186813186813187
2023-12-29,0.007992007992007992,0.20679320679320679,0.07192807192807193,0.022977022977022976,0.015984015984015984,0.3036963036963037,0.04295704295704296,0.36363636363636365,0.1958041958041958,0.08491508491508491,0.37662337662337664,0.43456543456543456,0.25574425574425574,0.002997002997002997,0.04795204795204795,0.015984015984015984,0.5474525474525475,0.13186813186813187
2024-01-02,0.002997002997002997,0.20679320679320679,0.07192807192807193,0.022977022977022976,0.015984015984015984,0.3036963036963037,0.04295704295704296,0.36363636363636365,0.1958041958041958,0.11688311688311688,0.37462537462537465,0.4675324675324675,0.25574425574425574,0.002997002997002997,0.04795204795204795,0.012987012987012988,0.43456543456543456,0.24275724275724275
2024-01-03,0.005994005994005994,0.13386613386613386,0.04595404595404595,0.022977022977022976,0.015984015984015984,0.3036963036963037,0.04295704295704296,0.36363636363636365,0.1958041958041958,0.11688311688311688,0.37462537462537465,0.4675324675324675,0.25574425574425574,0.002997002997002997,0.04795204795204795,0.012987012987012988,0.43456543456543456,0.24275724275724275
2024-01-04,0.005994005994005994,0.13386613386613386,0.04595404595404595,0.02097902097902098,0.01098901098901099,0.35364635364635366,0.04295704295704296,0.36363636363636365,0.1918081918081918,0.11688311688311688,0.37462537462537465,0.4675324675324675,0.25574425574425574,0.002997002997002997,0.04795204795204795,0.012987012987012988,0.43456543456543456,0.24275724275724275
2024-01-05,0.003996003996003996,0.13386613386613386,0.04595404595404595,0.003996003996003996,0.02197802197802198,0.35364635364635366,0.04295704295704296,0.36363636363636365,0.1918081918081918,0.06593406593406594,0.26973026973026976,0.46653346653346656,0.25574425574425574,0.001998001998001998,0.05094905094905095,0.012987012987012988,0.43456543456543456,0.2087912087912088
2024-01-08,0.003996003996003996,0.060939060939060936,0.04595404595404595,0.003996003996003996,0.02197802197802198,0.35364635364635366,0.04295704295704296,0.36363636363636365,0.1918081918081918,0.06593406593406594,0.26973026973026976,0.46653346653346656,0.25574425574425574,0.000999000999000999,0.029970029970029972,0.012987012987012988,0.43456543456543456,0.2087912087912088
2024-01-09,0.000999000999000999,0.07692307692307693,0.07792207792207792,0.003996003996003996,0.017982017982017984,0.35364635364635366,0.04295704295704296,0.36363636363636365,0.1918081918081918,0.09490509490509491,0.26973026973026976,0.46653346653346656,0.25574425574425574,0.000999000999000999,0.029970029970029972,0.01898101898101898,0.36163836163836166,0.25574425574425574
2024-01-10,0.000999000999000999,0.07692307692307693,0.07792207792207792,0.003996003996003996,0.017982017982017984,0.35364635364635366,0.04295704295704296,0.36363636363636365,0.1918081918081918,0.07792207792207792,0.3196803196803197,0.43456543456543456,0.25574425574425574,0.000999000999000999,0.029970029970029972,0.01898101898101898,0.36163836163836166,0.25574425574425574
2024-01-11,0.000999000999000999,0.07692307692307693,0.07792207792207792,0.003996003996003996,0.017982017982017984,0.35364635364635366,0.04295704295704296,0.36363636363636365,0.1918081918081918,0.07792207792207792,0.3196803196803197,0.43456543456543456,0.32967032967032966,0.000999000999000999,0.023976023976023976,0.016983016983016984,0.38161838161838163,0.18281718281718282
2024-01-12,0.000999000999000999,0.07692307692307693,0.07792207792207792,0.006993006993006993,0.017982017982017984,0.35364635364635366,0.04295704295704296,0.36363636363636365,0.1918081918081918,0.07792207792207792,0.3196803196803197,0.43456543456543456,0.32967032967032966,0.000999000999000999,0.02197802197802198,0.016983016983016984,0.38161838161838163,0.18281718281718282
2024-01-16,0.000999000999000999,0.07692307692307693,0.07792207792207792,0.008991008991008992,0.017982017982017984,0.35364635364635366,0.04295704295704296,0.36363636363636365,0.1918081918081918,0.07792207792207792,0.3196803196803197,0.43456543456543456,0.32967032967032966,0.000999000999000999,0.02197802197802198,0.016983016983016984,0.38161838161838163,0.18281718281718282
2024-01-17,0.001998001998001998,0.07692307692307693,0.07792207792207792,0.008991008991008992,0.017982017982017984,0.35364635364635366,0.04295704295704296,0.17782217782217782,0.1918081918081918,0.061938061938061936,0.4435564435564436,0.5284715284715285,0.32667332667332666,0.000999000999000999,0.02197802197802198,0.016983016983016984,0.38161838161838163,0.11788211788211789
2024-01-18,0.001998001998001998,0.07692307692307693,0.07792207792207792,0.008991008991008992,0.017982017982017984,0.35364635364635366,0.04295704295704296,0.17782217782217782,0.1918081918081918,0.061938061938061936,0.4435564435564436,0.5284715284715285,0.32667332667332666,0.000999000999000999,0.02197802197802198,0.016983016983016984,0.38161838161838163,0.11788211788211789
2024-01-19,0.001998001998001998,0.07692307692307693,0.07792207792207792,0.008991008991008992,0.017982017982017984,0.35364635364635366,0.03996003996003996,0.36663336663336665,0.06493506493506493,0.061938061938061936,0.4435564435564436,0.5284715284715285,0.32667332667332666,0.001998001998001998,0.017982017982017984,0.016983016983016984,0.38161838161838163,0.11788211788211789
2024-01-22,0.001998001998001998,0.07692307692307693,0.07792207792207792,0.008991008991008992,0.017982017982017984,0.35364635364635366,0.04795204795204795,0.4155844155844156,0.18281718281718282,0.07292707292707293,0.32167832167832167,0.5284715284715285,0.3066933066933067,0.001998001998001998,0.029970029970029972,0.01098901098901099,0.23476523476523475,0.06693306693306693
2024-01-23,0.001998001998001998,0.07692307692307693,0.07592407592407592,0.00999000999000999,0.016983016983016984,0.14485514485514486,0.04795204795204795,0.4155844155844156,0.18281718281718282,0.07292707292707293,0.32167832167832167,0.5284715284715285,0.3066933066933067,0.001998001998001998,0.029970029970029972,0.011988011988011988,0.16483516483516483,0.06693306693306693
2024-01-24,0.001998001998001998,0.07692307692307693,0.07592407592407592,0.00999000999000999,0.016983016983016984,0.18681318681318682,0.04795204795204795,0.4155844155844156,0.13286713286713286,0.07292707292707293,0.32167832167832167,0.5284715284715285,0.27372627372627373,0.001998001998001998,0.029970029970029972,0.011988011988011988,0.16483516483516483,0.06693306693306693
2024-01-25,0.001998001998001998,0.07692307692307693,0.07592407592407592,0.00999000999000999,0.016983016983016984,0.18681318681318682,0.04795204795204795,0.4155844155844156,0.13286713286713286,0.07292707292707293,0.32167832167832167,0.5284715284715285,0.23476523476523475,0.000999000999000999,0.02097902097902098,0.006993006993006993,0.1258741258741259,0.10589410589410589
2024-01-26,0.001998001998001998,0.07692307692307693,0.07592407592407592,0.016983016983016984,0.01998001998001998,0.16283716283716285,0.04795204795204795,0.4155844155844156,0.13286713286713286,0.07292707292707293,0.32167832167832167,0.5284715284715285,0.23476523476523475,0.002997002997002997,0.01998001998001998,0.006993006993006993,0.1258741258741259,0.10589410589410589
2024-01-29,0.001998001998001998,0.07692307692307693,0.07592407592407592,0.016983016983016984,0.01998001998001998,0.16283716283716285,0.04795204795204795,0.4155844155844156,0.13286713286713286,0.07292707292707293,0.32167832167832167,0.5284715284715285,0.23476523476523475,0.002997002997002997,0.01998001998001998,0.006993006993006993,0.1258741258741259,0.10589410589410589
2024-01-30,0.001998001998001998,0.07692307692307693,0.07592407592407592,0.016983016983016984,0.01998001998001998,0.16283716283716285,0.04795204795204795,0.4155844155844156,0.13286713286713286,0.07292707292707293,0.32167832167832167,0.5284715284715285,0.23476523476523475,0.002997002997002997,0.01998001998001998,0.006993006993006993,0.1258741258741259,0.10589410589410589
2024-01-31,0.001998001998001998,0.07692307692307693,0.07592407592407592,0.016983016983016984,0.01998001998001998,0.16283716283716285,0.04795204795204795,0.4155844155844156,0.13286713286713286,0.07092907092907093,0.3086913086913087,0.6063936063936064,0.23476523476523475,0.005994005994005994,0.012987012987012988,0.006993006993006993,0.1258741258741259,0.10589410589410589
2024-02-01,0.005994005994005994,0.11388611388611389,0.02097902097902098,0.00999000999000999,0.015984015984015984,0.08891108891108891,0.029970029970029972,0.3806193806193806,0.07092907092907093,0.13586413586413587,0.3936063936063936,0.5654345654345654,0.32167832167832167,0.005994005994005994,0.012987012987012988,0.006993006993006993,0.1258741258741259,0.10589410589410589
2024-02-02,0.005994005994005994,0.11388611388611389,0.02097902097902098,0.00999000999000999,0.015984015984015984,0.08891108891108891,0.029970029970029972,0.3806193806193806,0.07092907092907093,0.13586413586413587,0.3936063936063936,0.5654345654345654,0.32167832167832167,0.005994005994005994,0.012987012987012988,0.006993006993006993,0.1258741258741259,0.10589410589410589
2024-02-05,0.005994005994005994,0.11388611388611389,0.02097902097902098,0.00999000999000999,0.015984015984015984,0.08891108891108891,0.029970029970029972,0.3806193806193806,0.07092907092907093,0.13786213786213786,0.4125874125874126,0.3726273726273726,0.33466533466533466,0.005994005994005994,0.012987012987012988,0.006993006993006993,0.1258741258741259,0.10589410589410589
2024-02-06,0.005994005994005994,0.11388611388611389,0.02097902097902098,0.007992007992007992,0.015984015984015984,0.08891108891108891,0.029970029970029972,0.3806193806193806,0.07092907092907093,0.12887112887112886,0.41058941058941056,0.21678321678321677,0.33466533466533466,0.001998001998001998,0.012987012987012988,0.006993006993006993,0.1258741258741259,0.05194805194805195
2024-02-07,0.005994005994005994,0.10789210789210789,0.02097902097902098,0.012987012987012988,0.016983016983016984,0.09290709290709291,0.029970029970029972,0.3806193806193806,0.07092907092907093,0.12887112887112886,0.41058941058941056,0.22777222777222778,0.33466533466533466,0.001998001998001998,0.012987012987012988,0.011988011988011988,0.1258741258741259,0.05194805194805195
2024-02-08,0.005994005994005994,0.10789210789210789,0.02097902097902098,0.012987012987012988,0.016983016983016984,0.09290709290709291,0.029970029970029972,0.3806193806193806,0.07092907092907093,0.12887112887112886,0.41058941058941056,0.22777222777222778,0.33466533466533466,0.001998001998001998,0.012987012987012988,0.011988011988011988,0.1258741258741259,0.05194805194805195
2024-02-09,0.005994005994005994,0.10789210789210789,0.02097902097902098,0.012987012987012988,0.016983016983016984,0.09290709290709291,0.029970029970029972,0.3806193806193806,0.07092907092907093,0.12887112887112886,0.41058941058941056,0.22777222777222778,0.33466533466533466,0.001998001998001998,0.012987012987012988,0.011988011988011988,0.1258741258741259,0.05194805194805195
2024-02-12,0.005994005994005994,0.10789210789210789,0.02097902097902098,0.012987012987012988,0.016983016983016984,0.09290709290709291,0.029970029970029972,0.3806193806193806,0.07092907092907093,0.15484515484515485,0.40559440559440557,0.3206793206793207,0.33466533466533466,0.001998001998001998,0.012987012987012988,0.012987012987012988,0.11488511488511488,0.04395604395604396
2024-02-13,0.005994005994005994,0.10789210789210789,0.02097902097902098,0.012987012987012988,0.016983016983016984,0.09290709290709291,0.02197802197802198,0.5354645354645354,0.058941058941058944,0.15484515484515485,0.40559440559440557,0.3206793206793207,0.2967032967032967,0.001998001998001998,0.012987012987012988,0.012987012987012988,0.1088911088911089,0.04395604395604396
2024-02-14,0.007992007992007992,0.11688311688311688,0.006993006993006993,0.005994005994005994,0.005994005994005994,0.10789210789210789,0.005994005994005994,0.4725274725274725,0.08391608391608392,0.15484515484515485,0.40559440559440557,0.3206793206793207,0.3126873126873127,0.002997002997002997,0.025974025974025976,0.01098901098901099,0.1018981018981019,0.025974025974025976
2024-02-15,0.007992007992007992,0.11688311688311688,0.006993006993006993,0.005994005994005994,0.005994005994005994,0.10789210789210789,0.005994005994005994,0.4725274725274725,0.08391608391608392,0.15484515484515485,0.40559440559440557,0.3206793206793207,0.3126873126873127,0.002997002997002997,0.025974025974025976,0.01098901098901099,0.1018981018981019,0.025974025974025976
2024-02-16,0.007992007992007992,0.11688311688311688,0.006993006993006993,0.005994005994005994,0.005994005994005994,0.10789210789210789,0.005994005994005994,0.4725274725274725,0.08391608391608392,0.15484515484515485,0.40559440559440557,0.3206793206793207,0.3126873126873127,0.002997002997002997,0.025974025974025976,0.01098901098901099,0.1018981018981019,0.006993006993006993
2024-02-20,0.007992007992007992,0.11688311688311688,0.006993006993006993,0.005994005994005994,0.005994005994005994,0.10789210789210789,0.005994005994005994,0.4725274725274725,0.08391608391608392,0.15484515484515485,0.40559440559440557,0.3206793206793207,0.21878121878121878,0.002997002997002997,0.025974025974025976,0.01098901098901099,0.1018981018981019,0.006993006993006993
2024-02-21,0.005994005994005994,0.12087912087912088,0.02097902097902098,0.01098901098901099,0.011988011988011988,0.16683316683316685,0.01098901098901099,0.4935064935064935,0.12787212787212787,0.15484515484515485,0.40559440559440557,0.3176823176823177,0.21878121878121878,0.002997002997002997,0.025974025974025976,0.004995004995004995,0.05094905094905095,0.006993006993006993
2024-02-22,0.005994005994005994,0.12087912087912088,0.01998001998001998,0.01098901098901099,0.011988011988011988,0.16683316683316685,0.01098901098901099,0.4935064935064935,0.12787212787212787,0.13686313686313686,0.25374625374625376,0.2037962037962038,0.21878121878121878,0.002997002997002997,0.025974025974025976,0.004995004995004995,0.05094905094905095,0.006993006993006993
2024-02-23,0.001998001998001998,0.21178821178821178,0.08391608391608392,0.02097902097902098,0.013986013986013986,0.11988011988011989,0.01098901098901099,0.6473526473526473,0.19880119880119881,0.13686313686313686,0.25374625374625376,0.2037962037962038,0.16283716283716285,0.001998001998001998,0.030969030969030968,0.004995004995004995,0.05094905094905095,0.006993006993006993
2024-02-26,0.003996003996003996,0.21178821178821178,0.08391608391608392,0.02097902097902098,0.013986013986013986,0.11988011988011989,0.01098901098901099,0.6473526473526473,0.19880119880119881,0.13686313686313686,0.25374625374625376,0.2037962037962038,0.16283716283716285,0.001998001998001998,0.030969030969030968,0.000999000999000999,0.05094905094905095,0.006993006993006993
2024-02-27,0.003996003996003996,0.21178821178821178,0.08391608391608392,0.02097902097902098,0.013986013986013986,0.11988011988011989,0.01098901098901099,0.6473526473526473,0.19880119880119881,0.13686313686313686,0.25374625374625376,0.2037962037962038,0.16283716283716285,0.001998001998001998,0.04895104895104895,0.000999000999000999,0.05094905094905095,0.006993006993006993
2024-02-28,0.005994005994005994,0.3066933066933067,0.10789210789210789,0.02097902097902098,0.01998001998001998,0.11988011988011989,0.01098901098901099,0.6473526473526473,0.19880119880119881,0.13686313686313686,0.2597402597402597,0.2037962037962038,0.18581418581418582,0.007992007992007992,0.0999000999000999,0.000999000999000999,0.05094905094905095,0.006993006993006993
2024-02-29,0.005994005994005994,0.3066933066933067,0.10789210789210789,0.02097902097902098,0.01998001998001998,0.11988011988011989,0.01098901098901099,0.6473526473526473,0.19880119880119881,0.13686313686313686,0.2597402597402597,0.2037962037962038,0.18581418581418582,0.013986013986013986,0.06493506493506493,0.000999000999000999,0.05094905094905095,0.006993006993006993
2024-03-01,0.005994005994005994,0.3066933066933067,0.10789210789210789,0.02097902097902098,0.01998001998001998,0.11988011988011989,0.01098901098901099,0.6473526473526473,0.06693306693306693,0.13686313686313686,0.2597402597402597,0.2037962037962038,0.11788211788211789,0.012987012987012988,0.07192807192807193,0.005994005994005994,0.06793206793206794,0.006993006993006993
2024-03-04,0.00999000999000999,0.3066933066933067,0.10789210789210789,0.02097902097902098,0.01998001998001998,0.13186813186813187,0.01098901098901099,0.6473526473526473,0.06693306693306693,0.13686313686313686,0.2597402597402597,0.2037962037962038,0.11788211788211789,0.012987012987012988,0.07192807192807193,0.006993006993006993,0.06793206793206794,0.00999000999000999
2024-03-05,0.02097902097902098,0.3066933066933067,0.10789210789210789,0.03296703296703297,0.014985014985014986,0.1018981018981019,0.01098901098901099,0.6473526473526473,0.06693306693306693,0.13286713286713286,0.2817182817182817,0.33166833166833165,0.17082917082917082,0.01098901098901099,0.12887112887112886,0.006993006993006993,0.06793206793206794,0.00999000999000999
2024-03-06,0.01998001998001998,0.34165834165834164,0.03996003996003996,0.03596403596403597,0.023976023976023976,0.1018981018981019,0.01098901098901099,0.6473526473526473,0.06693306693306693,0.13286713286713286,0.2817182817182817,0.33166833166833165,0.17082917082917082,0.005994005994005994,0.12887112887112886,0.006993006993006993,0.06793206793206794,0.00999000999000999
2024-03-07,0.01998001998001998,0.34165834165834164,0.03996003996003996,0.03596403596403597,0.023976023976023976,0.1018981018981019,0.01098901098901099,0.6473526473526473,0.06693306693306693,0.13286713286713286,0.2817182817182817,0.33166833166833165,0.17082917082917082,0.005994005994005994,0.12887112887112886,0.006993006993006993,0.06793206793206794,0.00999000999000999
2024-03-08,0.017982017982017984,0.34165834165834164,0.03996003996003996,0.03596403596403597,0.023976023976023976,0.06793206793206794,0.007992007992007992,0.6813186813186813,0.09490509490509491,0.10589410589410589,0.2817182817182817,0.33166833166833165,0.13286713286713286,0.008991008991008992,0.1048951048951049,0.004995004995004995,0.04595404595404595,0.012987012987012988
2024-03-11,0.017982017982017984,0.34165834165834164,0.07692307692307693,0.03596403596403597,0.023976023976023976,0.06793206793206794,0.007992007992007992,0.6813186813186813,0.09490509490509491,0.10589410589410589,0.2817182817182817,0.33166833166833165,0.13286713286713286,0.008991008991008992,0.1048951048951049,0.002997002997002997,0.03496503496503497,0.011988011988011988
2024-03-12,0.00999000999000999,0.34165834165834164,0.07692307692307693,0.04395604395604396,0.03696303696303696,0.11988011988011989,0.003996003996003996,0.6243756243756243,0.13386613386613386,0.10589410589410589,0.2757242757242757,0.33166833166833165,0.13286713286713286,0.008991008991008992,0.1048951048951049,0.002997002997002997,0.03996003996003996,0.011988011988011988
2024-03-13,0.02097902097902098,0.4945054945054945,0.12187812187812187,0.04395604395604396,0.03696303696303696,0.11988011988011989,0.003996003996003996,0.6243756243756243,0.04295704295704296,0.10589410589410589,0.2757242757242757,0.33166833166833165,0.13286713286713286,0.008991008991008992,0.1048951048951049,0.002997002997002997,0.03996003996003996,0.011988011988011988
2024-03-14,0.02197802197802198,0.4945054945054945,0.12187812187812187,0.08491508491508491,0.03696303696303696,0.11988011988011989,0.00999000999000999,0.7172827172827173,0.03596403596403597,0.15684315684315683,0.2917082917082917,0.3626373626373626,0.13286713286713286,0.008991008991008992,0.1048951048951049,0.002997002997002997,0.03996003996003996,0.011988011988011988
2024-03-15,0.02197802197802198,0.4945054945054945,0.12187812187812187,0.12287712287712288,0.03696303696303696,0.11988011988011989,0.024975024975024976,0.7392607392607392,0.03396603396603397,0.15684315684315683,0.2917082917082917,0.3626373626373626,0.15184815184815184,0.008991008991008992,0.1048951048951049,0.003996003996003996,0.04395604395604396,0.00999000999000999
2024-03-18,0.02097902097902098,0.5654345654345654,0.1048951048951049,0.12287712287712288,0.05194805194805195,0.11988011988011989,0.01998001998001998,0.6893106893106893,0.01998001998001998,0.10589410589410589,0.19880119880119881,0.3176823176823177,0.15184815184815184,0.008991008991008992,0.1048951048951049,0.003996003996003996,0.04395604395604396,0.017982017982017984
2024-03-19,0.02097902097902098,0.5654345654345654,0.1048951048951049,0.12287712287712288,0.05194805194805195,0.11988011988011989,0.01998001998001998,0.6893106893106893,0.01998001998001998,0.10589410589410589,0.19880119880119881,0.3176823176823177,0.15184815184815184,0.008991008991008992,0.1048951048951049,0.003996003996003996,0.04395604395604396,0.017982017982017984
2024-03-20,0.02097902097902098,0.5654345654345654,0.1048951048951049,0.12287712287712288,0.05194805194805195,0.11988011988011989,0.011988011988011988,0.6463536463536463,0.026973026973026972,0.10589410589410589,0.19880119880119881,0.3176823176823177,0.16083916083916083,0.011988011988011988,0.16883116883116883,0.003996003996003996,0.04395604395604396,0.017982017982017984
2024-03-21,0.02097902097902098,0.4145854145854146,0.1048951048951049,0.12287712287712288,0.05194805194805195,0.11988011988011989,0.011988011988011988,0.6463536463536463,0.026973026973026972,0.10589410589410589,0.19880119880119881,0.3176823176823177,0.16083916083916083,0.011988011988011988,0.16883116883116883,0.003996003996003996,0.04395604395604396,0.017982017982017984
2024-03-22,0.04895104895104895,0.4145854145854146,0.1048951048951049,0.12287712287712288,0.05194805194805195,0.11988011988011989,0.011988011988011988,0.6463536463536463,0.026973026973026972,0.10589410589410589,0.19880119880119881,0.3176823176823177,0.16083916083916083,0.011988011988011988,0.16883116883116883,0.003996003996003996,0.04395604395604396,0.017982017982017984
2024-03-25,0.04895104895104895,0.4145854145854146,0.1048951048951049,0.16283716283716285,0.08191808191808192,0.08591408591408592,0.005994005994005994,0.8411588411588412,0.015984015984015984,0.07992007992007992,0.15284715284715283,0.3176823176823177,0.1798201798201798,0.012987012987012988,0.1928071928071928,0.004995004995004995,0.03396603396603397,0.016983016983016984
2024-03-26,0.04895104895104895,0.4145854145854146,0.1048951048951049,0.16283716283716285,0.08191808191808192,0.12787212787212787,0.005994005994005994,0.8431568431568431,0.015984015984015984,0.07992007992007992,0.15284715284715283,0.3176823176823177,0.1798201798201798,0.015984015984015984,0.1928071928071928,0.004995004995004995,0.03396603396603397,0.016983016983016984
2024-03-27,0.04895104895104895,0.4145854145854146,0.1048951048951049,0.16283716283716285,0.08191808191808192,0.12787212787212787,0.005994005994005994,0.8431568431568431,0.015984015984015984,0.07992007992007992,0.15284715284715283,0.3176823176823177,0.1798201798201798,0.015984015984015984,0.1928071928071928,0.004995004995004995,0.03396603396603397,0.016983016983016984
2024-03-28,0.04895104895104895,0.4145854145854146,0.1048951048951049,0.16283716283716285,0.08191808191808192,0.12787212787212787,0.005994005994005994,0.8431568431568431,0.015984015984015984,0.07992007992007992,0.15284715284715283,0.3176823176823177,0.1798201798201798,0.015984015984015984,0.1928071928071928,0.004995004995004995,0.03396603396603397,0.016983016983016984
2024-04-01,0.04895104895104895,0.4145854145854146,0.1048951048951049,0.16283716283716285,0.08191808191808192,0.12787212787212787,0.005994005994005994,0.8431568431568431,0.015984015984015984,0.07992007992007992,0.15284715284715283,0.3176823176823177,0.1798201798201798,0.006993006993006993,0.1928071928071928,0.002997002997002997,0.03396603396603397,0.016983016983016984
2024-04-02,0.04895104895104895,0.4145854145854146,0.1048951048951049,0.16283716283716285,0.08191808191808192,0.28771228771228774,0.005994005994005994,0.8431568431568431,0.015984015984015984,0.07992007992007992,0.15284715284715283,0.3176823176823177,0.10989010989010989,0.005994005994005994,0.14285714285714285,0.004995004995004995,0.059940059940059943,0.015984015984015984
2024-04-03,0.04895104895104895,0.4145854145854146,0.1048951048951049,0.22577422577422576,0.04395604395604396,0.2047952047952048,0.005994005994005994,0.8431568431568431,0.015984015984015984,0.07992007992007992,0.15284715284715283,0.3176823176823177,0.13686313686313686,0.015984015984015984,0.11588411588411589,0.008991008991008992,0.059940059940059943,0.017982017982017984
2024-04-04,0.04895104895104895,0.4145854145854146,0.1048951048951049,0.22577422577422576,0.04395604395604396,0.2047952047952048,0.005994005994005994,0.8431568431568431,0.015984015984015984,0.07992007992007992,0.15284715284715283,0.3176823176823177,0.13386613386613386,0.015984015984015984,0.11588411588411589,0.004995004995004995,0.06893106893106893,0.013986013986013986
2024-04-05,0.03196803196803197,0.24375624375624375,0.06893106893106893,0.10989010989010989,0.04395604395604396,0.2047952047952048,0.003996003996003996,0.8571428571428571,0.016983016983016984,0.07992007992007992,0.15284715284715283,0.3176823176823177,0.15684315684315683,0.016983016983016984,0.13986013986013987,0.004995004995004995,0.06893106893106893,0.013986013986013986
2024-04-08,0.03196803196803197,0.24375624375624375,0.06893106893106893,0.11588411588411589,0.04395604395604396,0.2047952047952048,0.002997002997002997,0.6963036963036963,0.016983016983016984,0.07992007992007992,0.15284715284715283,0.3176823176823177,0.15684315684315683,0.016983016983016984,0.13986013986013987,0.003996003996003996,0.06893106893106893,0.013986013986013986
2024-04-09,0.03196803196803197,0.24375624375624375,0.06893106893106893,0.16483516483516483,0.04095904095904096,0.1878121878121878,0.002997002997002997,0.6963036963036963,0.016983016983016984,0.07992007992007992,0.15284715284715283,0.3176823176823177,0.15684315684315683,0.016983016983016984,0.13986013986013987,0.003996003996003996,0.06893106893106893,0.013986013986013986
2024-04-10,0.03196803196803197,0.24375624375624375,0.06893106893106893,0.16483516483516483,0.04095904095904096,0.1878121878121878,0.002997002997002997,0.6963036963036963,0.016983016983016984,0.07992007992007992,0.15284715284715283,0.3176823176823177,0.15684315684315683,0.016983016983016984,0.13986013986013987,0.003996003996003996,0.06893106893106893,0.013986013986013986
2024-04-11,0.011988011988011988,0.16383616383616384,0.054945054945054944,0.13386613386613386,0.03396603396603397,0.2217782217782218,0.002997002997002997,0.8121878121878122,0.01998001998001998,0.07992007992007992,0.15284715284715283,0.3176823176823177,0.1958041958041958,0.01898101898101898,0.07292707292707293,0.003996003996003996,0.06893106893106893,0.01998001998001998
2024-04-12,0.011988011988011988,0.11288711288711288,0.054945054945054944,0.13386613386613386,0.03396603396603397,0.2217782217782218,0.002997002997002997,0.8121878121878122,0.01998001998001998,0.07992007992007992,0.15284715284715283,0.3176823176823177,0.1958041958041958,0.016983016983016984,0.07292707292707293,0.005994005994005994,0.06893106893106893,0.01998001998001998
2024-04-15,0.012987012987012988,0.08591408591408592,0.03196803196803197,0.0899100899100899,0.01898101898101898,0.13886113886113885,0.002997002997002997,0.6893106893106893,0.016983016983016984,0.059940059940059943,0.23876123876123875,0.16583416583416583,0.24175824175824176,0.01898101898101898,0.07492507492507493,0.002997002997002997,0.04895104895104895,0.01998001998001998
2024-04-16,0.01898101898101898,0.11688311688311688,0.022977022977022976,0.0969030969030969,0.00999000999000999,0.1048951048951049,0.002997002997002997,0.6893106893106893,0.016983016983016984,0.059940059940059943,0.23876123876123875,0.16583416583416583,0.24175824175824176,0.01898101898101898,0.07492507492507493,0.002997002997002997,0.04895104895104895,0.01998001998001998
2024-04-17,0.01898101898101898,0.11688311688311688,0.022977022977022976,0.0969030969030969,0.00999000999000999,0.1048951048951049,0.002997002997002997,0.8511488511488512,0.016983016983016984,0.059940059940059943,0.23876123876123875,0.16583416583416583,0.26573426573426573,0.005994005994005994,0.07492507492507493,0.002997002997002997,0.04895104895104895,0.01998001998001998
2024-04-18,0.01898101898101898,0.11688311688311688,0.023976023976023976,0.0969030969030969,0.00999000999000999,0.1048951048951049,0.002997002997002997,0.8511488511488512,0.016983016983016984,0.059940059940059943,0.23876123876123875,0.1968031968031968,0.26573426573426573,0.005994005994005994,0.07492507492507493,0.002997002997002997,0.04895104895104895,0.01998001998001998
2024-04-19,0.01898101898101898,0.16083916083916083,0.023976023976023976,0.10589410589410589,0.00999000999000999,0.1048951048951049,0.002997002997002997,0.8511488511488512,0.008991008991008992,0.059940059940059943,0.23876123876123875,0.1968031968031968,0.2547452547452547,0.005994005994005994,0.07492507492507493,0.002997002997002997,0.04895104895104895,0.01998001998001998
2024-04-22,0.012987012987012988,0.13586413586413587,0.03796203796203796,0.10589410589410589,0.016983016983016984,0.1048951048951049,0.002997002997002997,0.8511488511488512,0.008991008991008992,0.059940059940059943,0.23876123876123875,0.1968031968031968,0.2547452547452547,0.002997002997002997,0.07492507492507493,0.002997002997002997,0.04895104895104895,0.01998001998001998
2024-04-23,0.012987012987012988,0.13586413586413587,0.03696303696303696,0.04995004995004995,0.015984015984015984,0.11288711288711288,0.002997002997002997,0.8511488511488512,0.008991008991008992,0.059940059940059943,0.23876123876123875,0.1968031968031968,0.2547452547452547,0.001998001998001998,0.07492507492507493,0.002997002997002997,0.04895104895104895,0.01998001998001998
2024-04-24,0.012987012987012988,0.13586413586413587,0.03696303696303696,0.04995004995004995,0.015984015984015984,0.11288711288711288,0.002997002997002997,0.8511488511488512,0.008991008991008992,0.059940059940059943,0.23876123876123875,0.1968031968031968,0.2547452547452547,0.001998001998001998,0.07492507492507493,0.011988011988011988,0.04895104895104895,0.01998001998001998
2024-04-25,0.012987012987012988,0.13586413586413587,0.03696303696303696,0.04995004995004995,0.01998001998001998,0.14385614385614387,0.002997002997002997,0.8511488511488512,0.008991008991008992,0.059940059940059943,0.23876123876123875,0.1968031968031968,0.2547452547452547,0.001998001998001998,0.07492507492507493,0.011988011988011988,0.04895104895104895,0.01998001998001998
2024-04-26,0.013986013986013986,0.1848151848151848,0.03996003996003996,0.0899100899100899,0.01898101898101898,0.1938061938061938,0.002997002997002997,0.8191808191808192,0.017982017982017984,0.06593406593406594,0.2217782217782218,0.27172827172827174,0.26073926073926074,0.001998001998001998,0.1048951048951049,0.011988011988011988,0.04895104895104895,0.01998001998001998
2024-04-29,0.013986013986013986,0.1848151848151848,0.03996003996003996,0.0939060939060939,0.01898101898101898,0.0959040959040959,0.000999000999000999,0.8191808191808192,0.017982017982017984,0.11988011988011989,0.17282717282717283,0.27172827172827174,0.22277722277722278,0.005994005994005994,0.17882117882117882,0.007992007992007992,0.04395604395604396,0.015984015984015984
2024-04-30,0.013986013986013986,0.1848151848151848,0.03996003996003996,0.0939060939060939,0.01898101898101898,0.0959040959040959,0.000999000999000999,0.8191808191808192,0.017982017982017984,0.11988011988011989,0.17282717282717283,0.27172827172827174,0.22277722277722278,0.003996003996003996,0.17882117882117882,0.007992007992007992,0.04395604395604396,0.015984015984015984
2024-05-01,0.02097902097902098,0.2177822177822178,0.01998001998001998,0.03596403596403597,0.01098901098901099,0.057942057942057944,0.000999000999000999,0.6973026973026973,0.01898101898101898,0.10589410589410589,0.2627372627372627,0.2987012987012987,0.2827172827172827,0.003996003996003996,0.17882117882117882,0.013986013986013986,0.04395604395604396,0.015984015984015984
2024-05-02,0.02097902097902098,0.2177822177822178,0.025974025974025976,0.03596403596403597,0.003996003996003996,0.057942057942057944,0.000999000999000999,0.6973026973026973,0.01898101898101898,0.07792207792207792,0.2647352647352647,0.17282717282717283,0.2827172827172827,0.003996003996003996,0.17882117882117882,0.013986013986013986,0.04395604395604396,0.015984015984015984
2024-05-03,0.02097902097902098,0.2177822177822178,0.025974025974025976,0.03596403596403597,0.003996003996003996,0.057942057942057944,0.003996003996003996,0.5964035964035964,0.01998001998001998,0.06293706293706294,0.19080919080919082,0.17482517482517482,0.2827172827172827,0.003996003996003996,0.17882117882117882,0.013986013986013986,0.04395604395604396,0.015984015984015984
2024-05-06,0.02097902097902098,0.2177822177822178,0.025974025974025976,0.03596403596403597,0.003996003996003996,0.057942057942057944,0.000999000999000999,0.5964035964035964,0.01998001998001998,0.06293706293706294,0.19080919080919082,0.16283716283716285,0.23776223776223776,0.003996003996003996,0.17882117882117882,0.01098901098901099,0.04195804195804196,0.03196803196803197
2024-05-07,0.02097902097902098,0.2177822177822178,0.025974025974025976,0.03596403596403597,0.003996003996003996,0.028971028971028972,0.001998001998001998,0.4305694305694306,0.01098901098901099,0.06293706293706294,0.19080919080919082,0.16283716283716285,0.23776223776223776,0.003996003996003996,0.17882117882117882,0.01098901098901099,0.04195804195804196,0.03196803196803197
2024-05-08,0.02097902097902098,0.2177822177822178,0.025974025974025976,0.03596403596403597,0.003996003996003996,0.028971028971028972,0.001998001998001998,0.4305694305694306,0.01098901098901099,0.06293706293706294,0.19080919080919082,0.16283716283716285,0.23776223776223776,0.003996003996003996,0.17882117882117882,0.01098901098901099,0.04195804195804196,0.03196803196803197
2024-05-09,0.02097902097902098,0.2177822177822178,0.025974025974025976,0.03596403596403597,0.003996003996003996,0.028971028971028972,0.001998001998001998,0.4305694305694306,0.01098901098901099,0.06293706293706294,0.19080919080919082,0.16283716283716285,0.23776223776223776,0.003996003996003996,0.17882117882117882,0.01098901098901099,0.04195804195804196,0.03196803196803197
2024-05-10,0.02097902097902098,0.2177822177822178,0.025974025974025976,0.03596403596403597,0.003996003996003996,0.028971028971028972,0.001998001998001998,0.4305694305694306,0.01098901098901099,0.06293706293706294,0.19080919080919082,0.16283716283716285,0.23776223776223776,0.003996003996003996,0.17882117882117882,0.01098901098901099,0.053946053946053944,0.030969030969030968
2024-05-13,0.02097902097902098,0.2177822177822178,0.025974025974025976,0.03596403596403597,0.003996003996003996,0.028971028971028972,0.001998001998001998,0.4305694305694306,0.01098901098901099,0.06293706293706294,0.19080919080919082,0.16283716283716285,0.23776223776223776,0.003996003996003996,0.17882117882117882,0.01098901098901099,0.053946053946053944,0.030969030969030968
2024-05-14,0.02097902097902098,0.2177822177822178,0.025974025974025976,0.03596403596403597,0.003996003996003996,0.01898101898101898,0.001998001998001998,0.4305694305694306,0.01098901098901099,0.06293706293706294,0.19080919080919082,0.16283716283716285,0.23776223776223776,0.003996003996003996,0.17882117882117882,0.01098901098901099,0.053946053946053944,0.030969030969030968
2024-05-15,0.02097902097902098,0.2177822177822178,0.025974025974025976,0.03596403596403597,0.003996003996003996,0.01898101898101898,0.001998001998001998,0.4305694305694306,0.01098901098901099,0.06293706293706294,0.19080919080919082,0.16283716283716285,0.23776223776223776,0.003996003996003996,0.17882117882117882,0.016983016983016984,0.053946053946053944,0.030969030969030968
2024-05-16,0.02097902097902098,0.2177822177822178,0.025974025974025976,0.03596403596403597,0.003996003996003996,0.01898101898101898,0.001998001998001998,0.4305694305694306,0.01098901098901099,0.06293706293706294,0.19080919080919082,0.16283716283716285,0.23776223776223776,0.003996003996003996,0.17882117882117882,0.016983016983016984,0.053946053946053944,0.030969030969030968
2024-05-17,0.02097902097902098,0.2177822177822178,0.025974025974025976,0.03596403596403597,0.003996003996003996,0.016983016983016984,0.001998001998001998,0.4305694305694306,0.01098901098901099,0.04495504495504495,0.14785214785214784,0.3276723276723277,0.23776223776223776,0.003996003996003996,0.17882117882117882,0.004995004995004995,0.054945054945054944,0.026973026973026972
2024-05-20,0.02097902097902098,0.2177822177822178,0.025974025974025976,0.03596403596403597,0.003996003996003996,0.016983016983016984,0.001998001998001998,0.4305694305694306,0.01098901098901099,0.04495504495504495,0.14785214785214784,0.3276723276723277,0.23776223776223776,0.003996003996003996,0.17882117882117882,0.004995004995004995,0.054945054945054944,0.026973026973026972
2024-05-21,0.02097902097902098,0.2177822177822178,0.025974025974025976,0.03596403596403597,0.003996003996003996,0.017982017982017984,0.001998001998001998,0.3006993006993007,0.005994005994005994,0.04495504495504495,0.14785214785214784,0.3276723276723277,0.3036963036963037,0.006993006993006993,0.17882117882117882,0.004995004995004995,0.024975024975024976,0.026973026973026972
2024-05-22,0.02097902097902098,0.2177822177822178,0.025974025974025976,0.03596403596403597,0.003996003996003996,0.017982017982017984,0.001998001998001998,0.3006993006993007,0.005994005994005994,0.04495504495504495,0.14785214785214784,0.3276723276723277,0.3036963036963037,0.006993006993006993,0.17882117882117882,0.003996003996003996,0.024975024975024976,0.026973026973026972
2024-05-23,0.02097902097902098,0.2177822177822178,0.025974025974025976,0.03596403596403597,0.003996003996003996,0.01898101898101898,0.001998001998001998,0.3006993006993007,0.007992007992007992,0.06293706293706294,0.11788211788211789,0.23976023976023977,0.3036963036963037,0.006993006993006993,0.17882117882117882,0.017982017982017984,0.017982017982017984,0.02097902097902098
2024-05-24,0.03496503496503497,0.22877122877122877,0.030969030969030968,0.02097902097902098,0.005994005994005994,0.012987012987012988,0.001998001998001998,0.28471528471528473,0.002997002997002997,0.0899100899100899,0.11788211788211789,0.23976023976023977,0.2887112887112887,0.001998001998001998,0.24075924075924077,0.01098901098901099,0.024975024975024976,0.02097902097902098
2024-05-28,0.03496503496503497,0.22877122877122877,0.030969030969030968,0.02097902097902098,0.005994005994005994,0.012987012987012988,0.003996003996003996,0.29270729270729273,0.005994005994005994,0.0899100899100899,0.11788211788211789,0.23976023976023977,0.23876123876123875,0.001998001998001998,0.2037962037962038,0.01098901098901099,0.024975024975024976,0.02097902097902098
2024-05-29,0.03496503496503497,0.22877122877122877,0.030969030969030968,0.02097902097902098,0.005994005994005994,0.012987012987012988,0.003996003996003996,0.23576423576423577,0.006993006993006993,0.10989010989010989,0.12787212787212787,0.33166833166833165,0.37962037962037964,0.002997002997002997,0.2517482517482518,0.013986013986013986,0.060939060939060936,0.02097902097902098
2024-05-30,0.03496503496503497,0.22877122877122877,0.030969030969030968,0.02097902097902098,0.005994005994005994,0.012987012987012988,0.003996003996003996,0.22877122877122877,0.006993006993006993,0.06893106893106893,0.12087912087912088,0.3126873126873127,0.37962037962037964,0.007992007992007992,0.2517482517482518,0.013986013986013986,0.058941058941058944,0.02097902097902098
2024-05-31,0.025974025974025976,0.3146853146853147,0.015984015984015984,0.02097902097902098,0.001998001998001998,0.012987012987012988,0.003996003996003996,0.22877122877122877,0.006993006993006993,0.06893106893106893,0.12087912087912088,0.3126873126873127,0.37962037962037964,0.007992007992007992,0.2517482517482518,0.01998001998001998,0.03996003996003996,0.03496503496503497
2024-06-03,0.025974025974025976,0.3146853146853147,0.02197802197802198,0.02097902097902098,0.001998001998001998,0.007992007992007992,0.001998001998001998,0.2127872127872128,0.006993006993006993,0.07192807192807193,0.1028971028971029,0.33966033966033965,0.37962037962037964,0.007992007992007992,0.2517482517482518,0.01998001998001998,0.03996003996003996,0.03496503496503497
2024-06-04,0.025974025974025976,0.3146853146853147,0.02197802197802198,0.02097902097902098,0.001998001998001998,0.01098901098901099,0.001998001998001998,0.2127872127872128,0.003996003996003996,0.0999000999000999,0.17782217782217782,0.25574425574425574,0.37962037962037964,0.007992007992007992,0.2517482517482518,0.01998001998001998,0.03996003996003996,0.03496503496503497
2024-06-05,0.025974025974025976,0.3146853146853147,0.02197802197802198,0.02097902097902098,0.001998001998001998,0.01098901098901099,0.000999000999000999,0.2127872127872128,0.003996003996003996,0.11988011988011989,0.17782217782217782,0.25574425574425574,0.37962037962037964,0.007992007992007992,0.2517482517482518,0.01998001998001998,0.03996003996003996,0.03496503496503497
2024-06-06,0.025974025974025976,0.3146853146853147,0.02197802197802198,0.02097902097902098,0.001998001998001998,0.01098901098901099,0.000999000999000999,0.2127872127872128,0.003996003996003996,0.11988011988011989,0.17782217782217782,0.25574425574425574,0.37962037962037964,0.007992007992007992,0.2517482517482518,0.01998001998001998,0.03996003996003996,0.03496503496503497
2024-06-07,0.025974025974025976,0.3146853146853147,0.02197802197802198,0.02097902097902098,0.001998001998001998,0.01098901098901099,0.000999000999000999,0.2127872127872128,0.003996003996003996,0.11988011988011989,0.17782217782217782,0.25574425574425574,0.37962037962037964,0.002997002997002997,0.27372627372627373,0.01998001998001998,0.03996003996003996,0.03496503496503497
2024-06-10,0.025974025974025976,0.2007992007992008,0.02197802197802198,0.02097902097902098,0.000999000999000999,0.01098901098901099,0.000999000999000999,0.2127872127872128,0.003996003996003996,0.11988011988011989,0.17782217782217782,0.25574425574425574,0.37962037962037964,0.01098901098901099,0.27372627372627373,0.03296703296703297,0.03996003996003996,0.03496503496503497
2024-06-11,0.04795204795204795,0.2007992007992008,0.02197802197802198,0.02097902097902098,0.000999000999000999,0.01098901098901099,0.000999000999000999,0.2127872127872128,0.003996003996003996,0.11988011988011989,0.17782217782217782,0.25574425574425574,0.37962037962037964,0.01098901098901099,0.27372627372627373,0.03296703296703297,0.03996003996003996,0.03496503496503497
2024-06-12,0.04795204795204795,0.2007992007992008,0.02197802197802198,0.02097902097902098,0.000999000999000999,0.01098901098901099,0.003996003996003996,0.24675324675324675,0.002997002997002997,0.11988011988011989,0.17782217782217782,0.25574425574425574,0.37962037962037964,0.01098901098901099,0.27372627372627373,0.03296703296703297,0.03996003996003996,0.03496503496503497
2024-06-13,0.04795204795204795,0.2007992007992008,0.02197802197802198,0.02097902097902098,0.000999000999000999,0.01098901098901099,0.001998001998001998,0.24675324675324675,0.002997002997002997,0.11988011988011989,0.15184815184815184,0.25574425574425574,0.37962037962037964,0.01098901098901099,0.27372627372627373,0.022977022977022976,0.06393606393606394,0.029970029970029972
2024-06-14,0.04795204795204795,0.2007992007992008,0.02197802197802198,0.02097902097902098,0.000999000999000999,0.01098901098901099,0.001998001998001998,0.24675324675324675,0.002997002997002997,0.11988011988011989,0.15184815184815184,0.25574425574425574,0.37962037962037964,0.01098901098901099,0.27372627372627373,0.022977022977022976,0.06393606393606394,0.029970029970029972
2024-06-17,0.04795204795204795,0.2007992007992008,0.02197802197802198,0.02097902097902098,0.000999000999000999,0.01098901098901099,0.001998001998001998,0.24675324675324675,0.002997002997002997,0.11988011988011989,0.15184815184815184,0.25574425574425574,0.3166833166833167,0.011988011988011988,0.3516483516483517,0.022977022977022976,0.06393606393606394,0.029970029970029972
2024-06-18,0.04795204795204795,0.2007992007992008,0.02197802197802198,0.02097902097902098,0.000999000999000999,0.01098901098901099,0.001998001998001998,0.24675324675324675,0.002997002997002997,0.11988011988011989,0.15184815184815184,0.25574425574425574,0.3166833166833167,0.011988011988011988,0.4005994005994006,0.022977022977022976,0.06393606393606394,0.029970029970029972
2024-06-20,0.04795204795204795,0.2007992007992008,0.02197802197802198,0.02097902097902098,0.000999000999000999,0.01098901098901099,0.001998001998001998,0.24675324675324675,0.002997002997002997,0.11988011988011989,0.15184815184815184,0.25574425574425574,0.3166833166833167,0.007992007992007992,0.4005994005994006,0.008991008991008992,0.06393606393606394,0.029970029970029972
2024-06-21,0.04395604395604396,0.2007992007992008,0.016983016983016984,0.02097902097902098,0.000999000999000999,0.01098901098901099,0.001998001998001998,0.24675324675324675,0.004995004995004995,0.09290709290709291,0.0999000999000999,0.2977022977022977,0.3166833166833167,0.007992007992007992,0.4005994005994006,0.01098901098901099,0.06393606393606394,0.029970029970029972
2024-06-24,0.04395604395604396,0.2007992007992008,0.016983016983016984,0.016983016983016984,0.000999000999000999,0.01098901098901099,0.001998001998001998,0.24675324675324675,0.003996003996003996,0.09290709290709291,0.0999000999000999,0.2977022977022977,0.3166833166833167,0.007992007992007992,0.4005994005994006,0.01098901098901099,0.06393606393606394,0.029970029970029972
2024-06-25,0.04195804195804196,0.13986013986013987,0.027972027972027972,0.016983016983016984,0.001998001998001998,0.00999000999000999,0.001998001998001998,0.14685314685314685,0.001998001998001998,0.09290709290709291,0.0999000999000999,0.2087912087912088,0.3166833166833167,0.007992007992007992,0.4005994005994006,0.01098901098901099,0.06393606393606394,0.029970029970029972
2024-06-26,0.04195804195804196,0.13986013986013987,0.027972027972027972,0.016983016983016984,0.001998001998001998,0.023976023976023976,0.001998001998001998,0.17782217782217782,0.001998001998001998,0.09290709290709291,0.0999000999000999,0.2087912087912088,0.3836163836163836,0.007992007992007992,0.4005994005994006,0.028971028971028972,0.055944055944055944,0.03396603396603397
2024-06-27,0.04195804195804196,0.16083916083916083,0.027972027972027972,0.005994005994005994,0.001998001998001998,0.023976023976023976,0.001998001998001998,0.17782217782217782,0.001998001998001998,0.09290709290709291,0.11488511488511488,0.2087912087912088,0.35764235764235763,0.007992007992007992,0.5964035964035964,0.028971028971028972,0.055944055944055944,0.03396603396603397
2024-06-28,0.04195804195804196,0.16083916083916083,0.027972027972027972,0.005994005994005994,0.001998001998001998,0.023976023976023976,0.001998001998001998,0.17782217782217782,0.002997002997002997,0.09290709290709291,0.11488511488511488,0.2087912087912088,0.35764235764235763,0.007992007992007992,0.5964035964035964,0.028971028971028972,0.055944055944055944,0.03396603396603397
2024-07-01,0.04195804195804196,0.16283716283716285,0.027972027972027972,0.005994005994005994,0.002997002997002997,0.012987012987012988,0.001998001998001998,0.17782217782217782,0.002997002997002997,0.09290709290709291,0.11488511488511488,0.2087912087912088,0.35764235764235763,0.005994005994005994,0.5964035964035964,0.028971028971028972,0.0919080919080919,0.03196803196803197
2024-07-02,0.04195804195804196,0.16283716283716285,0.027972027972027972,0.005994005994005994,0.002997002997002997,0.022977022977022976,0.001998001998001998,0.17782217782217782,0.002997002997002997,0.09290709290709291,0.11488511488511488,0.2087912087912088,0.35764235764235763,0.011988011988011988,0.5964035964035964,0.028971028971028972,0.18281718281718282,0.03196803196803197
2024-07-03,0.04195804195804196,0.16283716283716285,0.027972027972027972,0.005994005994005994,0.002997002997002997,0.022977022977022976,0.001998001998001998,0.17782217782217782,0.002997002997002997,0.09290709290709291,0.11488511488511488,0.2087912087912088,0.35764235764235763,0.011988011988011988,0.5964035964035964,0.028971028971028972,0.18281718281718282,0.03196803196803197
2024-07-05,0.04195804195804196,0.16283716283716285,0.027972027972027972,0.005994005994005994,0.002997002997002997,0.022977022977022976,0.001998001998001998,0.17782217782217782,0.002997002997002997,0.09290709290709291,0.11488511488511488,0.2087912087912088,0.4065934065934066,0.007992007992007992,0.5194805194805194,0.028971028971028972,0.18281718281718282,0.03196803196803197
2024-07-08,0.04195804195804196,0.16283716283716285,0.027972027972027972,0.005994005994005994,0.002997002997002997,0.022977022977022976,0.000999000999000999,0.17782217782217782,0.000999000999000999,0.04995004995004995,0.1108891108891109,0.15484515484515485,0.4065934065934066,0.003996003996003996,0.5194805194805194,0.028971028971028972,0.18281718281718282,0.03196803196803197
2024-07-09,0.04195804195804196,0.16283716283716285,0.027972027972027972,0.007992007992007992,0.005994005994005994,0.013986013986013986,0.000999000999000999,0.07792207792207792,0.002997002997002997,0.03596403596403597,0.07292707292707293,0.16883116883116883,0.4065934065934066,0.003996003996003996,0.4275724275724276,0.028971028971028972,0.18281718281718282,0.058941058941058944
2024-07-10,0.04195804195804196,0.14485514485514486,0.027972027972027972,0.007992007992007992,0.005994005994005994,0.013986013986013986,0.000999000999000999,0.07792207792207792,0.002997002997002997,0.03596403596403597,0.07292707292707293,0.16883116883116883,0.32967032967032966,0.006993006993006993,0.5554445554445554,0.023976023976023976,0.11388611388611389,0.04195804195804196
2024-07-11,0.04195804195804196,0.14485514485514486,0.027972027972027972,0.007992007992007992,0.003996003996003996,0.013986013986013986,0.000999000999000999,0.07792207792207792,0.002997002997002997,0.03596403596403597,0.07292707292707293,0.16883116883116883,0.32967032967032966,0.006993006993006993,0.5554445554445554,0.023976023976023976,0.11388611388611389,0.04195804195804196
2024-07-12,0.023976023976023976,0.1968031968031968,0.02197802197802198,0.011988011988011988,0.001998001998001998,0.011988011988011988,0.000999000999000999,0.07792207792207792,0.002997002997002997,0.03596403596403597,0.07292707292707293,0.16883116883116883,0.32967032967032966,0.006993006993006993,0.5554445554445554,0.023976023976023976,0.11388611388611389,0.04195804195804196
2024-07-15,0.023976023976023976,0.1968031968031968,0.02197802197802198,0.011988011988011988,0.001998001998001998,0.011988011988011988,0.000999000999000999,0.07792207792207792,0.002997002997002997,0.03596403596403597,0.07292707292707293,0.16883116883116883,0.32967032967032966,0.004995004995004995,0.5554445554445554,0.023976023976023976,0.11388611388611389,0.04195804195804196
2024-07-16,0.023976023976023976,0.1968031968031968,0.02197802197802198,0.011988011988011988,0.001998001998001998,0.011988011988011988,0.000999000999000999,0.07792207792207792,0.002997002997002997,0.03196803196803197,0.07292707292707293,0.16883116883116883,0.32967032967032966,0.004995004995004995,0.5554445554445554,0.023976023976023976,0.20679320679320679,0.04195804195804196
2024-07-17,0.023976023976023976,0.1968031968031968,0.02197802197802198,0.011988011988011988,0.001998001998001998,0.011988011988011988,0.000999000999000999,0.052947052947052944,0.002997002997002997,0.03296703296703297,0.06393606393606394,0.17182817182817184,0.32967032967032966,0.004995004995004995,0.5554445554445554,0.023976023976023976,0.20679320679320679,0.04195804195804196
2024-07-18,0.02097902097902098,0.14285714285714285,0.028971028971028972,0.005994005994005994,0.003996003996003996,0.006993006993006993,0.000999000999000999,0.052947052947052944,0.002997002997002997,0.03296703296703297,0.06393606393606394,0.17182817182817184,0.32967032967032966,0.004995004995004995,0.5554445554445554,0.023976023976023976,0.20679320679320679,0.04195804195804196
2024-07-19,0.02197802197802198,0.14285714285714285,0.028971028971028972,0.005994005994005994,0.004995004995004995,0.006993006993006993,0.000999000999000999,0.04295704295704296,0.002997002997002997,0.03296703296703297,0.06393606393606394,0.17182817182817184,0.5394605394605395,0.004995004995004995,0.5414585414585414,0.023976023976023976,0.20679320679320679,0.04195804195804196
2024-07-22,0.02197802197802198,0.14285714285714285,0.028971028971028972,0.007992007992007992,0.004995004995004995,0.006993006993006993,0.000999000999000999,0.04295704295704296,0.002997002997002997,0.04995004995004995,0.09290709290709291,0.26973026973026976,0.5394605394605395,0.004995004995004995,0.5414585414585414,0.023976023976023976,0.20679320679320679,0.04195804195804196
2024-07-23,0.054945054945054944,0.15284715284715283,0.061938061938061936,0.005994005994005994,0.002997002997002997,0.01098901098901099,0.000999000999000999,0.04295704295704296,0.002997002997002997,0.04995004995004995,0.09290709290709291,0.35564435564435565,0.5394605394605395,0.004995004995004995,0.5414585414585414,0.023976023976023976,0.20679320679320679,0.04195804195804196
2024-07-24,0.054945054945054944,0.15284715284715283,0.061938061938061936,0.005994005994005994,0.002997002997002997,0.01098901098901099,0.000999000999000999,0.04295704295704296,0.002997002997002997,0.05194805194805195,0.08291708291708291,0.2127872127872128,0.5394605394605395,0.004995004995004995,0.5414585414585414,0.023976023976023976,0.19480519480519481,0.04195804195804196
2024-07-25,0.06393606393606394,0.20279720279720279,0.054945054945054944,0.004995004995004995,0.002997002997002997,0.016983016983016984,0.000999000999000999,0.02197802197802198,0.000999000999000999,0.05194805194805195,0.08291708291708291,0.2127872127872128,0.5394605394605395,0.004995004995004995,0.5414585414585414,0.023976023976023976,0.19480519480519481,0.04195804195804196
2024-07-26,0.06393606393606394,0.36563436563436563,0.054945054945054944,0.004995004995004995,0.002997002997002997,0.016983016983016984,0.000999000999000999,0.02197802197802198,0.000999000999000999,0.05194805194805195,0.08291708291708291,0.2127872127872128,0.5394605394605395,0.004995004995004995,0.5414585414585414,0.023976023976023976,0.19480519480519481,0.04195804195804196
2024-07-29,0.06393606393606394,0.19080919080919082,0.054945054945054944,0.004995004995004995,0.002997002997002997,0.016983016983016984,0.000999000999000999,0.02197802197802198,0.000999000999000999,0.05194805194805195,0.08291708291708291,0.2127872127872128,0.5394605394605395,0.004995004995004995,0.5414585414585414,0.023976023976023976,0.19480519480519481,0.04195804195804196
2024-07-30,0.06393606393606394,0.2037962037962038,0.054945054945054944,0.004995004995004995,0.002997002997002997,0.016983016983016984,0.001998001998001998,0.04395604395604396,0.003996003996003996,0.05194805194805195,0.08291708291708291,0.1978021978021978,0.5394605394605395,0.004995004995004995,0.5414585414585414,0.029970029970029972,0.14685314685314685,0.07092907092907093
2024-07-31,0.03296703296703297,0.16383616383616384,0.07292707292707293,0.004995004995004995,0.002997002997002997,0.016983016983016984,0.001998001998001998,0.04395604395604396,0.003996003996003996,0.05194805194805195,0.08291708291708291,0.1978021978021978,0.5394605394605395,0.004995004995004995,0.5414585414585414,0.029970029970029972,0.24375624375624375,0.07092907092907093
2024-08-01,0.03296703296703297,0.16383616383616384,0.07292707292707293,0.004995004995004995,0.002997002997002997,0.016983016983016984,0.001998001998001998,0.09090909090909091,0.003996003996003996,0.05194805194805195,0.08291708291708291,0.1978021978021978,0.5624375624375625,0.004995004995004995,0.6613386613386614,0.029970029970029972,0.24375624375624375,0.13586413586413587
2024-08-02,0.01098901098901099,0.0999000999000999,0.06893106893106893,0.00999000999000999,0.000999000999000999,0.016983016983016984,0.004995004995004995,0.058941058941058944,0.000999000999000999,0.028971028971028972,0.0899100899100899,0.18281718281718282,0.5624375624375625,0.004995004995004995,0.6613386613386614,0.029970029970029972,0.24375624375624375,0.13586413586413587
2024-08-05,0.017982017982017984,0.13386613386613386,0.07492507492507493,0.008991008991008992,0.000999000999000999,0.024975024975024976,0.005994005994005994,0.08491508491508491,0.000999000999000999,0.012987012987012988,0.07792207792207792,0.1888111888111888,0.5624375624375625,0.004995004995004995,0.6613386613386614,0.06293706293706294,0.24375624375624375,0.13586413586413587
2024-08-06,0.027972027972027972,0.1878121878121878,0.04295704295704296,0.001998001998001998,0.004995004995004995,0.01098901098901099,0.002997002997002997,0.054945054945054944,0.000999000999000999,0.016983016983016984,0.061938061938061936,0.1108891108891109,0.5854145854145855,0.005994005994005994,0.6533466533466533,0.04095904095904096,0.1978021978021978,0.18581418581418582
2024-08-07,0.011988011988011988,0.1878121878121878,0.04295704295704296,0.001998001998001998,0.004995004995004995,0.01098901098901099,0.002997002997002997,0.054945054945054944,0.000999000999000999,0.016983016983016984,0.061938061938061936,0.1108891108891109,0.5854145854145855,0.005994005994005994,0.6533466533466533,0.04895104895104895,0.22977022977022976,0.11788211788211789
2024-08-08,0.011988011988011988,0.1878121878121878,0.04295704295704296,0.001998001998001998,0.004995004995004995,0.02197802197802198,0.002997002997002997,0.054945054945054944,0.000999000999000999,0.016983016983016984,0.061938061938061936,0.1108891108891109,0.5854145854145855,0.005994005994005994,0.6533466533466533,0.05094905094905095,0.22977022977022976,0.11788211788211789
2024-08-09,0.011988011988011988,0.1878121878121878,0.04295704295704296,0.001998001998001998,0.004995004995004995,0.02197802197802198,0.002997002997002997,0.04495504495504495,0.001998001998001998,0.016983016983016984,0.061938061938061936,0.1108891108891109,0.5854145854145855,0.005994005994005994,0.6533466533466533,0.05094905094905095,0.22977022977022976,0.11788211788211789
2024-08-12,0.011988011988011988,0.1878121878121878,0.029970029970029972,0.001998001998001998,0.004995004995004995,0.02197802197802198,0.001998001998001998,0.04495504495504495,0.000999000999000999,0.016983016983016984,0.061938061938061936,0.1108891108891109,0.5854145854145855,0.005994005994005994,0.6533466533466533,0.05094905094905095,0.22977022977022976,0.11788211788211789
2024-08-13,0.011988011988011988,0.1878121878121878,0.029970029970029972,0.001998001998001998,0.004995004995004995,0.02197802197802198,0.001998001998001998,0.04495504495504495,0.000999000999000999,0.016983016983016984,0.061938061938061936,0.1108891108891109,0.5854145854145855,0.005994005994005994,0.6533466533466533,0.05094905094905095,0.3956043956043956,0.11788211788211789
2024-08-14,0.011988011988011988,0.1878121878121878,0.022977022977022976,0.001998001998001998,0.004995004995004995,0.02197802197802198,0.001998001998001998,0.04495504495504495,0.000999000999000999,0.016983016983016984,0.061938061938061936,0.1108891108891109,0.5854145854145855,0.005994005994005994,0.6533466533466533,0.05094905094905095,0.3956043956043956,0.11788211788211789
2024-08-15,0.011988011988011988,0.1878121878121878,0.022977022977022976,0.001998001998001998,0.004995004995004995,0.02197802197802198,0.001998001998001998,0.04495504495504495,0.000999000999000999,0.016983016983016984,0.061938061938061936,0.1108891108891109,0.5854145854145855,0.005994005994005994,0.6533466533466533,0.05094905094905095,0.3956043956043956,0.11788211788211789
2024-08-16,0.011988011988011988,0.1878121878121878,0.022977022977022976,0.001998001998001998,0.004995004995004995,0.02197802197802198,0.001998001998001998,0.01998001998001998,0.001998001998001998,0.012987012987012988,0.04095904095904096,0.19880119880119881,0.5854145854145855,0.005994005994005994,0.45854145854145856,0.059940059940059943,0.4385614385614386,0.2007992007992008
2024-08-19,0.011988011988011988,0.1878121878121878,0.022977022977022976,0.001998001998001998,0.004995004995004995,0.02197802197802198,0.001998001998001998,0.01998001998001998,0.001998001998001998,0.00999000999000999,0.04095904095904096,0.19880119880119881,0.5854145854145855,0.005994005994005994,0.45854145854145856,0.059940059940059943,0.43356643356643354,0.2007992007992008
2024-08-20,0.011988011988011988,0.1878121878121878,0.022977022977022976,0.006993006993006993,0.003996003996003996,0.029970029970029972,0.001998001998001998,0.01998001998001998,0.001998001998001998,0.00999000999000999,0.04095904095904096,0.19880119880119881,0.5854145854145855,0.006993006993006993,0.45854145854145856,0.04295704295704296,0.48451548451548454,0.24775224775224775
2024-08-21,0.011988011988011988,0.1878121878121878,0.022977022977022976,0.006993006993006993,0.003996003996003996,0.029970029970029972,0.001998001998001998,0.04295704295704296,0.000999000999000999,0.02097902097902098,0.024975024975024976,0.1038961038961039,0.5854145854145855,0.006993006993006993,0.45854145854145856,0.04295704295704296,0.48451548451548454,0.24775224775224775
2024-08-22,0.011988011988011988,0.1878121878121878,0.022977022977022976,0.006993006993006993,0.003996003996003996,0.029970029970029972,0.001998001998001998,0.04295704295704296,0.000999000999000999,0.02097902097902098,0.024975024975024976,0.1038961038961039,0.46653346653346656,0.006993006993006993,0.45854145854145856,0.04295704295704296,0.48451548451548454,0.23576423576423577
2024-08-23,0.011988011988011988,0.1938061938061938,0.022977022977022976,0.006993006993006993,0.002997002997002997,0.029970029970029972,0.000999000999000999,0.024975024975024976,0.000999000999000999,0.02097902097902098,0.024975024975024976,0.1038961038961039,0.46653346653346656,0.006993006993006993,0.45854145854145856,0.04295704295704296,0.48451548451548454,0.23576423576423577
2024-08-26,0.011988011988011988,0.1938061938061938,0.022977022977022976,0.006993006993006993,0.002997002997002997,0.029970029970029972,0.000999000999000999,0.024975024975024976,0.000999000999000999,0.02097902097902098,0.024975024975024976,0.1038961038961039,0.46653346653346656,0.006993006993006993,0.45854145854145856,0.04295704295704296,0.48451548451548454,0.23576423576423577
2024-08-27,0.008991008991008992,0.22877122877122877,0.04295704295704296,0.01898101898101898,0.004995004995004995,0.056943056943056944,0.000999000999000999,0.024975024975024976,0.000999000999000999,0.02097902097902098,0.024975024975024976,0.1038961038961039,0.5204795204795205,0.006993006993006993,0.8101898101898102,0.03196803196803197,0.5084915084915085,0.24075924075924077
2024-08-28,0.008991008991008992,0.22877122877122877,0.04295704295704296,0.01898101898101898,0.004995004995004995,0.056943056943056944,0.000999000999000999,0.024975024975024976,0.000999000999000999,0.02097902097902098,0.024975024975024976,0.1038961038961039,0.5204795204795205,0.006993006993006993,0.8101898101898102,0.03196803196803197,0.5084915084915085,0.24075924075924077
2024-08-29,0.008991008991008992,0.22877122877122877,0.04295704295704296,0.01898101898101898,0.004995004995004995,0.056943056943056944,0.000999000999000999,0.024975024975024976,0.000999000999000999,0.02097902097902098,0.024975024975024976,0.1038961038961039,0.5204795204795205,0.006993006993006993,0.8101898101898102,0.03196803196803197,0.5084915084915085,0.24075924075924077
2024-08-30,0.008991008991008992,0.22877122877122877,0.09490509490509491,0.01898101898101898,0.004995004995004995,0.056943056943056944,0.000999000999000999,0.024975024975024976,0.000999000999000999,0.02097902097902098,0.024975024975024976,0.1038961038961039,0.5204795204795205,0.006993006993006993,0.8101898101898102,0.03196803196803197,0.5084915084915085,0.24075924075924077
2024-09-03,0.008991008991008992,0.22877122877122877,0.09490509490509491,0.01898101898101898,0.004995004995004995,0.056943056943056944,0.000999000999000999,0.024975024975024976,0.000999000999000999,0.02097902097902098,0.024975024975024976,0.1038961038961039,0.5204795204795205,0.006993006993006993,0.8101898101898102,0.03196803196803197,0.5084915084915085,0.24075924075924077
2024-09-04,0.012987012987012988,0.15184815184815184,0.0999000999000999,0.01898101898101898,0.004995004995004995,0.056943056943056944,0.001998001998001998,0.024975024975024976,0.000999000999000999,0.016983016983016984,0.04095904095904096,0.11288711288711288,0.4885114885114885,0.003996003996003996,0.7872127872127872,0.03196803196803197,0.5084915084915085,0.13286713286713286
2024-09-05,0.012987012987012988,0.15184815184815184,0.0999000999000999,0.013986013986013986,0.004995004995004995,0.056943056943056944,0.001998001998001998,0.024975024975024976,0.000999000999000999,0.016983016983016984,0.04495504495504495,0.11288711288711288,0.4885114885114885,0.003996003996003996,0.7872127872127872,0.057942057942057944,0.6493506493506493,0.25674325674325676
2024-09-06,0.012987012987012988,0.15184815184815184,0.0999000999000999,0.013986013986013986,0.004995004995004995,0.03496503496503497,0.003996003996003996,0.026973026973026972,0.001998001998001998,0.016983016983016984,0.04495504495504495,0.11288711288711288,0.5514485514485514,0.003996003996003996,0.8831168831168831,0.04795204795204795,0.6463536463536463,0.6223776223776224
2024-09-09,0.005994005994005994,0.11688311688311688,0.0989010989010989,0.012987012987012988,0.00999000999000999,0.026973026973026972,0.004995004995004995,0.04595404595404595,0.000999000999000999,0.016983016983016984,0.03896103896103896,0.11288711288711288,0.5664335664335665,0.003996003996003996,0.9200799200799201,0.04795204795204795,0.6463536463536463,0.6223776223776224
2024-09-10,0.003996003996003996,0.11688311688311688,0.0989010989010989,0.012987012987012988,0.00999000999000999,0.026973026973026972,0.004995004995004995,0.04595404595404595,0.000999000999000999,0.016983016983016984,0.03896103896103896,0.11288711288711288,0.5664335664335665,0.003996003996003996,0.9200799200799201,0.04795204795204795,0.6463536463536463,0.6423576423576424
2024-09-11,0.003996003996003996,0.11688311688311688,0.0989010989010989,0.012987012987012988,0.00999000999000999,0.026973026973026972,0.007992007992007992,0.04595404595404595,0.003996003996003996,0.04495504495504495,0.03496503496503497,0.11988011988011989,0.5664335664335665,0.003996003996003996,0.9200799200799201,0.04795204795204795,0.6463536463536463,0.6423576423576424
2024-09-12,0.003996003996003996,0.11688311688311688,0.0989010989010989,0.012987012987012988,0.00999000999000999,0.026973026973026972,0.007992007992007992,0.04595404595404595,0.003996003996003996,0.04495504495504495,0.01098901098901099,0.0969030969030969,0.5334665334665335,0.003996003996003996,0.9200799200799201,0.03396603396603397,0.6573426573426573,0.45454545454545453
2024-09-13,0.001998001998001998,0.17882117882117882,0.14285714285714285,0.012987012987012988,0.00999000999000999,0.026973026973026972,0.007992007992007992,0.04595404595404595,0.003996003996003996,0.04495504495504495,0.01098901098901099,0.0969030969030969,0.5334665334665335,0.003996003996003996,0.9200799200799201,0.053946053946053944,0.6863136863136863,0.43656343656343655
2024-09-16,0.001998001998001998,0.17882117882117882,0.14285714285714285,0.012987012987012988,0.00999000999000999,0.026973026973026972,0.007992007992007992,0.04595404595404595,0.003996003996003996,0.04495504495504495,0.01098901098901099,0.0969030969030969,0.5334665334665335,0.003996003996003996,0.9200799200799201,0.053946053946053944,0.6863136863136863,0.43656343656343655
2024-09-17,0.007992007992007992,0.17882117882117882,0.14285714285714285,0.012987012987012988,0.00999000999000999,0.026973026973026972,0.007992007992007992,0.04595404595404595,0.003996003996003996,0.04495504495504495,0.01098901098901099,0.0969030969030969,0.5334665334665335,0.003996003996003996,0.9200799200799201,0.053946053946053944,0.6863136863136863,0.43656343656343655
2024-09-18,0.00999000999000999,0.15884115884115885,0.16183816183816183,0.016983016983016984,0.006993006993006993,0.01098901098901099,0.007992007992007992,0.04595404595404595,0.003996003996003996,0.05194805194805195,0.011988011988011988,0.0969030969030969,0.48151848151848153,0.002997002997002997,0.7792207792207793,0.11388611388611389,0.6813186813186813,0.3156843156843157
2024-09-19,0.00999000999000999,0.15884115884115885,0.16183816183816183,0.016983016983016984,0.006993006993006993,0.017982017982017984,0.007992007992007992,0.04595404595404595,0.003996003996003996,0.05194805194805195,0.011988011988011988,0.0969030969030969,0.48151848151848153,0.002997002997002997,0.7792207792207793,0.11388611388611389,0.6753246753246753,0.3156843156843157
2024-09-20,0.00999000999000999,0.15884115884115885,0.16183816183816183,0.016983016983016984,0.006993006993006993,0.017982017982017984,0.007992007992007992,0.04595404595404595,0.003996003996003996,0.05194805194805195,0.011988011988011988,0.0969030969030969,0.48151848151848153,0.002997002997002997,0.7792207792207793,0.1008991008991009,0.8611388611388612,0.5514485514485514
2024-09-23,0.016983016983016984,0.08491508491508491,0.1848151848151848,0.016983016983016984,0.006993006993006993,0.017982017982017984,0.007992007992007992,0.04695304695304695,0.003996003996003996,0.05194805194805195,0.011988011988011988,0.0969030969030969,0.48151848151848153,0.002997002997002997,0.7792207792207793,0.1008991008991009,0.8611388611388612,0.5514485514485514
2024-09-24,0.016983016983016984,0.08491508491508491,0.1848151848151848,0.04295704295704296,0.005994005994005994,0.023976023976023976,0.004995004995004995,0.03696303696303696,0.001998001998001998,0.05194805194805195,0.011988011988011988,0.1108891108891109,0.6813186813186813,0.003996003996003996,0.8671328671328671,0.1028971028971029,0.9040959040959041,0.4005994005994006
2024-09-25,0.016983016983016984,0.08491508491508491,0.1848151848151848,0.03596403596403597,0.005994005994005994,0.023976023976023976,0.004995004995004995,0.03696303696303696,0.001998001998001998,0.05194805194805195,0.011988011988011988,0.1108891108891109,0.6813186813186813,0.003996003996003996,0.8671328671328671,0.1028971028971029,0.9040959040959041,0.4005994005994006
2024-09-26,0.016983016983016984,0.08491508491508491,0.1848151848151848,0.03596403596403597,0.005994005994005994,0.023976023976023976,0.004995004995004995,0.03696303696303696,0.001998001998001998,0.04295704295704296,0.03196803196803197,0.16283716283716285,0.5694305694305695,0.001998001998001998,0.8471528471528471,0.1028971028971029,0.9040959040959041,0.24775224775224775
2024-09-27,0.015984015984015984,0.13286713286713286,0.2977022977022977,0.06393606393606394,0.000999000999000999,0.04895104895104895,0.008991008991008992,0.061938061938061936,0.005994005994005994,0.028971028971028972,0.015984015984015984,0.19880119880119881,0.6813186813186813,0.003996003996003996,0.9760239760239761,0.24375624375624375,0.8871128871128872,0.2547452547452547
2024-09-30,0.015984015984015984,0.13286713286713286,0.2977022977022977,0.06393606393606394,0.000999000999000999,0.04895104895104895,0.008991008991008992,0.061938061938061936,0.005994005994005994,0.028971028971028972,0.015984015984015984,0.19880119880119881,0.6863136863136863,0.003996003996003996,0.9760239760239761,0.34265734265734266,0.8811188811188811,0.23476523476523475
2024-10-01,0.015984015984015984,0.13286713286713286,0.2977022977022977,0.06393606393606394,0.000999000999000999,0.04895104895104895,0.008991008991008992,0.061938061938061936,0.005994005994005994,0.028971028971028972,0.015984015984015984,0.19880119880119881,0.6863136863136863,0.003996003996003996,0.9760239760239761,0.34265734265734266,0.8811188811188811,0.23476523476523475
2024-10-02,0.024975024975024976,0.14285714285714285,0.17882117882117882,0.06393606393606394,0.000999000999000999,0.04895104895104895,0.00999000999000999,0.061938061938061936,0.005994005994005994,0.04395604395604396,0.02197802197802198,0.15184815184815184,0.6653346653346653,0.001998001998001998,0.97002997002997,0.15584415584415584,0.8811188811188811,0.23476523476523475
2024-10-03,0.024975024975024976,0.14285714285714285,0.17882117882117882,0.06393606393606394,0.000999000999000999,0.04895104895104895,0.00999000999000999,0.030969030969030968,0.006993006993006993,0.06793206793206794,0.03496503496503497,0.17782217782217782,0.6653346653346653,0.001998001998001998,0.97002997002997,0.11188811188811189,0.8051948051948052,0.23576423576423577
2024-10-04,0.04095904095904096,0.09290709290709291,0.2827172827172827,0.08691308691308691,0.001998001998001998,0.03896103896103896,0.015984015984015984,0.024975024975024976,0.004995004995004995,0.06793206793206794,0.03496503496503497,0.17782217782217782,0.6403596403596403,0.004995004995004995,0.972027972027972,0.06693306693306693,0.6963036963036963,0.11988011988011989
2024-10-07,0.04095904095904096,0.09290709290709291,0.2827172827172827,0.08691308691308691,0.001998001998001998,0.03896103896103896,0.015984015984015984,0.024975024975024976,0.004995004995004995,0.06293706293706294,0.02097902097902098,0.12487512487512488,0.6403596403596403,0.004995004995004995,0.972027972027972,0.06693306693306693,0.6963036963036963,0.11988011988011989
2024-10-08,0.055944055944055944,0.0979020979020979,0.2827172827172827,0.07292707292707293,0.003996003996003996,0.01898101898101898,0.00999000999000999,0.012987012987012988,0.002997002997002997,0.04195804195804196,0.02097902097902098,0.12487512487512488,0.6403596403596403,0.004995004995004995,0.972027972027972,0.0959040959040959,0.4255744255744256,0.10989010989010989
2024-10-09,0.055944055944055944,0.0979020979020979,0.2827172827172827,0.07292707292707293,0.003996003996003996,0.01898101898101898,0.00999000999000999,0.012987012987012988,0.002997002997002997,0.05194805194805195,0.02197802197802198,0.17482517482517482,0.6403596403596403,0.004995004995004995,0.972027972027972,0.04995004995004995,0.4255744255744256,0.10989010989010989
2024-10-10,0.055944055944055944,0.0979020979020979,0.2827172827172827,0.07292707292707293,0.003996003996003996,0.01898101898101898,0.00999000999000999,0.012987012987012988,0.002997002997002997,0.05194805194805195,0.02197802197802198,0.17482517482517482,0.6403596403596403,0.004995004995004995,0.972027972027972,0.04995004995004995,0.4255744255744256,0.10989010989010989
2024-10-11,0.055944055944055944,0.0979020979020979,0.2827172827172827,0.07292707292707293,0.003996003996003996,0.01898101898101898,0.00999000999000999,0.012987012987012988,0.002997002997002997,0.05194805194805195,0.02197802197802198,0.17482517482517482,0.6403596403596403,0.004995004995004995,0.9430569430569431,0.04995004995004995,0.4255744255744256,0.10989010989010989
2024-10-14,0.055944055944055944,0.0979020979020979,0.2827172827172827,0.11488511488511488,0.003996003996003996,0.01898101898101898,0.00999000999000999,0.012987012987012988,0.002997002997002997,0.02197802197802198,0.01098901098901099,0.17482517482517482,0.7242757242757243,0.004995004995004995,0.9430569430569431,0.04995004995004995,0.26373626373626374,0.10989010989010989
2024-10-15,0.055944055944055944,0.0979020979020979,0.2827172827172827,0.11488511488511488,0.003996003996003996,0.011988011988011988,0.00999000999000999,0.012987012987012988,0.002997002997002997,0.02197802197802198,0.01098901098901099,0.17482517482517482,0.8061938061938062,0.003996003996003996,0.9010989010989011,0.06493506493506493,0.5144855144855145,0.08591408591408592
2024-10-16,0.03196803196803197,0.07092907092907093,0.27472527472527475,0.13286713286713286,0.003996003996003996,0.02197802197802198,0.00999000999000999,0.012987012987012988,0.002997002997002997,0.030969030969030968,0.012987012987012988,0.23776223776223776,0.7602397602397603,0.005994005994005994,0.8761238761238761,0.06493506493506493,0.5144855144855145,0.08591408591408592
2024-10-17,0.03196803196803197,0.07092907092907093,0.27472527472527475,0.13286713286713286,0.003996003996003996,0.02197802197802198,0.00999000999000999,0.012987012987012988,0.002997002997002997,0.030969030969030968,0.012987012987012988,0.23776223776223776,0.7602397602397603,0.005994005994005994,0.8761238761238761,0.06493506493506493,0.5144855144855145,0.08591408591408592
2024-10-18,0.03196803196803197,0.07092907092907093,0.13486513486513488,0.13286713286713286,0.003996003996003996,0.02197802197802198,0.00999000999000999,0.012987012987012988,0.004995004995004995,0.030969030969030968,0.012987012987012988,0.23776223776223776,0.7602397602397603,0.005994005994005994,0.8761238761238761,0.06493506493506493,0.5144855144855145,0.1028971028971029
2024-10-21,0.03196803196803197,0.07092907092907093,0.07792207792207792,0.11988011988011989,0.005994005994005994,0.014985014985014986,0.008991008991008992,0.022977022977022976,0.000999000999000999,0.030969030969030968,0.012987012987012988,0.23776223776223776,0.7122877122877123,0.003996003996003996,0.6453546453546454,0.06493506493506493,0.5144855144855145,0.1028971028971029
2024-10-22,0.03196803196803197,0.07092907092907093,0.07792207792207792,0.0999000999000999,0.011988011988011988,0.09290709290709291,0.012987012987012988,0.023976023976023976,0.006993006993006993,0.030969030969030968,0.012987012987012988,0.23776223776223776,0.7222777222777222,0.01098901098901099,0.5924075924075924,0.04395604395604396,0.3086913086913087,0.11288711288711288
2024-10-23,0.06493506493506493,0.10789210789210789,0.1088911088911089,0.0959040959040959,0.011988011988011988,0.09290709290709291,0.01098901098901099,0.023976023976023976,0.014985014985014986,0.030969030969030968,0.012987012987012988,0.23776223776223776,0.7222777222777222,0.01098901098901099,0.5924075924075924,0.028971028971028972,0.3086913086913087,0.11288711288711288
2024-10-24,0.10789210789210789,0.11188811188811189,0.1028971028971029,0.06793206793206794,0.004995004995004995,0.057942057942057944,0.005994005994005994,0.00999000999000999,0.014985014985014986,0.030969030969030968,0.003996003996003996,0.22977022977022976,0.7222777222777222,0.01098901098901099,0.5924075924075924,0.028971028971028972,0.3086913086913087,0.16183816183816183
2024-10-25,0.10789210789210789,0.11188811188811189,0.1028971028971029,0.06793206793206794,0.004995004995004995,0.057942057942057944,0.005994005994005994,0.00999000999000999,0.014985014985014986,0.030969030969030968,0.004995004995004995,0.22977022977022976,0.6693306693306693,0.01098901098901099,0.5924075924075924,0.028971028971028972,0.3086913086913087,0.2077922077922078
2024-10-28,0.11688311688311688,0.11188811188811189,0.057942057942057944,0.09090909090909091,0.003996003996003996,0.07592407592407592,0.002997002997002997,0.007992007992007992,0.015984015984015984,0.030969030969030968,0.004995004995004995,0.22977022977022976,0.5344655344655345,0.00999000999000999,0.6323676323676324,0.014985014985014986,0.16183816183816183,0.13286713286713286
2024-10-29,0.08091908091908091,0.06693306693306693,0.054945054945054944,0.09090909090909091,0.003996003996003996,0.07592407592407592,0.002997002997002997,0.007992007992007992,0.015984015984015984,0.030969030969030968,0.004995004995004995,0.22977022977022976,0.45854145854145856,0.015984015984015984,0.6103896103896104,0.014985014985014986,0.16183816183816183,0.13286713286713286
2024-10-30,0.08091908091908091,0.06693306693306693,0.054945054945054944,0.09090909090909091,0.003996003996003996,0.17682317682317683,0.001998001998001998,0.006993006993006993,0.011988011988011988,0.04695304695304695,0.005994005994005994,0.3096903096903097,0.3866133866133866,0.03496503496503497,0.5984015984015985,0.03196803196803197,0.16983016983016982,0.15384615384615385
2024-10-31,0.06493506493506493,0.04895104895104895,0.03896103896103896,0.04395604395604396,0.003996003996003996,0.17682317682317683,0.001998001998001998,0.006993006993006993,0.011988011988011988,0.04695304695304695,0.005994005994005994,0.3096903096903097,0.3866133866133866,0.03496503496503497,0.5984015984015985,0.03196803196803197,0.16983016983016982,0.15384615384615385
2024-11-01,0.029970029970029972,0.07292707292707293,0.03996003996003996,0.03796203796203796,0.008991008991008992,0.1068931068931069,0.001998001998001998,0.003996003996003996,0.008991008991008992,0.04695304695304695,0.005994005994005994,0.3096903096903097,0.5074925074925075,0.016983016983016984,0.7142857142857143,0.03196803196803197,0.16983016983016982,0.16183816183816183
2024-11-04,0.029970029970029972,0.07292707292707293,0.03996003996003996,0.03796203796203796,0.008991008991008992,0.1068931068931069,0.001998001998001998,0.003996003996003996,0.008991008991008992,0.04095904095904096,0.005994005994005994,0.3096903096903097,0.5074925074925075,0.016983016983016984,0.7142857142857143,0.03196803196803197,0.16983016983016982,0.16183816183816183
2024-11-05,0.029970029970029972,0.07292707292707293,0.03996003996003996,0.03796203796203796,0.008991008991008992,0.1068931068931069,0.002997002997002997,0.003996003996003996,0.007992007992007992,0.04095904095904096,0.005994005994005994,0.3096903096903097,0.4515484515484515,0.02197802197802198,0.7142857142857143,0.03196803196803197,0.16983016983016982,0.16183816183816183
2024-11-06,0.029970029970029972,0.07292707292707293,0.03996003996003996,0.03796203796203796,0.008991008991008992,0.1068931068931069,0.002997002997002997,0.003996003996003996,0.007992007992007992,0.04095904095904096,0.005994005994005994,0.3096903096903097,0.4515484515484515,0.02197802197802198,0.7142857142857143,0.03196803196803197,0.16983016983016982,0.16183816183816183
2024-11-07,0.029970029970029972,0.07292707292707293,0.03996003996003996,0.03796203796203796,0.008991008991008992,0.17082917082917082,0.002997002997002997,0.003996003996003996,0.007992007992007992,0.04095904095904096,0.005994005994005994,0.3096903096903097,0.4515484515484515,0.02197802197802198,0.6523476523476524,0.02097902097902098,0.15284715284715283,0.1798201798201798
2024-11-08,0.029970029970029972,0.07292707292707293,0.03996003996003996,0.03796203796203796,0.008991008991008992,0.17082917082917082,0.00999000999000999,0.003996003996003996,0.007992007992007992,0.06393606393606394,0.005994005994005994,0.31868131868131866,0.4515484515484515,0.02197802197802198,0.6523476523476524,0.02097902097902098,0.15284715284715283,0.1798201798201798
2024-11-11,0.029970029970029972,0.07292707292707293,0.03996003996003996,0.03796203796203796,0.008991008991008992,0.17082917082917082,0.00999000999000999,0.003996003996003996,0.007992007992007992,0.06393606393606394,0.005994005994005994,0.31868131868131866,0.4515484515484515,0.02197802197802198,0.6523476523476524,0.013986013986013986,0.15284715284715283,0.1798201798201798
2024-11-12,0.029970029970029972,0.07292707292707293,0.03996003996003996,0.02097902097902098,0.015984015984015984,0.16183816183816183,0.00999000999000999,0.003996003996003996,0.007992007992007992,0.06393606393606394,0.005994005994005994,0.31868131868131866,0.47952047952047955,0.04095904095904096,0.6373626373626373,0.013986013986013986,0.15284715284715283,0.1798201798201798
2024-11-13,0.029970029970029972,0.07292707292707293,0.03996003996003996,0.024975024975024976,0.015984015984015984,0.16183816183816183,0.00999000999000999,0.003996003996003996,0.007992007992007992,0.06393606393606394,0.005994005994005994,0.31868131868131866,0.42857142857142855,0.017982017982017984,0.6063936063936064,0.013986013986013986,0.15284715284715283,0.1798201798201798
2024-11-14,0.029970029970029972,0.07292707292707293,0.03996003996003996,0.024975024975024976,0.015984015984015984,0.16183816183816183,0.00999000999000999,0.003996003996003996,0.007992007992007992,0.06393606393606394,0.005994005994005994,0.31868131868131866,0.42857142857142855,0.017982017982017984,0.6063936063936064,0.013986013986013986,0.15284715284715283,0.1798201798201798
2024-11-15,0.029970029970029972,0.07292707292707293,0.03996003996003996,0.030969030969030968,0.015984015984015984,0.16183816183816183,0.00999000999000999,0.003996003996003996,0.007992007992007992,0.06393606393606394,0.005994005994005994,0.31868131868131866,0.36063936063936064,0.012987012987012988,0.4255744255744256,0.017982017982017984,0.15284715284715283,0.1798201798201798
2024-11-18,0.01098901098901099,0.07792207792207792,0.03196803196803197,0.030969030969030968,0.04095904095904096,0.16183816183816183,0.00999000999000999,0.003996003996003996,0.007992007992007992,0.06393606393606394,0.005994005994005994,0.31868131868131866,0.24475524475524477,0.003996003996003996,0.4725274725274725,0.00999000999000999,0.12187812187812187,0.25074925074925075
2024-11-19,0.01098901098901099,0.07792207792207792,0.03196803196803197,0.023976023976023976,0.04095904095904096,0.16183816183816183,0.00999000999000999,0.003996003996003996,0.007992007992007992,0.09090909090909091,0.01098901098901099,0.2597402597402597,0.24475524475524477,0.003996003996003996,0.4725274725274725,0.008991008991008992,0.14685314685314685,0.22077922077922077
2024-11-20,0.01098901098901099,0.07892107892107893,0.03196803196803197,0.023976023976023976,0.04095904095904096,0.16183816183816183,0.00999000999000999,0.003996003996003996,0.007992007992007992,0.0969030969030969,0.01098901098901099,0.2597402597402597,0.24475524475524477,0.005994005994005994,0.4725274725274725,0.008991008991008992,0.1048951048951049,0.22077922077922077
2024-11-21,0.01098901098901099,0.07892107892107893,0.03196803196803197,0.023976023976023976,0.04095904095904096,0.24775224775224775,0.00999000999000999,0.003996003996003996,0.007992007992007992,0.0969030969030969,0.01098901098901099,0.2597402597402597,0.24475524475524477,0.005994005994005994,0.4725274725274725,0.008991008991008992,0.1048951048951049,0.22077922077922077
2024-11-22,0.01098901098901099,0.07892107892107893,0.03196803196803197,0.023976023976023976,0.03996003996003996,0.24775224775224775,0.00999000999000999,0.003996003996003996,0.003996003996003996,0.0969030969030969,0.01098901098901099,0.2597402597402597,0.24475524475524477,0.005994005994005994,0.4725274725274725,0.008991008991008992,0.1048951048951049,0.22077922077922077
2024-11-25,0.01098901098901099,0.07892107892107893,0.03896103896103896,0.023976023976023976,0.03996003996003996,0.24775224775224775,0.00999000999000999,0.003996003996003996,0.003996003996003996,0.0969030969030969,0.01098901098901099,0.2597402597402597,0.24475524475524477,0.005994005994005994,0.4725274725274725,0.008991008991008992,0.1048951048951049,0.22077922077922077
2024-11-26,0.01098901098901099,0.07892107892107893,0.058941058941058944,0.023976023976023976,0.03996003996003996,0.24775224775224775,0.00999000999000999,0.003996003996003996,0.003996003996003996,0.056943056943056944,0.005994005994005994,0.33466533466533466,0.24475524475524477,0.005994005994005994,0.4725274725274725,0.00999000999000999,0.1048951048951049,0.22077922077922077
2024-11-27,0.01098901098901099,0.07892107892107893,0.058941058941058944,0.023976023976023976,0.03996003996003996,0.24775224775224775,0.00999000999000999,0.003996003996003996,0.003996003996003996,0.04795204795204795,0.005994005994005994,0.33466533466533466,0.24475524475524477,0.005994005994005994,0.4725274725274725,0.00999000999000999,0.1048951048951049,0.22077922077922077
2024-11-29,0.01098901098901099,0.07892107892107893,0.058941058941058944,0.023976023976023976,0.03996003996003996,0.24775224775224775,0.00999000999000999,0.003996003996003996,0.003996003996003996,0.04795204795204795,0.005994005994005994,0.33466533466533466,0.24475524475524477,0.005994005994005994,0.4725274725274725,0.00999000999000999,0.1048951048951049,0.22077922077922077
2024-12-02,0.01098901098901099,0.07892107892107893,0.058941058941058944,0.023976023976023976,0.03996003996003996,0.24775224775224775,0.00999000999000999,0.003996003996003996,0.003996003996003996,0.04795204795204795,0.005994005994005994,0.33466533466533466,0.24475524475524477,0.005994005994005994,0.4725274725274725,0.013986013986013986,0.15984015984015984,0.32867132867132864
2024-12-03,0.01098901098901099,0.07892107892107893,0.06693306693306693,0.023976023976023976,0.03996003996003996,0.24775224775224775,0.007992007992007992,0.003996003996003996,0.005994005994005994,0.04795204795204795,0.005994005994005994,0.33466533466533466,0.24475524475524477,0.005994005994005994,0.4725274725274725,0.013986013986013986,0.15984015984015984,0.32867132867132864
2024-12-04,0.01098901098901099,0.07892107892107893,0.06693306693306693,0.023976023976023976,0.03996003996003996,0.24775224775224775,0.007992007992007992,0.003996003996003996,0.005994005994005994,0.04795204795204795,0.005994005994005994,0.33466533466533466,0.2627372627372627,0.005994005994005994,0.2817182817182817,0.013986013986013986,0.25374625374625376,0.32867132867132864
2024-12-05,0.016983016983016984,0.07292707292707293,0.057942057942057944,0.023976023976023976,0.03996003996003996,0.24775224775224775,0.007992007992007992,0.003996003996003996,0.005994005994005994,0.061938061938061936,0.008991008991008992,0.23476523476523475,0.2597402597402597,0.005994005994005994,0.2817182817182817,0.013986013986013986,0.25374625374625376,0.25774225774225773
2024-12-06,0.016983016983016984,0.07292707292707293,0.057942057942057944,0.023976023976023976,0.03996003996003996,0.24775224775224775,0.007992007992007992,0.003996003996003996,0.002997002997002997,0.060939060939060936,0.002997002997002997,0.3126873126873127,0.3066933066933067,0.015984015984015984,0.25774225774225773,0.014985014985014986,0.3016983016983017,0.2777222777222777
2024-12-09,0.016983016983016984,0.07292707292707293,0.057942057942057944,0.023976023976023976,0.03996003996003996,0.24775224775224775,0.008991008991008992,0.003996003996003996,0.002997002997002997,0.03496503496503497,0.01098901098901099,0.15984015984015984,0.3066933066933067,0.03696303696303696,0.25774225774225773,0.014985014985014986,0.3756243756243756,0.2777222777222777
2024-12-10,0.016983016983016984,0.07292707292707293,0.057942057942057944,0.023976023976023976,0.03996003996003996,0.24775224775224775,0.011988011988011988,0.003996003996003996,0.000999000999000999,0.03496503496503497,0.01098901098901099,0.15984015984015984,0.3066933066933067,0.03696303696303696,0.25774225774225773,0.04095904095904096,0.5754245754245755,0.2777222777222777
2024-12-11,0.017982017982017984,0.07492507492507493,0.056943056943056944,0.023976023976023976,0.03996003996003996,0.22977022977022976,0.011988011988011988,0.003996003996003996,0.002997002997002997,0.03496503496503497,0.01098901098901099,0.15984015984015984,0.3066933066933067,0.03696303696303696,0.24975024975024976,0.04095904095904096,0.5754245754245755,0.2777222777222777
2024-12-12,0.01098901098901099,0.07492507492507493,0.056943056943056944,0.023976023976023976,0.03996003996003996,0.22977022977022976,0.011988011988011988,0.003996003996003996,0.002997002997002997,0.03496503496503497,0.01098901098901099,0.15984015984015984,0.22977022977022976,0.04495504495504495,0.1108891108891109,0.024975024975024976,0.37662337662337664,0.23076923076923078
2024-12-13,0.01098901098901099,0.07492507492507493,0.056943056943056944,0.023976023976023976,0.03996003996003996,0.2987012987012987,0.011988011988011988,0.003996003996003996,0.002997002997002997,0.04195804195804196,0.01098901098901099,0.15984015984015984,0.22977022977022976,0.04095904095904096,0.1108891108891109,0.024975024975024976,0.37662337662337664,0.23076923076923078
2024-12-16,0.01098901098901099,0.07492507492507493,0.056943056943056944,0.023976023976023976,0.03996003996003996,0.2987012987012987,0.011988011988011988,0.003996003996003996,0.002997002997002997,0.04195804195804196,0.01098901098901099,0.15984015984015984,0.22977022977022976,0.04095904095904096,0.03696303696303696,0.024975024975024976,0.37662337662337664,0.24775224775224775
2024-12-17,0.01098901098901099,0.03196803196803197,0.056943056943056944,0.023976023976023976,0.03996003996003996,0.2777222777222777,0.011988011988011988,0.003996003996003996,0.002997002997002997,0.061938061938061936,0.01998001998001998,0.0989010989010989,0.3146853146853147,0.017982017982017984,0.01998001998001998,0.04195804195804196,0.4405594405594406,0.2757242757242757
2024-12-18,0.01098901098901099,0.03196803196803197,0.056943056943056944,0.023976023976023976,0.03996003996003996,0.2777222777222777,0.011988011988011988,0.003996003996003996,0.002997002997002997,0.061938061938061936,0.01998001998001998,0.0989010989010989,0.3146853146853147,0.017982017982017984,0.01998001998001998,0.04195804195804196,0.4405594405594406,0.2757242757242757
2024-12-19,0.011988011988011988,0.055944055944055944,0.02097902097902098,0.03496503496503497,0.06593406593406594,0.2597402597402597,0.012987012987012988,0.002997002997002997,0.002997002997002997,0.03996003996003996,0.02097902097902098,0.0899100899100899,0.1798201798201798,0.014985014985014986,0.005994005994005994,0.055944055944055944,0.21078921078921078,0.3646353646353646
2024-12-20,0.011988011988011988,0.055944055944055944,0.02097902097902098,0.03496503496503497,0.06593406593406594,0.37962037962037964,0.012987012987012988,0.002997002997002997,0.002997002997002997,0.03996003996003996,0.024975024975024976,0.0899100899100899,0.1798201798201798,0.014985014985014986,0.005994005994005994,0.055944055944055944,0.21078921078921078,0.3646353646353646
2024-12-23,0.023976023976023976,0.08191808191808192,0.028971028971028972,0.05194805194805195,0.10989010989010989,0.7322677322677322,0.011988011988011988,0.003996003996003996,0.007992007992007992,0.03696303696303696,0.024975024975024976,0.0899100899100899,0.1838161838161838,0.026973026973026972,0.025974025974025976,0.0899100899100899,0.21578421578421578,0.3386613386613387
2024-12-24,0.023976023976023976,0.08191808191808192,0.028971028971028972,0.05194805194805195,0.10989010989010989,0.7322677322677322,0.011988011988011988,0.003996003996003996,0.007992007992007992,0.03696303696303696,0.024975024975024976,0.0899100899100899,0.1838161838161838,0.026973026973026972,0.025974025974025976,0.16983016983016982,0.21578421578421578,0.3386613386613387
2024-12-26,0.023976023976023976,0.08191808191808192,0.028971028971028972,0.05194805194805195,0.10989010989010989,0.7322677322677322,0.011988011988011988,0.003996003996003996,0.007992007992007992,0.03696303696303696,0.024975024975024976,0.0899100899100899,0.1838161838161838,0.026973026973026972,0.025974025974025976,0.16983016983016982,0.21578421578421578,0.3386613386613387
2024-12-27,0.023976023976023976,0.08191808191808192,0.028971028971028972,0.05194805194805195,0.10989010989010989,0.7322677322677322,0.011988011988011988,0.003996003996003996,0.007992007992007992,0.03696303696303696,0.024975024975024976,0.0899100899100899,0.1838161838161838,0.026973026973026972,0.025974025974025976,0.16983016983016982,0.21578421578421578,0.3386613386613387
2024-12-30,0.016983016983016984,0.08591408591408592,0.028971028971028972,0.059940059940059943,0.10989010989010989,0.7322677322677322,0.011988011988011988,0.003996003996003996,0.007992007992007992,0.03696303696303696,0.024975024975024976,0.0899100899100899,0.1838161838161838,0.026973026973026972,0.025974025974025976,0.14385614385614387,0.21578421578421578,0.3386613386613387
2024-12-31,0.016983016983016984,0.08591408591408592,0.028971028971028972,0.04495504495504495,0.10989010989010989,0.7322677322677322,0.011988011988011988,0.003996003996003996,0.007992007992007992,0.03696303696303696,0.024975024975024976,0.08891108891108891,0.14385614385614387,0.01998001998001998,0.015984015984015984,0.08791208791208792,0.22677322677322678,0.2857142857142857
2025-01-02,0.016983016983016984,0.08591408591408592,0.028971028971028972,0.04495504495504495,0.10989010989010989,0.7322677322677322,0.011988011988011988,0.003996003996003996,0.007992007992007992,0.03696303696303696,0.024975024975024976,0.08891108891108891,0.14385614385614387,0.01998001998001998,0.015984015984015984,0.08791208791208792,0.22677322677322678,0.2857142857142857
2025-01-03,0.061938061938061936,0.15084915084915085,0.056943056943056944,0.07192807192807193,0.10989010989010989,0.7322677322677322,0.011988011988011988,0.003996003996003996,0.007992007992007992,0.03696303696303696,0.024975024975024976,0.08891108891108891,0.14385614385614387,0.01998001998001998,0.015984015984015984,0.08791208791208792,0.22677322677322678,0.2857142857142857
2025-01-06,0.061938061938061936,0.15084915084915085,0.056943056943056944,0.08891108891108891,0.15084915084915085,0.7672327672327672,0.014985014985014986,0.003996003996003996,0.002997002997002997,0.03696303696303696,0.024975024975024976,0.08891108891108891,0.14385614385614387,0.01998001998001998,0.015984015984015984,0.08791208791208792,0.22677322677322678,0.2857142857142857
2025-01-07,0.061938061938061936,0.15084915084915085,0.056943056943056944,0.08891108891108891,0.1008991008991009,0.7672327672327672,0.014985014985014986,0.003996003996003996,0.002997002997002997,0.04995004995004995,0.03396603396603397,0.06493506493506493,0.14385614385614387,0.01998001998001998,0.016983016983016984,0.052947052947052944,0.15584415584415584,0.18281718281718282
2025-01-08,0.030969030969030968,0.07892107892107893,0.08591408591408592,0.061938061938061936,0.1108891108891109,0.5644355644355644,0.014985014985014986,0.003996003996003996,0.002997002997002997,0.04995004995004995,0.03396603396603397,0.06493506493506493,0.14385614385614387,0.01998001998001998,0.016983016983016984,0.052947052947052944,0.15584415584415584,0.18281718281718282
2025-01-10,0.030969030969030968,0.07892107892107893,0.08591408591408592,0.061938061938061936,0.1108891108891109,0.5644355644355644,0.014985014985014986,0.003996003996003996,0.002997002997002997,0.059940059940059943,0.03396603396603397,0.060939060939060936,0.34065934065934067,0.01998001998001998,0.016983016983016984,0.052947052947052944,0.15584415584415584,0.18281718281718282
2025-01-13,0.027972027972027972,0.04095904095904096,0.06893106893106893,0.061938061938061936,0.1108891108891109,0.5644355644355644,0.01098901098901099,0.007992007992007992,0.005994005994005994,0.059940059940059943,0.014985014985014986,0.060939060939060936,0.34065934065934067,0.01998001998001998,0.016983016983016984,0.026973026973026972,0.16783216783216784,0.19880119880119881
2025-01-14,0.027972027972027972,0.04095904095904096,0.06893106893106893,0.061938061938061936,0.1108891108891109,0.5644355644355644,0.01098901098901099,0.007992007992007992,0.005994005994005994,0.059940059940059943,0.014985014985014986,0.060939060939060936,0.34065934065934067,0.01998001998001998,0.016983016983016984,0.06793206793206794,0.16783216783216784,0.19880119880119881
2025-01-15,0.027972027972027972,0.04095904095904096,0.06893106893106893,0.061938061938061936,0.1108891108891109,0.5644355644355644,0.01098901098901099,0.006993006993006993,0.005994005994005994,0.059940059940059943,0.014985014985014986,0.060939060939060936,0.2857142857142857,0.01098901098901099,0.008991008991008992,0.06793206793206794,0.16783216783216784,0.19880119880119881
2025-01-16,0.027972027972027972,0.04095904095904096,0.06893106893106893,0.03596403596403597,0.1108891108891109,0.5644355644355644,0.01098901098901099,0.006993006993006993,0.005994005994005994,0.059940059940059943,0.014985014985014986,0.060939060939060936,0.2857142857142857,0.007992007992007992,0.008991008991008992,0.06793206793206794,0.16783216783216784,0.19880119880119881
2025-01-17,0.07192807192807193,0.04095904095904096,0.06893106893106893,0.03596403596403597,0.1108891108891109,0.5644355644355644,0.01098901098901099,0.005994005994005994,0.005994005994005994,0.08491508491508491,0.014985014985014986,0.07992007992007992,0.3006993006993007,0.012987012987012988,0.008991008991008992,0.06793206793206794,0.16783216783216784,0.19880119880119881
2025-01-21,0.07192807192807193,0.04095904095904096,0.06893106893106893,0.03596403596403597,0.1108891108891109,0.5644355644355644,0.01098901098901099,0.005994005994005994,0.005994005994005994,0.08491508491508491,0.014985014985014986,0.07992007992007992,0.3006993006993007,0.012987012987012988,0.008991008991008992,0.06793206793206794,0.16783216783216784,0.19880119880119881
2025-01-22,0.14485514485514486,0.04095904095904096,0.06893106893106893,0.03596403596403597,0.1108891108891109,0.5644355644355644,0.01098901098901099,0.005994005994005994,0.005994005994005994,0.08491508491508491,0.024975024975024976,0.06793206793206794,0.3006993006993007,0.012987012987012988,0.008991008991008992,0.06793206793206794,0.16783216783216784,0.19880119880119881
2025-01-23,0.14485514485514486,0.04095904095904096,0.06893106893106893,0.03596403596403597,0.1108891108891109,0.7782217782217782,0.01098901098901099,0.008991008991008992,0.005994005994005994,0.055944055944055944,0.01098901098901099,0.03796203796203796,0.47152847152847155,0.005994005994005994,0.016983016983016984,0.06793206793206794,0.16783216783216784,0.16583416583416583
2025-01-24,0.14485514485514486,0.04095904095904096,0.06893106893106893,0.03596403596403597,0.1108891108891109,0.7262737262737263,0.01098901098901099,0.008991008991008992,0.005994005994005994,0.055944055944055944,0.01098901098901099,0.03796203796203796,0.47152847152847155,0.005994005994005994,0.016983016983016984,0.06793206793206794,0.16783216783216784,0.16583416583416583
2025-01-27,0.14485514485514486,0.04095904095904096,0.058941058941058944,0.03596403596403597,0.1108891108891109,0.6153846153846154,0.01098901098901099,0.008991008991008992,0.002997002997002997,0.055944055944055944,0.01098901098901099,0.054945054945054944,0.2997002997002997,0.005994005994005994,0.016983016983016984,0.06793206793206794,0.16783216783216784,0.16583416583416583
2025-01-28,0.08591408591408592,0.026973026973026972,0.09490509490509491,0.03596403596403597,0.1108891108891109,0.6153846153846154,0.01098901098901099,0.008991008991008992,0.002997002997002997,0.055944055944055944,0.01098901098901099,0.054945054945054944,0.33766233766233766,0.00999000999000999,0.02197802197802198,0.058941058941058944,0.22277722277722278,0.1878121878121878
2025-01-29,0.08591408591408592,0.026973026973026972,0.09490509490509491,0.022977022977022976,0.13686313686313686,0.7142857142857143,0.01098901098901099,0.008991008991008992,0.002997002997002997,0.08591408591408592,0.01098901098901099,0.054945054945054944,0.38161838161838163,0.007992007992007992,0.02197802197802198,0.052947052947052944,0.24275724275724275,0.1888111888111888
2025-01-30,0.08591408591408592,0.026973026973026972,0.09490509490509491,0.022977022977022976,0.13686313686313686,0.7142857142857143,0.01098901098901099,0.008991008991008992,0.002997002997002997,0.08591408591408592,0.01098901098901099,0.054945054945054944,0.38161838161838163,0.007992007992007992,0.02197802197802198,0.052947052947052944,0.24275724275724275,0.1888111888111888
2025-01-31,0.08591408591408592,0.07792207792207792,0.09490509490509491,0.022977022977022976,0.13686313686313686,0.7142857142857143,0.01098901098901099,0.008991008991008992,0.002997002997002997,0.08591408591408592,0.01098901098901099,0.054945054945054944,0.38161838161838163,0.007992007992007992,0.02197802197802198,0.052947052947052944,0.24275724275724275,0.1888111888111888
2025-02-03,0.07092907092907093,0.07792207792207792,0.09490509490509491,0.022977022977022976,0.13686313686313686,0.7142857142857143,0.01098901098901099,0.008991008991008992,0.002997002997002997,0.07592407592407592,0.01898101898101898,0.06293706293706294,0.38161838161838163,0.007992007992007992,0.03496503496503497,0.052947052947052944,0.24275724275724275,0.1888111888111888
2025-02-04,0.15184815184815184,0.060939060939060936,0.12287712287712288,0.04895104895104895,0.11788211788211789,0.7982017982017982,0.023976023976023976,0.007992007992007992,0.008991008991008992,0.0919080919080919,0.02097902097902098,0.09290709290709291,0.38161838161838163,0.007992007992007992,0.03496503496503497,0.052947052947052944,0.24275724275724275,0.1888111888111888
2025-02-05,0.15184815184815184,0.060939060939060936,0.12287712287712288,0.04895104895104895,0.11788211788211789,0.7982017982017982,0.023976023976023976,0.007992007992007992,0.008991008991008992,0.0919080919080919,0.02097902097902098,0.09290709290709291,0.38161838161838163,0.007992007992007992,0.03496503496503497,0.052947052947052944,0.24275724275724275,0.1888111888111888
2025-02-06,0.15184815184815184,0.060939060939060936,0.12287712287712288,0.04895104895104895,0.1878121878121878,0.7982017982017982,0.023976023976023976,0.007992007992007992,0.008991008991008992,0.0919080919080919,0.02097902097902098,0.09290709290709291,0.38161838161838163,0.007992007992007992,0.03496503496503497,0.052947052947052944,0.24275724275724275,0.1888111888111888
2025-02-07,0.15184815184815184,0.060939060939060936,0.12287712287712288,0.06293706293706294,0.2177822177822178,0.922077922077922,0.023976023976023976,0.007992007992007992,0.005994005994005994,0.060939060939060936,0.02097902097902098,0.06893106893106893,0.38161838161838163,0.007992007992007992,0.03696303696303696,0.052947052947052944,0.24275724275724275,0.1888111888111888
2025-02-10,0.14085914085914086,0.060939060939060936,0.12287712287712288,0.03396603396603397,0.2597402597402597,0.7652347652347652,0.023976023976023976,0.007992007992007992,0.005994005994005994,0.060939060939060936,0.02097902097902098,0.07192807192807193,0.38161838161838163,0.007992007992007992,0.03696303696303696,0.07192807192807193,0.24275724275724275,0.1888111888111888
2025-02-11,0.14085914085914086,0.060939060939060936,0.12287712287712288,0.03396603396603397,0.2597402597402597,0.7652347652347652,0.04195804195804196,0.012987012987012988,0.005994005994005994,0.060939060939060936,0.02097902097902098,0.07192807192807193,0.38161838161838163,0.007992007992007992,0.03696303696303696,0.07192807192807193,0.24275724275724275,0.1888111888111888
2025-02-12,0.14085914085914086,0.060939060939060936,0.12287712287712288,0.07392607392607392,0.2597402597402597,0.7652347652347652,0.04195804195804196,0.012987012987012988,0.005994005994005994,0.060939060939060936,0.02097902097902098,0.07192807192807193,0.38161838161838163,0.007992007992007992,0.03696303696303696,0.07192807192807193,0.24275724275724275,0.1888111888111888
2025-02-13,0.14085914085914086,0.060939060939060936,0.12287712287712288,0.07392607392607392,0.2597402597402597,0.945054945054945,0.04195804195804196,0.012987012987012988,0.005994005994005994,0.061938061938061936,0.017982017982017984,0.053946053946053944,0.38161838161838163,0.007992007992007992,0.03696303696303696,0.1028971028971029,0.2967032967032967,0.27372627372627373
2025-02-14,0.14085914085914086,0.060939060939060936,0.12287712287712288,0.07392607392607392,0.2597402597402597,0.945054945054945,0.04195804195804196,0.012987012987012988,0.005994005994005994,0.061938061938061936,0.017982017982017984,0.053946053946053944,0.38161838161838163,0.007992007992007992,0.03696303696303696,0.1028971028971029,0.2967032967032967,0.27372627372627373
2025-02-18,0.2597402597402597,0.055944055944055944,0.13086913086913088,0.13586413586413587,0.36663336663336665,0.9370629370629371,0.06593406593406594,0.014985014985014986,0.008991008991008992,0.061938061938061936,0.017982017982017984,0.053946053946053944,0.3966033966033966,0.004995004995004995,0.023976023976023976,0.1028971028971029,0.2907092907092907,0.3106893106893107
2025-02-19,0.2597402597402597,0.055944055944055944,0.13086913086913088,0.13586413586413587,0.36663336663336665,0.9370629370629371,0.06593406593406594,0.014985014985014986,0.008991008991008992,0.061938061938061936,0.017982017982017984,0.053946053946053944,0.3966033966033966,0.00999000999000999,0.023976023976023976,0.1028971028971029,0.2907092907092907,0.3106893106893107
2025-02-20,0.2597402597402597,0.055944055944055944,0.13086913086913088,0.13586413586413587,0.36663336663336665,0.9460539460539461,0.06593406593406594,0.014985014985014986,0.008991008991008992,0.061938061938061936,0.017982017982017984,0.053946053946053944,0.3966033966033966,0.00999000999000999,0.023976023976023976,0.1028971028971029,0.2907092907092907,0.3106893106893107
2025-02-21,0.2597402597402597,0.055944055944055944,0.13086913086913088,0.13586413586413587,0.36663336663336665,0.9460539460539461,0.05094905094905095,0.003996003996003996,0.012987012987012988,0.061938061938061936,0.017982017982017984,0.053946053946053944,0.3966033966033966,0.00999000999000999,0.023976023976023976,0.21078921078921078,0.2907092907092907,0.3106893106893107
2025-02-24,0.1028971028971029,0.01998001998001998,0.058941058941058944,0.11888111888111888,0.4095904095904096,0.975024975024975,0.026973026973026972,0.000999000999000999,0.01098901098901099,0.03896103896103896,0.013986013986013986,0.08691308691308691,0.3966033966033966,0.014985014985014986,0.023976023976023976,0.3196803196803197,0.2907092907092907,0.3106893106893107
2025-02-25,0.1028971028971029,0.01998001998001998,0.05094905094905095,0.11888111888111888,0.4095904095904096,0.975024975024975,0.026973026973026972,0.000999000999000999,0.01098901098901099,0.03896103896103896,0.013986013986013986,0.08691308691308691,0.3966033966033966,0.014985014985014986,0.023976023976023976,0.22977022977022976,0.2907092907092907,0.3106893106893107
2025-02-26,0.1028971028971029,0.01998001998001998,0.05094905094905095,0.22077922077922077,0.4095904095904096,0.975024975024975,0.026973026973026972,0.000999000999000999,0.00999000999000999,0.03896103896103896,0.013986013986013986,0.08691308691308691,0.3966033966033966,0.014985014985014986,0.023976023976023976,0.22977022977022976,0.2907092907092907,0.3106893106893107
2025-02-27,0.1878121878121878,0.01998001998001998,0.05094905094905095,0.23776223776223776,0.4095904095904096,0.975024975024975,0.026973026973026972,0.000999000999000999,0.00999000999000999,0.03896103896103896,0.013986013986013986,0.08691308691308691,0.4695304695304695,0.014985014985014986,0.023976023976023976,0.13386613386613386,0.28471528471528473,0.2787212787212787
2025-02-28,0.09490509490509491,0.011988011988011988,0.06693306693306693,0.14185814185814186,0.4835164835164835,0.989010989010989,0.026973026973026972,0.000999000999000999,0.006993006993006993,0.03896103896103896,0.013986013986013986,0.08691308691308691,0.4695304695304695,0.014985014985014986,0.003996003996003996,0.13386613386613386,0.28471528471528473,0.2787212787212787
2025-03-03,0.09490509490509491,0.011988011988011988,0.06693306693306693,0.14185814185814186,0.4835164835164835,0.989010989010989,0.026973026973026972,0.000999000999000999,0.006993006993006993,0.03896103896103896,0.012987012987012988,0.08691308691308691,0.4695304695304695,0.003996003996003996,0.003996003996003996,0.13386613386613386,0.28471528471528473,0.2787212787212787
2025-03-04,0.07092907092907093,0.012987012987012988,0.08691308691308691,0.1108891108891109,0.6753246753246753,0.932067932067932,0.029970029970029972,0.000999000999000999,0.022977022977022976,0.04095904095904096,0.023976023976023976,0.07592407592407592,0.4695304695304695,0.003996003996003996,0.003996003996003996,0.13386613386613386,0.28471528471528473,0.2787212787212787
2025-03-05,0.07092907092907093,0.012987012987012988,0.08691308691308691,0.08891108891108891,0.6033966033966034,0.9180819180819181,0.04295704295704296,0.003996003996003996,0.03196803196803197,0.04095904095904096,0.023976023976023976,0.07592407592407592,0.4695304695304695,0.003996003996003996,0.006993006993006993,0.1018981018981019,0.27672327672327673,0.4035964035964036
2025-03-06,0.07092907092907093,0.012987012987012988,0.08691308691308691,0.08891108891108891,0.6033966033966034,0.9180819180819181,0.04295704295704296,0.003996003996003996,0.03196803196803197,0.04695304695304695,0.023976023976023976,0.07592407592407592,0.4695304695304695,0.003996003996003996,0.006993006993006993,0.1018981018981019,0.27672327672327673,0.4035964035964036
2025-03-07,0.024975024975024976,0.008991008991008992,0.06993006993006994,0.04795204795204795,0.7522477522477522,0.7872127872127872,0.03996003996003996,0.003996003996003996,0.059940059940059943,0.04695304695304695,0.008991008991008992,0.055944055944055944,0.44555444555444557,0.003996003996003996,0.005994005994005994,0.1018981018981019,0.27672327672327673,0.4035964035964036
2025-03-10,0.02097902097902098,0.005994005994005994,0.1038961038961039,0.04495504495504495,0.7482517482517482,0.8031968031968032,0.03996003996003996,0.003996003996003996,0.059940059940059943,0.04695304695304695,0.008991008991008992,0.055944055944055944,0.44555444555444557,0.006993006993006993,0.005994005994005994,0.1928071928071928,0.27672327672327673,0.4035964035964036
2025-03-11,0.04095904095904096,0.007992007992007992,0.07292707292707293,0.06393606393606394,0.47952047952047955,0.48951048951048953,0.04895104895104895,0.003996003996003996,0.06493506493506493,0.04695304695304695,0.008991008991008992,0.055944055944055944,0.4095904095904096,0.001998001998001998,0.003996003996003996,0.3156843156843157,0.27672327672327673,0.4035964035964036
2025-03-12,0.03396603396603397,0.007992007992007992,0.07292707292707293,0.06393606393606394,0.47952047952047955,0.48951048951048953,0.04895104895104895,0.003996003996003996,0.06493506493506493,0.054945054945054944,0.012987012987012988,0.055944055944055944,0.4095904095904096,0.001998001998001998,0.007992007992007992,0.2867132867132867,0.31368631368631367,0.37662337662337664
2025-03-13,0.03396603396603397,0.007992007992007992,0.058941058941058944,0.06393606393606394,0.47952047952047955,0.48951048951048953,0.04895104895104895,0.003996003996003996,0.06493506493506493,0.054945054945054944,0.012987012987012988,0.055944055944055944,0.5214785214785215,0.001998001998001998,0.007992007992007992,0.3126873126873127,0.36063936063936064,0.4255744255744256
2025-03-14,0.06893106893106893,0.007992007992007992,0.058941058941058944,0.04695304695304695,0.2937062937062937,0.38461538461538464,0.04895104895104895,0.003996003996003996,0.07692307692307693,0.054945054945054944,0.012987012987012988,0.055944055944055944,0.5214785214785215,0.001998001998001998,0.007992007992007992,0.3126873126873127,0.36063936063936064,0.4255744255744256
2025-03-17,0.06893106893106893,0.007992007992007992,0.058941058941058944,0.04695304695304695,0.2937062937062937,0.38461538461538464,0.04895104895104895,0.003996003996003996,0.07692307692307693,0.054945054945054944,0.012987012987012988,0.055944055944055944,0.5214785214785215,0.001998001998001998,0.007992007992007992,0.3126873126873127,0.36063936063936064,0.4255744255744256
2025-03-18,0.06893106893106893,0.007992007992007992,0.058941058941058944,0.028971028971028972,0.2937062937062937,0.38461538461538464,0.04895104895104895,0.003996003996003996,0.07692307692307693,0.054945054945054944,0.012987012987012988,0.055944055944055944,0.5214785214785215,0.001998001998001998,0.007992007992007992,0.3126873126873127,0.36063936063936064,0.4255744255744256
2025-03-19,0.06893106893106893,0.007992007992007992,0.058941058941058944,0.024975024975024976,0.2937062937062937,0.38461538461538464,0.03596403596403597,0.003996003996003996,0.07692307692307693,0.054945054945054944,0.012987012987012988,0.055944055944055944,0.5214785214785215,0.001998001998001998,0.007992007992007992,0.3756243756243756,0.36063936063936064,0.4255744255744256
2025-03-20,0.06893106893106893,0.007992007992007992,0.058941058941058944,0.024975024975024976,0.25874125874125875,0.38461538461538464,0.03596403596403597,0.003996003996003996,0.07692307692307693,0.054945054945054944,0.012987012987012988,0.055944055944055944,0.5214785214785215,0.001998001998001998,0.007992007992007992,0.3756243756243756,0.36063936063936064,0.38161838161838163
2025-03-21,0.06893106893106893,0.007992007992007992,0.058941058941058944,0.024975024975024976,0.25874125874125875,0.38461538461538464,0.03596403596403597,0.003996003996003996,0.07692307692307693,0.054945054945054944,0.012987012987012988,0.055944055944055944,0.5214785214785215,0.001998001998001998,0.007992007992007992,0.3756243756243756,0.36063936063936064,0.38161838161838163
2025-03-24,0.06893106893106893,0.007992007992007992,0.058941058941058944,0.024975024975024976,0.25874125874125875,0.38461538461538464,0.03596403596403597,0.003996003996003996,0.07692307692307693,0.054945054945054944,0.012987012987012988,0.055944055944055944,0.5214785214785215,0.001998001998001998,0.007992007992007992,0.3756243756243756,0.36063936063936064,0.5574425574425574
2025-03-25,0.06893106893106893,0.007992007992007992,0.058941058941058944,0.024975024975024976,0.25874125874125875,0.38461538461538464,0.03596403596403597,0.003996003996003996,0.07692307692307693,0.054945054945054944,0.012987012987012988,0.055944055944055944,0.5214785214785215,0.001998001998001998,0.007992007992007992,0.3756243756243756,0.36063936063936064,0.5574425574425574
2025-03-26,0.02097902097902098,0.007992007992007992,0.058941058941058944,0.024975024975024976,0.25874125874125875,0.38461538461538464,0.03596403596403597,0.003996003996003996,0.07692307692307693,0.054945054945054944,0.012987012987012988,0.055944055944055944,0.3676323676323676,0.000999000999000999,0.011988011988011988,0.5494505494505495,0.47052947052947053,0.5574425574425574
2025-03-27,0.02097902097902098,0.007992007992007992,0.07992007992007992,0.023976023976023976,0.27172827172827174,0.38461538461538464,0.03196803196803197,0.008991008991008992,0.12987012987012986,0.054945054945054944,0.012987012987012988,0.055944055944055944,0.3676323676323676,0.000999000999000999,0.011988011988011988,0.5494505494505495,0.47052947052947053,0.5574425574425574
2025-03-28,0.02097902097902098,0.007992007992007992,0.07992007992007992,0.023976023976023976,0.27172827172827174,0.3226773226773227,0.03196803196803197,0.008991008991008992,0.22277722277722278,0.054945054945054944,0.012987012987012988,0.055944055944055944,0.3676323676323676,0.000999000999000999,0.011988011988011988,0.5494505494505495,0.46853146853146854,0.5574425574425574
2025-03-31,0.03196803196803197,0.015984015984015984,0.09490509490509491,0.01898101898101898,0.2787212787212787,0.1918081918081918,0.06593406593406594,0.016983016983016984,0.25774225774225773,0.054945054945054944,0.012987012987012988,0.055944055944055944,0.3676323676323676,0.000999000999000999,0.011988011988011988,0.5494505494505495,0.46853146853146854,0.5574425574425574
2025-04-01,0.03196803196803197,0.015984015984015984,0.09490509490509491,0.01898101898101898,0.2787212787212787,0.1918081918081918,0.06593406593406594,0.016983016983016984,0.25774225774225773,0.054945054945054944,0.012987012987012988,0.055944055944055944,0.3676323676323676,0.000999000999000999,0.011988011988011988,0.5494505494505495,0.46853146853146854,0.5574425574425574
2025-04-02,0.03196803196803197,0.015984015984015984,0.09490509490509491,0.01898101898101898,0.2787212787212787,0.1918081918081918,0.06593406593406594,0.016983016983016984,0.25774225774225773,0.054945054945054944,0.012987012987012988,0.055944055944055944,0.41358641358641357,0.003996003996003996,0.012987012987012988,0.5494505494505495,0.46853146853146854,0.5574425574425574
2025-04-03,0.03196803196803197,0.015984015984015984,0.09490509490509491,0.01898101898101898,0.2787212787212787,0.1048951048951049,0.06593406593406594,0.016983016983016984,0.25774225774225773,0.054945054945054944,0.012987012987012988,0.055944055944055944,0.41358641358641357,0.003996003996003996,0.012987012987012988,0.6543456543456544,0.47952047952047955,0.5574425574425574
2025-04-04,0.04395604395604396,0.00999000999000999,0.08491508491508491,0.007992007992007992,0.43156843156843155,0.16283716283716285,0.07392607392607392,0.030969030969030968,0.22677322677322678,0.07292707292707293,0.016983016983016984,0.06893106893106893,0.6093906093906094,0.002997002997002997,0.027972027972027972,0.7132867132867133,0.47952047952047955,0.5574425574425574
2025-04-07,0.03396603396603397,0.008991008991008992,0.08291708291708291,0.006993006993006993,0.45754245754245754,0.08791208791208792,0.11488511488511488,0.04195804195804196,0.20279720279720279,0.08791208791208792,0.03296703296703297,0.0989010989010989,0.3876123876123876,0.000999000999000999,0.03496503496503497,0.916083916083916,0.7342657342657343,0.7802197802197802
2025-04-08,0.05194805194805195,0.011988011988011988,0.08691308691308691,0.006993006993006993,0.45754245754245754,0.17382617382617382,0.13886113886113885,0.04195804195804196,0.34065934065934067,0.08791208791208792,0.03296703296703297,0.0989010989010989,0.5724275724275725,0.001998001998001998,0.04495504495504495,0.916083916083916,0.8451548451548452,0.942057942057942
2025-04-09,0.04895104895104895,0.011988011988011988,0.08691308691308691,0.005994005994005994,0.45754245754245754,0.17382617382617382,0.13886113886113885,0.04195804195804196,0.34065934065934067,0.08791208791208792,0.03296703296703297,0.0989010989010989,0.5724275724275725,0.001998001998001998,0.06993006993006994,0.9600399600399601,0.7932067932067932,0.9440559440559441
2025-04-10,0.04895104895104895,0.011988011988011988,0.08691308691308691,0.005994005994005994,0.45754245754245754,0.17382617382617382,0.13886113886113885,0.04195804195804196,0.34065934065934067,0.08791208791208792,0.03296703296703297,0.0989010989010989,0.5724275724275725,0.001998001998001998,0.06993006993006994,0.9600399600399601,0.7932067932067932,0.9440559440559441
2025-04-11,0.04895104895104895,0.011988011988011988,0.08691308691308691,0.01098901098901099,0.6963036963036963,0.17382617382617382,0.13886113886113885,0.03296703296703297,0.5044955044955045,0.11588411588411589,0.03896103896103896,0.12787212787212787,0.41358641358641357,0.002997002997002997,0.052947052947052944,0.9600399600399601,0.7932067932067932,0.9440559440559441
2025-04-14,0.04895104895104895,0.011988011988011988,0.08691308691308691,0.01998001998001998,0.8131868131868132,0.1258741258741259,0.15684315684315683,0.024975024975024976,0.5454545454545454,0.11588411588411589,0.03896103896103896,0.12787212787212787,0.5494505494505495,0.004995004995004995,0.07092907092907093,0.9600399600399601,0.7932067932067932,0.7852147852147852
2025-04-15,0.04895104895104895,0.011988011988011988,0.08691308691308691,0.01998001998001998,0.8131868131868132,0.1258741258741259,0.15684315684315683,0.024975024975024976,0.5454545454545454,0.11588411588411589,0.03896103896103896,0.12787212787212787,0.5494505494505495,0.004995004995004995,0.07092907092907093,0.9600399600399601,0.7932067932067932,0.7852147852147852
2025-04-16,0.04895104895104895,0.011988011988011988,0.08691308691308691,0.02197802197802198,0.9150849150849151,0.2007992007992008,0.16483516483516483,0.030969030969030968,0.6343656343656343,0.15884115884115885,0.059940059940059943,0.15884115884115885,0.6613386613386614,0.006993006993006993,0.16283716283716285,0.962037962037962,0.8061938061938062,0.6203796203796204
2025-04-17,0.06293706293706294,0.017982017982017984,0.11788211788211789,0.012987012987012988,0.8391608391608392,0.44755244755244755,0.16483516483516483,0.030969030969030968,0.6343656343656343,0.15884115884115885,0.059940059940059943,0.15884115884115885,0.6613386613386614,0.006993006993006993,0.16283716283716285,0.9460539460539461,0.8061938061938062,0.6203796203796204
2025-04-21,0.06293706293706294,0.017982017982017984,0.11788211788211789,0.012987012987012988,0.8391608391608392,0.44755244755244755,0.16483516483516483,0.01998001998001998,0.6343656343656343,0.15884115884115885,0.059940059940059943,0.15884115884115885,0.5294705294705294,0.01098901098901099,0.16283716283716285,0.9460539460539461,0.8061938061938062,0.6203796203796204
2025-04-22,0.06293706293706294,0.017982017982017984,0.11888111888111888,0.012987012987012988,0.8391608391608392,0.4985014985014985,0.16483516483516483,0.01998001998001998,0.6343656343656343,0.15884115884115885,0.053946053946053944,0.15884115884115885,0.4985014985014985,0.003996003996003996,0.14485514485514486,0.9460539460539461,0.7602397602397603,0.6203796203796204
2025-04-23,0.06293706293706294,0.02197802197802198,0.11888111888111888,0.015984015984015984,0.8391608391608392,0.4985014985014985,0.16483516483516483,0.01998001998001998,0.6343656343656343,0.15884115884115885,0.053946053946053944,0.15884115884115885,0.4985014985014985,0.003996003996003996,0.14485514485514486,0.9460539460539461,0.7602397602397603,0.6203796203796204
2025-04-24,0.07492507492507493,0.028971028971028972,0.04995004995004995,0.015984015984015984,0.922077922077922,0.4985014985014985,0.16483516483516483,0.01998001998001998,0.6343656343656343,0.15884115884115885,0.053946053946053944,0.15884115884115885,0.4985014985014985,0.003996003996003996,0.14485514485514486,0.9460539460539461,0.7602397602397603,0.6203796203796204
2025-04-25,0.07492507492507493,0.028971028971028972,0.04995004995004995,0.015984015984015984,0.922077922077922,0.4985014985014985,0.16483516483516483,0.01998001998001998,0.6343656343656343,0.15884115884115885,0.053946053946053944,0.15884115884115885,0.4985014985014985,0.003996003996003996,0.14485514485514486,0.9460539460539461,0.4755244755244755,0.6203796203796204
2025-04-28,0.07492507492507493,0.028971028971028972,0.04995004995004995,0.015984015984015984,0.922077922077922,0.4985014985014985,0.16483516483516483,0.01998001998001998,0.6343656343656343,0.15884115884115885,0.053946053946053944,0.15884115884115885,0.4985014985014985,0.003996003996003996,0.14485514485514486,0.988011988011988,0.4755244755244755,0.6203796203796204
2025-04-29,0.07492507492507493,0.028971028971028972,0.04995004995004995,0.015984015984015984,0.922077922077922,0.45254745254745254,0.16483516483516483,0.01998001998001998,0.6343656343656343,0.15884115884115885,0.053946053946053944,0.15884115884115885,0.4985014985014985,0.003996003996003996,0.14485514485514486,0.988011988011988,0.4755244755244755,0.6203796203796204
2025-04-30,0.07492507492507493,0.00999000999000999,0.04995004995004995,0.015984015984015984,0.922077922077922,0.45254745254745254,0.16483516483516483,0.01998001998001998,0.6343656343656343,0.15884115884115885,0.053946053946053944,0.15884115884115885,0.4985014985014985,0.003996003996003996,0.053946053946053944,0.988011988011988,0.4755244755244755,0.6203796203796204
2025-05-01,0.07492507492507493,0.00999000999000999,0.04995004995004995,0.015984015984015984,0.922077922077922,0.45254745254745254,0.16483516483516483,0.01998001998001998,0.6343656343656343,0.07192807192807193,0.056943056943056944,0.15884115884115885,0.4985014985014985,0.003996003996003996,0.053946053946053944,0.988011988011988,0.4755244755244755,0.6203796203796204
2025-05-02,0.07492507492507493,0.00999000999000999,0.04995004995004995,0.015984015984015984,0.922077922077922,0.45254745254745254,0.16483516483516483,0.01998001998001998,0.6343656343656343,0.07192807192807193,0.056943056943056944,0.15884115884115885,0.24175824175824176,0.008991008991008992,0.029970029970029972,0.988011988011988,0.4755244755244755,0.8321678321678322
2025-05-05,0.12387612387612387,0.007992007992007992,0.056943056943056944,0.024975024975024976,0.964035964035964,0.7172827172827173,0.20679320679320679,0.012987012987012988,0.7252747252747253,0.1258741258741259,0.03696303696303696,0.11988011988011989,0.18281718281718282,0.008991008991008992,0.029970029970029972,0.948051948051948,0.4755244755244755,0.8321678321678322
2025-05-06,0.12387612387612387,0.007992007992007992,0.056943056943056944,0.024975024975024976,0.964035964035964,0.7172827172827173,0.20679320679320679,0.012987012987012988,0.7252747252747253,0.1068931068931069,0.03596403596403597,0.11888111888111888,0.18281718281718282,0.008991008991008992,0.029970029970029972,0.948051948051948,0.4755244755244755,0.8321678321678322
2025-05-07,0.12387612387612387,0.007992007992007992,0.056943056943056944,0.024975024975024976,0.964035964035964,0.7172827172827173,0.20679320679320679,0.012987012987012988,0.7382617382617382,0.1068931068931069,0.03596403596403597,0.11388611388611389,0.08391608391608392,0.005994005994005994,0.025974025974025976,0.948051948051948,0.4755244755244755,0.8321678321678322
2025-05-08,0.12387612387612387,0.007992007992007992,0.056943056943056944,0.024975024975024976,0.964035964035964,0.7172827172827173,0.20679320679320679,0.012987012987012988,0.7382617382617382,0.1068931068931069,0.03596403596403597,0.11388611388611389,0.08391608391608392,0.005994005994005994,0.025974025974025976,0.948051948051948,0.4755244755244755,0.8321678321678322
2025-05-09,0.12387612387612387,0.007992007992007992,0.056943056943056944,0.024975024975024976,0.964035964035964,0.7172827172827173,0.20679320679320679,0.012987012987012988,0.7382617382617382,0.1068931068931069,0.03596403596403597,0.11388611388611389,0.08391608391608392,0.005994005994005994,0.025974025974025976,0.948051948051948,0.4755244755244755,0.964035964035964
2025-05-12,0.12387612387612387,0.007992007992007992,0.056943056943056944,0.024975024975024976,0.964035964035964,0.7172827172827173,0.20679320679320679,0.012987012987012988,0.7382617382617382,0.1068931068931069,0.03596403596403597,0.11388611388611389,0.08391608391608392,0.005994005994005994,0.025974025974025976,0.948051948051948,0.4755244755244755,0.964035964035964
2025-05-13,0.12387612387612387,0.007992007992007992,0.056943056943056944,0.024975024975024976,0.964035964035964,0.7172827172827173,0.20679320679320679,0.012987012987012988,0.7382617382617382,0.1068931068931069,0.03596403596403597,0.11388611388611389,0.08391608391608392,0.005994005994005994,0.025974025974025976,0.948051948051948,0.4755244755244755,0.997002997002997
2025-05-14,0.12387612387612387,0.007992007992007992,0.056943056943056944,0.024975024975024976,0.964035964035964,0.7172827172827173,0.20679320679320679,0.012987012987012988,0.7382617382617382,0.1068931068931069,0.03596403596403597,0.11388611388611389,0.08891108891108891,0.01098901098901099,0.00999000999000999,0.8191808191808192,0.5294705294705294,0.9820179820179821
2025-05-15,0.12387612387612387,0.007992007992007992,0.056943056943056944,0.024975024975024976,0.964035964035964,0.7172827172827173,0.20679320679320679,0.012987012987012988,0.7382617382617382,0.1068931068931069,0.03596403596403597,0.11388611388611389,0.07992007992007992,0.01098901098901099,0.03696303696303696,0.8191808191808192,0.5294705294705294,0.9820179820179821
2025-05-16,0.12387612387612387,0.007992007992007992,0.056943056943056944,0.024975024975024976,0.964035964035964,0.7172827172827173,0.20679320679320679,0.012987012987012988,0.7382617382617382,0.1068931068931069,0.03596403596403597,0.11388611388611389,0.07992007992007992,0.024975024975024976,0.03696303696303696,0.8191808191808192,0.5294705294705294,0.9820179820179821
2025-05-19,0.12387612387612387,0.007992007992007992,0.056943056943056944,0.024975024975024976,0.964035964035964,0.7172827172827173,0.20679320679320679,0.012987012987012988,0.7382617382617382,0.1068931068931069,0.03596403596403597,0.11388611388611389,0.07992007992007992,0.024975024975024976,0.03696303696303696,0.8191808191808192,0.5294705294705294,0.9820179820179821
2025-05-20,0.12387612387612387,0.007992007992007992,0.056943056943056944,0.024975024975024976,0.964035964035964,0.7172827172827173,0.20679320679320679,0.012987012987012988,0.7382617382617382,0.1068931068931069,0.03596403596403597,0.11388611388611389,0.07992007992007992,0.024975024975024976,0.03696303696303696,0.8191808191808192,0.5294705294705294,0.9820179820179821
2025-05-21,0.12387612387612387,0.007992007992007992,0.056943056943056944,0.024975024975024976,0.964035964035964,0.7842157842157842,0.20679320679320679,0.012987012987012988,0.7382617382617382,0.1068931068931069,0.03596403596403597,0.11388611388611389,0.07992007992007992,0.024975024975024976,0.03696303696303696,0.8191808191808192,0.5294705294705294,0.9820179820179821
2025-05-22,0.12387612387612387,0.007992007992007992,0.056943056943056944,0.024975024975024976,0.964035964035964,0.7842157842157842,0.24375624375624375,0.013986013986013986,0.5454545454545454,0.1068931068931069,0.03596403596403597,0.11388611388611389,0.061938061938061936,0.015984015984015984,0.03596403596403597,0.8191808191808192,0.5294705294705294,0.9820179820179821
2025-05-23,0.12387612387612387,0.007992007992007992,0.056943056943056944,0.024975024975024976,0.964035964035964,0.7242757242757243,0.25874125874125875,0.04095904095904096,0.8651348651348651,0.1068931068931069,0.03596403596403597,0.11388611388611389,0.04595404595404595,0.015984015984015984,0.03596403596403597,0.8191808191808192,0.5294705294705294,0.9820179820179821
2025-05-27,0.13286713286713286,0.007992007992007992,0.056943056943056944,0.024975024975024976,0.964035964035964,0.7242757242757243,0.25874125874125875,0.04095904095904096,0.8651348651348651,0.1068931068931069,0.03596403596403597,0.11388611388611389,0.04595404595404595,0.015984015984015984,0.03596403596403597,0.8191808191808192,0.5294705294705294,0.9820179820179821
2025-05-28,0.13286713286713286,0.007992007992007992,0.056943056943056944,0.024975024975024976,0.964035964035964,0.7242757242757243,0.25874125874125875,0.04095904095904096,0.8341658341658341,0.09090909090909091,0.04495504495504495,0.17782217782217782,0.04595404595404595,0.015984015984015984,0.03596403596403597,0.8191808191808192,0.5294705294705294,0.9820179820179821
2025-05-29,0.13686313686313686,0.007992007992007992,0.056943056943056944,0.029970029970029972,0.8571428571428571,0.8431568431568431,0.5674325674325674,0.07992007992007992,0.9440559440559441,0.07692307692307693,0.04495504495504495,0.17782217782217782,0.04495504495504495,0.012987012987012988,0.017982017982017984,0.8881118881118881,0.5924075924075924,0.952047952047952
2025-05-30,0.13686313686313686,0.007992007992007992,0.056943056943056944,0.029970029970029972,0.8571428571428571,0.8431568431568431,0.5674325674325674,0.07992007992007992,0.9440559440559441,0.07692307692307693,0.04495504495504495,0.17782217782217782,0.027972027972027972,0.017982017982017984,0.017982017982017984,0.8881118881118881,0.5924075924075924,0.952047952047952
2025-06-02,0.13686313686313686,0.007992007992007992,0.056943056943056944,0.029970029970029972,0.8571428571428571,0.8431568431568431,0.7792207792207793,0.11288711288711288,0.9080919080919081,0.07692307692307693,0.04495504495504495,0.17782217782217782,0.054945054945054944,0.013986013986013986,0.04395604395604396,0.8881118881118881,0.6893106893106893,0.952047952047952
2025-06-03,0.13686313686313686,0.007992007992007992,0.056943056943056944,0.029970029970029972,0.8571428571428571,0.8431568431568431,0.7792207792207793,0.11188811188811189,0.9080919080919081,0.1258741258741259,0.06293706293706294,0.13286713286713286,0.054945054945054944,0.011988011988011988,0.04395604395604396,0.8881118881118881,0.6893106893106893,0.952047952047952
2025-06-04,0.2907092907092907,0.01098901098901099,0.0969030969030969,0.029970029970029972,0.8571428571428571,0.8431568431568431,0.7792207792207793,0.11188811188811189,0.9080919080919081,0.1258741258741259,0.06293706293706294,0.13286713286713286,0.054945054945054944,0.011988011988011988,0.04395604395604396,0.8881118881118881,0.6893106893106893,0.952047952047952
2025-06-05,0.2907092907092907,0.01098901098901099,0.0969030969030969,0.029970029970029972,0.8571428571428571,0.8431568431568431,0.7792207792207793,0.11188811188811189,0.9080919080919081,0.1258741258741259,0.06293706293706294,0.13286713286713286,0.054945054945054944,0.011988011988011988,0.04395604395604396,0.8881118881118881,0.6893106893106893,0.952047952047952
2025-06-06,0.2907092907092907,0.01098901098901099,0.0969030969030969,0.054945054945054944,0.945054945054945,0.5404595404595405,0.7792207792207793,0.11188811188811189,0.9080919080919081,0.13686313686313686,0.04195804195804196,0.13686313686313686,0.054945054945054944,0.011988011988011988,0.04395604395604396,0.8881118881118881,0.5774225774225774,0.952047952047952
2025-06-09,0.2907092907092907,0.01098901098901099,0.0969030969030969,0.054945054945054944,0.945054945054945,0.5404595404595405,0.7792207792207793,0.11188811188811189,0.9080919080919081,0.13686313686313686,0.04195804195804196,0.13686313686313686,0.054945054945054944,0.011988011988011988,0.04395604395604396,0.8881118881118881,0.5774225774225774,0.952047952047952
2025-06-10,0.2907092907092907,0.01098901098901099,0.0969030969030969,0.054945054945054944,0.945054945054945,0.5404595404595405,0.7792207792207793,0.11188811188811189,0.9080919080919081,0.13686313686313686,0.04195804195804196,0.13686313686313686,0.054945054945054944,0.011988011988011988,0.04395604395604396,0.8881118881118881,0.5774225774225774,0.952047952047952
2025-06-11,0.2907092907092907,0.01098901098901099,0.0969030969030969,0.054945054945054944,0.945054945054945,0.5404595404595405,0.7792207792207793,0.11188811188811189,0.9080919080919081,0.13686313686313686,0.04195804195804196,0.13686313686313686,0.054945054945054944,0.011988011988011988,0.028971028971028972,0.8881118881118881,0.5774225774225774,0.952047952047952
2025-06-12,0.2907092907092907,0.01098901098901099,0.0969030969030969,0.054945054945054944,0.945054945054945,0.6653346653346653,0.7792207792207793,0.11188811188811189,0.9080919080919081,0.13686313686313686,0.04195804195804196,0.13686313686313686,0.054945054945054944,0.014985014985014986,0.028971028971028972,0.8091908091908092,0.5774225774225774,0.952047952047952
2025-06-13,0.2137862137862138,0.01098901098901099,0.0969030969030969,0.054945054945054944,0.945054945054945,0.6653346653346653,0.7792207792207793,0.11188811188811189,0.9080919080919081,0.13686313686313686,0.04195804195804196,0.13686313686313686,0.054945054945054944,0.014985014985014986,0.028971028971028972,0.8091908091908092,0.5774225774225774,0.952047952047952
2025-06-16,0.2137862137862138,0.01098901098901099,0.0969030969030969,0.054945054945054944,0.945054945054945,0.8031968031968032,0.5504495504495505,0.04095904095904096,0.8141858141858141,0.13686313686313686,0.04195804195804196,0.13686313686313686,0.054945054945054944,0.014985014985014986,0.028971028971028972,0.6603396603396603,0.5904095904095904,0.8861138861138861
2025-06-17,0.2137862137862138,0.01098901098901099,0.0969030969030969,0.054945054945054944,0.945054945054945,0.8031968031968032,0.5504495504495505,0.04095904095904096,0.8141858141858141,0.13686313686313686,0.04195804195804196,0.13686313686313686,0.04995004995004995,0.014985014985014986,0.028971028971028972,0.7822177822177823,0.5874125874125874,0.8591408591408591
2025-06-18,0.2137862137862138,0.01098901098901099,0.0969030969030969,0.04195804195804196,0.945054945054945,0.7352647352647352,0.5504495504495505,0.04095904095904096,0.8141858141858141,0.13686313686313686,0.04195804195804196,0.13686313686313686,0.06293706293706294,0.011988011988011988,0.01998001998001998,0.7822177822177823,0.5524475524475524,0.964035964035964
2025-06-20,0.2137862137862138,0.01098901098901099,0.0969030969030969,0.04195804195804196,0.945054945054945,0.7352647352647352,0.5504495504495505,0.04095904095904096,0.8141858141858141,0.13686313686313686,0.04195804195804196,0.13686313686313686,0.06293706293706294,0.011988011988011988,0.01998001998001998,0.7822177822177823,0.5524475524475524,0.964035964035964
2025-06-23,0.2137862137862138,0.01098901098901099,0.0969030969030969,0.04195804195804196,0.945054945054945,0.7352647352647352,0.5504495504495505,0.04095904095904096,0.8141858141858141,0.13686313686313686,0.04195804195804196,0.13686313686313686,0.06293706293706294,0.01098901098901099,0.016983016983016984,0.7822177822177823,0.5524475524475524,0.964035964035964
2025-06-24,0.2137862137862138,0.01098901098901099,0.0969030969030969,0.04195804195804196,0.945054945054945,0.7352647352647352,0.5504495504495505,0.04095904095904096,0.8141858141858141,0.1008991008991009,0.023976023976023976,0.14685314685314685,0.06293706293706294,0.013986013986013986,0.016983016983016984,0.7822177822177823,0.5524475524475524,0.964035964035964
2025-06-25,0.2137862137862138,0.01098901098901099,0.0979020979020979,0.04195804195804196,0.945054945054945,0.7352647352647352,0.5504495504495505,0.04095904095904096,0.8141858141858141,0.2047952047952048,0.04295704295704296,0.14485514485514486,0.06293706293706294,0.013986013986013986,0.016983016983016984,0.7822177822177823,0.5524475524475524,0.964035964035964
2025-06-26,0.2137862137862138,0.01098901098901099,0.0979020979020979,0.04195804195804196,0.945054945054945,0.7352647352647352,0.5504495504495505,0.04895104895104895,0.8411588411588412,0.2047952047952048,0.04295704295704296,0.14485514485514486,0.06293706293706294,0.013986013986013986,0.016983016983016984,0.6443556443556444,0.7312687312687313,0.949050949050949
2025-06-27,0.3306693306693307,0.012987012987012988,0.08591408591408592,0.04195804195804196,0.945054945054945,0.7352647352647352,0.5504495504495505,0.04895104895104895,0.8411588411588412,0.2047952047952048,0.04295704295704296,0.14485514485514486,0.06293706293706294,0.013986013986013986,0.016983016983016984,0.6443556443556444,0.7312687312687313,0.949050949050949
2025-06-30,0.3306693306693307,0.012987012987012988,0.08591408591408592,0.04195804195804196,0.945054945054945,0.4225774225774226,0.5504495504495505,0.04195804195804196,0.8411588411588412,0.2047952047952048,0.04295704295704296,0.14485514485514486,0.04495504495504495,0.013986013986013986,0.016983016983016984,0.4165834165834166,0.7312687312687313,0.949050949050949
2025-07-01,0.3306693306693307,0.012987012987012988,0.08591408591408592,0.04195804195804196,0.945054945054945,0.4225774225774226,0.5504495504495505,0.04195804195804196,0.8411588411588412,0.2047952047952048,0.04295704295704296,0.14485514485514486,0.04495504495504495,0.013986013986013986,0.015984015984015984,0.4165834165834166,0.7312687312687313,0.949050949050949
2025-07-02,0.3306693306693307,0.012987012987012988,0.08491508491508491,0.055944055944055944,0.945054945054945,0.4225774225774226,0.5504495504495505,0.04195804195804196,0.8731268731268731,0.2047952047952048,0.04295704295704296,0.14485514485514486,0.04495504495504495,0.013986013986013986,0.015984015984015984,0.4165834165834166,0.7312687312687313,0.949050949050949
2025-07-03,0.3306693306693307,0.011988011988011988,0.08491508491508491,0.055944055944055944,0.8501498501498501,0.4225774225774226,0.5504495504495505,0.04195804195804196,0.8731268731268731,0.2047952047952048,0.04295704295704296,0.14485514485514486,0.04495504495504495,0.016983016983016984,0.015984015984015984,0.4165834165834166,0.7652347652347652,0.949050949050949
2025-07-07,0.3306693306693307,0.011988011988011988,0.08491508491508491,0.055944055944055944,0.8501498501498501,0.25574425574425574,0.5504495504495505,0.04195804195804196,0.8731268731268731,0.2047952047952048,0.04295704295704296,0.14485514485514486,0.04495504495504495,0.016983016983016984,0.015984015984015984,0.4165834165834166,0.7972027972027972,0.949050949050949
2025-07-08,0.3306693306693307,0.011988011988011988,0.08491508491508491,0.1008991008991009,0.8501498501498501,0.25574425574425574,0.43156843156843155,0.028971028971028972,0.8671328671328671,0.2047952047952048,0.04295704295704296,0.14485514485514486,0.04495504495504495,0.016983016983016984,0.015984015984015984,0.4165834165834166,0.7972027972027972,0.949050949050949
2025-07-09,0.3306693306693307,0.011988011988011988,0.08491508491508491,0.1008991008991009,0.8501498501498501,0.25574425574425574,0.7052947052947053,0.061938061938061936,0.8921078921078921,0.2047952047952048,0.04295704295704296,0.14485514485514486,0.04495504495504495,0.016983016983016984,0.015984015984015984,0.6943056943056943,0.7552447552447552,0.964035964035964
2025-07-10,0.3306693306693307,0.011988011988011988,0.08491508491508491,0.1008991008991009,0.8501498501498501,0.25574425574425574,0.7052947052947053,0.061938061938061936,0.8921078921078921,0.3696303696303696,0.06293706293706294,0.14285714285714285,0.04495504495504495,0.016983016983016984,0.015984015984015984,0.6943056943056943,0.7552447552447552,0.948051948051948
2025-07-11,0.3306693306693307,0.011988011988011988,0.08491508491508491,0.1008991008991009,0.8501498501498501,0.25574425574425574,0.7052947052947053,0.061938061938061936,0.8921078921078921,0.3696303696303696,0.06293706293706294,0.14285714285714285,0.04495504495504495,0.016983016983016984,0.015984015984015984,0.8791208791208791,0.7552447552447552,0.7762237762237763
2025-07-14,0.3306693306693307,0.012987012987012988,0.08491508491508491,0.1008991008991009,0.8501498501498501,0.25574425574425574,0.3826173826173826,0.04395604395604396,0.7992007992007992,0.3696303696303696,0.06293706293706294,0.14285714285714285,0.04495504495504495,0.016983016983016984,0.015984015984015984,0.8791208791208791,0.7552447552447552,0.7762237762237763
2025-07-15,0.3306693306693307,0.012987012987012988,0.08491508491508491,0.1008991008991009,0.8501498501498501,0.25574425574425574,0.3826173826173826,0.04395604395604396,0.7992007992007992,0.3696303696303696,0.09090909090909091,0.14285714285714285,0.04495504495504495,0.016983016983016984,0.015984015984015984,0.8791208791208791,0.44555444555444557,0.7762237762237763
2025-07-16,0.5234765234765235,0.01098901098901099,0.07492507492507493,0.05194805194805195,0.7542457542457542,0.5074925074925075,0.2677322677322677,0.05094905094905095,0.5294705294705294,0.3696303696303696,0.09090909090909091,0.14285714285714285,0.027972027972027972,0.026973026973026972,0.030969030969030968,0.6873126873126874,0.5184815184815185,0.6413586413586414
2025-07-17,0.5234765234765235,0.01098901098901099,0.07492507492507493,0.05194805194805195,0.7542457542457542,0.5074925074925075,0.26173826173826176,0.05094905094905095,0.5294705294705294,0.3696303696303696,0.09090909090909091,0.14285714285714285,0.027972027972027972,0.026973026973026972,0.030969030969030968,0.6873126873126874,0.5184815184815185,0.6413586413586414
2025-07-18,0.5234765234765235,0.01098901098901099,0.07492507492507493,0.05194805194805195,0.7542457542457542,0.5074925074925075,0.26173826173826176,0.05094905094905095,0.5294705294705294,0.3696303696303696,0.09090909090909091,0.14285714285714285,0.027972027972027972,0.026973026973026972,0.030969030969030968,0.6873126873126874,0.5204795204795205,0.6413586413586414
2025-07-21,0.5234765234765235,0.01098901098901099,0.07492507492507493,0.05194805194805195,0.7542457542457542,0.5074925074925075,0.26173826173826176,0.05094905094905095,0.5294705294705294,0.6313686313686314,0.09090909090909091,0.14285714285714285,0.027972027972027972,0.03296703296703297,0.030969030969030968,0.6873126873126874,0.5204795204795205,0.6413586413586414
2025-07-22,0.6243756243756243,0.023976023976023976,0.11488511488511488,0.0959040959040959,0.7252747252747253,0.7142857142857143,0.26173826173826176,0.05094905094905095,0.5294705294705294,0.6313686313686314,0.09090909090909091,0.14285714285714285,0.027972027972027972,0.03296703296703297,0.030969030969030968,0.6873126873126874,0.5204795204795205,0.6413586413586414
2025-07-23,0.6243756243756243,0.023976023976023976,0.11988011988011989,0.0959040959040959,0.6313686313686314,0.7142857142857143,0.19480519480519481,0.060939060939060936,0.4255744255744256,0.6313686313686314,0.09090909090909091,0.14285714285714285,0.06293706293706294,0.026973026973026972,0.04895104895104895,0.6873126873126874,0.5204795204795205,0.6413586413586414
2025-07-24,0.6243756243756243,0.023976023976023976,0.11988011988011989,0.0999000999000999,0.6313686313686314,0.7142857142857143,0.19480519480519481,0.060939060939060936,0.4255744255744256,0.3776223776223776,0.08891108891108891,0.11188811188811189,0.06293706293706294,0.026973026973026972,0.04895104895104895,0.6873126873126874,0.5204795204795205,0.6413586413586414
2025-07-25,0.6243756243756243,0.023976023976023976,0.11988011988011989,0.11288711288711288,0.47952047952047955,0.4595404595404595,0.19480519480519481,0.060939060939060936,0.4255744255744256,0.3776223776223776,0.08891108891108891,0.11588411588411589,0.06293706293706294,0.025974025974025976,0.04895104895104895,0.6873126873126874,0.5204795204795205,0.6413586413586414
2025-07-28,0.6243756243756243,0.023976023976023976,0.11988011988011989,0.11288711288711288,0.47952047952047955,0.4595404595404595,0.19480519480519481,0.060939060939060936,0.4255744255744256,0.6243756243756243,0.16083916083916083,0.15384615384615385,0.06293706293706294,0.025974025974025976,0.04895104895104895,0.6873126873126874,0.5204795204795205,0.6413586413586414
2025-07-29,0.6803196803196803,0.028971028971028972,0.11188811188811189,0.1028971028971029,0.44955044955044954,0.6263736263736264,0.4485514485514486,0.11788211788211789,0.7592407592407593,0.6243756243756243,0.16083916083916083,0.15384615384615385,0.06293706293706294,0.025974025974025976,0.054945054945054944,0.48151848151848153,0.4945054945054945,0.6593406593406593
2025-07-30,0.6803196803196803,0.007992007992007992,0.11188811188811189,0.1028971028971029,0.44955044955044954,0.6263736263736264,0.4485514485514486,0.11788211788211789,0.7592407592407593,0.6243756243756243,0.16083916083916083,0.15384615384615385,0.06293706293706294,0.030969030969030968,0.054945054945054944,0.48151848151848153,0.4945054945054945,0.6593406593406593
2025-07-31,0.6803196803196803,0.007992007992007992,0.11188811188811189,0.1028971028971029,0.44955044955044954,0.6263736263736264,0.4485514485514486,0.11788211788211789,0.7592407592407593,0.6243756243756243,0.25274725274725274,0.15384615384615385,0.06293706293706294,0.030969030969030968,0.05194805194805195,0.48151848151848153,0.35564435564435565,0.6593406593406593
2025-08-01,0.6803196803196803,0.007992007992007992,0.11188811188811189,0.1028971028971029,0.44955044955044954,0.6263736263736264,0.4485514485514486,0.1258741258741259,0.7592407592407593,0.6243756243756243,0.25274725274725274,0.15084915084915085,0.027972027972027972,0.06993006993006994,0.03796203796203796,0.48151848151848153,0.25374625374625376,0.6583416583416584
2025-08-04,0.7642357642357642,0.01098901098901099,0.03396603396603397,0.05194805194805195,0.48951048951048953,0.2827172827172827,0.33266733266733267,0.12387612387612387,0.4875124875124875,0.3986013986013986,0.17282717282717283,0.14785214785214784,0.027972027972027972,0.07092907092907093,0.03796203796203796,0.48151848151848153,0.5184815184815185,0.6583416583416584
2025-08-05,0.7642357642357642,0.01098901098901099,0.03396603396603397,0.05194805194805195,0.48951048951048953,0.2827172827172827,0.33266733266733267,0.06993006993006994,0.4875124875124875,0.4485514485514486,0.17282717282717283,0.14785214785214784,0.012987012987012988,0.07092907092907093,0.02097902097902098,0.48151848151848153,0.5184815184815185,0.41858141858141856
2025-08-06,0.8201798201798202,0.014985014985014986,0.04795204795204795,0.04995004995004995,0.6383616383616384,0.3166833166833167,0.4305694305694306,0.1108891108891109,0.7752247752247752,0.7452547452547452,0.21078921078921078,0.14585414585414586,0.012987012987012988,0.07092907092907093,0.02097902097902098,0.48151848151848153,0.5184815184815185,0.41858141858141856
2025-08-07,0.8771228771228772,0.00999000999000999,0.060939060939060936,0.13286713286713286,0.6003996003996004,0.6213786213786214,0.4325674325674326,0.08291708291708291,0.5994005994005994,0.8891108891108891,0.4435564435564436,0.1088911088911089,0.012987012987012988,0.07092907092907093,0.025974025974025976,0.3246753246753247,0.5184815184815185,0.41858141858141856
2025-08-08,0.6813186813186813,0.01098901098901099,0.055944055944055944,0.2967032967032967,0.5244755244755245,0.906093906093906,0.5964035964035964,0.09090909090909091,0.7182817182817183,0.9120879120879121,0.6113886113886113,0.1838161838161838,0.024975024975024976,0.017982017982017984,0.053946053946053944,0.5154845154845155,0.2917082917082917,0.42357642357642356
2025-08-11,0.6813186813186813,0.01098901098901099,0.055944055944055944,0.2967032967032967,0.5244755244755245,0.906093906093906,0.5964035964035964,0.09090909090909091,0.7182817182817183,0.9120879120879121,0.6113886113886113,0.1838161838161838,0.024975024975024976,0.017982017982017984,0.053946053946053944,0.5154845154845155,0.2917082917082917,0.42357642357642356
2025-08-12,0.6813186813186813,0.01098901098901099,0.058941058941058944,0.2897102897102897,0.5244755244755245,0.6663336663336663,0.5964035964035964,0.09090909090909091,0.7182817182817183,0.9120879120879121,0.6113886113886113,0.1838161838161838,0.024975024975024976,0.017982017982017984,0.053946053946053944,0.4975024975024975,0.2917082917082917,0.42357642357642356
2025-08-13,0.6813186813186813,0.01098901098901099,0.058941058941058944,0.2897102897102897,0.5244755244755245,0.6663336663336663,0.5964035964035964,0.09090909090909091,0.7182817182817183,0.9120879120879121,0.6113886113886113,0.1838161838161838,0.024975024975024976,0.017982017982017984,0.053946053946053944,0.4975024975024975,0.2917082917082917,0.42357642357642356
2025-08-14,0.6813186813186813,0.008991008991008992,0.058941058941058944,0.2897102897102897,0.5244755244755245,0.6663336663336663,0.5964035964035964,0.09090909090909091,0.7182817182817183,0.9120879120879121,0.6113886113886113,0.1838161838161838,0.024975024975024976,0.017982017982017984,0.053946053946053944,0.6743256743256744,0.2917082917082917,0.42357642357642356
2025-08-15,0.6813186813186813,0.008991008991008992,0.058941058941058944,0.2897102897102897,0.5244755244755245,0.6763236763236763,0.5964035964035964,0.09090909090909091,0.7182817182817183,0.9120879120879121,0.6113886113886113,0.1838161838161838,0.024975024975024976,0.017982017982017984,0.053946053946053944,0.5374625374625375,0.3626373626373626,0.5054945054945055
2025-08-18,0.6813186813186813,0.008991008991008992,0.058941058941058944,0.2897102897102897,0.5244755244755245,0.6763236763236763,0.4015984015984016,0.10989010989010989,0.7702297702297702,0.9120879120879121,0.6113886113886113,0.2037962037962038,0.024975024975024976,0.017982017982017984,0.053946053946053944,0.5374625374625375,0.3626373626373626,0.5054945054945055
2025-08-19,0.6813186813186813,0.008991008991008992,0.058941058941058944,0.2897102897102897,0.5244755244755245,0.6763236763236763,0.4015984015984016,0.10989010989010989,0.7702297702297702,0.9120879120879121,0.6113886113886113,0.2037962037962038,0.024975024975024976,0.017982017982017984,0.053946053946053944,0.5374625374625375,0.3626373626373626,0.5074925074925075
2025-08-20,0.5754245754245755,0.002997002997002997,0.058941058941058944,0.2897102897102897,0.5244755244755245,0.6763236763236763,0.4015984015984016,0.10989010989010989,0.7702297702297702,0.9120879120879121,0.6113886113886113,0.2037962037962038,0.024975024975024976,0.017982017982017984,0.053946053946053944,0.5374625374625375,0.3626373626373626,0.5074925074925075
2025-08-21,0.5674325674325674,0.002997002997002997,0.058941058941058944,0.2897102897102897,0.5244755244755245,0.6763236763236763,0.4015984015984016,0.10989010989010989,0.7702297702297702,0.9120879120879121,0.6113886113886113,0.2037962037962038,0.024975024975024976,0.017982017982017984,0.053946053946053944,0.5374625374625375,0.3626373626373626,0.5074925074925075
2025-08-22,0.5674325674325674,0.002997002997002997,0.058941058941058944,0.2897102897102897,0.5244755244755245,0.6763236763236763,0.4015984015984016,0.10989010989010989,0.7702297702297702,0.9120879120879121,0.6113886113886113,0.2037962037962038,0.024975024975024976,0.017982017982017984,0.053946053946053944,0.5914085914085914,0.3626373626373626,0.5074925074925075
2025-08-25,0.5674325674325674,0.002997002997002997,0.058941058941058944,0.2897102897102897,0.5244755244755245,0.6763236763236763,0.4015984015984016,0.055944055944055944,0.7702297702297702,0.8861138861138861,0.9370629370629371,0.27972027972027974,0.024975024975024976,0.017982017982017984,0.053946053946053944,0.5914085914085914,0.3626373626373626,0.5074925074925075
2025-08-26,0.5674325674325674,0.002997002997002997,0.058941058941058944,0.2897102897102897,0.5244755244755245,0.6763236763236763,0.4015984015984016,0.055944055944055944,0.7702297702297702,0.8861138861138861,0.9370629370629371,0.27972027972027974,0.02097902097902098,0.01898101898101898,0.0939060939060939,0.6463536463536463,0.5024975024975025,0.6283716283716284
2025-08-27,0.6033966033966034,0.001998001998001998,0.06993006993006994,0.16283716283716285,0.5004995004995005,0.6763236763236763,0.4015984015984016,0.055944055944055944,0.7702297702297702,0.8861138861138861,0.9370629370629371,0.27972027972027974,0.02097902097902098,0.01898101898101898,0.0939060939060939,0.6463536463536463,0.5024975024975025,0.6283716283716284
2025-08-28,0.6033966033966034,0.001998001998001998,0.06993006993006994,0.16283716283716285,0.5004995004995005,0.6763236763236763,0.4015984015984016,0.055944055944055944,0.7702297702297702,0.8861138861138861,0.9370629370629371,0.27972027972027974,0.02097902097902098,0.01898101898101898,0.0939060939060939,0.6463536463536463,0.5024975024975025,0.6283716283716284
2025-08-29,0.6033966033966034,0.001998001998001998,0.06993006993006994,0.16283716283716285,0.5004995004995005,0.6763236763236763,0.4015984015984016,0.055944055944055944,0.7702297702297702,0.8861138861138861,0.9370629370629371,0.27972027972027974,0.02097902097902098,0.01898101898101898,0.1018981018981019,0.6463536463536463,0.5024975024975025,0.6283716283716284
2025-09-02,0.4885114885114885,0.001998001998001998,0.08791208791208792,0.14885114885114886,0.5004995004995005,0.6763236763236763,0.4015984015984016,0.055944055944055944,0.7702297702297702,0.8861138861138861,0.9370629370629371,0.27972027972027974,0.02097902097902098,0.01898101898101898,0.1018981018981019,0.6463536463536463,0.5024975024975025,0.6283716283716284
2025-09-03,0.4885114885114885,0.001998001998001998,0.08791208791208792,0.14885114885114886,0.5004995004995005,0.6763236763236763,0.4015984015984016,0.055944055944055944,0.6883116883116883,0.8861138861138861,0.9370629370629371,0.27972027972027974,0.02097902097902098,0.01898101898101898,0.1018981018981019,0.6463536463536463,0.5024975024975025,0.6283716283716284
2025-09-04,0.4885114885114885,0.001998001998001998,0.03496503496503497,0.14885114885114886,0.5004995004995005,0.6763236763236763,0.4015984015984016,0.055944055944055944,0.6883116883116883,0.9230769230769231,0.8651348651348651,0.3206793206793207,0.02097902097902098,0.01898101898101898,0.1018981018981019,0.6463536463536463,0.5024975024975025,0.6283716283716284
2025-09-05,0.4885114885114885,0.001998001998001998,0.03496503496503497,0.14885114885114886,0.5004995004995005,0.6763236763236763,0.4015984015984016,0.055944055944055944,0.6883116883116883,0.9230769230769231,0.8651348651348651,0.3206793206793207,0.02097902097902098,0.01898101898101898,0.1018981018981019,0.6463536463536463,0.5024975024975025,0.6023976023976024
2025-09-08,0.5544455544455544,0.00999000999000999,0.053946053946053944,0.14885114885114886,0.5004995004995005,0.6763236763236763,0.17582417582417584,0.026973026973026972,0.42157842157842157,0.913086913086913,0.9120879120879121,0.32967032967032966,0.02097902097902098,0.01898101898101898,0.05094905094905095,0.6463536463536463,0.5024975024975025,0.6023976023976024
2025-09-09,0.5544455544455544,0.00999000999000999,0.053946053946053944,0.14885114885114886,0.5004995004995005,0.6763236763236763,0.17582417582417584,0.026973026973026972,0.42157842157842157,0.913086913086913,0.8571428571428571,0.32967032967032966,0.02097902097902098,0.01898101898101898,0.05094905094905095,0.6463536463536463,0.5024975024975025,0.6023976023976024
2025-09-10,0.5544455544455544,0.00999000999000999,0.053946053946053944,0.14885114885114886,0.5004995004995005,0.6763236763236763,0.38461538461538464,0.04695304695304695,0.48451548451548454,0.913086913086913,0.8571428571428571,0.32967032967032966,0.025974025974025976,0.028971028971028972,0.061938061938061936,0.6463536463536463,0.5024975024975025,0.4355644355644356
2025-09-11,0.8551448551448552,0.014985014985014986,0.1048951048951049,0.1028971028971029,0.5174825174825175,0.8761238761238761,0.45554445554445555,0.028971028971028972,0.5074925074925075,0.913086913086913,0.8901098901098901,0.32967032967032966,0.025974025974025976,0.028971028971028972,0.061938061938061936,0.7192807192807192,0.5204795204795205,0.3026973026973027
2025-09-12,0.8551448551448552,0.014985014985014986,0.1048951048951049,0.1028971028971029,0.5174825174825175,0.8761238761238761,0.45554445554445555,0.028971028971028972,0.5074925074925075,0.913086913086913,0.8901098901098901,0.32967032967032966,0.025974025974025976,0.028971028971028972,0.061938061938061936,0.7192807192807192,0.5204795204795205,0.3026973026973027
2025-09-15,0.8551448551448552,0.014985014985014986,0.1048951048951049,0.1028971028971029,0.5174825174825175,0.8761238761238761,0.24975024975024976,0.028971028971028972,0.4065934065934066,0.8301698301698301,0.9530469530469531,0.3886113886113886,0.025974025974025976,0.028971028971028972,0.13586413586413587,0.7192807192807192,0.5204795204795205,0.3026973026973027
2025-09-16,0.8551448551448552,0.014985014985014986,0.1048951048951049,0.1028971028971029,0.5174825174825175,0.8761238761238761,0.24975024975024976,0.028971028971028972,0.4065934065934066,0.8301698301698301,0.9530469530469531,0.3886113886113886,0.01998001998001998,0.028971028971028972,0.13586413586413587,0.7182817182817183,0.8341658341658341,0.2827172827172827
2025-09-17,0.8551448551448552,0.01098901098901099,0.1048951048951049,0.1028971028971029,0.5174825174825175,0.8761238761238761,0.24975024975024976,0.028971028971028972,0.4065934065934066,0.8301698301698301,0.9530469530469531,0.3886113886113886,0.01998001998001998,0.027972027972027972,0.13586413586413587,0.7182817182817183,0.8341658341658341,0.2827172827172827
2025-09-18,0.8551448551448552,0.01098901098901099,0.12487512487512488,0.1028971028971029,0.5174825174825175,0.8761238761238761,0.24975024975024976,0.028971028971028972,0.4065934065934066,0.8301698301698301,0.9530469530469531,0.3886113886113886,0.01998001998001998,0.027972027972027972,0.13586413586413587,0.7182817182817183,0.8341658341658341,0.2827172827172827
2025-09-19,0.7752247752247752,0.01098901098901099,0.12487512487512488,0.1028971028971029,0.5174825174825175,0.8761238761238761,0.24975024975024976,0.028971028971028972,0.4065934065934066,0.8301698301698301,0.9530469530469531,0.3886113886113886,0.030969030969030968,0.027972027972027972,0.13586413586413587,0.7182817182817183,0.7122877122877123,0.2827172827172827
2025-09-22,0.7752247752247752,0.01098901098901099,0.12487512487512488,0.1028971028971029,0.5174825174825175,0.8761238761238761,0.24975024975024976,0.028971028971028972,0.4065934065934066,0.8651348651348651,0.9210789210789211,0.33166833166833165,0.04195804195804196,0.026973026973026972,0.17682317682317683,0.6903096903096904,0.6873126873126874,0.3916083916083916
2025-09-23,0.7752247752247752,0.01098901098901099,0.12487512487512488,0.1028971028971029,0.5174825174825175,0.8761238761238761,0.24975024975024976,0.028971028971028972,0.4065934065934066,0.8651348651348651,0.9210789210789211,0.33166833166833165,0.03896103896103896,0.026973026973026972,0.17682317682317683,0.5084915084915085,0.5284715284715285,0.25774225774225773
2025-09-24,0.7752247752247752,0.01098901098901099,0.14885114885114886,0.1028971028971029,0.7052947052947053,0.8761238761238761,0.24975024975024976,0.028971028971028972,0.4065934065934066,0.8651348651348651,0.9210789210789211,0.33166833166833165,0.03896103896103896,0.026973026973026972,0.17682317682317683,0.5084915084915085,0.5284715284715285,0.13386613386613386
2025-09-25,0.7752247752247752,0.01098901098901099,0.14885114885114886,0.1028971028971029,0.7052947052947053,0.8761238761238761,0.24975024975024976,0.03396603396603397,0.4175824175824176,0.8651348651348651,0.9210789210789211,0.33166833166833165,0.03896103896103896,0.026973026973026972,0.17682317682317683,0.5084915084915085,0.5284715284715285,0.13386613386613386
2025-09-26,0.7752247752247752,0.01098901098901099,0.14885114885114886,0.0939060939060939,0.6053946053946054,0.7352647352647352,0.24975024975024976,0.03396603396603397,0.4175824175824176,0.8651348651348651,0.9210789210789211,0.33166833166833165,0.01998001998001998,0.01998001998001998,0.16783216783216784,0.5114885114885115,0.5604395604395604,0.13886113886113885
2025-09-29,0.7752247752247752,0.01098901098901099,0.14885114885114886,0.0939060939060939,0.6053946053946054,0.7352647352647352,0.26073926073926074,0.03296703296703297,0.42357642357642356,0.8651348651348651,0.9210789210789211,0.33166833166833165,0.01998001998001998,0.01998001998001998,0.16783216783216784,0.5114885114885115,0.5604395604395604,0.13886113886113885
2025-09-30,0.7752247752247752,0.01098901098901099,0.14885114885114886,0.0939060939060939,0.6053946053946054,0.7352647352647352,0.26073926073926074,0.03296703296703297,0.42357642357642356,0.919080919080919,0.9330669330669331,0.32867132867132864,0.024975024975024976,0.017982017982017984,0.17482517482517482,0.5114885114885115,0.5604395604395604,0.13886113886113885
2025-10-01,0.7752247752247752,0.01098901098901099,0.14885114885114886,0.0939060939060939,0.6053946053946054,0.7352647352647352,0.26073926073926074,0.03896103896103896,0.42357642357642356,0.7892107892107892,0.932067932067932,0.24375624375624375,0.024975024975024976,0.017982017982017984,0.17482517482517482,0.3386613386613387,0.5604395604395604,0.13886113886113885
2025-10-02,0.7752247752247752,0.01098901098901099,0.14885114885114886,0.0939060939060939,0.6053946053946054,0.8691308691308691,0.26173826173826176,0.04095904095904096,0.4515484515484515,0.7892107892107892,0.932067932067932,0.24375624375624375,0.024975024975024976,0.017982017982017984,0.17482517482517482,0.3386613386613387,0.5604395604395604,0.13886113886113885
2025-10-03,0.7752247752247752,0.01098901098901099,0.14885114885114886,0.18081918081918083,0.6053946053946054,0.8691308691308691,0.26173826173826176,0.04095904095904096,0.4515484515484515,0.7892107892107892,0.932067932067932,0.36063936063936064,0.024975024975024976,0.017982017982017984,0.17482517482517482,0.3386613386613387,0.5604395604395604,0.14685314685314685
2025-10-06,0.7362637362637363,0.013986013986013986,0.25574425574425574,0.18081918081918083,0.6053946053946054,0.8691308691308691,0.11788211788211789,0.03796203796203796,0.4515484515484515,0.7892107892107892,0.932067932067932,0.36063936063936064,0.024975024975024976,0.017982017982017984,0.17482517482517482,0.3386613386613387,0.5604395604395604,0.14685314685314685
2025-10-07,0.7362637362637363,0.013986013986013986,0.25574425574425574,0.18081918081918083,0.6053946053946054,0.8691308691308691,0.11788211788211789,0.03796203796203796,0.4515484515484515,0.7892107892107892,0.932067932067932,0.36063936063936064,0.024975024975024976,0.017982017982017984,0.21078921078921078,0.3696303696303696,0.5014985014985015,0.16483516483516483
2025-10-08,0.7362637362637363,0.013986013986013986,0.25574425574425574,0.14185814185814186,0.5894105894105894,0.6683316683316683,0.11788211788211789,0.03796203796203796,0.4515484515484515,0.7892107892107892,0.932067932067932,0.36063936063936064,0.024975024975024976,0.017982017982017984,0.21078921078921078,0.46353646353646355,0.36363636363636365,0.26673326673326675
2025-10-09,0.7362637362637363,0.013986013986013986,0.25574425574425574,0.14185814185814186,0.5894105894105894,0.6683316683316683,0.13086913086913088,0.03796203796203796,0.4515484515484515,0.7892107892107892,0.932067932067932,0.36063936063936064,0.024975024975024976,0.017982017982017984,0.21078921078921078,0.46353646353646355,0.36363636363636365,0.26673326673326675
2025-10-10,0.6253746253746254,0.013986013986013986,0.25574425574425574,0.24075924075924077,0.42157842157842157,0.6243756243756243,0.2947052947052947,0.09090909090909091,0.4125874125874126,0.8561438561438561,0.9660339660339661,0.33766233766233766,0.024975024975024976,0.017982017982017984,0.21078921078921078,0.3626373626373626,0.24475524475524477,0.14185814185814186
2025-10-13,0.4965034965034965,0.004995004995004995,0.17782217782217782,0.1838161838161838,0.5824175824175825,0.42957042957042957,0.16583416583416583,0.06693306693306693,0.23776223776223776,0.8081918081918081,0.929070929070929,0.28771228771228774,0.013986013986013986,0.013986013986013986,0.15684315684315683,0.3626373626373626,0.24475524475524477,0.14185814185814186
2025-10-14,0.4965034965034965,0.004995004995004995,0.17782217782217782,0.1838161838161838,0.5824175824175825,0.42957042957042957,0.16583416583416583,0.06693306693306693,0.23776223776223776,0.8081918081918081,0.929070929070929,0.28771228771228774,0.013986013986013986,0.013986013986013986,0.15684315684315683,0.3626373626373626,0.17882117882117882,0.14185814185814186
2025-10-15,0.4965034965034965,0.004995004995004995,0.2887112887112887,0.1838161838161838,0.5824175824175825,0.42957042957042957,0.24075924075924077,0.06693306693306693,0.1968031968031968,0.8081918081918081,0.929070929070929,0.28771228771228774,0.013986013986013986,0.013986013986013986,0.0919080919080919,0.3626373626373626,0.17882117882117882,0.14185814185814186
2025-10-16,0.4965034965034965,0.004995004995004995,0.2887112887112887,0.08791208791208792,0.5824175824175825,0.42957042957042957,0.24075924075924077,0.06693306693306693,0.1968031968031968,0.8081918081918081,0.929070929070929,0.28771228771228774,0.013986013986013986,0.013986013986013986,0.0919080919080919,0.3626373626373626,0.17882117882117882,0.14185814185814186
2025-10-17,0.4965034965034965,0.004995004995004995,0.2887112887112887,0.08791208791208792,0.5824175824175825,0.42957042957042957,0.12987012987012986,0.029970029970029972,0.1258741258741259,0.8081918081918081,0.929070929070929,0.28771228771228774,0.013986013986013986,0.013986013986013986,0.0919080919080919,0.5614385614385614,0.17882117882117882,0.14185814185814186
2025-10-20,0.5994005994005994,0.017982017982017984,0.2947052947052947,0.08791208791208792,0.5824175824175825,0.42957042957042957,0.12987012987012986,0.029970029970029972,0.1258741258741259,0.8211788211788211,0.962037962037962,0.24575424575424576,0.027972027972027972,0.03396603396603397,0.15384615384615385,0.5614385614385614,0.17882117882117882,0.14185814185814186
2025-10-21,0.5994005994005994,0.017982017982017984,0.2947052947052947,0.08791208791208792,0.5824175824175825,0.42957042957042957,0.12987012987012986,0.029970029970029972,0.1258741258741259,0.8211788211788211,0.962037962037962,0.24575424575424576,0.027972027972027972,0.03396603396603397,0.15384615384615385,0.5614385614385614,0.17882117882117882,0.14185814185814186
2025-10-22,0.5994005994005994,0.017982017982017984,0.2947052947052947,0.08791208791208792,0.5824175824175825,0.42957042957042957,0.17582417582417584,0.029970029970029972,0.1258741258741259,0.8211788211788211,0.962037962037962,0.24575424575424576,0.027972027972027972,0.03396603396603397,0.15384615384615385,0.5614385614385614,0.17882117882117882,0.14185814185814186
2025-10-23,0.5994005994005994,0.017982017982017984,0.2947052947052947,0.08791208791208792,0.5694305694305695,0.42957042957042957,0.17582417582417584,0.029970029970029972,0.11488511488511488,0.8211788211788211,0.962037962037962,0.24575424575424576,0.027972027972027972,0.03396603396603397,0.15384615384615385,0.5614385614385614,0.17882117882117882,0.14185814185814186
2025-10-24,0.5994005994005994,0.017982017982017984,0.2947052947052947,0.08791208791208792,0.5694305694305695,0.32667332667332666,0.17582417582417584,0.029970029970029972,0.1258741258741259,0.8211788211788211,0.962037962037962,0.24575424575424576,0.015984015984015984,0.030969030969030968,0.23476523476523475,0.6573426573426573,0.16283716283716285,0.08891108891108891
2025-10-27,0.5994005994005994,0.017982017982017984,0.2947052947052947,0.08791208791208792,0.5694305694305695,0.32667332667332666,0.17582417582417584,0.029970029970029972,0.1258741258741259,0.8211788211788211,0.962037962037962,0.36563436563436563,0.01898101898101898,0.030969030969030968,0.23476523476523475,0.6573426573426573,0.16283716283716285,0.08891108891108891
2025-10-28,0.4905094905094905,0.03296703296703297,0.26373626373626374,0.17182817182817184,0.4675324675324675,0.4965034965034965,0.17582417582417584,0.029970029970029972,0.1258741258741259,0.8211788211788211,0.962037962037962,0.36563436563436563,0.01898101898101898,0.030969030969030968,0.23476523476523475,0.6723276723276723,0.16283716283716285,0.03596403596403597
2025-10-29,0.4905094905094905,0.03296703296703297,0.26373626373626374,0.17182817182817184,0.4675324675324675,0.4965034965034965,0.17582417582417584,0.029970029970029972,0.1258741258741259,0.8211788211788211,0.962037962037962,0.48151848151848153,0.030969030969030968,0.030969030969030968,0.23476523476523475,0.5334665334665335,0.1968031968031968,0.03296703296703297
2025-10-30,0.4905094905094905,0.03296703296703297,0.26373626373626374,0.17182817182817184,0.4675324675324675,0.5104895104895105,0.15784215784215785,0.025974025974025976,0.1068931068931069,0.8211788211788211,0.962037962037962,0.48151848151848153,0.016983016983016984,0.03196803196803197,0.23476523476523475,0.41358641358641357,0.22777222777222778,0.03996003996003996
2025-10-31,0.4905094905094905,0.06293706293706294,0.26373626373626374,0.11488511488511488,0.6013986013986014,0.3436563436563437,0.15784215784215785,0.025974025974025976,0.1068931068931069,0.6673326673326674,0.962037962037962,0.48151848151848153,0.016983016983016984,0.03696303696303696,0.23476523476523475,0.41358641358641357,0.22777222777222778,0.03996003996003996
2025-11-03,0.4905094905094905,0.06993006993006994,0.26373626373626374,0.11488511488511488,0.6013986013986014,0.2777222777222777,0.15784215784215785,0.025974025974025976,0.1068931068931069,0.5874125874125874,0.9460539460539461,0.6393606393606394,0.016983016983016984,0.03696303696303696,0.23476523476523475,0.5804195804195804,0.16483516483516483,0.024975024975024976
2025-11-04,0.47952047952047955,0.11488511488511488,0.27472527472527475,0.11488511488511488,0.6013986013986014,0.2777222777222777,0.15784215784215785,0.025974025974025976,0.1068931068931069,0.5874125874125874,0.7952047952047953,0.6393606393606394,0.026973026973026972,0.04695304695304695,0.23476523476523475,0.5804195804195804,0.13686313686313686,0.02097902097902098
2025-11-05,0.5194805194805194,0.03696303696303696,0.3176823176823177,0.23476523476523475,0.42357642357642356,0.2947052947052947,0.32367632367632365,0.04595404595404595,0.15784215784215785,0.5874125874125874,0.7952047952047953,0.6393606393606394,0.026973026973026972,0.04695304695304695,0.23476523476523475,0.5804195804195804,0.13686313686313686,0.02097902097902098
2025-11-06,0.5194805194805194,0.04795204795204795,0.3176823176823177,0.23476523476523475,0.42357642357642356,0.4925074925074925,0.32367632367632365,0.06693306693306693,0.15784215784215785,0.5994005994005994,0.7952047952047953,0.6393606393606394,0.026973026973026972,0.04695304695304695,0.23476523476523475,0.5804195804195804,0.13686313686313686,0.02097902097902098
2025-11-07,0.5414585414585414,0.03896103896103896,0.31868131868131866,0.1108891108891109,0.36563436563436563,0.27972027972027974,0.29270729270729273,0.06693306693306693,0.15784215784215785,0.5994005994005994,0.7952047952047953,0.6983016983016983,0.026973026973026972,0.04695304695304695,0.23476523476523475,0.5804195804195804,0.13686313686313686,0.02097902097902098
2025-11-10,0.5414585414585414,0.03896103896103896,0.31868131868131866,0.1108891108891109,0.36563436563436563,0.27972027972027974,0.29270729270729273,0.06693306693306693,0.15784215784215785,0.5994005994005994,0.7952047952047953,0.6983016983016983,0.026973026973026972,0.04695304695304695,0.23476523476523475,0.5804195804195804,0.13686313686313686,0.02097902097902098
2025-11-11,0.5414585414585414,0.03896103896103896,0.31868131868131866,0.1108891108891109,0.36563436563436563,0.12387612387612387,0.29270729270729273,0.06693306693306693,0.15784215784215785,0.5994005994005994,0.7952047952047953,0.6983016983016983,0.026973026973026972,0.04695304695304695,0.13086913086913088,0.8351648351648352,0.0979020979020979,0.016983016983016984
2025-11-12,0.5414585414585414,0.03896103896103896,0.31868131868131866,0.1108891108891109,0.36563436563436563,0.12387612387612387,0.23576423576423577,0.06693306693306693,0.15784215784215785,0.5994005994005994,0.7952047952047953,0.6983016983016983,0.026973026973026972,0.04695304695304695,0.13086913086913088,0.8351648351648352,0.0979020979020979,0.016983016983016984
2025-11-13,0.5414585414585414,0.03896103896103896,0.31868131868131866,0.1108891108891109,0.36563436563436563,0.12387612387612387,0.23576423576423577,0.06693306693306693,0.15784215784215785,0.7812187812187812,0.6793206793206793,0.6023976023976024,0.026973026973026972,0.04695304695304695,0.13086913086913088,0.8351648351648352,0.0979020979020979,0.016983016983016984
2025-11-14,0.45854145854145856,0.025974025974025976,0.24775224775224775,0.1088911088911089,0.20679320679320679,0.04795204795204795,0.2897102897102897,0.061938061938061936,0.16683316683316685,0.7812187812187812,0.6793206793206793,0.6023976023976024,0.026973026973026972,0.04695304695304695,0.13286713286713286,0.8351648351648352,0.0979020979020979,0.016983016983016984
2025-11-17,0.45854145854145856,0.025974025974025976,0.24775224775224775,0.11988011988011989,0.20679320679320679,0.04995004995004995,0.2677322677322677,0.061938061938061936,0.16683316683316685,0.7812187812187812,0.6793206793206793,0.6023976023976024,0.013986013986013986,0.03996003996003996,0.2977022977022977,0.8351648351648352,0.0979020979020979,0.016983016983016984
2025-11-18,0.4985014985014985,0.03196803196803197,0.23976023976023977,0.11988011988011989,0.20679320679320679,0.04995004995004995,0.14585414585414586,0.04795204795204795,0.0899100899100899,0.8831168831168831,0.7262737262737263,0.3386613386613387,0.013986013986013986,0.03996003996003996,0.2977022977022977,0.8351648351648352,0.0979020979020979,0.016983016983016984
2025-11-19,0.5074925074925075,0.04495504495504495,0.2517482517482518,0.07692307692307693,0.3176823176823177,0.08191808191808192,0.14585414585414586,0.04795204795204795,0.0899100899100899,0.8831168831168831,0.7262737262737263,0.3386613386613387,0.02197802197802198,0.03196803196803197,0.26573426573426573,0.972027972027972,0.0979020979020979,0.016983016983016984
2025-11-20,0.5874125874125874,0.04195804195804196,0.35064935064935066,0.07692307692307693,0.18081918081918083,0.08191808191808192,0.14585414585414586,0.04795204795204795,0.0899100899100899,0.8831168831168831,0.7262737262737263,0.32667332667332666,0.054945054945054944,0.01998001998001998,0.21578421578421578,0.998001998001998,0.0919080919080919,0.01998001998001998
2025-11-21,0.45054945054945056,0.012987012987012988,0.2917082917082917,0.07692307692307693,0.17082917082917082,0.08191808191808192,0.14285714285714285,0.07292707292707293,0.0899100899100899,0.8831168831168831,0.7262737262737263,0.32667332667332666,0.054945054945054944,0.01998001998001998,0.23376623376623376,0.998001998001998,0.0919080919080919,0.01998001998001998
2025-11-24,0.45054945054945056,0.012987012987012988,0.2917082917082917,0.07692307692307693,0.17082917082917082,0.08191808191808192,0.14285714285714285,0.07292707292707293,0.0899100899100899,0.8831168831168831,0.7262737262737263,0.32667332667332666,0.04795204795204795,0.01898101898101898,0.23376623376623376,1.0,0.0919080919080919,0.01998001998001998
2025-11-25,0.45054945054945056,0.012987012987012988,0.2917082917082917,0.07692307692307693,0.17082917082917082,0.07492507492507493,0.14285714285714285,0.07292707292707293,0.0899100899100899,0.8831168831168831,0.7262737262737263,0.32667332667332666,0.04795204795204795,0.01898101898101898,0.23376623376623376,0.965034965034965,0.06993006993006994,0.014985014985014986
2025-11-26,0.45054945054945056,0.012987012987012988,0.2917082917082917,0.07692307692307693,0.18181818181818182,0.07492507492507493,0.14285714285714285,0.07292707292707293,0.0899100899100899,0.8831168831168831,0.7262737262737263,0.32667332667332666,0.04795204795204795,0.01898101898101898,0.23376623376623376,0.965034965034965,0.06993006993006994,0.014985014985014986
2025-11-28,0.45054945054945056,0.012987012987012988,0.26973026973026976,0.07692307692307693,0.18181818181818182,0.07492507492507493,0.14285714285714285,0.07292707292707293,0.0899100899100899,0.8831168831168831,0.7262737262737263,0.32667332667332666,0.04795204795204795,0.01898101898101898,0.23376623376623376,0.965034965034965,0.06993006993006994,0.014985014985014986
2025-12-01,0.45054945054945056,0.012987012987012988,0.1978021978021978,0.07692307692307693,0.18181818181818182,0.07492507492507493,0.14285714285714285,0.07292707292707293,0.0899100899100899,0.7772227772227772,0.6103896103896104,0.4165834165834166,0.04795204795204795,0.01898101898101898,0.23376623376623376,0.965034965034965,0.06993006993006994,0.014985014985014986
2025-12-02,0.45054945054945056,0.012987012987012988,0.1978021978021978,0.07692307692307693,0.18181818181818182,0.07492507492507493,0.14285714285714285,0.07292707292707293,0.08891108891108891,0.957042957042957,0.6103896103896104,0.4165834165834166,0.03596403596403597,0.026973026973026972,0.16883116883116883,0.965034965034965,0.06993006993006994,0.014985014985014986
2025-12-03,0.44155844155844154,0.01998001998001998,0.1878121878121878,0.07692307692307693,0.18181818181818182,0.07492507492507493,0.14285714285714285,0.07292707292707293,0.08891108891108891,0.961038961038961,0.6103896103896104,0.3046953046953047,0.03596403596403597,0.026973026973026972,0.16883116883116883,0.965034965034965,0.06993006993006994,0.024975024975024976
2025-12-04,0.44155844155844154,0.04995004995004995,0.1878121878121878,0.07692307692307693,0.18181818181818182,0.07492507492507493,0.14285714285714285,0.07292707292707293,0.08891108891108891,0.961038961038961,0.6103896103896104,0.3046953046953047,0.03596403596403597,0.026973026973026972,0.16883116883116883,0.965034965034965,0.06993006993006994,0.024975024975024976
2025-12-05,0.44155844155844154,0.04995004995004995,0.1878121878121878,0.07692307692307693,0.18181818181818182,0.07492507492507493,0.14485514485514486,0.06493506493506493,0.07492507492507493,0.961038961038961,0.6103896103896104,0.3046953046953047,0.056943056943056944,0.026973026973026972,0.16883116883116883,0.965034965034965,0.06993006993006994,0.024975024975024976
2025-12-08,0.44155844155844154,0.04995004995004995,0.1878121878121878,0.07692307692307693,0.18181818181818182,0.07492507492507493,0.14485514485514486,0.06493506493506493,0.07492507492507493,0.961038961038961,0.6103896103896104,0.3046953046953047,0.03396603396603397,0.026973026973026972,0.16883116883116883,0.965034965034965,0.11988011988011989,0.024975024975024976
2025-12-09,0.44155844155844154,0.04995004995004995,0.1878121878121878,0.07692307692307693,0.18181818181818182,0.07492507492507493,0.14485514485514486,0.06493506493506493,0.07492507492507493,0.964035964035964,0.5654345654345654,0.44455544455544455,0.02197802197802198,0.026973026973026972,0.16883116883116883,0.965034965034965,0.07392607392607392,0.007992007992007992
2025-12-10,0.44155844155844154,0.04995004995004995,0.1878121878121878,0.07692307692307693,0.18181818181818182,0.07492507492507493,0.3156843156843157,0.06493506493506493,0.07492507492507493,0.964035964035964,0.5654345654345654,0.44455544455544455,0.028971028971028972,0.05194805194805195,0.22677322677322678,0.965034965034965,0.07392607392607392,0.007992007992007992
2025-12-11,0.44155844155844154,0.1108891108891109,0.1878121878121878,0.07692307692307693,0.18181818181818182,0.07492507492507493,0.3156843156843157,0.06493506493506493,0.07492507492507493,0.8411588411588412,0.4195804195804196,0.5664335664335665,0.028971028971028972,0.053946053946053944,0.22677322677322678,0.965034965034965,0.07392607392607392,0.007992007992007992
2025-12-12,0.44155844155844154,0.1108891108891109,0.1878121878121878,0.07692307692307693,0.18181818181818182,0.07492507492507493,0.5084915084915085,0.0969030969030969,0.13286713286713286,0.8411588411588412,0.4195804195804196,0.5664335664335665,0.028971028971028972,0.053946053946053944,0.22677322677322678,0.7552447552447552,0.08791208791208792,0.03196803196803197
2025-12-15,0.2517482517482518,0.05094905094905095,0.07192807192807193,0.07692307692307693,0.18181818181818182,0.07492507492507493,0.5084915084915085,0.0969030969030969,0.12387612387612387,0.8411588411588412,0.4195804195804196,0.5664335664335665,0.028971028971028972,0.053946053946053944,0.21578421578421578,0.7552447552447552,0.08791208791208792,0.03196803196803197
2025-12-16,0.25074925074925075,0.05094905094905095,0.07192807192807193,0.07692307692307693,0.18181818181818182,0.07492507492507493,0.5084915084915085,0.0969030969030969,0.12387612387612387,0.8411588411588412,0.4195804195804196,0.5664335664335665,0.024975024975024976,0.06793206793206794,0.3006993006993007,0.7552447552447552,0.08791208791208792,0.03196803196803197
2025-12-17,0.25074925074925075,0.05094905094905095,0.07192807192807193,0.07692307692307693,0.18181818181818182,0.06593406593406594,0.5084915084915085,0.0969030969030969,0.12387612387612387,0.7632367632367633,0.4145854145854146,0.6253746253746254,0.03896103896103896,0.053946053946053944,0.33266733266733267,0.7552447552447552,0.08791208791208792,0.03196803196803197
2025-12-18,0.21178821178821178,0.027972027972027972,0.08691308691308691,0.14885114885114886,0.18181818181818182,0.06593406593406594,0.5084915084915085,0.0969030969030969,0.12387612387612387,0.7632367632367633,0.4145854145854146,0.6253746253746254,0.03896103896103896,0.053946053946053944,0.33266733266733267,0.7552447552447552,0.08791208791208792,0.03196803196803197
2025-12-19,0.21178821178821178,0.027972027972027972,0.08691308691308691,0.14885114885114886,0.18181818181818182,0.06593406593406594,0.5084915084915085,0.0969030969030969,0.12387612387612387,0.8211788211788211,0.33966033966033965,0.9300699300699301,0.029970029970029972,0.03996003996003996,0.44955044955044954,0.7552447552447552,0.08791208791208792,0.03196803196803197
2025-12-22,0.21178821178821178,0.027972027972027972,0.08691308691308691,0.14885114885114886,0.18181818181818182,0.13086913086913088,0.5084915084915085,0.0969030969030969,0.13286713286713286,0.8211788211788211,0.33966033966033965,0.9300699300699301,0.029970029970029972,0.03996003996003996,0.44955044955044954,0.7552447552447552,0.08791208791208792,0.03196803196803197
2025-12-23,0.27672327672327673,0.03596403596403597,0.17182817182817184,0.11788211788211789,0.1018981018981019,0.17182817182817184,0.5074925074925075,0.1258741258741259,0.15784215784215785,0.6313686313686314,0.41358641358641357,0.9440559440559441,0.027972027972027972,0.03196803196803197,0.5304695304695305,0.7992007992007992,0.03796203796203796,0.04395604395604396
2025-12-24,0.27672327672327673,0.03596403596403597,0.17182817182817184,0.11788211788211789,0.1018981018981019,0.1018981018981019,0.5074925074925075,0.1258741258741259,0.15784215784215785,0.6313686313686314,0.41358641358641357,0.9440559440559441,0.027972027972027972,0.03196803196803197,0.5304695304695305,0.7992007992007992,0.03796203796203796,0.04395604395604396
2025-12-26,0.27672327672327673,0.03596403596403597,0.17182817182817184,0.11788211788211789,0.1018981018981019,0.1018981018981019,0.5074925074925075,0.1258741258741259,0.15784215784215785,0.6313686313686314,0.41358641358641357,0.9440559440559441,0.027972027972027972,0.03196803196803197,0.5304695304695305,0.7992007992007992,0.03796203796203796,0.04395604395604396
2025-12-29,0.27672327672327673,0.03596403596403597,0.17182817182817184,0.11788211788211789,0.1018981018981019,0.1018981018981019,0.5074925074925075,0.1258741258741259,0.15784215784215785,0.6313686313686314,0.41358641358641357,0.9440559440559441,0.027972027972027972,0.03196803196803197,0.5304695304695305,0.48451548451548454,0.03796203796203796,0.04395604395604396
2025-12-30,0.27672327672327673,0.03596403596403597,0.17182817182817184,0.11788211788211789,0.1018981018981019,0.1018981018981019,0.5074925074925075,0.1258741258741259,0.15784215784215785,0.6313686313686314,0.41358641358641357,0.9440559440559441,0.027972027972027972,0.03196803196803197,0.5304695304695305,0.48451548451548454,0.03796203796203796,0.04395604395604396
2025-12-31,0.27672327672327673,0.03596403596403597,0.17182817182817184,0.11788211788211789,0.1018981018981019,0.1018981018981019,0.5074925074925075,0.1258741258741259,0.15784215784215785,0.6313686313686314,0.41358641358641357,0.9440559440559441,0.027972027972027972,0.03196803196803197,0.5304695304695305,0.48451548451548454,0.03796203796203796,0.04395604395604396
2026-01-02,0.2547452547452547,0.015984015984015984,0.16183816183816183,0.11788211788211789,0.1018981018981019,0.1018981018981019,0.5074925074925075,0.1258741258741259,0.15784215784215785,0.6313686313686314,0.41358641358641357,0.9440559440559441,0.027972027972027972,0.03196803196803197,0.5304695304695305,0.48451548451548454,0.03796203796203796,0.04395604395604396
2026-01-05,0.2547452547452547,0.029970029970029972,0.16183816183816183,0.11788211788211789,0.1108891108891109,0.1018981018981019,0.5074925074925075,0.1258741258741259,0.15784215784215785,0.6313686313686314,0.41358641358641357,0.9440559440559441,0.05094905094905095,0.060939060939060936,0.7312687312687313,0.7652347652347652,0.030969030969030968,0.10989010989010989
2026-01-06,0.24775224775224775,0.029970029970029972,0.16183816183816183,0.11788211788211789,0.1108891108891109,0.1018981018981019,0.5074925074925075,0.1258741258741259,0.15784215784215785,0.6313686313686314,0.41358641358641357,0.9440559440559441,0.10789210789210789,0.060939060939060936,0.7312687312687313,0.7652347652347652,0.030969030969030968,0.21978021978021978
2026-01-07,0.23976023976023977,0.029970029970029972,0.16183816183816183,0.11588411588411589,0.1108891108891109,0.1018981018981019,0.5074925074925075,0.1258741258741259,0.15784215784215785,0.6143856143856143,0.3756243756243756,0.8181818181818182,0.10789210789210789,0.060939060939060936,0.7312687312687313,0.7652347652347652,0.030969030969030968,0.21978021978021978
2026-01-08,0.23976023976023977,0.029970029970029972,0.16183816183816183,0.11588411588411589,0.1108891108891109,0.1018981018981019,0.4995004995004995,0.13386613386613386,0.16283716283716285,0.3886113886113886,0.3756243756243756,0.986013986013986,0.10789210789210789,0.06493506493506493,0.7312687312687313,0.4915084915084915,0.04195804195804196,0.13586413586413587
2026-01-09,0.17482517482517482,0.022977022977022976,0.14585414585414586,0.11588411588411589,0.1108891108891109,0.1018981018981019,0.4995004995004995,0.13386613386613386,0.16283716283716285,0.3886113886113886,0.3756243756243756,0.986013986013986,0.10789210789210789,0.06493506493506493,0.7312687312687313,0.7372627372627373,0.1008991008991009,0.11588411588411589
2026-01-12,0.23076923076923078,0.04395604395604396,0.0899100899100899,0.13086913086913088,0.08891108891108891,0.18281718281718282,0.4995004995004995,0.13386613386613386,0.16283716283716285,0.3886113886113886,0.3756243756243756,0.986013986013986,0.10789210789210789,0.06493506493506493,0.7312687312687313,0.7372627372627373,0.1008991008991009,0.11588411588411589
2026-01-13,0.23076923076923078,0.04395604395604396,0.0899100899100899,0.13086913086913088,0.08891108891108891,0.18281718281718282,0.4995004995004995,0.13386613386613386,0.16283716283716285,0.6143856143856143,0.3756243756243756,0.986013986013986,0.05194805194805195,0.06493506493506493,0.7312687312687313,0.7372627372627373,0.1008991008991009,0.11588411588411589
2026-01-14,0.20679320679320679,0.08891108891108891,0.14485514485514486,0.13086913086913088,0.08891108891108891,0.18281718281718282,0.6733266733266733,0.08091908091908091,0.12987012987012986,0.6143856143856143,0.3756243756243756,0.986013986013986,0.05194805194805195,0.06393606393606394,0.7312687312687313,0.955044955044955,0.08791208791208792,0.19480519480519481
2026-01-15,0.2017982017982018,0.13086913086913088,0.11988011988011989,0.08891108891108891,0.11788211788211789,0.1018981018981019,0.6733266733266733,0.17682317682317683,0.12987012987012986,0.6143856143856143,0.3756243756243756,0.986013986013986,0.05194805194805195,0.06393606393606394,0.7312687312687313,0.7642357642357642,0.08791208791208792,0.19480519480519481
2026-01-16,0.2017982017982018,0.13086913086913088,0.11988011988011989,0.08891108891108891,0.11788211788211789,0.1018981018981019,0.6733266733266733,0.17682317682317683,0.12987012987012986,0.6143856143856143,0.3756243756243756,0.986013986013986,0.06393606393606394,0.09090909090909091,0.8721278721278721,0.7642357642357642,0.08791208791208792,0.2757242757242757
2026-01-20,0.2017982017982018,0.13086913086913088,0.11988011988011989,0.08891108891108891,0.11788211788211789,0.1018981018981019,0.6733266733266733,0.17682317682317683,0.12987012987012986,0.6143856143856143,0.3756243756243756,0.986013986013986,0.06393606393606394,0.12187812187812187,0.8721278721278721,0.7642357642357642,0.08791208791208792,0.2757242757242757
2026-01-21,0.12787212787212787,0.04895104895104895,0.11488511488511488,0.07092907092907093,0.12987012987012986,0.03296703296703297,0.6473526473526473,0.11588411588411589,0.055944055944055944,0.6143856143856143,0.3756243756243756,0.962037962037962,0.06393606393606394,0.17282717282717283,0.8721278721278721,0.7642357642357642,0.08791208791208792,0.2757242757242757
2026-01-22,0.12787212787212787,0.06293706293706294,0.11488511488511488,0.07092907092907093,0.12987012987012986,0.03296703296703297,0.6473526473526473,0.11588411588411589,0.055944055944055944,0.6143856143856143,0.3756243756243756,0.962037962037962,0.06393606393606394,0.17282717282717283,0.8721278721278721,0.7642357642357642,0.08791208791208792,0.2757242757242757
2026-01-23,0.0899100899100899,0.06293706293706294,0.11488511488511488,0.07092907092907093,0.12987012987012986,0.03296703296703297,0.6473526473526473,0.11588411588411589,0.055944055944055944,0.6143856143856143,0.5844155844155844,0.962037962037962,0.06393606393606394,0.17282717282717283,0.8721278721278721,0.7642357642357642,0.08791208791208792,0.2757242757242757
2026-01-26,0.0899100899100899,0.06293706293706294,0.11488511488511488,0.07092907092907093,0.12987012987012986,0.02097902097902098,0.6853146853146853,0.07092907092907093,0.07292707292707293,0.6563436563436563,0.4355644355644356,0.8641358641358642,0.026973026973026972,0.17282717282717283,0.7692307692307693,0.7642357642357642,0.08791208791208792,0.2757242757242757
2026-01-27,0.0899100899100899,0.06293706293706294,0.11488511488511488,0.07092907092907093,0.12987012987012986,0.02097902097902098,0.6853146853146853,0.07092907092907093,0.07292707292707293,0.6563436563436563,0.4355644355644356,0.8641358641358642,0.026973026973026972,0.17282717282717283,0.7692307692307693,0.7642357642357642,0.08791208791208792,0.2757242757242757
2026-01-28,0.0899100899100899,0.06293706293706294,0.13186813186813187,0.07092907092907093,0.12987012987012986,0.02097902097902098,0.6853146853146853,0.07092907092907093,0.07292707292707293,0.6563436563436563,0.4355644355644356,0.978021978021978,0.02197802197802198,0.11588411588411589,0.6293706293706294,0.7642357642357642,0.08791208791208792,0.2757242757242757
2026-01-29,0.1918081918081918,0.17582417582417584,0.08491508491508491,0.07092907092907093,0.12987012987012986,0.02097902097902098,0.6853146853146853,0.07092907092907093,0.07292707292707293,0.6563436563436563,0.4355644355644356,0.978021978021978,0.02197802197802198,0.11588411588411589,0.8181818181818182,0.6103896103896104,0.10589410589410589,0.1928071928071928
2026-01-30,0.13186813186813187,0.3176823176823177,0.06993006993006994,0.06493506493506493,0.12987012987012986,0.02097902097902098,0.6853146853146853,0.07092907092907093,0.07292707292707293,0.8991008991008991,0.4355644355644356,0.978021978021978,0.011988011988011988,0.11588411588411589,0.8181818181818182,0.8221778221778222,0.11988011988011989,0.16583416583416583
2026-02-02,0.07192807192807193,0.2037962037962038,0.061938061938061936,0.06493506493506493,0.12987012987012986,0.02097902097902098,0.6853146853146853,0.07092907092907093,0.07292707292707293,0.8991008991008991,0.4355644355644356,0.978021978021978,0.011988011988011988,0.11588411588411589,0.8181818181818182,0.8221778221778222,0.11988011988011989,0.16583416583416583
2026-02-03,0.07192807192807193,0.06693306693306693,0.052947052947052944,0.06493506493506493,0.12987012987012986,0.02097902097902098,0.6853146853146853,0.07092907092907093,0.07292707292707293,0.8541458541458542,0.6013986013986014,0.974025974025974,0.011988011988011988,0.11588411588411589,0.8181818181818182,0.8221778221778222,0.11988011988011989,0.16583416583416583
2026-02-04,0.03296703296703297,0.03696303696303696,0.03796203796203796,0.06493506493506493,0.12987012987012986,0.02097902097902098,0.6853146853146853,0.07092907092907093,0.07292707292707293,0.8641358641358642,0.6773226773226774,0.952047952047952,0.008991008991008992,0.08491508491508491,0.8161838161838162,0.8221778221778222,0.11988011988011989,0.16583416583416583
2026-02-05,0.004995004995004995,0.023976023976023976,0.02197802197802198,0.04795204795204795,0.12387612387612387,0.02097902097902098,0.6853146853146853,0.07092907092907093,0.10789210789210789,0.8641358641358642,0.6773226773226774,0.952047952047952,0.008991008991008992,0.08491508491508491,0.8161838161838162,0.8221778221778222,0.11988011988011989,0.16583416583416583
2026-02-06,0.004995004995004995,0.03896103896103896,0.02197802197802198,0.016983016983016984,0.15584415584415584,0.006993006993006993,0.7392607392607392,0.056943056943056944,0.10789210789210789,0.8641358641358642,0.6773226773226774,0.8611388611388612,0.008991008991008992,0.08491508491508491,0.8161838161838162,0.8221778221778222,0.11988011988011989,0.16583416583416583
2026-02-09,0.004995004995004995,0.03896103896103896,0.02197802197802198,0.016983016983016984,0.25774225774225773,0.006993006993006993,0.7392607392607392,0.056943056943056944,0.10789210789210789,0.8641358641358642,0.6773226773226774,0.8611388611388612,0.008991008991008992,0.08491508491508491,0.8161838161838162,0.8221778221778222,0.11988011988011989,0.16583416583416583
2026-02-10,0.004995004995004995,0.03896103896103896,0.02197802197802198,0.016983016983016984,0.25774225774225773,0.006993006993006993,0.7392607392607392,0.056943056943056944,0.10789210789210789,0.6453546453546454,0.4485514485514486,0.6863136863136863,0.008991008991008992,0.08491508491508491,0.6503496503496503,0.9200799200799201,0.11988011988011989,0.23576423576423577
2026-02-11,0.003996003996003996,0.03896103896103896,0.02197802197802198,0.03896103896103896,0.17482517482517482,0.014985014985014986,0.7392607392607392,0.057942057942057944,0.10789210789210789,0.6453546453546454,0.4485514485514486,0.6863136863136863,0.008991008991008992,0.08491508491508491,0.6503496503496503,0.6713286713286714,0.11988011988011989,0.3546453546453546
2026-02-12,0.003996003996003996,0.03896103896103896,0.02197802197802198,0.03896103896103896,0.17482517482517482,0.014985014985014986,0.6433566433566433,0.08591408591408592,0.06293706293706294,0.6453546453546454,0.4485514485514486,0.6863136863136863,0.008991008991008992,0.08491508491508491,0.6503496503496503,0.6713286713286714,0.11988011988011989,0.3546453546453546
2026-02-13,0.001998001998001998,0.024975024975024976,0.006993006993006993,0.02097902097902098,0.15384615384615385,0.013986013986013986,0.6433566433566433,0.07392607392607392,0.07892107892107893,0.5484515484515484,0.3726273726273726,0.9000999000999002,0.008991008991008992,0.08491508491508491,0.6503496503496503,0.6713286713286714,0.11988011988011989,0.3546453546453546
2026-02-17,0.001998001998001998,0.024975024975024976,0.006993006993006993,0.02097902097902098,0.15384615384615385,0.005994005994005994,0.6433566433566433,0.07392607392607392,0.07892107892107893,0.6223776223776224,0.26873126873126874,0.9400599400599401,0.008991008991008992,0.08491508491508491,0.6503496503496503,0.6713286713286714,0.11988011988011989,0.3546453546453546
2026-02-18,0.001998001998001998,0.024975024975024976,0.006993006993006993,0.02097902097902098,0.15384615384615385,0.01098901098901099,0.6433566433566433,0.07392607392607392,0.07892107892107893,0.6223776223776224,0.26873126873126874,0.7342657342657343,0.008991008991008992,0.08491508491508491,0.6503496503496503,0.6103896103896104,0.20679320679320679,0.16883116883116883
2026-02-19,0.001998001998001998,0.024975024975024976,0.006993006993006993,0.02097902097902098,0.15384615384615385,0.01098901098901099,0.6433566433566433,0.07392607392607392,0.07892107892107893,0.6223776223776224,0.26873126873126874,0.7342657342657343,0.007992007992007992,0.12087912087912088,0.7982017982017982,0.6103896103896104,0.25374625374625376,0.16883116883116883
2026-02-20,0.001998001998001998,0.024975024975024976,0.006993006993006993,0.02097902097902098,0.15384615384615385,0.013986013986013986,0.6433566433566433,0.07392607392607392,0.07892107892107893,0.6223776223776224,0.26873126873126874,0.7342657342657343,0.007992007992007992,0.11788211788211789,0.8891108891108891,0.6103896103896104,0.25374625374625376,0.16883116883116883
2026-02-23,0.001998001998001998,0.024975024975024976,0.006993006993006993,0.02097902097902098,0.15384615384615385,0.008991008991008992,0.6433566433566433,0.07392607392607392,0.07892107892107893,0.3726273726273726,0.26873126873126874,0.7342657342657343,0.025974025974025976,0.11788211788211789,0.8891108891108891,0.6103896103896104,0.25374625374625376,0.16883116883116883
2026-02-24,0.001998001998001998,0.02197802197802198,0.006993006993006993,0.00999000999000999,0.08591408591408592,0.008991008991008992,0.6673326673326674,0.12387612387612387,0.04595404595404595,0.3726273726273726,0.26873126873126874,0.7342657342657343,0.025974025974025976,0.18281718281718282,0.8891108891108891,0.38161838161838163,0.25374625374625376,0.16883116883116883
2026-02-25,0.007992007992007992,0.07792207792207792,0.023976023976023976,0.014985014985014986,0.1068931068931069,0.004995004995004995,0.6833166833166833,0.11988011988011989,0.04695304695304695,0.1998001998001998,0.15884115884115885,0.7832167832167832,0.025974025974025976,0.24875124875124874,0.8891108891108891,0.2867132867132867,0.25374625374625376,0.16883116883116883
2026-02-26,0.007992007992007992,0.07792207792207792,0.023976023976023976,0.014985014985014986,0.1068931068931069,0.006993006993006993,0.6833166833166833,0.11988011988011989,0.04695304695304695,0.1998001998001998,0.15884115884115885,0.7832167832167832,0.025974025974025976,0.24875124875124874,0.8891108891108891,0.2867132867132867,0.25374625374625376,0.16883116883116883
2026-02-27,0.007992007992007992,0.07792207792207792,0.04595404595404595,0.005994005994005994,0.1068931068931069,0.006993006993006993,0.6833166833166833,0.11988011988011989,0.04695304695304695,0.19880119880119881,0.15984015984015984,0.7122877122877123,0.025974025974025976,0.24875124875124874,0.8891108891108891,0.2867132867132867,0.25374625374625376,0.16883116883116883
2026-03-02,0.00999000999000999,0.07792207792207792,0.06993006993006994,0.005994005994005994,0.1068931068931069,0.006993006993006993,0.5814185814185814,0.22977022977022976,0.1038961038961039,0.19880119880119881,0.15984015984015984,0.7122877122877123,0.00999000999000999,0.24875124875124874,0.8891108891108891,0.4225774225774226,0.12087912087912088,0.3906093906093906
2026-03-03,0.030969030969030968,0.14785214785214784,0.0939060939060939,0.005994005994005994,0.06793206793206794,0.022977022977022976,0.5814185814185814,0.22977022977022976,0.1038961038961039,0.19880119880119881,0.15984015984015984,0.7122877122877123,0.007992007992007992,0.21678321678321677,0.7852147852147852,0.22977022977022976,0.12787212787212787,0.34865134865134867
2026-03-04,0.030969030969030968,0.14785214785214784,0.0939060939060939,0.005994005994005994,0.06793206793206794,0.022977022977022976,0.5814185814185814,0.22977022977022976,0.1038961038961039,0.19880119880119881,0.15984015984015984,0.7122877122877123,0.008991008991008992,0.2137862137862138,0.6953046953046953,0.1958041958041958,0.04595404595404595,0.3066933066933067
2026-03-05,0.07592407592407592,0.18281718281718282,0.1068931068931069,0.006993006993006993,0.03696303696303696,0.04095904095904096,0.5814185814185814,0.22977022977022976,0.06993006993006994,0.1928071928071928,0.16783216783216784,0.5344655344655345,0.008991008991008992,0.2137862137862138,0.6953046953046953,0.1958041958041958,0.04595404595404595,0.5514485514485514
2026-03-06,0.07592407592407592,0.18281718281718282,0.1068931068931069,0.01098901098901099,0.061938061938061936,0.055944055944055944,0.6603396603396603,0.19080919080919082,0.15684315684315683,0.1928071928071928,0.16783216783216784,0.5344655344655345,0.015984015984015984,0.2217782217782218,0.6923076923076923,0.16783216783216784,0.015984015984015984,0.2917082917082917
2026-03-09,0.04595404595404595,0.15784215784215785,0.08791208791208792,0.004995004995004995,0.055944055944055944,0.026973026973026972,0.6603396603396603,0.19080919080919082,0.15684315684315683,0.4045954045954046,0.16683316683316685,0.5004995004995005,0.015984015984015984,0.2217782217782218,0.6923076923076923,0.16783216783216784,0.015984015984015984,0.2917082917082917
2026-03-10,0.07492507492507493,0.17582417582417584,0.09490509490509491,0.008991008991008992,0.053946053946053944,0.07292707292707293,0.6603396603396603,0.19080919080919082,0.06993006993006994,0.4045954045954046,0.16683316683316685,0.5004995004995005,0.015984015984015984,0.2217782217782218,0.6923076923076923,0.16783216783216784,0.015984015984015984,0.2917082917082917
2026-03-11,0.07492507492507493,0.17582417582417584,0.09490509490509491,0.008991008991008992,0.053946053946053944,0.07292707292707293,0.6603396603396603,0.19080919080919082,0.06993006993006994,0.41358641358641357,0.0899100899100899,0.2987012987012987,0.015984015984015984,0.2217782217782218,0.6923076923076923,0.11188811188811189,0.015984015984015984,0.2917082917082917
2026-03-12,0.08791208791208792,0.16483516483516483,0.1978021978021978,0.007992007992007992,0.0939060939060939,0.2077922077922078,0.5684315684315684,0.12987012987012986,0.053946053946053944,0.41358641358641357,0.0899100899100899,0.2987012987012987,0.01998001998001998,0.1998001998001998,0.7302697302697303,0.03496503496503497,0.026973026973026972,0.15984015984015984
2026-03-13,0.053946053946053944,0.14385614385614387,0.21078921078921078,0.004995004995004995,0.04295704295704296,0.16083916083916083,0.4115884115884116,0.17782217782217782,0.0919080919080919,0.7092907092907093,0.17182817182817184,0.2987012987012987,0.012987012987012988,0.3066933066933067,0.5544455544455544,0.06793206793206794,0.011988011988011988,0.35864135864135865
2026-03-16,0.055944055944055944,0.14385614385614387,0.21078921078921078,0.004995004995004995,0.04295704295704296,0.16083916083916083,0.4115884115884116,0.17782217782217782,0.0919080919080919,0.7092907092907093,0.17182817182817184,0.2987012987012987,0.003996003996003996,0.3066933066933067,0.5544455544455544,0.061938061938061936,0.014985014985014986,0.5144855144855145
2026-03-17,0.028971028971028972,0.14385614385614387,0.21078921078921078,0.006993006993006993,0.058941058941058944,0.11988011988011989,0.4115884115884116,0.17782217782217782,0.0919080919080919,0.7092907092907093,0.17182817182817184,0.2987012987012987,0.003996003996003996,0.3066933066933067,0.5544455544455544,0.061938061938061936,0.014985014985014986,0.5144855144855145
2026-03-18,0.028971028971028972,0.14385614385614387,0.21078921078921078,0.006993006993006993,0.058941058941058944,0.11988011988011989,0.4115884115884116,0.17782217782217782,0.0919080919080919,0.7092907092907093,0.17182817182817184,0.2987012987012987,0.013986013986013986,0.3066933066933067,0.5544455544455544,0.061938061938061936,0.014985014985014986,0.5144855144855145
2026-03-19,0.03396603396603397,0.15784215784215785,0.21078921078921078,0.001998001998001998,0.058941058941058944,0.1258741258741259,0.4015984015984016,0.16583416583416583,0.058941058941058944,0.7092907092907093,0.17182817182817184,0.2987012987012987,0.01898101898101898,0.2647352647352647,0.43956043956043955,0.07192807192807193,0.015984015984015984,0.5064935064935064
2026-03-20,0.03396603396603397,0.15784215784215785,0.21078921078921078,0.004995004995004995,0.058941058941058944,0.1258741258741259,0.4015984015984016,0.16583416583416583,0.058941058941058944,0.7092907092907093,0.17182817182817184,0.2987012987012987,0.01898101898101898,0.2647352647352647,0.43956043956043955,0.05194805194805195,0.015984015984015984,0.5064935064935064
2026-03-23,0.01898101898101898,0.11488511488511488,0.16683316683316685,0.002997002997002997,0.03796203796203796,0.11488511488511488,0.4015984015984016,0.16583416583416583,0.058941058941058944,0.7092907092907093,0.17182817182817184,0.2987012987012987,0.01898101898101898,0.2647352647352647,0.43956043956043955,0.05194805194805195,0.015984015984015984,0.5064935064935064
2026-03-24,0.01898101898101898,0.11488511488511488,0.16683316683316685,0.002997002997002997,0.03796203796203796,0.11488511488511488,0.4015984015984016,0.16583416583416583,0.058941058941058944,0.7092907092907093,0.17182817182817184,0.2987012987012987,0.01898101898101898,0.2707292707292707,0.43956043956043955,0.05194805194805195,0.015984015984015984,0.5064935064935064
2026-03-25,0.01898101898101898,0.17682317682317683,0.16683316683316685,0.002997002997002997,0.03796203796203796,0.11488511488511488,0.4015984015984016,0.16583416583416583,0.058941058941058944,0.7092907092907093,0.17182817182817184,0.2987012987012987,0.01898101898101898,0.2707292707292707,0.43956043956043955,0.05194805194805195,0.015984015984015984,0.33666333666333664
2026-03-26,0.01898101898101898,0.17682317682317683,0.16683316683316685,0.002997002997002997,0.03796203796203796,0.11488511488511488,0.4015984015984016,0.16583416583416583,0.058941058941058944,0.7092907092907093,0.17182817182817184,0.2987012987012987,0.01898101898101898,0.2707292707292707,0.43956043956043955,0.05194805194805195,0.015984015984015984,0.33666333666333664
2026-03-27,0.006993006993006993,0.1008991008991009,0.10789210789210789,0.000999000999000999,0.024975024975024976,0.06693306693306693,0.4015984015984016,0.16583416583416583,0.0979020979020979,0.7092907092907093,0.17182817182817184,0.2987012987012987,0.008991008991008992,0.36363636363636365,0.34065934065934067,0.030969030969030968,0.02097902097902098,0.33666333666333664
2026-03-30,0.00999000999000999,0.15784215784215785,0.09490509490509491,0.000999000999000999,0.030969030969030968,0.05194805194805195,0.45454545454545453,0.13886113886113885,0.023976023976023976,0.7092907092907093,0.17182817182817184,0.2987012987012987,0.008991008991008992,0.3196803196803197,0.3046953046953047,0.030969030969030968,0.02097902097902098,0.33666333666333664
2026-03-31,0.00999000999000999,0.15784215784215785,0.09490509490509491,0.000999000999000999,0.030969030969030968,0.05194805194805195,0.45454545454545453,0.13886113886113885,0.017982017982017984,0.7092907092907093,0.17182817182817184,0.2987012987012987,0.008991008991008992,0.3196803196803197,0.3046953046953047,0.030969030969030968,0.02097902097902098,0.33666333666333664
2026-04-01,0.007992007992007992,0.1258741258741259,0.15484515484515485,0.002997002997002997,0.017982017982017984,0.09090909090909091,0.5454545454545454,0.13386613386613386,0.029970029970029972,0.7092907092907093,0.08591408591408592,0.2987012987012987,0.008991008991008992,0.3196803196803197,0.3046953046953047,0.030969030969030968,0.02097902097902098,0.33666333666333664
2026-04-02,0.007992007992007992,0.1258741258741259,0.15484515484515485,0.002997002997002997,0.017982017982017984,0.09090909090909091,0.5454545454545454,0.13386613386613386,0.029970029970029972,0.6973026973026973,0.1018981018981019,0.34965034965034963,0.008991008991008992,0.3196803196803197,0.3046953046953047,0.030969030969030968,0.02097902097902098,0.33666333666333664
2026-04-06,0.007992007992007992,0.1258741258741259,0.15484515484515485,0.004995004995004995,0.017982017982017984,0.15984015984015984,0.5454545454545454,0.13386613386613386,0.029970029970029972,0.6973026973026973,0.1018981018981019,0.34965034965034963,0.003996003996003996,0.2977022977022977,0.23776223776223776,0.030969030969030968,0.02097902097902098,0.33666333666333664
2026-04-07,0.007992007992007992,0.1258741258741259,0.15484515484515485,0.004995004995004995,0.017982017982017984,0.15984015984015984,0.5454545454545454,0.13386613386613386,0.029970029970029972,0.6973026973026973,0.1018981018981019,0.34965034965034963,0.003996003996003996,0.2977022977022977,0.23776223776223776,0.030969030969030968,0.02097902097902098,0.33666333666333664
2026-04-08,0.005994005994005994,0.12787212787212787,0.14185814185814186,0.015984015984015984,0.011988011988011988,0.25074925074925075,0.5104895104895105,0.06493506493506493,0.027972027972027972,0.7582417582417582,0.0979020979020979,0.3036963036963037,0.003996003996003996,0.2977022977022977,0.3756243756243756,0.016983016983016984,0.04395604395604396,0.3276723276723277
2026-04-09,0.005994005994005994,0.1018981018981019,0.20679320679320679,0.011988011988011988,0.01998001998001998,0.5054945054945055,0.4675324675324675,0.0899100899100899,0.026973026973026972,0.7672327672327672,0.08391608391608392,0.2907092907092907,0.001998001998001998,0.16883116883116883,0.37462537462537465,0.017982017982017984,0.061938061938061936,0.2887112887112887
2026-04-10,0.005994005994005994,0.1018981018981019,0.20679320679320679,0.011988011988011988,0.01998001998001998,0.25774225774225773,0.4675324675324675,0.0899100899100899,0.026973026973026972,0.7672327672327672,0.08391608391608392,0.2907092907092907,0.001998001998001998,0.16883116883116883,0.37462537462537465,0.017982017982017984,0.12987012987012986,0.15284715284715283
2026-04-13,0.006993006993006993,0.1018981018981019,0.20679320679320679,0.011988011988011988,0.022977022977022976,0.25774225774225773,0.4675324675324675,0.0899100899100899,0.026973026973026972,0.7422577422577422,0.08391608391608392,0.2907092907092907,0.001998001998001998,0.13886113886113885,0.12087912087912088,0.004995004995004995,0.14385614385614387,0.1088911088911089
2026-04-14,0.006993006993006993,0.1018981018981019,0.20679320679320679,0.011988011988011988,0.022977022977022976,0.25774225774225773,0.4675324675324675,0.0899100899100899,0.026973026973026972,0.7422577422577422,0.08391608391608392,0.2907092907092907,0.001998001998001998,0.13886113886113885,0.12087912087912088,0.007992007992007992,0.14385614385614387,0.14685314685314685
2026-04-15,0.003996003996003996,0.1018981018981019,0.20679320679320679,0.013986013986013986,0.00999000999000999,0.25774225774225773,0.4675324675324675,0.0979020979020979,0.017982017982017984,0.8151848151848152,0.08591408591408592,0.34465534465534464,0.002997002997002997,0.14785214785214784,0.11488511488511488,0.007992007992007992,0.14385614385614387,0.14685314685314685
2026-04-16,0.003996003996003996,0.1018981018981019,0.20679320679320679,0.013986013986013986,0.00999000999000999,0.25774225774225773,0.5674325674325674,0.0979020979020979,0.017982017982017984,0.8151848151848152,0.08591408591408592,0.34465534465534464,0.002997002997002997,0.14785214785214784,0.11488511488511488,0.007992007992007992,0.14385614385614387,0.14685314685314685
2026-04-17,0.003996003996003996,0.1018981018981019,0.20679320679320679,0.013986013986013986,0.00999000999000999,0.25774225774225773,0.5674325674325674,0.0899100899100899,0.017982017982017984,0.8151848151848152,0.08591408591408592,0.34465534465534464,0.003996003996003996,0.14785214785214784,0.11488511488511488,0.007992007992007992,0.14385614385614387,0.14685314685314685
2026-04-20,0.003996003996003996,0.1018981018981019,0.20679320679320679,0.013986013986013986,0.00999000999000999,0.25774225774225773,0.5674325674325674,0.0899100899100899,0.017982017982017984,0.7472527472527473,0.08591408591408592,0.3836163836163836,0.003996003996003996,0.14785214785214784,0.11488511488511488,0.007992007992007992,0.14385614385614387,0.14685314685314685
2026-04-21,0.003996003996003996,0.06793206793206794,0.17482517482517482,0.013986013986013986,0.00999000999000999,0.1958041958041958,0.5674325674325674,0.0899100899100899,0.017982017982017984,0.7472527472527473,0.08591408591408592,0.3836163836163836,0.01098901098901099,0.14785214785214784,0.11488511488511488,0.006993006993006993,0.14385614385614387,0.14685314685314685
2026-04-22,0.011988011988011988,0.06793206793206794,0.17482517482517482,0.013986013986013986,0.00999000999000999,0.2087912087912088,0.5674325674325674,0.0899100899100899,0.017982017982017984,0.7472527472527473,0.08591408591408592,0.3836163836163836,0.02197802197802198,0.1958041958041958,0.11488511488511488,0.006993006993006993,0.14385614385614387,0.14685314685314685
2026-04-23,0.011988011988011988,0.06793206793206794,0.17482517482517482,0.013986013986013986,0.008991008991008992,0.1888111888111888,0.5674325674325674,0.0899100899100899,0.017982017982017984,0.7472527472527473,0.14385614385614387,0.3836163836163836,0.01998001998001998,0.24675324675324675,0.3356643356643357,0.006993006993006993,0.1938061938061938,0.14685314685314685
2026-04-24,0.011988011988011988,0.13286713286713286,0.17482517482517482,0.014985014985014986,0.008991008991008992,0.1888111888111888,0.5674325674325674,0.0899100899100899,0.017982017982017984,0.7472527472527473,0.14385614385614387,0.3836163836163836,0.01998001998001998,0.24675324675324675,0.3356643356643357,0.006993006993006993,0.1938061938061938,0.14685314685314685
2026-04-27,0.011988011988011988,0.13286713286713286,0.17482517482517482,0.014985014985014986,0.008991008991008992,0.1888111888111888,0.5674325674325674,0.0899100899100899,0.017982017982017984,0.7472527472527473,0.14385614385614387,0.3836163836163836,0.01898101898101898,0.18981018981018982,0.17482517482517482,0.002997002997002997,0.1938061938061938,0.14685314685314685
2026-04-28,0.011988011988011988,0.13286713286713286,0.17482517482517482,0.014985014985014986,0.008991008991008992,0.1888111888111888,0.5674325674325674,0.0899100899100899,0.017982017982017984,0.7472527472527473,0.14385614385614387,0.3836163836163836,0.01898101898101898,0.18981018981018982,0.17482517482517482,0.005994005994005994,0.3546453546453546,0.2707292707292707
2026-04-29,0.011988011988011988,0.13286713286713286,0.17482517482517482,0.014985014985014986,0.008991008991008992,0.1888111888111888,0.5674325674325674,0.0899100899100899,0.017982017982017984,0.7472527472527473,0.14385614385614387,0.3836163836163836,0.01898101898101898,0.18981018981018982,0.17482517482517482,0.005994005994005994,0.3546453546453546,0.2707292707292707
2026-04-30,0.011988011988011988,0.13286713286713286,0.17482517482517482,0.014985014985014986,0.008991008991008992,0.18281718281718282,0.5674325674325674,0.0899100899100899,0.023976023976023976,0.7472527472527473,0.14385614385614387,0.3836163836163836,0.01898101898101898,0.18981018981018982,0.17482517482517482,0.005994005994005994,0.3166833166833167,0.2707292707292707
2026-05-01,0.011988011988011988,0.2137862137862138,0.2997002997002997,0.014985014985014986,0.008991008991008992,0.18281718281718282,0.5674325674325674,0.0899100899100899,0.023976023976023976,0.7472527472527473,0.14385614385614387,0.3836163836163836,0.01898101898101898,0.18981018981018982,0.17482517482517482,0.005994005994005994,0.3166833166833167,0.2707292707292707
2026-05-04,0.011988011988011988,0.2137862137862138,0.2997002997002997,0.014985014985014986,0.008991008991008992,0.18281718281718282,0.5674325674325674,0.0899100899100899,0.023976023976023976,0.8391608391608392,0.28471528471528473,0.3936063936063936,0.029970029970029972,0.18981018981018982,0.17482517482517482,0.005994005994005994,0.3166833166833167,0.2707292707292707
2026-05-05,0.011988011988011988,0.2137862137862138,0.2997002997002997,0.014985014985014986,0.008991008991008992,0.4115884115884116,0.6573426573426573,0.13386613386613386,0.04295704295704296,0.8391608391608392,0.28471528471528473,0.3936063936063936,0.029970029970029972,0.2077922077922078,0.3516483516483517,0.005994005994005994,0.13786213786213786,0.17582417582417584
2026-05-06,0.007992007992007992,0.2137862137862138,0.2997002997002997,0.014985014985014986,0.008991008991008992,0.4115884115884116,0.6573426573426573,0.13386613386613386,0.04295704295704296,0.8391608391608392,0.28471528471528473,0.3936063936063936,0.029970029970029972,0.2077922077922078,0.3516483516483517,0.005994005994005994,0.13786213786213786,0.17582417582417584
2026-05-07,0.01098901098901099,0.2137862137862138,0.2997002997002997,0.014985014985014986,0.008991008991008992,0.4115884115884116,0.6573426573426573,0.13386613386613386,0.04295704295704296,0.936063936063936,0.5074925074925075,0.6053946053946054,0.029970029970029972,0.2077922077922078,0.3516483516483517,0.005994005994005994,0.13786213786213786,0.17582417582417584
2026-05-08,0.01098901098901099,0.2137862137862138,0.2997002997002997,0.014985014985014986,0.008991008991008992,0.4115884115884116,0.9200799200799201,0.11488511488511488,0.04295704295704296,0.8651348651348651,0.4885114885114885,0.4145854145854146,0.055944055944055944,0.1878121878121878,0.3336663336663337,0.005994005994005994,0.13786213786213786,0.17582417582417584
2026-05-11,0.01098901098901099,0.2137862137862138,0.2997002997002997,0.014985014985014986,0.008991008991008992,0.4115884115884116,0.9200799200799201,0.18081918081918083,0.04295704295704296,0.8651348651348651,0.4885114885114885,0.4145854145854146,0.055944055944055944,0.1878121878121878,0.3336663336663337,0.005994005994005994,0.13786213786213786,0.17582417582417584
2026-05-12,0.01098901098901099,0.2137862137862138,0.2997002997002997,0.014985014985014986,0.008991008991008992,0.4115884115884116,0.9200799200799201,0.18081918081918083,0.04295704295704296,0.8651348651348651,0.4885114885114885,0.4145854145854146,0.055944055944055944,0.1878121878121878,0.3336663336663337,0.011988011988011988,0.057942057942057944,0.08391608391608392
2026-05-13,0.01098901098901099,0.2137862137862138,0.2997002997002997,0.014985014985014986,0.008991008991008992,0.4115884115884116,0.9200799200799201,0.18081918081918083,0.04295704295704296,0.8651348651348651,0.4885114885114885,0.4145854145854146,0.055944055944055944,0.1878121878121878,0.3336663336663337,0.011988011988011988,0.057942057942057944,0.08391608391608392
2026-05-14,0.01098901098901099,0.2137862137862138,0.2997002997002997,0.014985014985014986,0.008991008991008992,0.5084915084915085,0.7262737262737263,0.16283716283716285,0.02197802197802198,0.8651348651348651,0.4885114885114885,0.4145854145854146,0.055944055944055944,0.1878121878121878,0.3336663336663337,0.011988011988011988,0.057942057942057944,0.07192807192807193
2026-05-15,0.01098901098901099,0.2137862137862138,0.2997002997002997,0.014985014985014986,0.008991008991008992,0.5084915084915085,0.7262737262737263,0.16283716283716285,0.02197802197802198,0.8651348651348651,0.4885114885114885,0.4145854145854146,0.053946053946053944,0.24075924075924077,0.4865134865134865,0.017982017982017984,0.04295704295704296,0.11388611388611389
2026-05-18,0.005994005994005994,0.22077922077922077,0.36163836163836166,0.008991008991008992,0.004995004995004995,0.36063936063936064,0.7262737262737263,0.16283716283716285,0.04095904095904096,0.8651348651348651,0.4885114885114885,0.4145854145854146,0.20279720279720279,0.35264735264735264,0.5064935064935064,0.017982017982017984,0.04295704295704296,0.11388611388611389
2026-05-19,0.005994005994005994,0.22077922077922077,0.36163836163836166,0.008991008991008992,0.004995004995004995,0.36063936063936064,0.7262737262737263,0.16283716283716285,0.04095904095904096,0.8651348651348651,0.4885114885114885,0.4145854145854146,0.20279720279720279,0.3906093906093906,0.5064935064935064,0.017982017982017984,0.04295704295704296,0.11388611388611389
2026-05-20,0.005994005994005994,0.22077922077922077,0.36163836163836166,0.008991008991008992,0.005994005994005994,0.36063936063936064,0.6703296703296703,0.15184815184815184,0.024975024975024976,0.8651348651348651,0.4885114885114885,0.4145854145854146,0.20279720279720279,0.3906093906093906,0.5064935064935064,0.017982017982017984,0.04295704295704296,0.11388611388611389
2026-05-21,0.005994005994005994,0.22077922077922077,0.36163836163836166,0.008991008991008992,0.005994005994005994,0.36063936063936064,0.6703296703296703,0.15184815184815184,0.024975024975024976,0.8401598401598401,0.4945054945054945,0.6303696303696303,0.20279720279720279,0.3906093906093906,0.5064935064935064,0.03496503496503497,0.04295704295704296,0.11388611388611389
2026-05-22,0.005994005994005994,0.22077922077922077,0.36163836163836166,0.008991008991008992,0.005994005994005994,0.36063936063936064,0.6703296703296703,0.15184815184815184,0.024975024975024976,0.8401598401598401,0.4945054945054945,0.6303696303696303,0.20279720279720279,0.3906093906093906,0.5064935064935064,0.03696303696303696,0.055944055944055944,0.1018981018981019
2026-05-26,0.00999000999000999,0.22077922077922077,0.36163836163836166,0.008991008991008992,0.005994005994005994,0.36063936063936064,0.7922077922077922,0.12187812187812187,0.029970029970029972,0.8401598401598401,0.4945054945054945,0.6303696303696303,0.38161838161838163,0.37162837162837165,0.8571428571428571,0.03696303696303696,0.055944055944055944,0.1018981018981019
2026-05-27,0.00999000999000999,0.22077922077922077,0.36163836163836166,0.008991008991008992,0.005994005994005994,0.36063936063936064,0.7922077922077922,0.12187812187812187,0.029970029970029972,0.7602397602397603,0.4325674325674326,0.5124875124875125,0.42157842157842157,0.3676323676323676,0.8571428571428571,0.03496503496503497,0.1038961038961039,0.09090909090909091
2026-05-28,0.005994005994005994,0.22077922077922077,0.36163836163836166,0.008991008991008992,0.005994005994005994,0.36063936063936064,0.971028971028971,0.17582417582417584,0.029970029970029972,0.7602397602397603,0.4325674325674326,0.5124875124875125,0.42157842157842157,0.3676323676323676,0.8571428571428571,0.03496503496503497,0.1038961038961039,0.09090909090909091
2026-05-29,0.005994005994005994,0.22077922077922077,0.36163836163836166,0.008991008991008992,0.005994005994005994,0.36063936063936064,0.971028971028971,0.17582417582417584,0.029970029970029972,0.7602397602397603,0.4325674325674326,0.5124875124875125,0.42157842157842157,0.3676323676323676,0.8571428571428571,0.03496503496503497,0.1038961038961039,0.17282717282717283
2026-06-01,0.005994005994005994,0.22077922077922077,0.36163836163836166,0.008991008991008992,0.005994005994005994,0.36063936063936064,0.971028971028971,0.17582417582417584,0.029970029970029972,0.7602397602397603,0.4325674325674326,0.5124875124875125,0.7212787212787213,0.3676323676323676,0.8811188811188811,0.057942057942057944,0.27672327672327673,0.16883116883116883
2026-06-02,0.008991008991008992,0.22077922077922077,0.36163836163836166,0.01098901098901099,0.005994005994005994,0.15284715284715283,0.971028971028971,0.17582417582417584,0.029970029970029972,0.7602397602397603,0.4325674325674326,0.5124875124875125,0.5074925074925075,0.35864135864135865,0.9050949050949051,0.057942057942057944,0.1038961038961039,0.16883116883116883
2026-06-03,0.008991008991008992,0.34465534465534464,0.36163836163836166,0.01098901098901099,0.005994005994005994,0.15284715284715283,0.971028971028971,0.17582417582417584,0.029970029970029972,0.7602397602397603,0.4325674325674326,0.5124875124875125,0.5074925074925075,0.35864135864135865,0.9050949050949051,0.057942057942057944,0.1038961038961039,0.16883116883116883
2026-06-04,0.02097902097902098,0.47352647352647353,0.2857142857142857,0.01098901098901099,0.008991008991008992,0.15284715284715283,0.8261738261738262,0.14585414585414586,0.03496503496503497,0.7602397602397603,0.4325674325674326,0.5124875124875125,0.5074925074925075,0.35864135864135865,0.9050949050949051,0.057942057942057944,0.1038961038961039,0.16883116883116883
2026-06-05,0.02097902097902098,0.47352647352647353,0.2857142857142857,0.01098901098901099,0.008991008991008992,0.15284715284715283,0.8261738261738262,0.14585414585414586,0.03496503496503497,0.7602397602397603,0.4325674325674326,0.5124875124875125,0.5074925074925075,0.35864135864135865,0.9050949050949051,0.057942057942057944,0.1038961038961039,0.35664335664335667
2026-06-08,0.005994005994005994,0.3926073926073926,0.26673326673326675,0.007992007992007992,0.011988011988011988,0.08691308691308691,0.8261738261738262,0.14585414585414586,0.06893106893106893,0.7512487512487512,0.7182817182817183,0.6663336663336663,0.5074925074925075,0.35864135864135865,0.9050949050949051,0.057942057942057944,0.1038961038961039,0.35664335664335667
2026-06-09,0.005994005994005994,0.3926073926073926,0.26673326673326675,0.008991008991008992,0.012987012987012988,0.15284715284715283,0.8261738261738262,0.14585414585414586,0.06893106893106893,0.7512487512487512,0.7182817182817183,0.6663336663336663,0.5074925074925075,0.35864135864135865,0.9050949050949051,0.057942057942057944,0.21678321678321677,0.35664335664335667
2026-06-10,0.016983016983016984,0.3926073926073926,0.26673326673326675,0.008991008991008992,0.012987012987012988,0.15284715284715283,0.8261738261738262,0.14585414585414586,0.06893106893106893,0.7512487512487512,0.7182817182817183,0.6663336663336663,0.5074925074925075,0.35864135864135865,0.9050949050949051,0.057942057942057944,0.21678321678321677,0.35664335664335667
2026-06-11,0.016983016983016984,0.3926073926073926,0.23476523476523475,0.002997002997002997,0.007992007992007992,0.09490509490509491,0.8261738261738262,0.14585414585414586,0.0919080919080919,0.7512487512487512,0.7182817182817183,0.6663336663336663,0.5074925074925075,0.35864135864135865,0.9050949050949051,0.057942057942057944,0.21678321678321677,0.35664335664335667
2026-06-12,0.016983016983016984,0.3926073926073926,0.23476523476523475,0.002997002997002997,0.007992007992007992,0.09490509490509491,0.8261738261738262,0.14585414585414586,0.0919080919080919,0.6513486513486514,0.5944055944055944,0.8581418581418582,0.5074925074925075,0.35864135864135865,0.9050949050949051,0.057942057942057944,0.21678321678321677,0.35664335664335667
2026-06-15,0.013986013986013986,0.3926073926073926,0.23476523476523475,0.002997002997002997,0.007992007992007992,0.07192807192807193,0.8261738261738262,0.14585414585414586,0.0919080919080919,0.6513486513486514,0.5944055944055944,0.8581418581418582,0.5074925074925075,0.35864135864135865,0.9050949050949051,0.060939060939060936,0.21678321678321677,0.35664335664335667
2026-06-16,0.013986013986013986,0.3926073926073926,0.23476523476523475,0.002997002997002997,0.007992007992007992,0.07192807192807193,0.8261738261738262,0.14585414585414586,0.0919080919080919,0.6353646353646354,0.5734265734265734,0.8441558441558441,0.7062937062937062,0.35864135864135865,0.9050949050949051,0.060939060939060936,0.21678321678321677,0.35664335664335667
2026-06-17,0.02197802197802198,0.44155844155844154,0.25274725274725274,0.002997002997002997,0.007992007992007992,0.05094905094905095,0.984015984015984,0.25274725274725274,0.18681318681318682,0.6353646353646354,0.5734265734265734,0.8441558441558441,0.7062937062937062,0.35864135864135865,0.9050949050949051,0.058941058941058944,0.23376623376623376,0.5824175824175825
2026-06-18,0.02197802197802198,0.5584415584415584,0.25274725274725274,0.003996003996003996,0.014985014985014986,0.03696303696303696,0.984015984015984,0.25274725274725274,0.18681318681318682,0.6353646353646354,0.5734265734265734,0.8441558441558441,0.34165834165834164,0.3086913086913087,0.7542457542457542,0.1048951048951049,0.4905094905094905,0.25874125874125875
2026-06-22,0.02197802197802198,0.5584415584415584,0.25274725274725274,0.003996003996003996,0.014985014985014986,0.03696303696303696,0.977022977022977,0.25274725274725274,0.18681318681318682,0.6353646353646354,0.4725274725274725,0.7172827172827173,0.5114885114885115,0.38961038961038963,0.988011988011988,0.1048951048951049,0.4905094905094905,0.1928071928071928
2026-06-23,0.02197802197802198,0.6363636363636364,0.25274725274725274,0.003996003996003996,0.03996003996003996,0.07092907092907093,0.977022977022977,0.25274725274725274,0.18681318681318682,0.6353646353646354,0.4725274725274725,0.7172827172827173,0.5114885114885115,0.38961038961038963,0.988011988011988,0.1048951048951049,0.43756243756243757,0.1928071928071928
2026-06-24,0.005994005994005994,0.6473526473526473,0.18681318681318682,0.003996003996003996,0.03996003996003996,0.07092907092907093,0.977022977022977,0.25274725274725274,0.18681318681318682,0.6353646353646354,0.4725274725274725,0.7172827172827173,0.5114885114885115,0.38961038961038963,0.988011988011988,0.1048951048951049,0.43756243756243757,0.1928071928071928
2026-06-25,0.005994005994005994,0.6473526473526473,0.18681318681318682,0.003996003996003996,0.03996003996003996,0.07092907092907093,0.977022977022977,0.25274725274725274,0.18681318681318682,0.7122877122877123,0.2957042957042957,0.5634365634365635,0.5114885114885115,0.38961038961038963,0.9820179820179821,0.1048951048951049,0.43756243756243757,0.1928071928071928
2026-06-26,0.02197802197802198,0.7322677322677322,0.18681318681318682,0.003996003996003996,0.055944055944055944,0.07092907092907093,0.977022977022977,0.25274725274725274,0.18681318681318682,0.8601398601398601,0.41858141858141856,0.5634365634365635,0.5114885114885115,0.38961038961038963,0.9820179820179821,0.15684315684315683,0.17382617382617382,0.1928071928071928
2026-06-29,0.02197802197802198,0.7322677322677322,0.18681318681318682,0.003996003996003996,0.055944055944055944,0.07092907092907093,0.8301698301698301,0.25274725274725274,0.3756243756243756,0.8601398601398601,0.41858141858141856,0.5634365634365635,0.5114885114885115,0.38961038961038963,0.9820179820179821,0.1798201798201798,0.12187812187812187,0.3436563436563437
2026-06-30,0.02197802197802198,0.7322677322677322,0.18681318681318682,0.003996003996003996,0.055944055944055944,0.07092907092907093,0.8301698301698301,0.25274725274725274,0.3756243756243756,0.8601398601398601,0.41858141858141856,0.5634365634365635,0.5114885114885115,0.38961038961038963,0.9820179820179821,0.1798201798201798,0.12187812187812187,0.3436563436563437
2026-07-01,0.02197802197802198,0.7322677322677322,0.18681318681318682,0.003996003996003996,0.055944055944055944,0.07092907092907093,0.8301698301698301,0.22677322677322678,0.3756243756243756,0.8601398601398601,0.41858141858141856,0.5634365634365635,0.6403596403596403,0.35664335664335667,0.9470529470529471,0.15584415584415584,0.18581418581418582,0.3146853146853147
2026-07-02,0.02197802197802198,0.7322677322677322,0.18681318681318682,0.003996003996003996,0.055944055944055944,0.07092907092907093,0.8301698301698301,0.22677322677322678,0.3756243756243756,0.8601398601398601,0.41858141858141856,0.5634365634365635,0.6403596403596403,0.35664335664335667,0.9470529470529471,0.2077922077922078,0.18581418581418582,0.3146853146853147
2026-07-06,0.017982017982017984,0.7392607392607392,0.22377622377622378,0.00999000999000999,0.055944055944055944,0.07092907092907093,0.8301698301698301,0.22677322677322678,0.3756243756243756,0.8601398601398601,0.41858141858141856,0.5634365634365635,0.6403596403596403,0.35664335664335667,0.9470529470529471,0.2077922077922078,0.18581418581418582,0.3146853146853147
2026-07-07,0.017982017982017984,0.7392607392607392,0.22377622377622378,0.00999000999000999,0.055944055944055944,0.07092907092907093,0.8301698301698301,0.22677322677322678,0.3756243756243756,0.8601398601398601,0.41858141858141856,0.5634365634365635,0.6403596403596403,0.42657342657342656,0.7972027972027972,0.2077922077922078,0.18581418581418582,0.3146853146853147
2026-07-08,0.017982017982017984,0.7392607392607392,0.22377622377622378,0.00999000999000999,0.055944055944055944,0.07092907092907093,0.8301698301698301,0.22677322677322678,0.3756243756243756,0.8601398601398601,0.41858141858141856,0.5634365634365635,0.6403596403596403,0.42657342657342656,0.7972027972027972,0.2077922077922078,0.18581418581418582,0.3146853146853147
2026-07-09,0.015984015984015984,0.7392607392607392,0.22377622377622378,0.001998001998001998,0.024975024975024976,0.061938061938061936,0.9090909090909091,0.26973026973026976,0.21478521478521478,0.8601398601398601,0.41858141858141856,0.5634365634365635,0.6403596403596403,0.42657342657342656,0.7972027972027972,0.2077922077922078,0.0919080919080919,0.3146853146853147
2026-07-10,0.015984015984015984,0.7392607392607392,0.22377622377622378,0.001998001998001998,0.024975024975024976,0.061938061938061936,0.8581418581418582,0.15584415584415584,0.21478521478521478,0.8241758241758241,0.41858141858141856,0.5634365634365635,0.6403596403596403,0.42657342657342656,0.7972027972027972,0.12387612387612387,0.1918081918081918,0.17182817182817184
2026-07-13,0.015984015984015984,0.7392607392607392,0.22377622377622378,0.001998001998001998,0.024975024975024976,0.061938061938061936,0.8581418581418582,0.15584415584415584,0.21478521478521478,0.8241758241758241,0.41858141858141856,0.5634365634365635,0.6403596403596403,0.42657342657342656,0.7972027972027972,0.12387612387612387,0.1918081918081918,0.17182817182817184
2026-07-14,0.01898101898101898,0.6923076923076923,0.22677322677322678,0.001998001998001998,0.024975024975024976,0.061938061938061936,0.8581418581418582,0.15584415584415584,0.21478521478521478,0.8241758241758241,0.41858141858141856,0.5634365634365635,0.6403596403596403,0.42657342657342656,0.7972027972027972,0.07592407592407592,0.1918081918081918,0.17182817182817184
2026-07-15,0.01898101898101898,0.6923076923076923,0.22677322677322678,0.001998001998001998,0.024975024975024976,0.061938061938061936,0.8661338661338661,0.14485514485514486,0.21878121878121878,0.8241758241758241,0.41858141858141856,0.5634365634365635,0.4725274725274725,0.35664335664335667,0.97002997002997,0.07492507492507493,0.24775224775224775,0.09290709290709291
2026-07-16,0.01898101898101898,0.6923076923076923,0.22677322677322678,0.001998001998001998,0.024975024975024976,0.061938061938061936,0.8661338661338661,0.14485514485514486,0.21878121878121878,0.8241758241758241,0.6283716283716284,0.5634365634365635,0.5934065934065934,0.35664335664335667,0.97002997002997,0.07492507492507493,0.5314685314685315,0.09290709290709291
2026-07-17,0.01898101898101898,0.6923076923076923,0.22677322677322678,0.003996003996003996,0.058941058941058944,0.027972027972027972,0.8371628371628371,0.19480519480519481,0.6413586413586414,0.8241758241758241,0.6283716283716284,0.5634365634365635,0.5684315684315684,0.32167832167832167,0.9560439560439561,0.06493506493506493,0.5124875124875125,0.14085914085914086
2026-07-20,0.01898101898101898,0.6923076923076923,0.22677322677322678,0.001998001998001998,0.04695304695304695,0.030969030969030968,0.8371628371628371,0.19480519480519481,0.6413586413586414,0.8241758241758241,0.6283716283716284,0.5634365634365635,0.5684315684315684,0.32167832167832167,0.9560439560439561,0.06493506493506493,0.5124875124875125,0.37362637362637363
2026-07-21,0.012987012987012988,0.6923076923076923,0.22677322677322678,0.001998001998001998,0.04695304695304695,0.030969030969030968,0.8371628371628371,0.19480519480519481,0.6413586413586414,0.8241758241758241,0.6283716283716284,0.5634365634365635,0.6693306693306693,0.41858141858141856,0.973026973026973,0.06493506493506493,0.5124875124875125,0.37362637362637363
2026-07-22,0.012987012987012988,0.6923076923076923,0.22677322677322678,0.001998001998001998,0.04695304695304695,0.030969030969030968,0.8371628371628371,0.19480519480519481,0.6413586413586414,0.9340659340659341,0.6283716283716284,0.5634365634365635,0.6693306693306693,0.41858141858141856,0.973026973026973,0.06493506493506493,0.5124875124875125,0.37362637362637363
2026-07-23,0.012987012987012988,0.6923076923076923,0.22677322677322678,0.001998001998001998,0.04695304695304695,0.030969030969030968,0.8371628371628371,0.19480519480519481,0.6413586413586414,0.9340659340659341,0.6283716283716284,0.5634365634365635,0.6693306693306693,0.41858141858141856,0.973026973026973,0.06493506493506493,0.5124875124875125,0.37362637362637363
2026-07-24,0.012987012987012988,0.6923076923076923,0.22677322677322678,0.002997002997002997,0.054945054945054944,0.00999000999000999,0.8371628371628371,0.19480519480519481,0.6413586413586414,0.9340659340659341,0.6283716283716284,0.5634365634365635,0.6693306693306693,0.41858141858141856,0.973026973026973,0.06693306693306693,0.4975024975024975,0.29270729270729273
2026-07-27,0.012987012987012988,0.6923076923076923,0.22677322677322678,0.002997002997002997,0.054945054945054944,0.00999000999000999,0.8371628371628371,0.19480519480519481,0.6413586413586414,0.9340659340659341,0.6283716283716284,0.5634365634365635,0.6693306693306693,0.41858141858141856,0.973026973026973,0.06693306693306693,0.4975024975024975,0.29270729270729273
2026-07-28,0.012987012987012988,0.6923076923076923,0.30569430569430567,0.001998001998001998,0.08091908091908091,0.014985014985014986,0.8371628371628371,0.19480519480519481,0.6413586413586414,0.8891108891108891,0.6153846153846154,0.6233766233766234,0.6693306693306693,0.3516483516483517,0.973026973026973,0.06693306693306693,0.4975024975024975,0.29270729270729273
2026-07-29,0.012987012987012988,0.6923076923076923,0.30569430569430567,0.001998001998001998,0.08091908091908091,0.014985014985014986,0.8371628371628371,0.19480519480519481,0.6413586413586414,0.8891108891108891,0.6153846153846154,0.6233766233766234,0.6693306693306693,0.3516483516483517,0.973026973026973,0.06693306693306693,0.4975024975024975,0.29270729270729273
2026-07-30,0.004995004995004995,0.5964035964035964,0.2857142857142857,0.001998001998001998,0.08091908091908091,0.014985014985014986,0.8771228771228772,0.18081918081918083,0.6803196803196803,0.8891108891108891,0.6153846153846154,0.6233766233766234,0.6693306693306693,0.3516483516483517,0.955044955044955,0.07292707292707293,0.24875124875124874,0.2787212787212787
2026-07-31,0.01098901098901099,0.5964035964035964,0.2857142857142857,0.001998001998001998,0.08091908091908091,0.014985014985014986,0.8771228771228772,0.18081918081918083,0.6803196803196803,0.8891108891108891,0.6153846153846154,0.6233766233766234,0.44955044955044954,0.13386613386613386,0.938061938061938,0.0979020979020979,0.5154845154845155,0.13586413586413587
2026-08-03,0.030969030969030968,0.5964035964035964,0.2857142857142857,0.001998001998001998,0.08091908091908091,0.014985014985014986,0.8771228771228772,0.18081918081918083,0.6803196803196803,0.957042957042957,0.8511488511488512,0.6163836163836164,0.44955044955044954,0.13386613386613386,0.8441558441558441,0.0979020979020979,0.8061938061938062,0.13586413586413587
2026-08-04,0.030969030969030968,0.5964035964035964,0.2857142857142857,0.001998001998001998,0.08091908091908091,0.014985014985014986,0.8771228771228772,0.18081918081918083,0.6803196803196803,0.957042957042957,0.7352647352647352,0.6163836163836164,0.22777222777222778,0.11388611388611389,0.6233766233766234,0.0979020979020979,0.8661338661338661,0.14185814185814186
2026-08-05,0.02097902097902098,0.6343656343656343,0.45354645354645357,0.008991008991008992,0.07192807192807193,0.059940059940059943,0.7662337662337663,0.16683316683316685,0.8291708291708292,0.8991008991008991,0.5014985014985015,0.5894105894105894,0.22777222777222778,0.07092907092907093,0.6233766233766234,0.0979020979020979,0.8661338661338661,0.14185814185814186
2026-08-06,0.02097902097902098,0.6343656343656343,0.45354645354645357,0.008991008991008992,0.07192807192807193,0.059940059940059943,0.7662337662337663,0.16683316683316685,0.8291708291708292,0.6493506493506493,0.6223776223776224,0.7062937062937062,0.22777222777222778,0.07092907092907093,0.6233766233766234,0.0979020979020979,0.8661338661338661,0.14185814185814186
2026-08-07,0.02097902097902098,0.6343656343656343,0.45354645354645357,0.008991008991008992,0.07192807192807193,0.059940059940059943,0.7662337662337663,0.16683316683316685,0.8121878121878122,0.6493506493506493,0.6223776223776224,0.7062937062937062,0.22777222777222778,0.11788211788211789,0.6233766233766234,0.0979020979020979,0.8661338661338661,0.14185814185814186
2026-08-10,0.02097902097902098,0.6343656343656343,0.45354645354645357,0.008991008991008992,0.07192807192807193,0.059940059940059943,0.7662337662337663,0.16683316683316685,0.8121878121878122,0.6493506493506493,0.6223776223776224,0.7062937062937062,0.2007992007992008,0.1968031968031968,0.6333666333666333,0.0979020979020979,0.8661338661338661,0.14185814185814186
2026-08-11,0.02097902097902098,0.6343656343656343,0.45354645354645357,0.008991008991008992,0.07192807192807193,0.059940059940059943,0.7582417582417582,0.17282717282717283,0.7772227772227772,0.6493506493506493,0.6223776223776224,0.7062937062937062,0.2007992007992008,0.1968031968031968,0.6333666333666333,0.0979020979020979,0.8661338661338661,0.14185814185814186
2026-08-12,0.02097902097902098,0.6343656343656343,0.45354645354645357,0.008991008991008992,0.07192807192807193,0.059940059940059943,0.7582417582417582,0.17282717282717283,0.7772227772227772,0.6493506493506493,0.6223776223776224,0.7062937062937062,0.2007992007992008,0.1968031968031968,0.6333666333666333,0.0979020979020979,0.8661338661338661,0.14185814185814186
2026-08-13,0.02097902097902098,0.6343656343656343,0.45354645354645357,0.008991008991008992,0.07192807192807193,0.11288711288711288,0.7582417582417582,0.17282717282717283,0.7772227772227772,0.6493506493506493,0.6223776223776224,0.7062937062937062,0.2007992007992008,0.1968031968031968,0.6333666333666333,0.0979020979020979,0.8661338661338661,0.14185814185814186
2026-08-14,0.02097902097902098,0.6343656343656343,0.45354645354645357,0.008991008991008992,0.07192807192807193,0.11288711288711288,0.7582417582417582,0.17282717282717283,0.7772227772227772,0.6493506493506493,0.6223776223776224,0.7062937062937062,0.2007992007992008,0.1968031968031968,0.6333666333666333,0.0979020979020979,0.8661338661338661,0.14185814185814186
2026-08-17,0.02097902097902098,0.6183816183816184,0.45354645354645357,0.008991008991008992,0.07192807192807193,0.11288711288711288,0.7582417582417582,0.17282717282717283,0.7772227772227772,0.6493506493506493,0.6223776223776224,0.7062937062937062,0.2007992007992008,0.1968031968031968,0.6333666333666333,0.07692307692307693,0.8661338661338661,0.14185814185814186
2026-08-18,0.02097902097902098,0.6183816183816184,0.45354645354645357,0.008991008991008992,0.07192807192807193,0.11488511488511488,0.8971028971028971,0.13886113886113885,0.8811188811188811,0.6493506493506493,0.6223776223776224,0.7062937062937062,0.2007992007992008,0.1968031968031968,0.6333666333666333,0.06593406593406594,0.9280719280719281,0.04595404595404595
2026-08-19,0.013986013986013986,0.5714285714285714,0.47952047952047955,0.008991008991008992,0.07192807192807193,0.11488511488511488,0.903096903096903,0.17182817182817184,0.9170829170829171,0.6493506493506493,0.6223776223776224,0.7062937062937062,0.2007992007992008,0.1968031968031968,0.6333666333666333,0.06593406593406594,0.9280719280719281,0.04595404595404595
2026-08-20,0.013986013986013986,0.5714285714285714,0.47952047952047955,0.008991008991008992,0.07192807192807193,0.11488511488511488,0.8981018981018981,0.2077922077922078,0.9170829170829171,0.6493506493506493,0.6223776223776224,0.7062937062937062,0.2007992007992008,0.1968031968031968,0.6333666333666333,0.06593406593406594,0.9280719280719281,0.04395604395604396
2026-08-21,0.025974025974025976,0.6023976023976024,0.42857142857142855,0.008991008991008992,0.07192807192807193,0.16983016983016982,0.8981018981018981,0.2757242757242757,0.9170829170829171,0.6493506493506493,0.6223776223776224,0.7062937062937062,0.14985014985014986,0.0959040959040959,0.5204795204795205,0.0989010989010989,0.8311688311688312,0.04095904095904096
