Date,AAPL,TSLA,JPM,XOM,JNJ,WMT
2022-02-01,0.7029702970297029,0.2079207920792079,0.3465346534653465,0.38613861386138615,0.45544554455445546,0.3069306930693069
2022-02-02,0.6138613861386139,0.2079207920792079,0.37623762376237624,0.2871287128712871,0.48514851485148514,0.297029702970297
2022-02-03,0.7029702970297029,0.2079207920792079,0.31683168316831684,0.32673267326732675,0.48514851485148514,0.3069306930693069
2022-02-04,0.4752475247524752,0.2376237623762376,0.27722772277227725,0.24752475247524752,0.43564356435643564,0.31683168316831684
2022-02-07,0.4752475247524752,0.2376237623762376,0.25742574257425743,0.25742574257425743,0.43564356435643564,0.27722772277227725
2022-02-08,0.4752475247524752,0.2376237623762376,0.27722772277227725,0.2376237623762376,0.43564356435643564,0.26732673267326734
2022-02-09,0.5148514851485149,0.2376237623762376,0.27722772277227725,0.21782178217821782,0.43564356435643564,0.2376237623762376
2022-02-10,0.5544554455445545,0.2376237623762376,0.27722772277227725,0.22772277227722773,0.40594059405940597,0.2871287128712871
2022-02-11,0.5445544554455446,0.04950495049504951,0.3069306930693069,0.2079207920792079,0.4158415841584158,0.1485148514851485
2022-02-14,0.40594059405940597,0.0594059405940594,0.15841584158415842,0.13861386138613863,0.27722772277227725,0.1188118811881188
2022-02-15,0.5148514851485149,0.0594059405940594,0.1485148514851485,0.13861386138613863,0.31683168316831684,0.09900990099009901
2022-02-16,0.6237623762376238,0.0594059405940594,0.15841584158415842,0.15841584158415842,0.31683168316831684,0.1188118811881188
2022-02-17,0.6336633663366337,0.0594059405940594,0.12871287128712872,0.13861386138613863,0.31683168316831684,0.49504950495049505
2022-02-18,0.4752475247524752,0.0594059405940594,0.2079207920792079,0.12871287128712872,0.2871287128712871,0.3564356435643564
2022-02-22,0.5247524752475248,0.04950495049504951,0.2079207920792079,0.12871287128712872,0.22772277227722773,0.3465346534653465
2022-02-23,0.5247524752475248,0.0297029702970297,0.16831683168316833,0.07920792079207921,0.3069306930693069,0.22772277227722773
2022-02-24,0.40594059405940597,0.019801980198019802,0.19801980198019803,0.04950495049504951,0.21782178217821782,0.09900990099009901
2022-02-25,0.36633663366336633,0.039603960396039604,0.16831683168316833,0.13861386138613863,0.37623762376237624,0.1782178217821782
2022-02-28,0.39603960396039606,0.039603960396039604,0.24752475247524752,0.19801980198019803,0.19801980198019803,0.19801980198019803
2022-03-01,0.43564356435643564,0.039603960396039604,0.25742574257425743,0.18811881188118812,0.15841584158415842,0.18811881188118812
2022-03-02,0.49504950495049505,0.009900990099009901,0.15841584158415842,0.13861386138613863,0.1188118811881188,0.15841584158415842
2022-03-03,0.44554455445544555,0.019801980198019802,0.13861386138613863,0.10891089108910891,0.039603960396039604,0.07920792079207921
2022-03-04,0.45544554455445546,0.04950495049504951,0.16831683168316833,0.12871287128712872,0.0594059405940594,0.10891089108910891
2022-03-07,0.4752475247524752,0.06930693069306931,0.21782178217821782,0.12871287128712872,0.06930693069306931,0.09900990099009901
2022-03-08,0.24752475247524752,0.07920792079207921,0.36633663366336633,0.15841584158415842,0.0297029702970297,0.1485148514851485
2022-03-09,0.25742574257425743,0.0891089108910891,0.39603960396039606,0.16831683168316833,0.0594059405940594,0.13861386138613863
2022-03-10,0.3069306930693069,0.1188118811881188,0.4752475247524752,0.2079207920792079,0.0891089108910891,0.2376237623762376
2022-03-11,0.27722772277227725,0.1188118811881188,0.48514851485148514,0.2079207920792079,0.0891089108910891,0.22772277227722773
2022-03-14,0.22772277227722773,0.0891089108910891,0.46534653465346537,0.15841584158415842,0.07920792079207921,0.1782178217821782
2022-03-15,0.2376237623762376,0.0891089108910891,0.5742574257425742,0.26732673267326734,0.07920792079207921,0.22772277227722773
2022-03-16,0.2376237623762376,0.1485148514851485,0.6237623762376238,0.32673267326732675,0.07920792079207921,0.25742574257425743
2022-03-17,0.25742574257425743,0.18811881188118812,0.5841584158415841,0.39603960396039606,0.07920792079207921,0.297029702970297
2022-03-18,0.2079207920792079,0.15841584158415842,0.5346534653465347,0.25742574257425743,0.12871287128712872,0.3069306930693069
2022-03-21,0.2079207920792079,0.16831683168316833,0.5841584158415841,0.27722772277227725,0.12871287128712872,0.24752475247524752
2022-03-22,0.2079207920792079,0.15841584158415842,0.44554455445544555,0.26732673267326734,0.12871287128712872,0.2376237623762376
2022-03-23,0.2079207920792079,0.1485148514851485,0.42574257425742573,0.26732673267326734,0.10891089108910891,0.18811881188118812
2022-03-24,0.18811881188118812,0.1782178217821782,0.5148514851485149,0.21782178217821782,0.06930693069306931,0.2376237623762376
2022-03-25,0.18811881188118812,0.1782178217821782,0.5148514851485149,0.2376237623762376,0.06930693069306931,0.24752475247524752
2022-03-28,0.18811881188118812,0.1782178217821782,0.5148514851485149,0.21782178217821782,0.06930693069306931,0.2376237623762376
2022-03-29,0.18811881188118812,0.1782178217821782,0.5148514851485149,0.19801980198019803,0.06930693069306931,0.2376237623762376
2022-03-30,0.18811881188118812,0.1782178217821782,0.5148514851485149,0.18811881188118812,0.06930693069306931,0.2376237623762376
2022-03-31,0.18811881188118812,0.1782178217821782,0.6237623762376238,0.2079207920792079,0.06930693069306931,0.26732673267326734
2022-04-01,0.2871287128712871,0.13861386138613863,0.7029702970297029,0.1782178217821782,0.0891089108910891,0.1782178217821782
2022-04-04,0.2871287128712871,0.13861386138613863,0.6732673267326733,0.16831683168316833,0.0891089108910891,0.2376237623762376
2022-04-05,0.25742574257425743,0.12871287128712872,0.6732673267326733,0.16831683168316833,0.07920792079207921,0.2079207920792079
2022-04-06,0.26732673267326734,0.1782178217821782,0.6435643564356436,0.2871287128712871,0.039603960396039604,0.2079207920792079
2022-04-07,0.26732673267326734,0.1782178217821782,0.6435643564356436,0.31683168316831684,0.039603960396039604,0.2079207920792079
2022-04-08,0.26732673267326734,0.1782178217821782,0.6435643564356436,0.31683168316831684,0.0594059405940594,0.2079207920792079
2022-04-11,0.2871287128712871,0.16831683168316833,0.6435643564356436,0.31683168316831684,0.07920792079207921,0.2376237623762376
2022-04-12,0.1782178217821782,0.0891089108910891,0.504950495049505,0.3069306930693069,0.0891089108910891,0.2079207920792079
2022-04-13,0.2079207920792079,0.10891089108910891,0.504950495049505,0.32673267326732675,0.0891089108910891,0.2079207920792079
2022-04-14,0.22772277227722773,0.10891089108910891,0.7227722772277227,0.3564356435643564,0.0891089108910891,0.2079207920792079
2022-04-18,0.25742574257425743,0.1782178217821782,0.7326732673267327,0.40594059405940597,0.09900990099009901,0.21782178217821782
2022-04-19,0.24752475247524752,0.19801980198019803,0.7227722772277227,0.40594059405940597,0.10891089108910891,0.1485148514851485
2022-04-20,0.24752475247524752,0.18811881188118812,0.6138613861386139,0.39603960396039606,0.039603960396039604,0.1485148514851485
2022-04-21,0.24752475247524752,0.16831683168316833,0.6138613861386139,0.39603960396039606,0.039603960396039604,0.1485148514851485
2022-04-22,0.33663366336633666,0.16831683168316833,0.5742574257425742,0.5247524752475248,0.06930693069306931,0.2376237623762376
2022-04-25,0.25742574257425743,0.10891089108910891,0.8217821782178217,0.4158415841584158,0.04950495049504951,0.2079207920792079
2022-04-26,0.25742574257425743,0.07920792079207921,0.8217821782178217,0.43564356435643564,0.04950495049504951,0.22772277227722773
2022-04-27,0.22772277227722773,0.1485148514851485,0.9207920792079208,0.31683168316831684,0.019801980198019802,0.2871287128712871
2022-04-28,0.24752475247524752,0.1485148514851485,0.9207920792079208,0.31683168316831684,0.04950495049504951,0.25742574257425743
2022-04-29,0.22772277227722773,0.15841584158415842,0.9207920792079208,0.37623762376237624,0.04950495049504951,0.33663366336633666
2022-05-02,0.32673267326732675,0.19801980198019803,0.9603960396039604,0.5643564356435643,0.09900990099009901,0.40594059405940597
2022-05-03,0.32673267326732675,0.2079207920792079,0.9306930693069307,0.6039603960396039,0.07920792079207921,0.40594059405940597
2022-05-04,0.3069306930693069,0.19801980198019803,0.9207920792079208,0.5247524752475248,0.07920792079207921,0.40594059405940597
2022-05-05,0.32673267326732675,0.2376237623762376,0.9801980198019802,0.594059405940594,0.09900990099009901,0.46534653465346537
2022-05-06,0.4158415841584158,0.31683168316831684,0.9801980198019802,0.46534653465346537,0.1485148514851485,0.36633663366336633
2022-05-09,0.43564356435643564,0.3465346534653465,0.9801980198019802,0.46534653465346537,0.1485148514851485,0.5247524752475248
2022-05-10,0.46534653465346537,0.24752475247524752,0.8613861386138614,0.40594059405940597,0.09900990099009901,0.33663366336633666
2022-05-11,0.4752475247524752,0.24752475247524752,0.8910891089108911,0.32673267326732675,0.09900990099009901,0.42574257425742573
2022-05-12,0.7425742574257426,0.3564356435643564,0.9108910891089109,0.5148514851485149,0.0891089108910891,0.32673267326732675
2022-05-13,0.6732673267326733,0.4158415841584158,0.9108910891089109,0.5247524752475248,0.09900990099009901,0.32673267326732675
2022-05-16,0.6732673267326733,0.40594059405940597,0.8910891089108911,0.5445544554455446,0.10891089108910891,0.33663366336633666
2022-05-17,0.6732673267326733,0.5643564356435643,0.9108910891089109,0.5445544554455446,0.10891089108910891,0.3465346534653465
2022-05-18,0.6732673267326733,0.5643564356435643,0.900990099009901,0.5841584158415841,0.10891089108910891,0.009900990099009901
2022-05-19,0.8613861386138614,0.6435643564356436,0.7722772277227723,0.45544554455445546,0.1188118811881188,0.009900990099009901
2022-05-20,0.6435643564356436,0.6336633663366337,0.7722772277227723,0.5643564356435643,0.1188118811881188,0.009900990099009901
2022-05-23,0.6435643564356436,0.693069306930693,0.801980198019802,0.594059405940594,0.1188118811881188,0.009900990099009901
2022-05-24,0.6435643564356436,0.7128712871287128,0.7326732673267327,0.594059405940594,0.1188118811881188,0.009900990099009901
2022-05-25,0.6534653465346535,0.7128712871287128,0.7326732673267327,0.6237623762376238,0.1188118811881188,0.009900990099009901
2022-05-26,0.6534653465346535,0.7128712871287128,0.7425742574257426,0.6237623762376238,0.1188118811881188,0.009900990099009901
2022-05-27,0.6435643564356436,0.693069306930693,0.7425742574257426,0.7029702970297029,0.1188118811881188,0.009900990099009901
2022-05-31,0.6435643564356436,0.7128712871287128,0.7524752475247525,0.801980198019802,0.12871287128712872,0.009900990099009901
2022-06-01,0.6435643564356436,0.7128712871287128,0.7524752475247525,0.8118811881188119,0.0891089108910891,0.009900990099009901
2022-06-02,0.6534653465346535,0.6732673267326733,0.7524752475247525,0.8217821782178217,0.0891089108910891,0.009900990099009901
2022-06-03,0.6534653465346535,0.7425742574257426,0.7524752475247525,0.8118811881188119,0.0891089108910891,0.009900990099009901
2022-06-06,0.6633663366336634,0.900990099009901,0.8217821782178217,0.693069306930693,0.019801980198019802,0.009900990099009901
2022-06-07,0.6633663366336634,0.900990099009901,0.8118811881188119,0.693069306930693,0.019801980198019802,0.009900990099009901
2022-06-08,0.6534653465346535,0.9108910891089109,0.8118811881188119,0.6138613861386139,0.0297029702970297,0.009900990099009901
2022-06-09,0.6435643564356436,0.8910891089108911,0.8415841584158416,0.693069306930693,0.0297029702970297,0.009900990099009901
2022-06-10,0.7722772277227723,0.8613861386138614,0.8217821782178217,0.45544554455445546,0.07920792079207921,0.009900990099009901
2022-06-13,0.7623762376237624,0.7524752475247525,0.9306930693069307,0.37623762376237624,0.04950495049504951,0.009900990099009901
2022-06-14,0.6336633663366337,0.8118811881188119,0.6831683168316832,0.504950495049505,0.0594059405940594,0.009900990099009901
2022-06-15,0.6336633663366337,0.900990099009901,0.6831683168316832,0.5445544554455446,0.04950495049504951,0.009900990099009901
2022-06-16,0.6336633663366337,0.8415841584158416,0.7029702970297029,0.5148514851485149,0.04950495049504951,0.009900990099009901
2022-06-17,0.5643564356435643,0.8316831683168316,0.6732673267326733,0.46534653465346537,0.039603960396039604,0.009900990099009901
2022-06-21,0.5643564356435643,0.8217821782178217,0.6138613861386139,0.33663366336633666,0.019801980198019802,0.009900990099009901
2022-06-22,0.5643564356435643,0.8514851485148515,0.6534653465346535,0.3069306930693069,0.019801980198019802,0.009900990099009901
2022-06-23,0.5643564356435643,0.8514851485148515,0.6534653465346535,0.594059405940594,0.019801980198019802,0.009900990099009901
2022-06-24,0.5643564356435643,0.8217821782178217,0.5742574257425742,0.7425742574257426,0.019801980198019802,0.009900990099009901
2022-06-27,0.5742574257425742,0.8415841584158416,0.6534653465346535,0.7920792079207921,0.019801980198019802,0.009900990099009901
2022-06-28,0.5742574257425742,0.8613861386138614,0.6534653465346535,0.8118811881188119,0.019801980198019802,0.009900990099009901
2022-06-29,0.5148514851485149,0.7128712871287128,0.46534653465346537,0.6138613861386139,0.0297029702970297,0.009900990099009901
2022-06-30,0.5148514851485149,0.7128712871287128,0.46534653465346537,0.7722772277227723,0.0297029702970297,0.009900990099009901
2022-07-01,0.5148514851485149,0.7128712871287128,0.5346534653465347,0.8613861386138614,0.0297029702970297,0.009900990099009901
2022-07-05,0.5148514851485149,0.7425742574257426,0.5346534653465347,0.8613861386138614,0.0297029702970297,0.009900990099009901
2022-07-06,0.5148514851485149,0.7425742574257426,0.5346534653465347,0.8613861386138614,0.0297029702970297,0.009900990099009901
2022-07-07,0.5148514851485149,0.6732673267326733,0.5544554455445545,0.7821782178217822,0.0297029702970297,0.009900990099009901
2022-07-08,0.504950495049505,0.7425742574257426,0.5544554455445545,0.8910891089108911,0.0297029702970297,0.009900990099009901
2022-07-11,0.5148514851485149,0.6732673267326733,0.6237623762376238,0.8712871287128713,0.0297029702970297,0.009900990099009901
2022-07-12,0.504950495049505,0.7821782178217822,0.6336633663366337,0.8910891089108911,0.0297029702970297,0.009900990099009901
2022-07-13,0.5148514851485149,0.8316831683168316,0.6633663366336634,0.8910891089108911,0.0297029702970297,0.009900990099009901
2022-07-14,0.5148514851485149,0.8316831683168316,0.6732673267326733,0.8811881188118812,0.0297029702970297,0.009900990099009901
2022-07-15,0.5148514851485149,0.8811881188118812,0.6039603960396039,0.8811881188118812,0.0297029702970297,0.009900990099009901
2022-07-18,0.5445544554455446,0.8910891089108911,0.49504950495049505,0.900990099009901,0.039603960396039604,0.009900990099009901
2022-07-19,0.5148514851485149,0.8910891089108911,0.5544554455445545,0.9108910891089109,0.06930693069306931,0.009900990099009901
2022-07-20,0.4752475247524752,0.8910891089108911,0.5346534653465347,0.7326732673267327,0.039603960396039604,0.009900990099009901
2022-07-21,0.4752475247524752,0.8712871287128713,0.5346534653465347,0.7326732673267327,0.039603960396039604,0.009900990099009901
2022-07-22,0.43564356435643564,0.8316831683168316,0.5346534653465347,0.7227722772277227,0.039603960396039604,0.009900990099009901
2022-07-25,0.43564356435643564,0.8811881188118812,0.5643564356435643,0.7326732673267327,0.039603960396039604,0.009900990099009901
2022-07-26,0.4752475247524752,0.8811881188118812,0.5643564356435643,0.7326732673267327,0.039603960396039604,0.009900990099009901
2022-07-27,0.4752475247524752,0.8613861386138614,0.5643564356435643,0.7326732673267327,0.039603960396039604,0.009900990099009901
2022-07-28,0.4752475247524752,0.8910891089108911,0.5841584158415841,0.7722772277227723,0.039603960396039604,0.009900990099009901
2022-07-29,0.48514851485148514,0.8910891089108911,0.5643564356435643,0.7722772277227723,0.039603960396039604,0.009900990099009901
2022-08-01,0.4752475247524752,0.8910891089108911,0.6039603960396039,0.7128712871287128,0.039603960396039604,0.009900990099009901
2022-08-02,0.4752475247524752,0.8910891089108911,0.5643564356435643,0.8118811881188119,0.039603960396039604,0.009900990099009901
2022-08-03,0.4752475247524752,0.8910891089108911,0.5643564356435643,0.8118811881188119,0.039603960396039604,0.009900990099009901
2022-08-04,0.43564356435643564,0.8910891089108911,0.5643564356435643,0.9504950495049505,0.039603960396039604,0.009900990099009901
2022-08-05,0.43564356435643564,0.8910891089108911,0.5643564356435643,0.9900990099009901,0.0594059405940594,0.009900990099009901
2022-08-08,0.43564356435643564,0.7623762376237624,0.5544554455445545,1.0,0.0594059405940594,0.009900990099009901
2022-08-09,0.43564356435643564,0.7722772277227723,0.5544554455445545,1.0,0.0594059405940594,0.009900990099009901
2022-08-10,0.4752475247524752,0.7722772277227723,0.5643564356435643,1.0,0.0594059405940594,0.009900990099009901
2022-08-11,0.4752475247524752,0.7722772277227723,0.5544554455445545,1.0,0.0594059405940594,0.009900990099009901
2022-08-12,0.4752475247524752,0.7722772277227723,0.5643564356435643,1.0,0.06930693069306931,0.009900990099009901
2022-08-15,0.4752475247524752,0.7722772277227723,0.5643564356435643,1.0,0.06930693069306931,0.009900990099009901
2022-08-16,0.4752475247524752,0.7722772277227723,0.594059405940594,1.0,0.06930693069306931,0.009900990099009901
2022-08-17,0.4752475247524752,0.801980198019802,0.6237623762376238,1.0,0.06930693069306931,0.009900990099009901
2022-08-18,0.4752475247524752,0.8217821782178217,0.6237623762376238,1.0,0.06930693069306931,0.009900990099009901
2022-08-19,0.6138613861386139,0.7920792079207921,0.5643564356435643,1.0,0.06930693069306931,0.009900990099009901
2022-08-22,0.6138613861386139,0.8217821782178217,0.801980198019802,0.9702970297029703,0.06930693069306931,0.009900990099009901
2022-08-23,0.6732673267326733,0.8415841584158416,0.7029702970297029,1.0,0.0594059405940594,0.009900990099009901
2022-08-24,0.6732673267326733,0.8118811881188119,0.6435643564356436,1.0,0.0594059405940594,0.009900990099009901
2022-08-25,0.6732673267326733,0.8118811881188119,0.6435643564356436,1.0,0.09900990099009901,0.009900990099009901
2022-08-26,0.6831683168316832,0.8118811881188119,0.6435643564356436,1.0,0.09900990099009901,0.009900990099009901
2022-08-29,0.504950495049505,0.7326732673267327,0.48514851485148514,0.8415841584158416,0.06930693069306931,0.009900990099009901
2022-08-30,0.504950495049505,0.7326732673267327,0.504950495049505,0.8514851485148515,0.06930693069306931,0.009900990099009901
2022-08-31,0.504950495049505,0.7326732673267327,0.49504950495049505,0.8811881188118812,0.07920792079207921,0.009900990099009901
2022-09-01,0.504950495049505,0.7326732673267327,0.5841584158415841,0.8811881188118812,0.07920792079207921,0.009900990099009901
2022-09-02,0.504950495049505,0.7326732673267327,0.5841584158415841,0.8811881188118812,0.06930693069306931,0.009900990099009901
2022-09-06,0.504950495049505,0.7623762376237624,0.6237623762376238,0.801980198019802,0.0891089108910891,0.009900990099009901
2022-09-07,0.504950495049505,0.7326732673267327,0.6138613861386139,0.7920792079207921,0.0891089108910891,0.009900990099009901
2022-09-08,0.504950495049505,0.7623762376237624,0.6138613861386139,0.801980198019802,0.1188118811881188,0.009900990099009901
2022-09-09,0.504950495049505,0.7623762376237624,0.6237623762376238,0.7920792079207921,0.12871287128712872,0.009900990099009901
2022-09-12,0.504950495049505,0.7623762376237624,0.6237623762376238,0.7920792079207921,0.0891089108910891,0.009900990099009901
2022-09-13,0.43564356435643564,0.7623762376237624,0.6237623762376238,0.801980198019802,0.0891089108910891,0.009900990099009901
2022-09-14,0.5643564356435643,0.7524752475247525,0.49504950495049505,0.8514851485148515,0.12871287128712872,0.009900990099009901
2022-09-15,0.5742574257425742,0.7227722772277227,0.49504950495049505,0.8514851485148515,0.12871287128712872,0.009900990099009901
2022-09-16,0.5643564356435643,0.7524752475247525,0.5445544554455446,0.7128712871287128,0.12871287128712872,0.009900990099009901
2022-09-19,0.5643564356435643,0.7029702970297029,0.5445544554455446,0.7128712871287128,0.12871287128712872,0.009900990099009901
2022-09-20,0.5742574257425742,0.7524752475247525,0.5445544554455446,0.7128712871287128,0.12871287128712872,0.009900990099009901
2022-09-21,0.6138613861386139,0.7029702970297029,0.48514851485148514,0.8811881188118812,0.12871287128712872,0.009900990099009901
2022-09-22,0.5841584158415841,0.7029702970297029,0.5148514851485149,0.8613861386138614,0.12871287128712872,0.009900990099009901
2022-09-23,0.5841584158415841,0.7029702970297029,0.504950495049505,0.8514851485148515,0.12871287128712872,0.009900990099009901
2022-09-26,0.6336633663366337,0.7029702970297029,0.49504950495049505,0.7920792079207921,0.12871287128712872,0.009900990099009901
2022-09-27,0.6732673267326733,0.7029702970297029,0.504950495049505,0.7425742574257426,0.12871287128712872,0.009900990099009901
2022-09-28,0.6336633663366337,0.7029702970297029,0.4752475247524752,0.7722772277227723,0.12871287128712872,0.009900990099009901
2022-09-29,0.6435643564356436,0.7029702970297029,0.43564356435643564,0.6237623762376238,0.15841584158415842,0.009900990099009901
2022-09-30,0.8118811881188119,0.6534653465346535,0.38613861386138615,0.6732673267326733,0.12871287128712872,0.009900990099009901
2022-10-03,0.7326732673267327,0.6633663366336634,0.37623762376237624,0.693069306930693,0.09900990099009901,0.009900990099009901
2022-10-04,0.7326732673267327,0.6435643564356436,0.37623762376237624,0.693069306930693,0.10891089108910891,0.009900990099009901
2022-10-05,0.801980198019802,0.6336633663366337,0.37623762376237624,0.693069306930693,0.10891089108910891,0.009900990099009901
2022-10-06,0.801980198019802,0.6534653465346535,0.4158415841584158,0.6336633663366337,0.10891089108910891,0.009900990099009901
2022-10-07,0.7821782178217822,0.6336633663366337,0.38613861386138615,0.693069306930693,0.1782178217821782,0.009900990099009901
2022-10-10,0.7029702970297029,0.5445544554455446,0.31683168316831684,0.8514851485148515,0.0891089108910891,0.019801980198019802
2022-10-11,0.693069306930693,0.5445544554455446,0.31683168316831684,0.8910891089108911,0.09900990099009901,0.019801980198019802
2022-10-12,0.7029702970297029,0.5445544554455446,0.39603960396039606,0.8910891089108911,0.0891089108910891,0.019801980198019802
2022-10-13,0.693069306930693,0.5445544554455446,0.39603960396039606,0.8712871287128713,0.10891089108910891,0.019801980198019802
2022-10-14,0.6633663366336634,0.5445544554455446,0.3465346534653465,0.8514851485148515,0.10891089108910891,0.019801980198019802
2022-10-17,0.7029702970297029,0.5346534653465347,0.27722772277227725,0.9306930693069307,0.0594059405940594,0.009900990099009901
2022-10-18,0.6534653465346535,0.5346534653465347,0.27722772277227725,0.9801980198019802,0.07920792079207921,0.009900990099009901
2022-10-19,0.6633663366336634,0.5346534653465347,0.27722772277227725,0.9801980198019802,0.07920792079207921,0.009900990099009901
2022-10-20,0.6633663366336634,0.5346534653465347,0.25742574257425743,0.9801980198019802,0.07920792079207921,0.009900990099009901
2022-10-21,0.6534653465346535,0.43564356435643564,0.27722772277227725,0.9702970297029703,0.07920792079207921,0.009900990099009901
2022-10-24,0.6534653465346535,0.39603960396039606,0.25742574257425743,0.9504950495049505,0.07920792079207921,0.009900990099009901
2022-10-25,0.6534653465346535,0.43564356435643564,0.2376237623762376,0.9504950495049505,0.07920792079207921,0.009900990099009901
2022-10-26,0.6534653465346535,0.2871287128712871,0.2376237623762376,0.9504950495049505,0.07920792079207921,0.009900990099009901
2022-10-27,0.6534653465346535,0.2871287128712871,0.25742574257425743,0.9504950495049505,0.0891089108910891,0.009900990099009901
2022-10-28,0.6039603960396039,0.2871287128712871,0.27722772277227725,0.8514851485148515,0.12871287128712872,0.009900990099009901
2022-10-31,0.5742574257425742,0.25742574257425743,0.27722772277227725,0.8514851485148515,0.12871287128712872,0.009900990099009901
2022-11-01,0.5643564356435643,0.25742574257425743,0.3069306930693069,0.8811881188118812,0.12871287128712872,0.009900990099009901
2022-11-02,0.5544554455445545,0.22772277227722773,0.3564356435643564,0.8811881188118812,0.12871287128712872,0.009900990099009901
2022-11-03,0.5346534653465347,0.42574257425742573,0.19801980198019803,0.8514851485148515,0.16831683168316833,0.019801980198019802
2022-11-04,0.594059405940594,0.40594059405940597,0.25742574257425743,0.7821782178217822,0.19801980198019803,0.019801980198019802
2022-11-07,0.594059405940594,0.43564356435643564,0.2871287128712871,0.7821782178217822,0.19801980198019803,0.019801980198019802
2022-11-08,0.594059405940594,0.4158415841584158,0.2871287128712871,0.7821782178217822,0.19801980198019803,0.019801980198019802
2022-11-09,0.594059405940594,0.43564356435643564,0.2871287128712871,0.8514851485148515,0.19801980198019803,0.019801980198019802
2022-11-10,0.36633663366336633,0.2079207920792079,0.31683168316831684,0.7524752475247525,0.24752475247524752,0.019801980198019802
2022-11-11,0.4158415841584158,0.13861386138613863,0.46534653465346537,0.48514851485148514,0.3069306930693069,0.019801980198019802
2022-11-14,0.4158415841584158,0.13861386138613863,0.46534653465346537,0.48514851485148514,0.4752475247524752,0.019801980198019802
2022-11-15,0.37623762376237624,0.13861386138613863,0.46534653465346537,0.4158415841584158,0.504950495049505,0.0297029702970297
2022-11-16,0.37623762376237624,0.13861386138613863,0.46534653465346537,0.4158415841584158,0.5544554455445545,0.0297029702970297
2022-11-17,0.36633663366336633,0.13861386138613863,0.46534653465346537,0.4158415841584158,0.5742574257425742,0.009900990099009901
2022-11-18,0.36633663366336633,0.13861386138613863,0.46534653465346537,0.4158415841584158,0.5742574257425742,0.009900990099009901
2022-11-21,0.36633663366336633,0.13861386138613863,0.48514851485148514,0.4158415841584158,0.5841584158415841,0.009900990099009901
2022-11-22,0.45544554455445546,0.13861386138613863,0.5247524752475248,0.594059405940594,0.5841584158415841,0.009900990099009901
2022-11-23,0.43564356435643564,0.12871287128712872,0.5247524752475248,0.5841584158415841,0.7326732673267327,0.009900990099009901
2022-11-25,0.43564356435643564,0.12871287128712872,0.5247524752475248,0.6237623762376238,0.7029702970297029,0.009900990099009901
2022-11-28,0.5148514851485149,0.12871287128712872,0.5247524752475248,0.6237623762376238,0.7722772277227723,0.009900990099009901
2022-11-29,0.594059405940594,0.10891089108910891,0.46534653465346537,0.5148514851485149,0.8118811881188119,0.009900990099009901
2022-11-30,0.6237623762376238,0.10891089108910891,0.46534653465346537,0.5148514851485149,0.7821782178217822,0.009900990099009901
2022-12-01,0.7227722772277227,0.10891089108910891,0.6435643564356436,0.7425742574257426,0.7623762376237624,0.0297029702970297
2022-12-02,0.7029702970297029,0.10891089108910891,0.6039603960396039,0.7722772277227723,0.7227722772277227,0.019801980198019802
2022-12-05,0.7029702970297029,0.10891089108910891,0.6039603960396039,0.7722772277227723,0.7623762376237624,0.019801980198019802
2022-12-06,0.5445544554455446,0.10891089108910891,0.7524752475247525,0.594059405940594,0.7326732673267327,0.009900990099009901
2022-12-07,0.5445544554455446,0.09900990099009901,0.7524752475247525,0.45544554455445546,0.8217821782178217,0.009900990099009901
2022-12-08,0.5841584158415841,0.10891089108910891,0.7524752475247525,0.45544554455445546,0.8415841584158416,0.009900990099009901
2022-12-09,0.5841584158415841,0.10891089108910891,0.7524752475247525,0.45544554455445546,0.8217821782178217,0.009900990099009901
2022-12-12,0.5841584158415841,0.10891089108910891,0.7524752475247525,0.46534653465346537,0.7920792079207921,0.019801980198019802
2022-12-13,0.5643564356435643,0.1188118811881188,0.7524752475247525,0.46534653465346537,0.8217821782178217,0.019801980198019802
2022-12-14,0.5445544554455446,0.1188118811881188,0.7524752475247525,0.45544554455445546,0.7920792079207921,0.009900990099009901
2022-12-15,0.5643564356435643,0.1188118811881188,0.7524752475247525,0.45544554455445546,0.7920792079207921,0.009900990099009901
2022-12-16,0.7623762376237624,0.12871287128712872,0.594059405940594,0.5643564356435643,0.6138613861386139,0.009900990099009901
2022-12-19,0.7524752475247525,0.12871287128712872,0.594059405940594,0.5643564356435643,0.5742574257425742,0.009900990099009901
2022-12-20,0.7524752475247525,0.12871287128712872,0.5841584158415841,0.5643564356435643,0.5346534653465347,0.009900990099009901
2022-12-21,0.7524752475247525,0.10891089108910891,0.6138613861386139,0.5643564356435643,0.5247524752475248,0.009900990099009901
2022-12-22,0.7425742574257426,0.10891089108910891,0.5841584158415841,0.5643564356435643,0.5247524752475248,0.009900990099009901
2022-12-23,0.7821782178217822,0.1188118811881188,0.6534653465346535,0.5643564356435643,0.5841584158415841,0.009900990099009901
2022-12-27,0.801980198019802,0.1188118811881188,0.6534653465346535,0.5643564356435643,0.5841584158415841,0.009900990099009901
2022-12-28,0.8217821782178217,0.1782178217821782,0.6534653465346535,0.4752475247524752,0.5841584158415841,0.009900990099009901
2022-12-29,0.801980198019802,0.1485148514851485,0.6534653465346535,0.4752475247524752,0.5841584158415841,0.009900990099009901
2022-12-30,0.801980198019802,0.1782178217821782,0.6534653465346535,0.4752475247524752,0.5841584158415841,0.009900990099009901
2023-01-03,0.7920792079207921,0.1485148514851485,0.6534653465346535,0.4752475247524752,0.5643564356435643,0.009900990099009901
2023-01-04,0.5544554455445545,0.16831683168316833,0.6435643564356436,0.31683168316831684,0.5841584158415841,0.009900990099009901
2023-01-05,0.5544554455445545,0.15841584158415842,0.6435643564356436,0.31683168316831684,0.594059405940594,0.009900990099009901
2023-01-06,0.5346534653465347,0.1485148514851485,0.7524752475247525,0.26732673267326734,0.594059405940594,0.0297029702970297
2023-01-09,0.6534653465346535,0.10891089108910891,0.7821782178217822,0.3465346534653465,0.6138613861386139,0.019801980198019802
2023-01-10,0.6237623762376238,0.10891089108910891,0.7821782178217822,0.3564356435643564,0.7227722772277227,0.019801980198019802
2023-01-11,0.6336633663366337,0.10891089108910891,0.7920792079207921,0.3564356435643564,0.7029702970297029,0.019801980198019802
2023-01-12,0.6336633663366337,0.10891089108910891,0.7920792079207921,0.3564356435643564,0.7029702970297029,0.019801980198019802
2023-01-13,0.6336633663366337,0.10891089108910891,0.7920792079207921,0.3564356435643564,0.7227722772277227,0.019801980198019802
2023-01-17,0.6336633663366337,0.10891089108910891,0.7722772277227723,0.3564356435643564,0.7227722772277227,0.019801980198019802
2023-01-18,0.6336633663366337,0.16831683168316833,0.6831683168316832,0.3564356435643564,0.7029702970297029,0.019801980198019802
2023-01-19,0.6435643564356436,0.16831683168316833,0.44554455445544555,0.3564356435643564,0.7227722772277227,0.019801980198019802
2023-01-20,0.6336633663366337,0.16831683168316833,0.43564356435643564,0.37623762376237624,0.7425742574257426,0.019801980198019802
2023-01-23,0.6237623762376238,0.16831683168316833,0.4752475247524752,0.37623762376237624,0.693069306930693,0.019801980198019802
2023-01-24,0.6435643564356436,0.18811881188118812,0.4752475247524752,0.5148514851485149,0.6831683168316832,0.009900990099009901
2023-01-25,0.5841584158415841,0.16831683168316833,0.43564356435643564,0.5742574257425742,0.6534653465346535,0.009900990099009901
2023-01-26,0.5643564356435643,0.15841584158415842,0.38613861386138615,0.5643564356435643,0.5742574257425742,0.009900990099009901
2023-01-27,0.6039603960396039,0.16831683168316833,0.38613861386138615,0.5544554455445545,0.6534653465346535,0.009900990099009901
2023-01-30,0.6039603960396039,0.1782178217821782,0.37623762376237624,0.6138613861386139,0.5643564356435643,0.009900990099009901
2023-01-31,0.6138613861386139,0.18811881188118812,0.4752475247524752,0.6732673267326733,0.7029702970297029,0.009900990099009901
2023-02-01,0.5643564356435643,0.18811881188118812,0.4158415841584158,0.6732673267326733,0.7128712871287128,0.009900990099009901
2023-02-02,0.5643564356435643,0.18811881188118812,0.38613861386138615,0.7326732673267327,0.7029702970297029,0.009900990099009901
2023-02-03,0.5643564356435643,0.18811881188118812,0.37623762376237624,0.6039603960396039,0.7326732673267327,0.009900990099009901
2023-02-06,0.48514851485148514,0.12871287128712872,0.44554455445544555,0.5148514851485149,0.7425742574257426,0.009900990099009901
2023-02-07,0.40594059405940597,0.10891089108910891,0.24752475247524752,0.3564356435643564,0.7128712871287128,0.009900990099009901
2023-02-08,0.40594059405940597,0.10891089108910891,0.27722772277227725,0.3564356435643564,0.7128712871287128,0.009900990099009901
2023-02-09,0.40594059405940597,0.0891089108910891,0.27722772277227725,0.3564356435643564,0.7227722772277227,0.009900990099009901
2023-02-10,0.39603960396039606,0.0891089108910891,0.27722772277227725,0.27722772277227725,0.7029702970297029,0.009900990099009901
2023-02-13,0.40594059405940597,0.10891089108910891,0.27722772277227725,0.27722772277227725,0.7029702970297029,0.009900990099009901
2023-02-14,0.5247524752475248,0.12871287128712872,0.27722772277227725,0.3465346534653465,0.7821782178217822,0.019801980198019802
2023-02-15,0.4158415841584158,0.09900990099009901,0.2376237623762376,0.49504950495049505,0.6336633663366337,0.009900990099009901
2023-02-16,0.42574257425742573,0.09900990099009901,0.21782178217821782,0.48514851485148514,0.6237623762376238,0.009900990099009901
2023-02-17,0.38613861386138615,0.09900990099009901,0.21782178217821782,0.31683168316831684,0.6237623762376238,0.009900990099009901
2023-02-21,0.38613861386138615,0.09900990099009901,0.21782178217821782,0.3069306930693069,0.6237623762376238,0.009900990099009901
2023-02-22,0.3465346534653465,0.18811881188118812,0.2079207920792079,0.27722772277227725,0.594059405940594,0.019801980198019802
2023-02-23,0.3465346534653465,0.19801980198019803,0.19801980198019803,0.3465346534653465,0.6138613861386139,0.0297029702970297
2023-02-24,0.3465346534653465,0.19801980198019803,0.19801980198019803,0.3465346534653465,0.6138613861386139,0.0297029702970297
2023-02-27,0.36633663366336633,0.13861386138613863,0.25742574257425743,0.38613861386138615,0.5148514851485149,0.009900990099009901
2023-02-28,0.36633663366336633,0.13861386138613863,0.37623762376237624,0.37623762376237624,0.5742574257425742,0.009900990099009901
2023-03-01,0.3564356435643564,0.13861386138613863,0.37623762376237624,0.37623762376237624,0.5148514851485149,0.009900990099009901
2023-03-02,0.3465346534653465,0.13861386138613863,0.32673267326732675,0.37623762376237624,0.5247524752475248,0.009900990099009901
2023-03-03,0.36633663366336633,0.1485148514851485,0.24752475247524752,0.4158415841584158,0.5148514851485149,0.009900990099009901
2023-03-06,0.36633663366336633,0.1485148514851485,0.24752475247524752,0.42574257425742573,0.5148514851485149,0.009900990099009901
2023-03-07,0.36633663366336633,0.13861386138613863,0.24752475247524752,0.42574257425742573,0.5148514851485149,0.009900990099009901
2023-03-08,0.3465346534653465,0.13861386138613863,0.18811881188118812,0.4158415841584158,0.5346534653465347,0.009900990099009901
2023-03-09,0.2871287128712871,0.06930693069306931,0.1782178217821782,0.27722772277227725,0.594059405940594,0.039603960396039604
2023-03-10,0.2376237623762376,0.04950495049504951,0.45544554455445546,0.3564356435643564,0.45544554455445546,0.0297029702970297
2023-03-13,0.2376237623762376,0.04950495049504951,0.45544554455445546,0.2871287128712871,0.43564356435643564,0.0297029702970297
2023-03-14,0.22772277227722773,0.04950495049504951,0.45544554455445546,0.3564356435643564,0.43564356435643564,0.0297029702970297
2023-03-15,0.19801980198019803,0.04950495049504951,0.46534653465346537,0.3564356435643564,0.45544554455445546,0.019801980198019802
2023-03-16,0.18811881188118812,0.04950495049504951,0.5643564356435643,0.33663366336633666,0.45544554455445546,0.019801980198019802
2023-03-17,0.18811881188118812,0.04950495049504951,0.5841584158415841,0.3564356435643564,0.45544554455445546,0.019801980198019802
2023-03-20,0.15841584158415842,0.04950495049504951,0.5742574257425742,0.3564356435643564,0.43564356435643564,0.0297029702970297
2023-03-21,0.15841584158415842,0.04950495049504951,0.5742574257425742,0.3564356435643564,0.43564356435643564,0.0297029702970297
2023-03-22,0.15841584158415842,0.04950495049504951,0.5742574257425742,0.3465346534653465,0.42574257425742573,0.0297029702970297
2023-03-23,0.12871287128712872,0.0594059405940594,0.31683168316831684,0.3465346534653465,0.36633663366336633,0.039603960396039604
2023-03-24,0.12871287128712872,0.0594059405940594,0.31683168316831684,0.3465346534653465,0.3564356435643564,0.039603960396039604
2023-03-27,0.16831683168316833,0.0594059405940594,0.3069306930693069,0.37623762376237624,0.36633663366336633,0.039603960396039604
2023-03-28,0.15841584158415842,0.0594059405940594,0.3069306930693069,0.3564356435643564,0.3564356435643564,0.039603960396039604
2023-03-29,0.15841584158415842,0.0594059405940594,0.3069306930693069,0.3564356435643564,0.37623762376237624,0.039603960396039604
2023-03-30,0.15841584158415842,0.0594059405940594,0.3069306930693069,0.43564356435643564,0.37623762376237624,0.039603960396039604
2023-03-31,0.15841584158415842,0.0594059405940594,0.3069306930693069,0.43564356435643564,0.37623762376237624,0.039603960396039604
2023-04-03,0.15841584158415842,0.0594059405940594,0.3069306930693069,0.45544554455445546,0.39603960396039606,0.039603960396039604
2023-04-04,0.15841584158415842,0.0594059405940594,0.5742574257425742,0.4752475247524752,0.37623762376237624,0.039603960396039604
2023-04-05,0.15841584158415842,0.0594059405940594,0.5742574257425742,0.4752475247524752,0.3564356435643564,0.039603960396039604
2023-04-06,0.1782178217821782,0.0594059405940594,0.5742574257425742,0.4752475247524752,0.4752475247524752,0.039603960396039604
2023-04-10,0.15841584158415842,0.0594059405940594,0.6039603960396039,0.48514851485148514,0.504950495049505,0.0297029702970297
2023-04-11,0.15841584158415842,0.0594059405940594,0.5742574257425742,0.48514851485148514,0.504950495049505,0.0297029702970297
2023-04-12,0.15841584158415842,0.0594059405940594,0.5742574257425742,0.48514851485148514,0.504950495049505,0.0297029702970297
2023-04-13,0.15841584158415842,0.0594059405940594,0.5742574257425742,0.48514851485148514,0.504950495049505,0.0297029702970297
2023-04-14,0.21782178217821782,0.0594059405940594,0.5841584158415841,0.8217821782178217,0.5445544554455446,0.0297029702970297
2023-04-17,0.22772277227722773,0.0594059405940594,0.5148514851485149,0.8217821782178217,0.5445544554455446,0.0297029702970297
2023-04-18,0.24752475247524752,0.0594059405940594,0.5247524752475248,0.7920792079207921,0.5346534653465347,0.0297029702970297
2023-04-19,0.24752475247524752,0.0594059405940594,0.5247524752475248,0.8316831683168316,0.6336633663366337,0.0297029702970297
2023-04-20,0.24752475247524752,0.0594059405940594,0.5247524752475248,0.8316831683168316,0.5841584158415841,0.0297029702970297
2023-04-21,0.24752475247524752,0.07920792079207921,0.5247524752475248,0.8316831683168316,0.5841584158415841,0.0297029702970297
2023-04-24,0.24752475247524752,0.0891089108910891,0.5247524752475248,0.8316831683168316,0.6039603960396039,0.0297029702970297
2023-04-25,0.27722772277227725,0.07920792079207921,0.5148514851485149,0.8316831683168316,0.6039603960396039,0.0297029702970297
2023-04-26,0.1188118811881188,0.019801980198019802,0.6534653465346535,0.6435643564356436,0.40594059405940597,0.06930693069306931
2023-04-27,0.1188118811881188,0.019801980198019802,0.6534653465346535,0.8217821782178217,0.46534653465346537,0.07920792079207921
2023-04-28,0.1485148514851485,0.019801980198019802,0.8811881188118812,0.6732673267326733,0.37623762376237624,0.06930693069306931
2023-05-01,0.1485148514851485,0.019801980198019802,0.8712871287128713,0.6732673267326733,0.3465346534653465,0.07920792079207921
2023-05-02,0.1485148514851485,0.019801980198019802,0.8712871287128713,0.5346534653465347,0.33663366336633666,0.06930693069306931
2023-05-03,0.2079207920792079,0.009900990099009901,0.8316831683168316,0.22772277227722773,0.2871287128712871,0.04950495049504951
2023-05-04,0.2079207920792079,0.009900990099009901,0.7722772277227723,0.2376237623762376,0.2871287128712871,0.0594059405940594
2023-05-05,0.2079207920792079,0.009900990099009901,0.7722772277227723,0.25742574257425743,0.2871287128712871,0.06930693069306931
2023-05-08,0.22772277227722773,0.009900990099009901,0.7623762376237624,0.25742574257425743,0.3069306930693069,0.0594059405940594
2023-05-09,0.12871287128712872,0.0297029702970297,0.9207920792079208,0.1782178217821782,0.2376237623762376,0.06930693069306931
2023-05-10,0.1485148514851485,0.0297029702970297,0.9108910891089109,0.1782178217821782,0.26732673267326734,0.06930693069306931
2023-05-11,0.1188118811881188,0.019801980198019802,0.9801980198019802,0.13861386138613863,0.27722772277227725,0.0594059405940594
2023-05-12,0.1188118811881188,0.019801980198019802,0.9207920792079208,0.15841584158415842,0.27722772277227725,0.06930693069306931
2023-05-15,0.33663366336633666,0.019801980198019802,0.9207920792079208,0.13861386138613863,0.21782178217821782,0.04950495049504951
2023-05-16,0.3564356435643564,0.019801980198019802,0.9207920792079208,0.1485148514851485,0.22772277227722773,0.04950495049504951
2023-05-17,0.3465346534653465,0.019801980198019802,0.9207920792079208,0.1188118811881188,0.22772277227722773,0.04950495049504951
2023-05-18,0.3465346534653465,0.0297029702970297,0.900990099009901,0.12871287128712872,0.22772277227722773,0.04950495049504951
2023-05-19,0.3564356435643564,0.0297029702970297,0.9207920792079208,0.12871287128712872,0.21782178217821782,0.7524752475247525
2023-05-22,0.4158415841584158,0.0297029702970297,0.7029702970297029,0.1485148514851485,0.27722772277227725,0.8613861386138614
2023-05-23,0.3564356435643564,0.0297029702970297,0.7029702970297029,0.15841584158415842,0.27722772277227725,0.6534653465346535
2023-05-24,0.3564356435643564,0.04950495049504951,0.8415841584158416,0.1485148514851485,0.25742574257425743,0.6633663366336634
2023-05-25,0.31683168316831684,0.04950495049504951,0.9801980198019802,0.1485148514851485,0.22772277227722773,0.6732673267326733
2023-05-26,0.297029702970297,0.039603960396039604,0.9306930693069307,0.19801980198019803,0.19801980198019803,0.6534653465346535
2023-05-30,0.297029702970297,0.039603960396039604,0.9306930693069307,0.2079207920792079,0.19801980198019803,0.6534653465346535
2023-05-31,0.297029702970297,0.039603960396039604,0.9306930693069307,0.19801980198019803,0.19801980198019803,0.6534653465346535
2023-06-01,0.27722772277227725,0.039603960396039604,0.8712871287128713,0.21782178217821782,0.19801980198019803,0.6534653465346535
2023-06-02,0.27722772277227725,0.039603960396039604,0.8415841584158416,0.21782178217821782,0.19801980198019803,0.6534653465346535
2023-06-05,0.297029702970297,0.039603960396039604,0.8712871287128713,0.24752475247524752,0.19801980198019803,0.46534653465346537
2023-06-06,0.31683168316831684,0.039603960396039604,0.8415841584158416,0.24752475247524752,0.18811881188118812,0.46534653465346537
2023-06-07,0.32673267326732675,0.04950495049504951,1.0,0.18811881188118812,0.2376237623762376,0.504950495049505
2023-06-08,0.32673267326732675,0.04950495049504951,1.0,0.18811881188118812,0.22772277227722773,0.6534653465346535
2023-06-09,0.32673267326732675,0.04950495049504951,1.0,0.1782178217821782,0.22772277227722773,0.7524752475247525
2023-06-12,0.33663366336633666,0.06930693069306931,1.0,0.18811881188118812,0.24752475247524752,0.7029702970297029
2023-06-13,0.46534653465346537,0.0297029702970297,0.9504950495049505,0.16831683168316833,0.19801980198019803,0.7821782178217822
2023-06-14,0.44554455445544555,0.009900990099009901,0.9603960396039604,0.0594059405940594,0.13861386138613863,0.6633663366336634
2023-06-15,0.5247524752475248,0.04950495049504951,0.9306930693069307,0.2376237623762376,0.18811881188118812,0.7128712871287128
2023-06-16,0.5643564356435643,0.04950495049504951,0.9306930693069307,0.25742574257425743,0.12871287128712872,0.7128712871287128
2023-06-20,0.5643564356435643,0.04950495049504951,0.9306930693069307,0.22772277227722773,0.12871287128712872,0.6633663366336634
2023-06-21,0.6831683168316832,0.0297029702970297,0.8217821782178217,0.32673267326732675,0.10891089108910891,0.45544554455445546
2023-06-22,0.6831683168316832,0.009900990099009901,0.8514851485148515,0.31683168316831684,0.0891089108910891,0.5742574257425742
2023-06-23,0.693069306930693,0.009900990099009901,1.0,0.25742574257425743,0.0891089108910891,0.594059405940594
2023-06-26,0.7524752475247525,0.009900990099009901,0.9900990099009901,0.39603960396039606,0.0891089108910891,0.7128712871287128
2023-06-27,0.7524752475247525,0.039603960396039604,0.9207920792079208,0.5544554455445545,0.0891089108910891,0.7128712871287128
2023-06-28,0.7722772277227723,0.04950495049504951,1.0,0.6633663366336634,0.10891089108910891,0.6039603960396039
2023-06-29,0.7722772277227723,0.04950495049504951,1.0,0.693069306930693,0.10891089108910891,0.6039603960396039
2023-06-30,0.8118811881188119,0.039603960396039604,0.9702970297029703,0.39603960396039606,0.21782178217821782,0.6831683168316832
2023-07-03,0.7722772277227723,0.0297029702970297,0.9702970297029703,0.7128712871287128,0.21782178217821782,0.6831683168316832
2023-07-05,0.7722772277227723,0.039603960396039604,0.9702970297029703,0.801980198019802,0.12871287128712872,0.6831683168316832
2023-07-06,0.7722772277227723,0.039603960396039604,0.9306930693069307,0.801980198019802,0.12871287128712872,0.6831683168316832
2023-07-07,0.7821782178217822,0.039603960396039604,0.9702970297029703,0.7920792079207921,0.10891089108910891,0.6831683168316832
2023-07-10,0.8118811881188119,0.0297029702970297,0.9702970297029703,0.6732673267326733,0.09900990099009901,0.7227722772277227
2023-07-11,0.7524752475247525,0.039603960396039604,0.9108910891089109,0.6732673267326733,0.09900990099009901,0.7227722772277227
2023-07-12,0.693069306930693,0.039603960396039604,0.9108910891089109,0.6732673267326733,0.09900990099009901,0.7227722772277227
2023-07-13,0.7128712871287128,0.06930693069306931,0.9702970297029703,0.6732673267326733,0.09900990099009901,0.7227722772277227
2023-07-14,0.6732673267326733,0.06930693069306931,0.9702970297029703,0.8217821782178217,0.1782178217821782,0.6435643564356436
2023-07-17,0.6831683168316832,0.06930693069306931,0.9702970297029703,0.6633663366336634,0.1782178217821782,0.6435643564356436
2023-07-18,0.6831683168316832,0.06930693069306931,0.9801980198019802,0.594059405940594,0.1782178217821782,0.6435643564356436
2023-07-19,0.6435643564356436,0.06930693069306931,0.9801980198019802,0.6534653465346535,0.1782178217821782,0.594059405940594
2023-07-20,0.5445544554455446,0.06930693069306931,0.9801980198019802,0.6633663366336634,0.37623762376237624,0.5841584158415841
2023-07-21,0.5247524752475248,0.039603960396039604,0.9801980198019802,0.6633663366336634,0.900990099009901,0.5841584158415841
2023-07-24,0.5247524752475248,0.04950495049504951,0.9801980198019802,0.6633663366336634,0.8613861386138614,0.5841584158415841
2023-07-25,0.5247524752475248,0.039603960396039604,0.9801980198019802,0.6237623762376238,0.8613861386138614,0.5841584158415841
2023-07-26,0.5544554455445545,0.04950495049504951,0.9801980198019802,0.6633663366336634,0.900990099009901,0.5841584158415841
2023-07-27,0.5247524752475248,0.039603960396039604,0.9801980198019802,0.6534653465346535,0.900990099009901,0.5841584158415841
2023-07-28,0.5544554455445545,0.039603960396039604,0.9801980198019802,0.6633663366336634,0.8910891089108911,0.8811881188118812
2023-07-31,0.5544554455445545,0.0594059405940594,0.9504950495049505,0.7128712871287128,0.9306930693069307,0.7623762376237624
2023-08-01,0.5643564356435643,0.0594059405940594,0.9801980198019802,0.7524752475247525,0.9504950495049505,0.7524752475247525
2023-08-02,0.5544554455445545,0.0594059405940594,0.9801980198019802,0.6633663366336634,0.9504950495049505,0.7524752475247525
2023-08-03,0.3069306930693069,0.0297029702970297,0.9306930693069307,0.49504950495049505,0.8811881188118812,0.6534653465346535
2023-08-04,0.3069306930693069,0.039603960396039604,0.9405940594059405,0.49504950495049505,0.8811881188118812,0.6831683168316832
2023-08-07,0.45544554455445546,0.039603960396039604,0.9405940594059405,0.6633663366336634,0.8712871287128713,0.6534653465346535
2023-08-08,0.44554455445544555,0.039603960396039604,0.9603960396039604,0.7425742574257426,0.900990099009901,0.7425742574257426
2023-08-09,0.44554455445544555,0.0297029702970297,0.9405940594059405,0.7425742574257426,0.900990099009901,0.7425742574257426
2023-08-10,0.44554455445544555,0.0297029702970297,0.9801980198019802,0.7722772277227723,0.9108910891089109,0.7425742574257426
2023-08-11,0.44554455445544555,0.0297029702970297,0.9405940594059405,0.7425742574257426,0.9108910891089109,0.7425742574257426
2023-08-14,0.44554455445544555,0.0297029702970297,0.9405940594059405,0.7425742574257426,0.900990099009901,0.7425742574257426
2023-08-15,0.44554455445544555,0.0297029702970297,0.9405940594059405,0.7425742574257426,0.7425742574257426,0.7425742574257426
2023-08-16,0.4752475247524752,0.0297029702970297,0.9702970297029703,0.6732673267326733,0.7821782178217822,0.7425742574257426
2023-08-17,0.4752475247524752,0.0297029702970297,0.9702970297029703,0.7029702970297029,0.7821782178217822,0.7425742574257426
2023-08-18,0.4752475247524752,0.0297029702970297,0.9702970297029703,0.693069306930693,0.7623762376237624,0.43564356435643564
2023-08-21,0.44554455445544555,0.039603960396039604,0.9702970297029703,0.7128712871287128,0.801980198019802,0.45544554455445546
2023-08-22,0.44554455445544555,0.0594059405940594,0.9702970297029703,0.7029702970297029,0.7425742574257426,0.45544554455445546
2023-08-23,0.5841584158415841,0.04950495049504951,0.9900990099009901,0.7623762376237624,0.8118811881188119,0.5148514851485149
2023-08-24,0.38613861386138615,0.0297029702970297,0.9405940594059405,0.7524752475247525,0.8712871287128713,0.40594059405940597
2023-08-25,0.40594059405940597,0.0297029702970297,0.9702970297029703,0.6138613861386139,0.900990099009901,0.5346534653465347
2023-08-28,0.40594059405940597,0.0297029702970297,0.9702970297029703,0.6138613861386139,0.9306930693069307,0.5346534653465347
2023-08-29,0.40594059405940597,0.0297029702970297,0.9702970297029703,0.6138613861386139,0.900990099009901,0.5445544554455446
2023-08-30,0.37623762376237624,0.019801980198019802,0.9405940594059405,0.5841584158415841,0.5346534653465347,0.5445544554455446
2023-08-31,0.37623762376237624,0.019801980198019802,0.9405940594059405,0.5841584158415841,0.5346534653465347,0.5445544554455446
2023-09-01,0.37623762376237624,0.019801980198019802,0.9504950495049505,0.6633663366336634,0.5445544554455446,0.5544554455445545
2023-09-05,0.37623762376237624,0.0297029702970297,0.9207920792079208,0.6633663366336634,0.45544554455445546,0.5445544554455446
2023-09-06,0.37623762376237624,0.0297029702970297,0.9207920792079208,0.6138613861386139,0.5544554455445545,0.5247524752475248
2023-09-07,0.36633663366336633,0.0297029702970297,0.9207920792079208,0.6237623762376238,0.5544554455445545,0.6237623762376238
2023-09-08,0.3564356435643564,0.0297029702970297,0.9207920792079208,0.6237623762376238,0.5544554455445545,0.594059405940594
2023-09-11,0.3564356435643564,0.0297029702970297,0.9108910891089109,0.6138613861386139,0.5346534653465347,0.5841584158415841
2023-09-12,0.3564356435643564,0.039603960396039604,0.9207920792079208,0.6633663366336634,0.5346534653465347,0.5841584158415841
2023-09-13,0.3564356435643564,0.039603960396039604,0.9207920792079208,0.6633663366336634,0.5544554455445545,0.5643564356435643
2023-09-14,0.3564356435643564,0.039603960396039604,0.9207920792079208,0.6831683168316832,0.5544554455445545,0.5841584158415841
2023-09-15,0.2871287128712871,0.09900990099009901,0.7722772277227723,0.5841584158415841,0.27722772277227725,0.49504950495049505
2023-09-18,0.2376237623762376,0.0891089108910891,0.8415841584158416,0.5445544554455446,0.3069306930693069,0.5346534653465347
2023-09-19,0.297029702970297,0.16831683168316833,0.8316831683168316,0.5445544554455446,0.27722772277227725,0.4752475247524752
2023-09-20,0.297029702970297,0.18811881188118812,0.8514851485148515,0.5346534653465347,0.24752475247524752,0.49504950495049505
2023-09-21,0.3069306930693069,0.13861386138613863,0.801980198019802,0.48514851485148514,0.3069306930693069,0.46534653465346537
2023-09-22,0.297029702970297,0.18811881188118812,0.5445544554455446,0.3564356435643564,0.297029702970297,0.46534653465346537
2023-09-25,0.3069306930693069,0.19801980198019803,0.6633663366336634,0.6039603960396039,0.37623762376237624,0.504950495049505
2023-09-26,0.31683168316831684,0.19801980198019803,0.6633663366336634,0.6039603960396039,0.33663366336633666,0.44554455445544555
2023-09-27,0.32673267326732675,0.10891089108910891,0.594059405940594,0.7227722772277227,0.24752475247524752,0.6237623762376238
2023-09-28,0.31683168316831684,0.1782178217821782,0.2871287128712871,0.6732673267326733,0.21782178217821782,0.6732673267326733
2023-09-29,0.32673267326732675,0.1782178217821782,0.297029702970297,0.6732673267326733,0.21782178217821782,0.6732673267326733
2023-10-02,0.32673267326732675,0.1782178217821782,0.5148514851485149,0.6732673267326733,0.21782178217821782,0.6831683168316832
2023-10-03,0.44554455445544555,0.0891089108910891,0.43564356435643564,0.5841584158415841,0.27722772277227725,0.6336633663366337
2023-10-04,0.49504950495049505,0.10891089108910891,0.4752475247524752,0.594059405940594,0.46534653465346537,0.7128712871287128
2023-10-05,0.49504950495049505,0.16831683168316833,0.45544554455445546,0.5643564356435643,0.4752475247524752,0.7524752475247525
2023-10-06,0.49504950495049505,0.1782178217821782,0.44554455445544555,0.693069306930693,0.39603960396039606,0.9207920792079208
2023-10-09,0.5148514851485149,0.1782178217821782,0.48514851485148514,0.693069306930693,0.39603960396039606,0.900990099009901
2023-10-10,0.5247524752475248,0.1782178217821782,0.3564356435643564,0.693069306930693,0.3069306930693069,0.8811881188118812
2023-10-11,0.4158415841584158,0.3069306930693069,0.2376237623762376,0.39603960396039606,0.2079207920792079,0.8712871287128713
2023-10-12,0.38613861386138615,0.3465346534653465,0.2376237623762376,0.27722772277227725,0.1485148514851485,0.8613861386138614
2023-10-13,0.44554455445544555,0.32673267326732675,0.12871287128712872,0.27722772277227725,0.1485148514851485,0.8712871287128713
2023-10-16,0.44554455445544555,0.3465346534653465,0.15841584158415842,0.27722772277227725,0.1485148514851485,0.7524752475247525
2023-10-17,0.3465346534653465,0.37623762376237624,0.18811881188118812,0.297029702970297,0.1485148514851485,0.7425742574257426
2023-10-18,0.24752475247524752,0.31683168316831684,0.15841584158415842,0.21782178217821782,0.12871287128712872,0.5643564356435643
2023-10-19,0.24752475247524752,0.32673267326732675,0.15841584158415842,0.19801980198019803,0.10891089108910891,0.44554455445544555
2023-10-20,0.24752475247524752,0.32673267326732675,0.1782178217821782,0.19801980198019803,0.16831683168316833,0.42574257425742573
2023-10-23,0.16831683168316833,0.31683168316831684,0.0891089108910891,0.16831683168316833,0.1485148514851485,0.5742574257425742
2023-10-24,0.16831683168316833,0.37623762376237624,0.07920792079207921,0.13861386138613863,0.09900990099009901,0.6435643564356436
2023-10-25,0.12871287128712872,0.45544554455445546,0.09900990099009901,0.1485148514851485,0.09900990099009901,0.6237623762376238
2023-10-26,0.1188118811881188,0.3564356435643564,0.04950495049504951,0.0594059405940594,0.07920792079207921,0.39603960396039606
2023-10-27,0.1485148514851485,0.33663366336633666,0.04950495049504951,0.07920792079207921,0.10891089108910891,0.44554455445544555
2023-10-30,0.13861386138613863,0.3564356435643564,0.04950495049504951,0.12871287128712872,0.10891089108910891,0.39603960396039606
2023-10-31,0.0891089108910891,0.4158415841584158,0.04950495049504951,0.12871287128712872,0.09900990099009901,0.43564356435643564
2023-11-01,0.07920792079207921,0.42574257425742573,0.04950495049504951,0.10891089108910891,0.07920792079207921,0.38613861386138615
2023-11-02,0.07920792079207921,0.42574257425742573,0.04950495049504951,0.09900990099009901,0.0594059405940594,0.37623762376237624
2023-11-03,0.19801980198019803,0.42574257425742573,0.04950495049504951,0.10891089108910891,0.07920792079207921,0.37623762376237624
2023-11-06,0.1188118811881188,0.16831683168316833,0.0594059405940594,0.0891089108910891,0.07920792079207921,0.2871287128712871
2023-11-07,0.18811881188118812,0.16831683168316833,0.04950495049504951,0.12871287128712872,0.07920792079207921,0.18811881188118812
2023-11-08,0.2079207920792079,0.16831683168316833,0.04950495049504951,0.1188118811881188,0.06930693069306931,0.18811881188118812
2023-11-09,0.2079207920792079,0.2079207920792079,0.04950495049504951,0.1188118811881188,0.06930693069306931,0.16831683168316833
2023-11-10,0.2079207920792079,0.297029702970297,0.0594059405940594,0.1188118811881188,0.039603960396039604,0.18811881188118812
2023-11-13,0.12871287128712872,0.3564356435643564,0.07920792079207921,0.10891089108910891,0.10891089108910891,0.19801980198019803
2023-11-14,0.12871287128712872,0.22772277227722773,0.019801980198019802,0.0891089108910891,0.019801980198019802,0.04950495049504951
2023-11-15,0.12871287128712872,0.2376237623762376,0.019801980198019802,0.0891089108910891,0.04950495049504951,0.06930693069306931
2023-11-16,0.12871287128712872,0.2376237623762376,0.019801980198019802,0.0891089108910891,0.04950495049504951,0.13861386138613863
2023-11-17,0.12871287128712872,0.19801980198019803,0.0297029702970297,0.0594059405940594,0.04950495049504951,0.0594059405940594
2023-11-20,0.12871287128712872,0.19801980198019803,0.019801980198019802,0.0891089108910891,0.04950495049504951,0.039603960396039604
2023-11-21,0.12871287128712872,0.19801980198019803,0.019801980198019802,0.0891089108910891,0.04950495049504951,0.039603960396039604
2023-11-22,0.12871287128712872,0.2376237623762376,0.019801980198019802,0.0891089108910891,0.04950495049504951,0.04950495049504951
2023-11-24,0.04950495049504951,0.1188118811881188,0.019801980198019802,0.0891089108910891,0.04950495049504951,0.039603960396039604
2023-11-27,0.04950495049504951,0.1188118811881188,0.019801980198019802,0.0891089108910891,0.04950495049504951,0.039603960396039604
2023-11-28,0.04950495049504951,0.15841584158415842,0.019801980198019802,0.0594059405940594,0.04950495049504951,0.039603960396039604
2023-11-29,0.019801980198019802,0.15841584158415842,0.019801980198019802,0.0594059405940594,0.04950495049504951,0.039603960396039604
2023-11-30,0.0297029702970297,0.15841584158415842,0.0297029702970297,0.039603960396039604,0.0297029702970297,0.009900990099009901
2023-12-01,0.019801980198019802,0.15841584158415842,0.0297029702970297,0.039603960396039604,0.0297029702970297,0.009900990099009901
2023-12-04,0.019801980198019802,0.1188118811881188,0.0297029702970297,0.039603960396039604,0.019801980198019802,0.009900990099009901
2023-12-05,0.019801980198019802,0.12871287128712872,0.009900990099009901,0.039603960396039604,0.019801980198019802,0.009900990099009901
2023-12-06,0.019801980198019802,0.12871287128712872,0.019801980198019802,0.0297029702970297,0.019801980198019802,0.009900990099009901
2023-12-07,0.0297029702970297,0.13861386138613863,0.009900990099009901,0.009900990099009901,0.009900990099009901,0.009900990099009901
2023-12-08,0.019801980198019802,0.12871287128712872,0.009900990099009901,0.009900990099009901,0.019801980198019802,0.0297029702970297
2023-12-11,0.019801980198019802,0.13861386138613863,0.009900990099009901,0.009900990099009901,0.019801980198019802,0.019801980198019802
2023-12-12,0.019801980198019802,0.12871287128712872,0.009900990099009901,0.009900990099009901,0.019801980198019802,0.019801980198019802
2023-12-13,0.019801980198019802,0.0891089108910891,0.009900990099009901,0.009900990099009901,0.019801980198019802,0.019801980198019802
2023-12-14,0.019801980198019802,0.04950495049504951,0.009900990099009901,0.009900990099009901,0.019801980198019802,0.019801980198019802
2023-12-15,0.019801980198019802,0.09900990099009901,0.009900990099009901,0.009900990099009901,0.019801980198019802,0.009900990099009901
2023-12-18,0.019801980198019802,0.09900990099009901,0.009900990099009901,0.009900990099009901,0.019801980198019802,0.009900990099009901
2023-12-19,0.0297029702970297,0.0297029702970297,0.019801980198019802,0.009900990099009901,0.0297029702970297,0.009900990099009901
2023-12-20,0.0297029702970297,0.039603960396039604,0.019801980198019802,0.019801980198019802,0.009900990099009901,0.009900990099009901
2023-12-21,0.019801980198019802,0.009900990099009901,0.009900990099009901,0.009900990099009901,0.009900990099009901,0.009900990099009901
2023-12-22,0.019801980198019802,0.019801980198019802,0.009900990099009901,0.009900990099009901,0.009900990099009901,0.009900990099009901
2023-12-26,0.019801980198019802,0.019801980198019802,0.009900990099009901,0.009900990099009901,0.009900990099009901,0.009900990099009901
2023-12-27,0.019801980198019802,0.04950495049504951,0.009900990099009901,0.009900990099009901,0.019801980198019802,0.009900990099009901
2023-12-28,0.019801980198019802,0.04950495049504951,0.009900990099009901,0.009900990099009901,0.019801980198019802,0.009900990099009901
2023-12-29,0.019801980198019802,0.0594059405940594,0.009900990099009901,0.009900990099009901,0.019801980198019802,0.009900990099009901
2024-01-02,0.019801980198019802,0.0594059405940594,0.009900990099009901,0.019801980198019802,0.0297029702970297,0.009900990099009901
2024-01-03,0.019801980198019802,0.0594059405940594,0.009900990099009901,0.019801980198019802,0.0297029702970297,0.009900990099009901
2024-01-04,0.019801980198019802,0.06930693069306931,0.009900990099009901,0.019801980198019802,0.0297029702970297,0.009900990099009901
2024-01-05,0.019801980198019802,0.1188118811881188,0.009900990099009901,0.009900990099009901,0.0297029702970297,0.009900990099009901
2024-01-08,0.019801980198019802,0.1188118811881188,0.009900990099009901,0.009900990099009901,0.0297029702970297,0.009900990099009901
2024-01-09,0.019801980198019802,0.06930693069306931,0.009900990099009901,0.009900990099009901,0.019801980198019802,0.019801980198019802
2024-01-10,0.019801980198019802,0.0594059405940594,0.009900990099009901,0.009900990099009901,0.019801980198019802,0.019801980198019802
2024-01-11,0.019801980198019802,0.0594059405940594,0.009900990099009901,0.009900990099009901,0.019801980198019802,0.019801980198019802
2024-01-12,0.019801980198019802,0.0594059405940594,0.009900990099009901,0.009900990099009901,0.019801980198019802,0.019801980198019802
2024-01-16,0.019801980198019802,0.04950495049504951,0.009900990099009901,0.009900990099009901,0.019801980198019802,0.019801980198019802
2024-01-17,0.009900990099009901,0.0594059405940594,0.009900990099009901,0.009900990099009901,0.019801980198019802,0.019801980198019802
2024-01-18,0.019801980198019802,0.0594059405940594,0.009900990099009901,0.009900990099009901,0.019801980198019802,0.019801980198019802
2024-01-19,0.009900990099009901,0.0594059405940594,0.009900990099009901,0.009900990099009901,0.019801980198019802,0.019801980198019802
2024-01-22,0.009900990099009901,0.07920792079207921,0.009900990099009901,0.009900990099009901,0.019801980198019802,0.009900990099009901
2024-01-23,0.009900990099009901,0.07920792079207921,0.019801980198019802,0.009900990099009901,0.009900990099009901,0.009900990099009901
2024-01-24,0.009900990099009901,0.06930693069306931,0.019801980198019802,0.009900990099009901,0.009900990099009901,0.009900990099009901
2024-01-25,0.009900990099009901,0.07920792079207921,0.019801980198019802,0.009900990099009901,0.009900990099009901,0.009900990099009901
2024-01-26,0.009900990099009901,0.0297029702970297,0.019801980198019802,0.009900990099009901,0.009900990099009901,0.009900990099009901
2024-01-29,0.009900990099009901,0.0297029702970297,0.019801980198019802,0.009900990099009901,0.009900990099009901,0.009900990099009901
2024-01-30,0.009900990099009901,0.04950495049504951,0.019801980198019802,0.009900990099009901,0.009900990099009901,0.009900990099009901
2024-01-31,0.019801980198019802,0.06930693069306931,0.019801980198019802,0.019801980198019802,0.009900990099009901,0.009900990099009901
2024-02-01,0.009900990099009901,0.0297029702970297,0.009900990099009901,0.009900990099009901,0.0297029702970297,0.009900990099009901
2024-02-02,0.009900990099009901,0.0297029702970297,0.009900990099009901,0.009900990099009901,0.0297029702970297,0.009900990099009901
2024-02-05,0.009900990099009901,0.0297029702970297,0.009900990099009901,0.009900990099009901,0.0297029702970297,0.009900990099009901
2024-02-06,0.009900990099009901,0.039603960396039604,0.009900990099009901,0.009900990099009901,0.019801980198019802,0.009900990099009901
2024-02-07,0.009900990099009901,0.039603960396039604,0.0297029702970297,0.009900990099009901,0.039603960396039604,0.009900990099009901
2024-02-08,0.019801980198019802,0.039603960396039604,0.019801980198019802,0.009900990099009901,0.039603960396039604,0.009900990099009901
2024-02-09,0.019801980198019802,0.039603960396039604,0.019801980198019802,0.009900990099009901,0.0297029702970297,0.009900990099009901
2024-02-12,0.0297029702970297,0.04950495049504951,0.009900990099009901,0.009900990099009901,0.0297029702970297,0.009900990099009901
2024-02-13,0.0297029702970297,0.0297029702970297,0.019801980198019802,0.009900990099009901,0.07920792079207921,0.009900990099009901
2024-02-14,0.019801980198019802,0.039603960396039604,0.019801980198019802,0.009900990099009901,0.039603960396039604,0.009900990099009901
2024-02-15,0.019801980198019802,0.039603960396039604,0.019801980198019802,0.009900990099009901,0.039603960396039604,0.009900990099009901
2024-02-16,0.019801980198019802,0.039603960396039604,0.019801980198019802,0.019801980198019802,0.039603960396039604,0.009900990099009901
2024-02-20,0.019801980198019802,0.039603960396039604,0.019801980198019802,0.019801980198019802,0.0297029702970297,0.009900990099009901
2024-02-21,0.0594059405940594,0.0297029702970297,0.009900990099009901,0.019801980198019802,0.0594059405940594,0.009900990099009901
2024-02-22,0.0594059405940594,0.0297029702970297,0.009900990099009901,0.009900990099009901,0.0594059405940594,0.009900990099009901
2024-02-23,0.0297029702970297,0.039603960396039604,0.019801980198019802,0.009900990099009901,0.06930693069306931,0.009900990099009901
2024-02-26,0.0297029702970297,0.0297029702970297,0.019801980198019802,0.009900990099009901,0.06930693069306931,0.009900990099009901
2024-02-27,0.0297029702970297,0.039603960396039604,0.019801980198019802,0.009900990099009901,0.06930693069306931,0.009900990099009901
2024-02-28,0.039603960396039604,0.0594059405940594,0.0297029702970297,0.019801980198019802,0.10891089108910891,0.009900990099009901
2024-02-29,0.039603960396039604,0.0594059405940594,0.039603960396039604,0.019801980198019802,0.10891089108910891,0.009900990099009901
2024-03-01,0.039603960396039604,0.0594059405940594,0.0297029702970297,0.019801980198019802,0.09900990099009901,0.009900990099009901
2024-03-04,0.0297029702970297,0.0594059405940594,0.0297029702970297,0.019801980198019802,0.09900990099009901,0.009900990099009901
2024-03-05,0.039603960396039604,0.019801980198019802,0.039603960396039604,0.009900990099009901,0.07920792079207921,0.009900990099009901
2024-03-06,0.009900990099009901,0.019801980198019802,0.019801980198019802,0.0297029702970297,0.039603960396039604,0.009900990099009901
2024-03-07,0.009900990099009901,0.019801980198019802,0.0297029702970297,0.0297029702970297,0.0297029702970297,0.009900990099009901
2024-03-08,0.019801980198019802,0.019801980198019802,0.019801980198019802,0.0297029702970297,0.0891089108910891,0.009900990099009901
2024-03-11,0.019801980198019802,0.019801980198019802,0.019801980198019802,0.0297029702970297,0.09900990099009901,0.019801980198019802
2024-03-12,0.06930693069306931,0.0594059405940594,0.0594059405940594,0.04950495049504951,0.2079207920792079,0.009900990099009901
2024-03-13,0.06930693069306931,0.039603960396039604,0.039603960396039604,0.0297029702970297,0.19801980198019803,0.019801980198019802
2024-03-14,0.0297029702970297,0.07920792079207921,0.0594059405940594,0.04950495049504951,0.18811881188118812,0.019801980198019802
2024-03-15,0.0297029702970297,0.12871287128712872,0.07920792079207921,0.039603960396039604,0.16831683168316833,0.019801980198019802
2024-03-18,0.0297029702970297,0.12871287128712872,0.07920792079207921,0.0594059405940594,0.16831683168316833,0.019801980198019802
2024-03-19,0.0297029702970297,0.1188118811881188,0.07920792079207921,0.0594059405940594,0.15841584158415842,0.019801980198019802
2024-03-20,0.0594059405940594,0.13861386138613863,0.1485148514851485,0.09900990099009901,0.27722772277227725,0.0297029702970297
2024-03-21,0.0594059405940594,0.13861386138613863,0.1485148514851485,0.09900990099009901,0.2376237623762376,0.0297029702970297
2024-03-22,0.0594059405940594,0.16831683168316833,0.15841584158415842,0.1188118811881188,0.2376237623762376,0.0297029702970297
2024-03-25,0.1188118811881188,0.22772277227722773,0.2079207920792079,0.1485148514851485,0.25742574257425743,0.009900990099009901
2024-03-26,0.1188118811881188,0.24752475247524752,0.2079207920792079,0.15841584158415842,0.27722772277227725,0.009900990099009901
2024-03-27,0.1188118811881188,0.26732673267326734,0.26732673267326734,0.15841584158415842,0.27722772277227725,0.009900990099009901
2024-03-28,0.12871287128712872,0.26732673267326734,0.26732673267326734,0.15841584158415842,0.27722772277227725,0.009900990099009901
2024-04-01,0.12871287128712872,0.24752475247524752,0.26732673267326734,0.15841584158415842,0.27722772277227725,0.019801980198019802
2024-04-02,0.12871287128712872,0.25742574257425743,0.22772277227722773,0.15841584158415842,0.27722772277227725,0.019801980198019802
2024-04-03,0.12871287128712872,0.19801980198019803,0.2871287128712871,0.1485148514851485,0.36633663366336633,0.0297029702970297
2024-04-04,0.12871287128712872,0.2079207920792079,0.26732673267326734,0.1485148514851485,0.39603960396039606,0.019801980198019802
2024-04-05,0.07920792079207921,0.12871287128712872,0.15841584158415842,0.06930693069306931,0.18811881188118812,0.009900990099009901
2024-04-08,0.07920792079207921,0.07920792079207921,0.1188118811881188,0.06930693069306931,0.16831683168316833,0.009900990099009901
2024-04-09,0.07920792079207921,0.16831683168316833,0.10891089108910891,0.06930693069306931,0.24752475247524752,0.009900990099009901
2024-04-10,0.07920792079207921,0.1782178217821782,0.10891089108910891,0.06930693069306931,0.24752475247524752,0.009900990099009901
2024-04-11,0.06930693069306931,0.06930693069306931,0.0594059405940594,0.0891089108910891,0.21782178217821782,0.009900990099009901
2024-04-12,0.06930693069306931,0.06930693069306931,0.0594059405940594,0.07920792079207921,0.2079207920792079,0.009900990099009901
2024-04-15,0.019801980198019802,0.04950495049504951,0.039603960396039604,0.0891089108910891,0.10891089108910891,0.009900990099009901
2024-04-16,0.019801980198019802,0.0297029702970297,0.009900990099009901,0.039603960396039604,0.06930693069306931,0.009900990099009901
2024-04-17,0.039603960396039604,0.0297029702970297,0.019801980198019802,0.0297029702970297,0.10891089108910891,0.009900990099009901
2024-04-18,0.039603960396039604,0.0297029702970297,0.019801980198019802,0.04950495049504951,0.12871287128712872,0.009900990099009901
2024-04-19,0.039603960396039604,0.0297029702970297,0.019801980198019802,0.04950495049504951,0.0594059405940594,0.009900990099009901
2024-04-22,0.0297029702970297,0.0297029702970297,0.019801980198019802,0.039603960396039604,0.10891089108910891,0.009900990099009901
2024-04-23,0.0297029702970297,0.019801980198019802,0.019801980198019802,0.039603960396039604,0.07920792079207921,0.009900990099009901
2024-04-24,0.0297029702970297,0.019801980198019802,0.019801980198019802,0.039603960396039604,0.10891089108910891,0.009900990099009901
2024-04-25,0.0297029702970297,0.019801980198019802,0.019801980198019802,0.039603960396039604,0.07920792079207921,0.009900990099009901
2024-04-26,0.0594059405940594,0.0297029702970297,0.0297029702970297,0.0594059405940594,0.1188118811881188,0.009900990099009901
2024-04-29,0.04950495049504951,0.039603960396039604,0.0297029702970297,0.1188118811881188,0.07920792079207921,0.009900990099009901
2024-04-30,0.06930693069306931,0.009900990099009901,0.0297029702970297,0.1188118811881188,0.0594059405940594,0.009900990099009901
2024-05-01,0.04950495049504951,0.009900990099009901,0.009900990099009901,0.09900990099009901,0.04950495049504951,0.009900990099009901
2024-05-02,0.04950495049504951,0.009900990099009901,0.009900990099009901,0.04950495049504951,0.039603960396039604,0.009900990099009901
2024-05-03,0.07920792079207921,0.009900990099009901,0.009900990099009901,0.07920792079207921,0.04950495049504951,0.009900990099009901
2024-05-06,0.0594059405940594,0.009900990099009901,0.009900990099009901,0.06930693069306931,0.06930693069306931,0.009900990099009901
2024-05-07,0.06930693069306931,0.009900990099009901,0.009900990099009901,0.06930693069306931,0.039603960396039604,0.009900990099009901
2024-05-08,0.06930693069306931,0.009900990099009901,0.009900990099009901,0.06930693069306931,0.039603960396039604,0.009900990099009901
2024-05-09,0.06930693069306931,0.009900990099009901,0.009900990099009901,0.06930693069306931,0.039603960396039604,0.009900990099009901
2024-05-10,0.06930693069306931,0.009900990099009901,0.009900990099009901,0.0594059405940594,0.039603960396039604,0.009900990099009901
2024-05-13,0.06930693069306931,0.009900990099009901,0.009900990099009901,0.06930693069306931,0.039603960396039604,0.009900990099009901
2024-05-14,0.06930693069306931,0.009900990099009901,0.009900990099009901,0.07920792079207921,0.039603960396039604,0.009900990099009901
2024-05-15,0.06930693069306931,0.009900990099009901,0.009900990099009901,0.07920792079207921,0.039603960396039604,0.009900990099009901
2024-05-16,0.06930693069306931,0.009900990099009901,0.009900990099009901,0.07920792079207921,0.04950495049504951,0.009900990099009901
2024-05-17,0.06930693069306931,0.009900990099009901,0.009900990099009901,0.039603960396039604,0.039603960396039604,0.009900990099009901
2024-05-20,0.06930693069306931,0.009900990099009901,0.009900990099009901,0.039603960396039604,0.039603960396039604,0.009900990099009901
2024-05-21,0.06930693069306931,0.009900990099009901,0.019801980198019802,0.0297029702970297,0.039603960396039604,0.009900990099009901
2024-05-22,0.06930693069306931,0.009900990099009901,0.019801980198019802,0.0297029702970297,0.039603960396039604,0.009900990099009901
2024-05-23,0.06930693069306931,0.009900990099009901,0.019801980198019802,0.039603960396039604,0.04950495049504951,0.009900990099009901
2024-05-24,0.12871287128712872,0.009900990099009901,0.009900990099009901,0.019801980198019802,0.07920792079207921,0.009900990099009901
2024-05-28,0.1188118811881188,0.009900990099009901,0.009900990099009901,0.019801980198019802,0.0891089108910891,0.009900990099009901
2024-05-29,0.1188118811881188,0.009900990099009901,0.009900990099009901,0.039603960396039604,0.13861386138613863,0.019801980198019802
2024-05-30,0.1188118811881188,0.009900990099009901,0.009900990099009901,0.04950495049504951,0.16831683168316833,0.019801980198019802
2024-05-31,0.12871287128712872,0.009900990099009901,0.009900990099009901,0.0594059405940594,0.21782178217821782,0.019801980198019802
2024-06-03,0.12871287128712872,0.009900990099009901,0.009900990099009901,0.019801980198019802,0.16831683168316833,0.019801980198019802
2024-06-04,0.12871287128712872,0.009900990099009901,0.009900990099009901,0.04950495049504951,0.18811881188118812,0.019801980198019802
2024-06-05,0.1188118811881188,0.009900990099009901,0.009900990099009901,0.0297029702970297,0.18811881188118812,0.019801980198019802
2024-06-06,0.12871287128712872,0.009900990099009901,0.009900990099009901,0.0297029702970297,0.07920792079207921,0.019801980198019802
2024-06-07,0.12871287128712872,0.009900990099009901,0.009900990099009901,0.039603960396039604,0.07920792079207921,0.019801980198019802
2024-06-10,0.12871287128712872,0.009900990099009901,0.009900990099009901,0.0297029702970297,0.07920792079207921,0.009900990099009901
2024-06-11,0.09900990099009901,0.009900990099009901,0.009900990099009901,0.0297029702970297,0.07920792079207921,0.009900990099009901
2024-06-12,0.039603960396039604,0.009900990099009901,0.009900990099009901,0.0297029702970297,0.07920792079207921,0.009900990099009901
2024-06-13,0.039603960396039604,0.009900990099009901,0.009900990099009901,0.0297029702970297,0.06930693069306931,0.009900990099009901
2024-06-14,0.039603960396039604,0.009900990099009901,0.009900990099009901,0.0297029702970297,0.06930693069306931,0.009900990099009901
2024-06-17,0.039603960396039604,0.009900990099009901,0.009900990099009901,0.0297029702970297,0.06930693069306931,0.009900990099009901
2024-06-18,0.039603960396039604,0.009900990099009901,0.009900990099009901,0.0297029702970297,0.06930693069306931,0.009900990099009901
2024-06-20,0.039603960396039604,0.009900990099009901,0.009900990099009901,0.0297029702970297,0.0594059405940594,0.009900990099009901
2024-06-21,0.07920792079207921,0.009900990099009901,0.009900990099009901,0.04950495049504951,0.0594059405940594,0.009900990099009901
2024-06-24,0.07920792079207921,0.009900990099009901,0.009900990099009901,0.039603960396039604,0.0594059405940594,0.009900990099009901
2024-06-25,0.07920792079207921,0.009900990099009901,0.009900990099009901,0.039603960396039604,0.0594059405940594,0.009900990099009901
2024-06-26,0.07920792079207921,0.009900990099009901,0.009900990099009901,0.039603960396039604,0.06930693069306931,0.009900990099009901
2024-06-27,0.07920792079207921,0.009900990099009901,0.009900990099009901,0.039603960396039604,0.0891089108910891,0.009900990099009901
2024-06-28,0.07920792079207921,0.009900990099009901,0.009900990099009901,0.039603960396039604,0.06930693069306931,0.009900990099009901
2024-07-01,0.0297029702970297,0.009900990099009901,0.009900990099009901,0.039603960396039604,0.0891089108910891,0.009900990099009901
2024-07-02,0.0297029702970297,0.009900990099009901,0.009900990099009901,0.039603960396039604,0.0891089108910891,0.009900990099009901
2024-07-03,0.0297029702970297,0.009900990099009901,0.009900990099009901,0.039603960396039604,0.06930693069306931,0.009900990099009901
2024-07-05,0.0297029702970297,0.009900990099009901,0.009900990099009901,0.039603960396039604,0.09900990099009901,0.009900990099009901
2024-07-08,0.0297029702970297,0.009900990099009901,0.009900990099009901,0.039603960396039604,0.09900990099009901,0.009900990099009901
2024-07-09,0.039603960396039604,0.009900990099009901,0.009900990099009901,0.019801980198019802,0.10891089108910891,0.009900990099009901
2024-07-10,0.039603960396039604,0.009900990099009901,0.009900990099009901,0.019801980198019802,0.0594059405940594,0.009900990099009901
2024-07-11,0.039603960396039604,0.009900990099009901,0.009900990099009901,0.019801980198019802,0.0594059405940594,0.009900990099009901
2024-07-12,0.0594059405940594,0.009900990099009901,0.009900990099009901,0.0297029702970297,0.0594059405940594,0.009900990099009901
2024-07-15,0.0594059405940594,0.009900990099009901,0.009900990099009901,0.0297029702970297,0.0594059405940594,0.009900990099009901
2024-07-16,0.0594059405940594,0.009900990099009901,0.009900990099009901,0.009900990099009901,0.0594059405940594,0.009900990099009901
2024-07-17,0.0594059405940594,0.009900990099009901,0.009900990099009901,0.009900990099009901,0.0594059405940594,0.009900990099009901
2024-07-18,0.0594059405940594,0.009900990099009901,0.009900990099009901,0.039603960396039604,0.009900990099009901,0.009900990099009901
2024-07-19,0.0297029702970297,0.009900990099009901,0.009900990099009901,0.039603960396039604,0.0297029702970297,0.009900990099009901
2024-07-22,0.0297029702970297,0.009900990099009901,0.019801980198019802,0.039603960396039604,0.04950495049504951,0.009900990099009901
2024-07-23,0.0297029702970297,0.009900990099009901,0.009900990099009901,0.0297029702970297,0.1485148514851485,0.009900990099009901
2024-07-24,0.04950495049504951,0.009900990099009901,0.009900990099009901,0.039603960396039604,0.13861386138613863,0.009900990099009901
2024-07-25,0.1485148514851485,0.009900990099009901,0.009900990099009901,0.019801980198019802,0.09900990099009901,0.009900990099009901
2024-07-26,0.1485148514851485,0.009900990099009901,0.009900990099009901,0.019801980198019802,0.09900990099009901,0.009900990099009901
2024-07-29,0.1485148514851485,0.009900990099009901,0.009900990099009901,0.019801980198019802,0.10891089108910891,0.009900990099009901
2024-07-30,0.1485148514851485,0.009900990099009901,0.009900990099009901,0.019801980198019802,0.0594059405940594,0.009900990099009901
2024-07-31,0.1485148514851485,0.009900990099009901,0.009900990099009901,0.019801980198019802,0.0594059405940594,0.009900990099009901
2024-08-01,0.16831683168316833,0.009900990099009901,0.009900990099009901,0.039603960396039604,0.15841584158415842,0.009900990099009901
2024-08-02,0.13861386138613863,0.009900990099009901,0.009900990099009901,0.019801980198019802,0.09900990099009901,0.009900990099009901
2024-08-05,0.1485148514851485,0.009900990099009901,0.009900990099009901,0.019801980198019802,0.12871287128712872,0.009900990099009901
2024-08-06,0.1782178217821782,0.009900990099009901,0.019801980198019802,0.019801980198019802,0.2079207920792079,0.009900990099009901
2024-08-07,0.1188118811881188,0.009900990099009901,0.019801980198019802,0.019801980198019802,0.15841584158415842,0.009900990099009901
2024-08-08,0.2079207920792079,0.009900990099009901,0.019801980198019802,0.019801980198019802,0.25742574257425743,0.009900990099009901
2024-08-09,0.2376237623762376,0.009900990099009901,0.019801980198019802,0.019801980198019802,0.33663366336633666,0.009900990099009901
2024-08-12,0.2079207920792079,0.009900990099009901,0.019801980198019802,0.019801980198019802,0.297029702970297,0.009900990099009901
2024-08-13,0.2079207920792079,0.009900990099009901,0.019801980198019802,0.019801980198019802,0.297029702970297,0.009900990099009901
2024-08-14,0.2376237623762376,0.009900990099009901,0.019801980198019802,0.019801980198019802,0.25742574257425743,0.009900990099009901
2024-08-15,0.2376237623762376,0.009900990099009901,0.019801980198019802,0.019801980198019802,0.3069306930693069,0.009900990099009901
2024-08-16,0.31683168316831684,0.009900990099009901,0.0297029702970297,0.019801980198019802,0.44554455445544555,0.009900990099009901
2024-08-19,0.2871287128712871,0.009900990099009901,0.0297029702970297,0.009900990099009901,0.37623762376237624,0.009900990099009901
2024-08-20,0.2871287128712871,0.009900990099009901,0.0297029702970297,0.009900990099009901,0.297029702970297,0.009900990099009901
2024-08-21,0.2871287128712871,0.009900990099009901,0.0297029702970297,0.009900990099009901,0.37623762376237624,0.009900990099009901
2024-08-22,0.2871287128712871,0.009900990099009901,0.0297029702970297,0.009900990099009901,0.31683168316831684,0.009900990099009901
2024-08-23,0.2871287128712871,0.009900990099009901,0.009900990099009901,0.009900990099009901,0.3564356435643564,0.009900990099009901
2024-08-26,0.3069306930693069,0.009900990099009901,0.009900990099009901,0.009900990099009901,0.43564356435643564,0.009900990099009901
2024-08-27,0.3465346534653465,0.009900990099009901,0.019801980198019802,0.0297029702970297,0.4752475247524752,0.009900990099009901
2024-08-28,0.3465346534653465,0.009900990099009901,0.019801980198019802,0.0297029702970297,0.4752475247524752,0.009900990099009901
2024-08-29,0.3564356435643564,0.009900990099009901,0.019801980198019802,0.0297029702970297,0.594059405940594,0.009900990099009901
2024-08-30,0.3564356435643564,0.009900990099009901,0.019801980198019802,0.0297029702970297,0.5742574257425742,0.009900990099009901
2024-09-03,0.3564356435643564,0.009900990099009901,0.019801980198019802,0.0297029702970297,0.6039603960396039,0.009900990099009901
2024-09-04,0.3564356435643564,0.009900990099009901,0.009900990099009901,0.039603960396039604,0.3564356435643564,0.009900990099009901
2024-09-05,0.33663366336633666,0.009900990099009901,0.009900990099009901,0.039603960396039604,0.39603960396039606,0.009900990099009901
2024-09-06,0.33663366336633666,0.009900990099009901,0.009900990099009901,0.0297029702970297,0.3465346534653465,0.009900990099009901
2024-09-09,0.18811881188118812,0.009900990099009901,0.04950495049504951,0.019801980198019802,0.2376237623762376,0.009900990099009901
2024-09-10,0.1188118811881188,0.009900990099009901,0.04950495049504951,0.019801980198019802,0.2079207920792079,0.009900990099009901
2024-09-11,0.10891089108910891,0.009900990099009901,0.04950495049504951,0.019801980198019802,0.2079207920792079,0.009900990099009901
2024-09-12,0.10891089108910891,0.019801980198019802,0.04950495049504951,0.019801980198019802,0.21782178217821782,0.009900990099009901
2024-09-13,0.12871287128712872,0.019801980198019802,0.04950495049504951,0.019801980198019802,0.21782178217821782,0.009900990099009901
2024-09-16,0.13861386138613863,0.009900990099009901,0.019801980198019802,0.019801980198019802,0.21782178217821782,0.009900990099009901
2024-09-17,0.10891089108910891,0.009900990099009901,0.019801980198019802,0.019801980198019802,0.21782178217821782,0.009900990099009901
2024-09-18,0.1782178217821782,0.0297029702970297,0.019801980198019802,0.019801980198019802,0.2871287128712871,0.009900990099009901
2024-09-19,0.1782178217821782,0.0297029702970297,0.019801980198019802,0.019801980198019802,0.27722772277227725,0.009900990099009901
2024-09-20,0.16831683168316833,0.0297029702970297,0.019801980198019802,0.019801980198019802,0.27722772277227725,0.009900990099009901
2024-09-23,0.16831683168316833,0.019801980198019802,0.019801980198019802,0.009900990099009901,0.24752475247524752,0.009900990099009901
2024-09-24,0.3069306930693069,0.019801980198019802,0.039603960396039604,0.04950495049504951,0.3564356435643564,0.009900990099009901
2024-09-25,0.297029702970297,0.0297029702970297,0.039603960396039604,0.04950495049504951,0.3564356435643564,0.009900990099009901
2024-09-26,0.297029702970297,0.0297029702970297,0.039603960396039604,0.04950495049504951,0.38613861386138615,0.009900990099009901
2024-09-27,0.25742574257425743,0.06930693069306931,0.04950495049504951,0.09900990099009901,0.37623762376237624,0.019801980198019802
2024-09-30,0.2871287128712871,0.07920792079207921,0.04950495049504951,0.09900990099009901,0.39603960396039606,0.019801980198019802
2024-10-01,0.2871287128712871,0.07920792079207921,0.04950495049504951,0.09900990099009901,0.40594059405940597,0.019801980198019802
2024-10-02,0.40594059405940597,0.0594059405940594,0.039603960396039604,0.0891089108910891,0.32673267326732675,0.009900990099009901
2024-10-03,0.40594059405940597,0.0594059405940594,0.039603960396039604,0.0891089108910891,0.32673267326732675,0.009900990099009901
2024-10-04,0.504950495049505,0.039603960396039604,0.039603960396039604,0.09900990099009901,0.3069306930693069,0.009900990099009901
2024-10-07,0.504950495049505,0.039603960396039604,0.0297029702970297,0.07920792079207921,0.3069306930693069,0.009900990099009901
2024-10-08,0.6138613861386139,0.019801980198019802,0.019801980198019802,0.039603960396039604,0.2871287128712871,0.009900990099009901
2024-10-09,0.6138613861386139,0.019801980198019802,0.019801980198019802,0.16831683168316833,0.2871287128712871,0.009900990099009901
2024-10-10,0.6138613861386139,0.019801980198019802,0.019801980198019802,0.18811881188118812,0.2871287128712871,0.009900990099009901
2024-10-11,0.6039603960396039,0.019801980198019802,0.019801980198019802,0.18811881188118812,0.2871287128712871,0.009900990099009901
2024-10-14,0.6138613861386139,0.0594059405940594,0.019801980198019802,0.09900990099009901,0.2871287128712871,0.009900990099009901
2024-10-15,0.5445544554455446,0.0594059405940594,0.019801980198019802,0.09900990099009901,0.31683168316831684,0.009900990099009901
2024-10-16,0.6138613861386139,0.0594059405940594,0.019801980198019802,0.18811881188118812,0.2871287128712871,0.009900990099009901
2024-10-17,0.6138613861386139,0.0594059405940594,0.019801980198019802,0.18811881188118812,0.2871287128712871,0.009900990099009901
2024-10-18,0.6138613861386139,0.0594059405940594,0.019801980198019802,0.18811881188118812,0.2871287128712871,0.009900990099009901
2024-10-21,0.6831683168316832,0.07920792079207921,0.0594059405940594,0.15841584158415842,0.3465346534653465,0.009900990099009901
2024-10-22,0.6831683168316832,0.04950495049504951,0.04950495049504951,0.1485148514851485,0.33663366336633666,0.009900990099009901
2024-10-23,0.6732673267326733,0.0594059405940594,0.009900990099009901,0.21782178217821782,0.16831683168316833,0.009900990099009901
2024-10-24,0.6138613861386139,0.04950495049504951,0.019801980198019802,0.2376237623762376,0.19801980198019803,0.009900990099009901
2024-10-25,0.6138613861386139,0.019801980198019802,0.019801980198019802,0.2376237623762376,0.15841584158415842,0.009900990099009901
2024-10-28,0.5841584158415841,0.0297029702970297,0.039603960396039604,0.24752475247524752,0.12871287128712872,0.019801980198019802
2024-10-29,0.6039603960396039,0.04950495049504951,0.009900990099009901,0.1485148514851485,0.12871287128712872,0.009900990099009901
2024-10-30,0.6534653465346535,0.0297029702970297,0.0297029702970297,0.18811881188118812,0.0891089108910891,0.019801980198019802
2024-10-31,0.6732673267326733,0.039603960396039604,0.0297029702970297,0.18811881188118812,0.0891089108910891,0.019801980198019802
2024-11-01,0.594059405940594,0.0297029702970297,0.009900990099009901,0.1782178217821782,0.0594059405940594,0.009900990099009901
2024-11-04,0.594059405940594,0.0297029702970297,0.009900990099009901,0.1485148514851485,0.06930693069306931,0.009900990099009901
2024-11-05,0.6039603960396039,0.0297029702970297,0.06930693069306931,0.13861386138613863,0.06930693069306931,0.009900990099009901
2024-11-06,0.594059405940594,0.0297029702970297,0.06930693069306931,0.1485148514851485,0.06930693069306931,0.009900990099009901
2024-11-07,0.6039603960396039,0.0297029702970297,0.0297029702970297,0.12871287128712872,0.06930693069306931,0.019801980198019802
2024-11-08,0.6039603960396039,0.0297029702970297,0.039603960396039604,0.18811881188118812,0.06930693069306931,0.019801980198019802
2024-11-11,0.6039603960396039,0.0297029702970297,0.039603960396039604,0.15841584158415842,0.06930693069306931,0.0297029702970297
2024-11-12,0.5544554455445545,0.0297029702970297,0.0297029702970297,0.16831683168316833,0.06930693069306931,0.009900990099009901
2024-11-13,0.5247524752475248,0.009900990099009901,0.0297029702970297,0.16831683168316833,0.07920792079207921,0.009900990099009901
2024-11-14,0.45544554455445546,0.009900990099009901,0.0297029702970297,0.1782178217821782,0.07920792079207921,0.009900990099009901
2024-11-15,0.45544554455445546,0.0297029702970297,0.0297029702970297,0.16831683168316833,0.04950495049504951,0.009900990099009901
2024-11-18,0.5247524752475248,0.0297029702970297,0.009900990099009901,0.19801980198019803,0.13861386138613863,0.0297029702970297
2024-11-19,0.5247524752475248,0.0297029702970297,0.009900990099009901,0.19801980198019803,0.13861386138613863,0.09900990099009901
2024-11-20,0.5247524752475248,0.0297029702970297,0.009900990099009901,0.19801980198019803,0.1188118811881188,0.06930693069306931
2024-11-21,0.5247524752475248,0.0297029702970297,0.009900990099009901,0.19801980198019803,0.12871287128712872,0.07920792079207921
2024-11-22,0.5247524752475248,0.0297029702970297,0.009900990099009901,0.19801980198019803,0.10891089108910891,0.06930693069306931
2024-11-25,0.5247524752475248,0.0297029702970297,0.009900990099009901,0.19801980198019803,0.10891089108910891,0.07920792079207921
2024-11-26,0.5247524752475248,0.019801980198019802,0.009900990099009901,0.19801980198019803,0.10891089108910891,0.06930693069306931
2024-11-27,0.5247524752475248,0.019801980198019802,0.009900990099009901,0.15841584158415842,0.10891089108910891,0.04950495049504951
2024-11-29,0.5247524752475248,0.019801980198019802,0.009900990099009901,0.15841584158415842,0.12871287128712872,0.06930693069306931
2024-12-02,0.5247524752475248,0.019801980198019802,0.009900990099009901,0.18811881188118812,0.10891089108910891,0.07920792079207921
2024-12-03,0.5445544554455446,0.019801980198019802,0.009900990099009901,0.1782178217821782,0.1485148514851485,0.07920792079207921
2024-12-04,0.5445544554455446,0.019801980198019802,0.009900990099009901,0.1782178217821782,0.07920792079207921,0.07920792079207921
2024-12-05,0.5445544554455446,0.019801980198019802,0.009900990099009901,0.27722772277227725,0.0594059405940594,0.07920792079207921
2024-12-06,0.5445544554455446,0.019801980198019802,0.009900990099009901,0.22772277227722773,0.0594059405940594,0.07920792079207921
2024-12-09,0.5445544554455446,0.019801980198019802,0.009900990099009901,0.21782178217821782,0.0594059405940594,0.07920792079207921
2024-12-10,0.5445544554455446,0.019801980198019802,0.019801980198019802,0.2079207920792079,0.0594059405940594,0.0891089108910891
2024-12-11,0.5445544554455446,0.019801980198019802,0.019801980198019802,0.2079207920792079,0.0594059405940594,0.0891089108910891
2024-12-12,0.5445544554455446,0.019801980198019802,0.019801980198019802,0.2079207920792079,0.0297029702970297,0.0891089108910891
2024-12-13,0.5247524752475248,0.019801980198019802,0.019801980198019802,0.31683168316831684,0.0297029702970297,0.04950495049504951
2024-12-16,0.5346534653465347,0.019801980198019802,0.019801980198019802,0.3069306930693069,0.0297029702970297,0.04950495049504951
2024-12-17,0.5346534653465347,0.019801980198019802,0.019801980198019802,0.3564356435643564,0.06930693069306931,0.06930693069306931
2024-12-18,0.5247524752475248,0.019801980198019802,0.019801980198019802,0.31683168316831684,0.06930693069306931,0.06930693069306931
2024-12-19,0.297029702970297,0.0594059405940594,0.039603960396039604,0.26732673267326734,0.04950495049504951,0.13861386138613863
2024-12-20,0.2871287128712871,0.0594059405940594,0.039603960396039604,0.26732673267326734,0.0594059405940594,0.13861386138613863
2024-12-23,0.16831683168316833,0.04950495049504951,0.0297029702970297,0.24752475247524752,0.04950495049504951,0.16831683168316833
2024-12-24,0.16831683168316833,0.04950495049504951,0.0297029702970297,0.24752475247524752,0.04950495049504951,0.18811881188118812
2024-12-26,0.16831683168316833,0.04950495049504951,0.0297029702970297,0.24752475247524752,0.04950495049504951,0.1782178217821782
2024-12-27,0.16831683168316833,0.04950495049504951,0.0297029702970297,0.24752475247524752,0.04950495049504951,0.1782178217821782
2024-12-30,0.1782178217821782,0.0594059405940594,0.009900990099009901,0.37623762376237624,0.07920792079207921,0.10891089108910891
2024-12-31,0.36633663366336633,0.019801980198019802,0.0297029702970297,0.504950495049505,0.12871287128712872,0.16831683168316833
2025-01-02,0.36633663366336633,0.019801980198019802,0.0297029702970297,0.46534653465346537,0.12871287128712872,0.16831683168316833
2025-01-03,0.1782178217821782,0.04950495049504951,0.019801980198019802,0.504950495049505,0.12871287128712872,0.13861386138613863
2025-01-06,0.297029702970297,0.0297029702970297,0.0297029702970297,0.5148514851485149,0.1188118811881188,0.13861386138613863
2025-01-07,0.297029702970297,0.0297029702970297,0.0297029702970297,0.5148514851485149,0.1188118811881188,0.13861386138613863
2025-01-08,0.2871287128712871,0.0297029702970297,0.0297029702970297,0.6336633663366337,0.15841584158415842,0.09900990099009901
2025-01-10,0.2871287128712871,0.039603960396039604,0.019801980198019802,0.5346534653465347,0.21782178217821782,0.09900990099009901
2025-01-13,0.24752475247524752,0.019801980198019802,0.009900990099009901,0.5346534653465347,0.22772277227722773,0.0594059405940594
2025-01-14,0.25742574257425743,0.019801980198019802,0.009900990099009901,0.5346534653465347,0.22772277227722773,0.10891089108910891
2025-01-15,0.2871287128712871,0.019801980198019802,0.009900990099009901,0.5346534653465347,0.21782178217821782,0.10891089108910891
2025-01-16,0.24752475247524752,0.019801980198019802,0.009900990099009901,0.5346534653465347,0.25742574257425743,0.10891089108910891
2025-01-17,0.42574257425742573,0.019801980198019802,0.009900990099009901,0.7029702970297029,0.2376237623762376,0.10891089108910891
2025-01-21,0.4158415841584158,0.019801980198019802,0.009900990099009901,0.7029702970297029,0.22772277227722773,0.10891089108910891
2025-01-22,0.40594059405940597,0.019801980198019802,0.009900990099009901,0.7029702970297029,0.22772277227722773,0.10891089108910891
2025-01-23,0.4158415841584158,0.019801980198019802,0.009900990099009901,0.42574257425742573,0.1782178217821782,0.10891089108910891
2025-01-24,0.4158415841584158,0.019801980198019802,0.009900990099009901,0.42574257425742573,0.1782178217821782,0.10891089108910891
2025-01-27,0.4158415841584158,0.019801980198019802,0.009900990099009901,0.42574257425742573,0.2079207920792079,0.1188118811881188
2025-01-28,0.5148514851485149,0.019801980198019802,0.019801980198019802,0.45544554455445546,0.1782178217821782,0.06930693069306931
2025-01-29,0.46534653465346537,0.019801980198019802,0.019801980198019802,0.4158415841584158,0.16831683168316833,0.06930693069306931
2025-01-30,0.48514851485148514,0.019801980198019802,0.019801980198019802,0.44554455445544555,0.2079207920792079,0.07920792079207921
2025-01-31,0.48514851485148514,0.019801980198019802,0.019801980198019802,0.46534653465346537,0.25742574257425743,0.06930693069306931
2025-02-03,0.5247524752475248,0.019801980198019802,0.019801980198019802,0.5148514851485149,0.25742574257425743,0.06930693069306931
2025-02-04,0.594059405940594,0.019801980198019802,0.019801980198019802,0.5643564356435643,0.22772277227722773,0.10891089108910891
2025-02-05,0.594059405940594,0.019801980198019802,0.019801980198019802,0.5643564356435643,0.2079207920792079,0.10891089108910891
2025-02-06,0.594059405940594,0.019801980198019802,0.019801980198019802,0.5643564356435643,0.22772277227722773,0.09900990099009901
2025-02-07,0.594059405940594,0.019801980198019802,0.019801980198019802,0.5445544554455446,0.2079207920792079,0.10891089108910891
2025-02-10,0.6039603960396039,0.009900990099009901,0.019801980198019802,0.5643564356435643,0.24752475247524752,0.10891089108910891
2025-02-11,0.6039603960396039,0.009900990099009901,0.009900990099009901,0.5643564356435643,0.24752475247524752,0.10891089108910891
2025-02-12,0.504950495049505,0.019801980198019802,0.009900990099009901,0.5643564356435643,0.24752475247524752,0.10891089108910891
2025-02-13,0.43564356435643564,0.019801980198019802,0.009900990099009901,0.5148514851485149,0.24752475247524752,0.1485148514851485
2025-02-14,0.44554455445544555,0.019801980198019802,0.009900990099009901,0.5148514851485149,0.24752475247524752,0.1188118811881188
2025-02-18,0.43564356435643564,0.019801980198019802,0.009900990099009901,0.5148514851485149,0.2376237623762376,0.19801980198019803
2025-02-19,0.37623762376237624,0.019801980198019802,0.009900990099009901,0.5148514851485149,0.2376237623762376,0.19801980198019803
2025-02-20,0.3465346534653465,0.019801980198019802,0.009900990099009901,0.45544554455445546,0.2376237623762376,0.19801980198019803
2025-02-21,0.32673267326732675,0.019801980198019802,0.0297029702970297,0.45544554455445546,0.2376237623762376,0.0297029702970297
2025-02-24,0.44554455445544555,0.0297029702970297,0.039603960396039604,0.594059405940594,0.2079207920792079,0.039603960396039604
2025-02-25,0.46534653465346537,0.0297029702970297,0.039603960396039604,0.5841584158415841,0.21782178217821782,0.0594059405940594
2025-02-26,0.42574257425742573,0.019801980198019802,0.009900990099009901,0.5742574257425742,0.19801980198019803,0.04950495049504951
2025-02-27,0.31683168316831684,0.019801980198019802,0.009900990099009901,0.5742574257425742,0.12871287128712872,0.0594059405940594
2025-02-28,0.31683168316831684,0.019801980198019802,0.009900990099009901,0.5742574257425742,0.12871287128712872,0.009900990099009901
2025-03-03,0.33663366336633666,0.019801980198019802,0.009900990099009901,0.6336633663366337,0.1485148514851485,0.009900990099009901
2025-03-04,0.43564356435643564,0.019801980198019802,0.019801980198019802,0.7524752475247525,0.1188118811881188,0.0297029702970297
2025-03-05,0.6138613861386139,0.009900990099009901,0.04950495049504951,0.8712871287128713,0.10891089108910891,0.0297029702970297
2025-03-06,0.6138613861386139,0.009900990099009901,0.04950495049504951,0.8316831683168316,0.10891089108910891,0.0297029702970297
2025-03-07,0.7227722772277227,0.009900990099009901,0.019801980198019802,0.7524752475247525,0.13861386138613863,0.0297029702970297
2025-03-10,0.5643564356435643,0.009900990099009901,0.009900990099009901,0.7227722772277227,0.06930693069306931,0.0297029702970297
2025-03-11,0.693069306930693,0.009900990099009901,0.0297029702970297,0.6336633663366337,0.0594059405940594,0.039603960396039604
2025-03-12,0.6831683168316832,0.009900990099009901,0.0297029702970297,0.6237623762376238,0.0594059405940594,0.039603960396039604
2025-03-13,0.6435643564356436,0.009900990099009901,0.019801980198019802,0.5445544554455446,0.039603960396039604,0.0297029702970297
2025-03-14,0.7623762376237624,0.019801980198019802,0.019801980198019802,0.6138613861386139,0.07920792079207921,0.019801980198019802
2025-03-17,0.8217821782178217,0.019801980198019802,0.019801980198019802,0.6831683168316832,0.09900990099009901,0.019801980198019802
2025-03-18,0.8514851485148515,0.009900990099009901,0.019801980198019802,0.6138613861386139,0.10891089108910891,0.019801980198019802
2025-03-19,0.9306930693069307,0.009900990099009901,0.0297029702970297,0.6336633663366337,0.09900990099009901,0.04950495049504951
2025-03-20,0.9405940594059405,0.009900990099009901,0.0297029702970297,0.6138613861386139,0.09900990099009901,0.04950495049504951
2025-03-21,0.9405940594059405,0.009900990099009901,0.0297029702970297,0.6336633663366337,0.10891089108910891,0.04950495049504951
2025-03-24,0.900990099009901,0.009900990099009901,0.0297029702970297,0.6138613861386139,0.1188118811881188,0.04950495049504951
2025-03-25,0.9306930693069307,0.009900990099009901,0.0297029702970297,0.6831683168316832,0.15841584158415842,0.04950495049504951
2025-03-26,0.7128712871287128,0.009900990099009901,0.0297029702970297,0.6831683168316832,0.10891089108910891,0.0891089108910891
2025-03-27,0.6831683168316832,0.009900990099009901,0.019801980198019802,0.6336633663366337,0.12871287128712872,0.0891089108910891
2025-03-28,0.6831683168316832,0.009900990099009901,0.019801980198019802,0.6336633663366337,0.12871287128712872,0.07920792079207921
2025-03-31,0.6138613861386139,0.009900990099009901,0.019801980198019802,0.5742574257425742,0.0891089108910891,0.04950495049504951
2025-04-01,0.6138613861386139,0.009900990099009901,0.019801980198019802,0.5742574257425742,0.09900990099009901,0.04950495049504951
2025-04-02,0.5643564356435643,0.009900990099009901,0.019801980198019802,0.5148514851485149,0.019801980198019802,0.04950495049504951
2025-04-03,0.6039603960396039,0.009900990099009901,0.019801980198019802,0.45544554455445546,0.019801980198019802,0.04950495049504951
2025-04-04,0.7029702970297029,0.0297029702970297,0.039603960396039604,0.8415841584158416,0.019801980198019802,0.2871287128712871
2025-04-07,0.8811881188118812,0.10891089108910891,0.039603960396039604,1.0,0.1188118811881188,0.8118811881188119
2025-04-08,0.8910891089108911,0.0594059405940594,0.0297029702970297,0.9504950495049505,0.12871287128712872,0.7623762376237624
2025-04-09,1.0,0.039603960396039604,0.04950495049504951,0.9702970297029703,0.0594059405940594,0.8217821782178217
2025-04-10,0.9207920792079208,0.7623762376237624,0.19801980198019803,0.37623762376237624,0.7623762376237624,0.9405940594059405
2025-04-11,0.7920792079207921,0.8712871287128713,0.27722772277227725,0.42574257425742573,0.3465346534653465,0.8613861386138614
2025-04-14,0.8217821782178217,0.8415841584158416,0.2376237623762376,0.5841584158415841,0.3465346534653465,0.8613861386138614
2025-04-15,0.7920792079207921,0.8415841584158416,0.2376237623762376,0.5742574257425742,0.297029702970297,0.8613861386138614
2025-04-16,0.7821782178217822,0.7821782178217822,0.38613861386138615,0.39603960396039606,0.37623762376237624,0.801980198019802
2025-04-17,0.8514851485148515,0.7326732673267327,0.38613861386138615,0.7128712871287128,0.44554455445544555,0.8811881188118812
2025-04-21,0.7821782178217822,0.7524752475247525,0.38613861386138615,0.7128712871287128,0.31683168316831684,0.8811881188118812
2025-04-22,0.9702970297029703,0.7623762376237624,0.24752475247524752,0.9801980198019802,0.37623762376237624,0.9603960396039604
2025-04-23,0.9702970297029703,0.8514851485148515,0.24752475247524752,0.9801980198019802,0.38613861386138615,0.9603960396039604
2025-04-24,0.9702970297029703,0.7821782178217822,0.22772277227722773,0.9801980198019802,0.42574257425742573,0.9603960396039604
2025-04-25,0.9702970297029703,0.9207920792079208,0.24752475247524752,0.9801980198019802,0.42574257425742573,0.9603960396039604
2025-04-28,0.9702970297029703,0.8613861386138614,0.2376237623762376,0.9801980198019802,0.42574257425742573,0.9900990099009901
2025-04-29,0.9702970297029703,0.9306930693069307,0.2376237623762376,0.9801980198019802,0.42574257425742573,0.9900990099009901
2025-04-30,0.9702970297029703,0.9207920792079208,0.22772277227722773,0.9801980198019802,0.43564356435643564,0.9900990099009901
2025-05-01,0.9702970297029703,0.9108910891089109,0.22772277227722773,0.9801980198019802,0.43564356435643564,0.9900990099009901
2025-05-02,0.9702970297029703,0.9405940594059405,0.2376237623762376,0.9801980198019802,0.42574257425742573,0.9900990099009901
2025-05-05,0.6831683168316832,0.8316831683168316,0.32673267326732675,0.9207920792079208,0.39603960396039606,0.9504950495049505
2025-05-06,0.504950495049505,0.8316831683168316,0.31683168316831684,0.7821782178217822,0.4158415841584158,0.9504950495049505
2025-05-07,0.40594059405940597,0.7722772277227723,0.31683168316831684,0.7722772277227723,0.43564356435643564,0.9504950495049505
2025-05-08,0.3564356435643564,0.7722772277227723,0.31683168316831684,0.7722772277227723,0.4158415841584158,0.9504950495049505
2025-05-09,0.3564356435643564,0.7722772277227723,0.31683168316831684,0.7722772277227723,0.4158415841584158,0.9900990099009901
2025-05-12,0.3564356435643564,0.7425742574257426,0.31683168316831684,0.7623762376237624,0.4158415841584158,0.9900990099009901
2025-05-13,0.36633663366336633,0.7128712871287128,0.32673267326732675,0.693069306930693,0.43564356435643564,0.9900990099009901
2025-05-14,0.36633663366336633,0.7227722772277227,0.32673267326732675,0.7029702970297029,0.46534653465346537,0.9900990099009901
2025-05-15,0.36633663366336633,0.7227722772277227,0.32673267326732675,0.7029702970297029,0.5247524752475248,0.9900990099009901
2025-05-16,0.36633663366336633,0.7227722772277227,0.32673267326732675,0.7029702970297029,0.5148514851485149,0.9900990099009901
2025-05-19,0.37623762376237624,0.7227722772277227,0.32673267326732675,0.7326732673267327,0.5148514851485149,0.9900990099009901
2025-05-20,0.46534653465346537,0.7227722772277227,0.31683168316831684,0.7623762376237624,0.5148514851485149,0.9900990099009901
2025-05-21,0.46534653465346537,0.7227722772277227,0.31683168316831684,0.7722772277227723,0.5148514851485149,0.9207920792079208
2025-05-22,0.7524752475247525,0.801980198019802,0.22772277227722773,0.8811881188118812,0.49504950495049505,0.9504950495049505
2025-05-23,0.7524752475247525,0.8217821782178217,0.19801980198019803,0.8811881188118812,0.5148514851485149,0.9504950495049505
2025-05-27,0.5346534653465347,0.8217821782178217,0.19801980198019803,0.8811881188118812,0.504950495049505,0.9405940594059405
2025-05-28,0.5247524752475248,0.7128712871287128,0.24752475247524752,0.900990099009901,0.5247524752475248,0.9306930693069307
2025-05-29,0.42574257425742573,0.7128712871287128,0.2376237623762376,0.900990099009901,0.46534653465346537,0.9306930693069307
2025-05-30,0.48514851485148514,0.7128712871287128,0.19801980198019803,0.900990099009901,0.6732673267326733,0.9405940594059405
2025-06-02,0.42574257425742573,0.7821782178217822,0.24752475247524752,0.900990099009901,0.6534653465346535,0.8910891089108911
2025-06-03,0.5148514851485149,0.8217821782178217,0.19801980198019803,0.900990099009901,0.6336633663366337,0.9405940594059405
2025-06-04,0.5346534653465347,0.801980198019802,0.19801980198019803,0.9306930693069307,0.7029702970297029,0.9504950495049505
2025-06-05,0.5346534653465347,0.7821782178217822,0.18811881188118812,0.9306930693069307,0.6732673267326733,0.9504950495049505
2025-06-06,0.5346534653465347,0.8910891089108911,0.19801980198019803,0.9603960396039604,0.7227722772277227,0.9603960396039604
2025-06-09,0.5346534653465347,0.8910891089108911,0.19801980198019803,0.9603960396039604,0.7227722772277227,0.9504950495049505
2025-06-10,0.5841584158415841,0.900990099009901,0.24752475247524752,0.9405940594059405,0.6138613861386139,0.9504950495049505
2025-06-11,0.5841584158415841,0.8910891089108911,0.24752475247524752,0.9603960396039604,0.6138613861386139,0.9504950495049505
2025-06-12,0.5841584158415841,0.900990099009901,0.24752475247524752,0.9405940594059405,0.6534653465346535,0.9306930693069307
2025-06-13,0.5841584158415841,0.900990099009901,0.24752475247524752,0.9405940594059405,0.6534653465346535,0.9504950495049505
2025-06-16,0.40594059405940597,0.8712871287128713,0.12871287128712872,0.8910891089108911,0.6435643564356436,0.9306930693069307
2025-06-17,0.40594059405940597,0.900990099009901,0.10891089108910891,0.801980198019802,0.6336633663366337,0.9306930693069307
2025-06-18,0.40594059405940597,0.9108910891089109,0.10891089108910891,0.7722772277227723,0.504950495049505,0.9504950495049505
2025-06-20,0.40594059405940597,0.8712871287128713,0.1188118811881188,0.7722772277227723,0.5544554455445545,0.9603960396039604
2025-06-23,0.40594059405940597,0.8514851485148515,0.1188118811881188,0.7722772277227723,0.5544554455445545,0.9504950495049505
2025-06-24,0.40594059405940597,0.8514851485148515,0.1188118811881188,0.5148514851485149,0.5544554455445545,0.9603960396039604
2025-06-25,0.39603960396039606,0.900990099009901,0.1188118811881188,0.46534653465346537,0.5544554455445545,0.9603960396039604
2025-06-26,0.36633663366336633,0.900990099009901,0.1188118811881188,0.4158415841584158,0.5544554455445545,0.9306930693069307
2025-06-27,0.40594059405940597,0.8910891089108911,0.1188118811881188,0.36633663366336633,0.6138613861386139,0.9504950495049505
2025-06-30,0.40594059405940597,0.8910891089108911,0.1188118811881188,0.46534653465346537,0.5544554455445545,0.9504950495049505
2025-07-01,0.40594059405940597,0.8910891089108911,0.1188118811881188,0.49504950495049505,0.5544554455445545,0.9306930693069307
2025-07-02,0.40594059405940597,0.8910891089108911,0.1188118811881188,0.49504950495049505,0.5445544554455446,0.9702970297029703
2025-07-03,0.37623762376237624,0.900990099009901,0.1188118811881188,0.49504950495049505,0.5544554455445545,0.9306930693069307
2025-07-07,0.36633663366336633,0.8910891089108911,0.10891089108910891,0.49504950495049505,0.5544554455445545,0.9504950495049505
2025-07-08,0.39603960396039606,0.900990099009901,0.10891089108910891,0.49504950495049505,0.5544554455445545,0.9702970297029703
2025-07-09,0.39603960396039606,0.900990099009901,0.26732673267326734,0.49504950495049505,0.504950495049505,0.9108910891089109
2025-07-10,0.39603960396039606,0.900990099009901,0.26732673267326734,0.46534653465346537,0.504950495049505,0.9108910891089109
2025-07-11,0.39603960396039606,0.900990099009901,0.26732673267326734,0.38613861386138615,0.504950495049505,0.9306930693069307
2025-07-14,0.39603960396039606,0.900990099009901,0.26732673267326734,0.2871287128712871,0.504950495049505,0.9306930693069307
2025-07-15,0.40594059405940597,0.900990099009901,0.26732673267326734,0.31683168316831684,0.5148514851485149,0.9306930693069307
2025-07-16,0.36633663366336633,0.8910891089108911,0.26732673267326734,0.49504950495049505,0.5544554455445545,0.9306930693069307
2025-07-17,0.36633663366336633,0.8910891089108911,0.26732673267326734,0.49504950495049505,0.45544554455445546,0.9405940594059405
2025-07-18,0.39603960396039606,0.8910891089108911,0.26732673267326734,0.49504950495049505,0.49504950495049505,0.9306930693069307
2025-07-21,0.36633663366336633,0.8910891089108911,0.26732673267326734,0.3564356435643564,0.49504950495049505,0.9306930693069307
2025-07-22,0.3564356435643564,0.8712871287128713,0.27722772277227725,0.37623762376237624,0.46534653465346537,0.9306930693069307
2025-07-23,0.33663366336633666,0.8415841584158416,0.13861386138613863,0.40594059405940597,0.46534653465346537,0.9504950495049505
2025-07-24,0.3564356435643564,0.8514851485148515,0.13861386138613863,0.4752475247524752,0.4752475247524752,0.9405940594059405
2025-07-25,0.3564356435643564,0.8910891089108911,0.13861386138613863,0.45544554455445546,0.42574257425742573,0.9405940594059405
2025-07-28,0.3564356435643564,0.9108910891089109,0.13861386138613863,0.44554455445544555,0.40594059405940597,0.9405940594059405
2025-07-29,0.44554455445544555,0.7227722772277227,0.2871287128712871,0.3069306930693069,0.5346534653465347,0.8118811881188119
2025-07-30,0.44554455445544555,0.7227722772277227,0.27722772277227725,0.3069306930693069,0.5445544554455446,0.7623762376237624
2025-07-31,0.45544554455445546,0.7227722772277227,0.2871287128712871,0.3069306930693069,0.5346534653465347,0.7623762376237624
2025-08-01,0.45544554455445546,0.7128712871287128,0.2871287128712871,0.24752475247524752,0.5148514851485149,0.7623762376237624
2025-08-04,0.45544554455445546,0.8910891089108911,0.297029702970297,0.43564356435643564,0.504950495049505,0.7920792079207921
2025-08-05,0.45544554455445546,0.8910891089108911,0.40594059405940597,0.48514851485148514,0.38613861386138615,0.7623762376237624
2025-08-06,0.46534653465346537,0.6831683168316832,0.33663366336633666,0.44554455445544555,0.37623762376237624,0.7326732673267327
2025-08-07,0.3564356435643564,0.6534653465346535,0.37623762376237624,0.3564356435643564,0.39603960396039606,0.6534653465346535
2025-08-08,0.25742574257425743,0.5247524752475248,0.12871287128712872,0.1782178217821782,0.39603960396039606,0.6039603960396039
2025-08-11,0.25742574257425743,0.5247524752475248,0.12871287128712872,0.1782178217821782,0.4158415841584158,0.5841584158415841
2025-08-12,0.25742574257425743,0.48514851485148514,0.12871287128712872,0.2079207920792079,0.4158415841584158,0.5643564356435643
2025-08-13,0.25742574257425743,0.5247524752475248,0.12871287128712872,0.2079207920792079,0.4158415841584158,0.6138613861386139
2025-08-14,0.25742574257425743,0.5247524752475248,0.1188118811881188,0.2079207920792079,0.37623762376237624,0.38613861386138615
2025-08-15,0.25742574257425743,0.5247524752475248,0.1188118811881188,0.2079207920792079,0.36633663366336633,0.39603960396039606
2025-08-18,0.25742574257425743,0.5247524752475248,0.09900990099009901,0.18811881188118812,0.42574257425742573,0.38613861386138615
2025-08-19,0.25742574257425743,0.48514851485148514,0.09900990099009901,0.18811881188118812,0.42574257425742573,0.38613861386138615
2025-08-20,0.25742574257425743,0.48514851485148514,0.1188118811881188,0.18811881188118812,0.39603960396039606,0.2376237623762376
2025-08-21,0.31683168316831684,0.48514851485148514,0.1188118811881188,0.1782178217821782,0.42574257425742573,0.2376237623762376
2025-08-22,0.27722772277227725,0.48514851485148514,0.1188118811881188,0.16831683168316833,0.42574257425742573,0.18811881188118812
2025-08-25,0.27722772277227725,0.48514851485148514,0.12871287128712872,0.19801980198019803,0.42574257425742573,0.2376237623762376
2025-08-26,0.27722772277227725,0.48514851485148514,0.12871287128712872,0.16831683168316833,0.42574257425742573,0.2376237623762376
2025-08-27,0.27722772277227725,0.5544554455445545,0.1188118811881188,0.19801980198019803,0.4158415841584158,0.2376237623762376
2025-08-28,0.27722772277227725,0.5544554455445545,0.1188118811881188,0.19801980198019803,0.4158415841584158,0.2376237623762376
2025-08-29,0.27722772277227725,0.5544554455445545,0.1188118811881188,0.19801980198019803,0.36633663366336633,0.297029702970297
2025-09-02,0.27722772277227725,0.5544554455445545,0.1188118811881188,0.16831683168316833,0.4158415841584158,0.2376237623762376
2025-09-03,0.27722772277227725,0.5544554455445545,0.1188118811881188,0.1485148514851485,0.4158415841584158,0.2376237623762376
2025-09-04,0.27722772277227725,0.5544554455445545,0.09900990099009901,0.19801980198019803,0.36633663366336633,0.2376237623762376
2025-09-05,0.27722772277227725,0.5544554455445545,0.09900990099009901,0.19801980198019803,0.36633663366336633,0.2376237623762376
2025-09-08,0.297029702970297,0.42574257425742573,0.21782178217821782,0.0594059405940594,0.43564356435643564,0.1188118811881188
2025-09-09,0.297029702970297,0.49504950495049505,0.22772277227722773,0.04950495049504951,0.43564356435643564,0.1188118811881188
2025-09-10,0.297029702970297,0.48514851485148514,0.21782178217821782,0.04950495049504951,0.42574257425742573,0.12871287128712872
2025-09-11,0.13861386138613863,0.3564356435643564,0.1782178217821782,0.039603960396039604,0.25742574257425743,0.0891089108910891
2025-09-12,0.13861386138613863,0.3465346534653465,0.1782178217821782,0.039603960396039604,0.25742574257425743,0.0891089108910891
2025-09-15,0.12871287128712872,0.3465346534653465,0.31683168316831684,0.0594059405940594,0.26732673267326734,0.0891089108910891
2025-09-16,0.12871287128712872,0.3564356435643564,0.31683168316831684,0.0594059405940594,0.45544554455445546,0.0891089108910891
2025-09-17,0.0891089108910891,0.3564356435643564,0.3564356435643564,0.0594059405940594,0.45544554455445546,0.0891089108910891
2025-09-18,0.0891089108910891,0.3564356435643564,0.38613861386138615,0.0594059405940594,0.45544554455445546,0.0891089108910891
2025-09-19,0.1782178217821782,0.3564356435643564,0.38613861386138615,0.0594059405940594,0.3069306930693069,0.0891089108910891
2025-09-22,0.1782178217821782,0.3564356435643564,0.38613861386138615,0.06930693069306931,0.3069306930693069,0.1485148514851485
2025-09-23,0.1782178217821782,0.3564356435643564,0.37623762376237624,0.06930693069306931,0.297029702970297,0.15841584158415842
2025-09-24,0.1782178217821782,0.3564356435643564,0.38613861386138615,0.06930693069306931,0.3069306930693069,0.1188118811881188
2025-09-25,0.1782178217821782,0.3564356435643564,0.38613861386138615,0.0594059405940594,0.3069306930693069,0.1188118811881188
2025-09-26,0.1782178217821782,0.3564356435643564,0.38613861386138615,0.0594059405940594,0.33663366336633666,0.1188118811881188
2025-09-29,0.1782178217821782,0.3564356435643564,0.38613861386138615,0.0594059405940594,0.33663366336633666,0.1188118811881188
2025-09-30,0.1782178217821782,0.3564356435643564,0.38613861386138615,0.039603960396039604,0.37623762376237624,0.1485148514851485
2025-10-01,0.1782178217821782,0.3564356435643564,0.38613861386138615,0.04950495049504951,0.37623762376237624,0.1188118811881188
2025-10-02,0.1782178217821782,0.3564356435643564,0.3564356435643564,0.04950495049504951,0.37623762376237624,0.1485148514851485
2025-10-03,0.1782178217821782,0.2079207920792079,0.297029702970297,0.04950495049504951,0.37623762376237624,0.1485148514851485
2025-10-06,0.19801980198019803,0.2079207920792079,0.2871287128712871,0.04950495049504951,0.37623762376237624,0.15841584158415842
2025-10-07,0.18811881188118812,0.18811881188118812,0.27722772277227725,0.04950495049504951,0.37623762376237624,0.1485148514851485
2025-10-08,0.19801980198019803,0.19801980198019803,0.32673267326732675,0.04950495049504951,0.37623762376237624,0.1485148514851485
2025-10-09,0.19801980198019803,0.19801980198019803,0.27722772277227725,0.04950495049504951,0.33663366336633666,0.1485148514851485
2025-10-10,0.297029702970297,0.2079207920792079,0.25742574257425743,0.06930693069306931,0.33663366336633666,0.31683168316831684
2025-10-13,0.36633663366336633,0.31683168316831684,0.22772277227722773,0.1782178217821782,0.43564356435643564,0.5643564356435643
2025-10-14,0.36633663366336633,0.31683168316831684,0.22772277227722773,0.1485148514851485,0.46534653465346537,0.5643564356435643
2025-10-15,0.36633663366336633,0.31683168316831684,0.43564356435643564,0.1782178217821782,0.46534653465346537,0.6732673267326733
2025-10-16,0.36633663366336633,0.2871287128712871,0.44554455445544555,0.1782178217821782,0.46534653465346537,0.6336633663366337
2025-10-17,0.36633663366336633,0.297029702970297,0.6633663366336634,0.1782178217821782,0.40594059405940597,0.46534653465346537
2025-10-20,0.36633663366336633,0.2871287128712871,0.504950495049505,0.2079207920792079,0.46534653465346537,0.49504950495049505
2025-10-21,0.36633663366336633,0.2871287128712871,0.504950495049505,0.2079207920792079,0.46534653465346537,0.49504950495049505
2025-10-22,0.36633663366336633,0.2871287128712871,0.6732673267326733,0.2079207920792079,0.46534653465346537,0.49504950495049505
2025-10-23,0.36633663366336633,0.2871287128712871,0.6138613861386139,0.2079207920792079,0.46534653465346537,0.49504950495049505
2025-10-24,0.36633663366336633,0.2871287128712871,0.6732673267326733,0.2079207920792079,0.49504950495049505,0.49504950495049505
2025-10-27,0.36633663366336633,0.2871287128712871,0.6732673267326733,0.2079207920792079,0.5148514851485149,0.5346534653465347
2025-10-28,0.42574257425742573,0.2871287128712871,0.5643564356435643,0.2376237623762376,0.5346534653465347,0.40594059405940597
2025-10-29,0.42574257425742573,0.2871287128712871,0.5643564356435643,0.2376237623762376,0.5445544554455446,0.46534653465346537
2025-10-30,0.42574257425742573,0.2871287128712871,0.6336633663366337,0.2376237623762376,0.5643564356435643,0.46534653465346537
2025-10-31,0.42574257425742573,0.2871287128712871,0.7821782178217822,0.2376237623762376,0.5148514851485149,0.4158415841584158
2025-11-03,0.42574257425742573,0.2871287128712871,0.7821782178217822,0.2079207920792079,0.504950495049505,0.4158415841584158
2025-11-04,0.42574257425742573,0.2871287128712871,0.7821782178217822,0.2079207920792079,0.46534653465346537,0.4158415841584158
2025-11-05,0.24752475247524752,0.2079207920792079,0.8811881188118812,0.09900990099009901,0.44554455445544555,0.19801980198019803
2025-11-06,0.24752475247524752,0.2079207920792079,0.8811881188118812,0.07920792079207921,0.44554455445544555,0.19801980198019803
2025-11-07,0.18811881188118812,0.19801980198019803,0.9504950495049505,0.06930693069306931,0.37623762376237624,0.19801980198019803
2025-11-10,0.22772277227722773,0.2079207920792079,0.9504950495049505,0.06930693069306931,0.37623762376237624,0.19801980198019803
2025-11-11,0.22772277227722773,0.19801980198019803,0.7227722772277227,0.06930693069306931,0.37623762376237624,0.19801980198019803
2025-11-12,0.22772277227722773,0.19801980198019803,0.7821782178217822,0.06930693069306931,0.3564356435643564,0.19801980198019803
2025-11-13,0.22772277227722773,0.19801980198019803,0.7821782178217822,0.07920792079207921,0.3465346534653465,0.19801980198019803
2025-11-14,0.2871287128712871,0.2376237623762376,0.6039603960396039,0.13861386138613863,0.4752475247524752,0.33663366336633666
2025-11-17,0.2871287128712871,0.2376237623762376,0.6336633663366337,0.13861386138613863,0.5247524752475248,0.33663366336633666
2025-11-18,0.2871287128712871,0.2376237623762376,0.6336633663366337,0.13861386138613863,0.5148514851485149,0.31683168316831684
2025-11-19,0.2871287128712871,0.2871287128712871,0.6336633663366337,0.13861386138613863,0.504950495049505,0.31683168316831684
2025-11-20,0.22772277227722773,0.21782178217821782,0.4158415841584158,0.12871287128712872,0.40594059405940597,0.3465346534653465
2025-11-21,0.3069306930693069,0.3069306930693069,0.5643564356435643,0.1782178217821782,0.5544554455445545,0.48514851485148514
2025-11-24,0.3069306930693069,0.3069306930693069,0.5643564356435643,0.15841584158415842,0.5544554455445545,0.4752475247524752
2025-11-25,0.3069306930693069,0.3069306930693069,0.5643564356435643,0.1782178217821782,0.5247524752475248,0.46534653465346537
2025-11-26,0.3069306930693069,0.3069306930693069,0.5643564356435643,0.19801980198019803,0.5247524752475248,0.46534653465346537
2025-11-28,0.3069306930693069,0.3069306930693069,0.5643564356435643,0.19801980198019803,0.5247524752475248,0.46534653465346537
2025-12-01,0.3069306930693069,0.3069306930693069,0.5643564356435643,0.1782178217821782,0.5544554455445545,0.4752475247524752
2025-12-02,0.3069306930693069,0.2871287128712871,0.5643564356435643,0.13861386138613863,0.5544554455445545,0.4752475247524752
2025-12-03,0.3069306930693069,0.2871287128712871,0.5643564356435643,0.1485148514851485,0.5544554455445545,0.4752475247524752
2025-12-04,0.3069306930693069,0.2871287128712871,0.5643564356435643,0.1485148514851485,0.5544554455445545,0.4752475247524752
2025-12-05,0.3564356435643564,0.2871287128712871,0.5643564356435643,0.1485148514851485,0.49504950495049505,0.4752475247524752
2025-12-08,0.3564356435643564,0.2871287128712871,0.5742574257425742,0.1485148514851485,0.5742574257425742,0.4752475247524752
2025-12-09,0.3564356435643564,0.3069306930693069,0.5742574257425742,0.22772277227722773,0.5148514851485149,0.46534653465346537
2025-12-10,0.3564356435643564,0.3069306930693069,0.40594059405940597,0.22772277227722773,0.5148514851485149,0.46534653465346537
2025-12-11,0.3564356435643564,0.3069306930693069,0.42574257425742573,0.21782178217821782,0.49504950495049505,0.5544554455445545
2025-12-12,0.39603960396039606,0.3069306930693069,0.42574257425742573,0.21782178217821782,0.49504950495049505,0.5346534653465347
2025-12-15,0.36633663366336633,0.3069306930693069,0.4158415841584158,0.2079207920792079,0.504950495049505,0.5346534653465347
2025-12-16,0.36633663366336633,0.297029702970297,0.4158415841584158,0.2079207920792079,0.5445544554455446,0.49504950495049505
2025-12-17,0.36633663366336633,0.2871287128712871,0.42574257425742573,0.18811881188118812,0.49504950495049505,0.5346534653465347
2025-12-18,0.36633663366336633,0.3069306930693069,0.4158415841584158,0.1485148514851485,0.504950495049505,0.49504950495049505
2025-12-19,0.36633663366336633,0.297029702970297,0.4158415841584158,0.16831683168316833,0.6039603960396039,0.5346534653465347
2025-12-22,0.39603960396039606,0.3069306930693069,0.4158415841584158,0.16831683168316833,0.594059405940594,0.5346534653465347
2025-12-23,0.3564356435643564,0.40594059405940597,0.3564356435643564,0.1188118811881188,0.7029702970297029,0.5247524752475248
2025-12-24,0.3564356435643564,0.43564356435643564,0.3564356435643564,0.1188118811881188,0.7425742574257426,0.5643564356435643
2025-12-26,0.3564356435643564,0.40594059405940597,0.3564356435643564,0.1188118811881188,0.6336633663366337,0.5247524752475248
2025-12-29,0.3564356435643564,0.40594059405940597,0.3564356435643564,0.1188118811881188,0.7029702970297029,0.49504950495049505
2025-12-30,0.3564356435643564,0.42574257425742573,0.3465346534653465,0.1188118811881188,0.5445544554455446,0.4752475247524752
2025-12-31,0.3564356435643564,0.40594059405940597,0.3465346534653465,0.1188118811881188,0.5445544554455446,0.4752475247524752
2026-01-02,0.3564356435643564,0.32673267326732675,0.3465346534653465,0.1188118811881188,0.5445544554455446,0.4752475247524752
2026-01-05,0.38613861386138615,0.3564356435643564,0.33663366336633666,0.1188118811881188,0.7821782178217822,0.39603960396039606
2026-01-06,0.4158415841584158,0.39603960396039606,0.33663366336633666,0.1188118811881188,0.7524752475247525,0.42574257425742573
2026-01-07,0.42574257425742573,0.44554455445544555,0.33663366336633666,0.1188118811881188,0.7524752475247525,0.39603960396039606
2026-01-08,0.43564356435643564,0.42574257425742573,0.43564356435643564,0.06930693069306931,0.6831683168316832,0.5346534653465347
2026-01-09,0.43564356435643564,0.42574257425742573,0.36633663366336633,0.07920792079207921,0.6732673267326733,0.5346534653465347
2026-01-12,0.297029702970297,0.36633663366336633,0.46534653465346537,0.10891089108910891,0.8118811881188119,0.48514851485148514
2026-01-13,0.297029702970297,0.36633663366336633,0.6138613861386139,0.09900990099009901,0.7029702970297029,0.49504950495049505
2026-01-14,0.45544554455445546,0.2871287128712871,0.39603960396039606,0.04950495049504951,0.6435643564356436,0.45544554455445546
2026-01-15,0.40594059405940597,0.2871287128712871,0.43564356435643564,0.04950495049504951,0.6435643564356436,0.44554455445544555
2026-01-16,0.40594059405940597,0.2871287128712871,0.43564356435643564,0.04950495049504951,0.6435643564356436,0.44554455445544555
2026-01-20,0.45544554455445546,0.27722772277227725,0.43564356435643564,0.04950495049504951,0.6435643564356436,0.44554455445544555
2026-01-21,0.5445544554455446,0.33663366336633666,0.5643564356435643,0.06930693069306931,0.5643564356435643,0.6336633663366337
2026-01-22,0.5445544554455446,0.33663366336633666,0.5544554455445545,0.07920792079207921,0.5247524752475248,0.6336633663366337
2026-01-23,0.7425742574257426,0.33663366336633666,0.5544554455445545,0.06930693069306931,0.5544554455445545,0.7227722772277227
2026-01-26,0.7425742574257426,0.33663366336633666,0.46534653465346537,0.10891089108910891,0.3465346534653465,0.7029702970297029
2026-01-27,0.7425742574257426,0.33663366336633666,0.46534653465346537,0.10891089108910891,0.3465346534653465,0.7227722772277227
2026-01-28,0.7425742574257426,0.33663366336633666,0.46534653465346537,0.0891089108910891,0.3465346534653465,0.7623762376237624
2026-01-29,0.7722772277227723,0.26732673267326734,0.33663366336633666,0.0594059405940594,0.18811881188118812,0.6237623762376238
2026-01-30,0.7524752475247525,0.26732673267326734,0.33663366336633666,0.06930693069306931,0.24752475247524752,0.6039603960396039
